Number xind yind east north data err wgt Elos Nlos Ulos
********************************************************
   0  210 4493 77.585644 40.545337 0.011724235544347131 0.0026771974020553236 22415 -0.5464710734099029 -0.10321756341924647 0.8310929554075298
   1  211 4506 77.582014 40.658321 0.01845196795501998 0.002018396993143634 31966 -0.5485340047768942 -0.10345734154518188 0.8297029734090543
   2  211 4521 77.578645 40.793286 0.014791344518606836 0.0018550632254855763 30655 -0.550799269675514 -0.10369904885805419 0.8281706779347211
   3  211 4536 77.575386 40.927973 0.028181574042772044 0.00683473236817081 29174 -0.5536955256116551 -0.1040538981280956 0.8261925025089376
   4  211 4551 77.571835 41.063403 0.03484973644907486 0.004664465178309015 27631 -0.5562837193572473 -0.10435025565998077 0.8244146091147125
   5  212 4566 77.568380 41.198187 0.029785214301397422 0.0027181497461770893 26662 -0.5583703443038018 -0.10455280157013357 0.8229770776187452
   6  212 4581 77.564864 41.333067 0.030700306682812345 0.004936674430223782 25223 -0.5607069910488512 -0.10479892694590857 0.8213554986118554
   7  212 4596 77.561417 41.468068 0.025728737956214845 0.004283316051354113 23947 -0.5627550514344068 -0.10498949807117736 0.8199292392516687
   8  213 4611 77.557923 41.602949 0.02212311849940214 0.006638529371919468 22570 -0.565006173027955 -0.10521521891821543 0.818350647429509
   9  213 4623 77.554713 41.710424 0.029583579691788355 0.0027501417956335237 12584 -0.5668585911562599 -0.10540687335011123 0.8170438964234992
  10  225 4493 77.759168 40.548040 0.013116991938099164 0.0019036463796746868 24593 -0.5602993710908857 -0.10466822318296468 0.8216502770710171
  11  225 4506 77.752794 40.663744 0.021809660388253483 0.0025551874288493167 34448 -0.5623127700242079 -0.10490173163424475 0.8202438511612502
  12  225 4521 77.746239 40.798659 0.018073772942064227 0.0026181731865104235 34515 -0.5641671215508067 -0.10507693033268983 0.8189470664657983
  13  225 4536 77.739623 40.933568 0.027869720908506822 0.00729694514346809 34574 -0.5664710027472999 -0.10533215914900017 0.8173222982982161
  14  225 4551 77.733075 41.068504 0.03839397620303682 0.005847798456415541 34009 -0.5689060022726131 -0.1056086729349851 0.8155935070726746
  15  225 4566 77.726252 41.203360 0.030017365338102564 0.0037474799079883292 34716 -0.5705130608119406 -0.10573510648670688 0.8144537646172652
  16  225 4581 77.719576 41.338467 0.033992411994164286 0.005883877206340023 34417 -0.5727318326493925 -0.10596890488754827 0.812864588395264
  17  225 4596 77.712645 41.473206 0.02478663143680742 0.00450403872746726 34831 -0.5743500386798612 -0.10609466568467792 0.8117055839291106
  18  225 4611 77.705882 41.608020 0.019439932603046 0.0030422787188807 34925 -0.5761135762570488 -0.10624366470776436 0.8104353342258578
  19  225 4623 77.699469 41.712815 0.020355906077243666 0.006553409167514733 19383 -0.5776827950475043 -0.10640161929838587 0.8092967834588154
  20  240 4493 77.936080 40.550459 0.011282385192449115 0.004166425142262942 25826 -0.573962209470711 -0.10601329940747017 0.8119904940627334
  21  240 4506 77.929997 40.668599 0.02201616037593338 0.003203251004765943 34462 -0.5758953494265646 -0.10621640364371163 0.810593993381305
  22  240 4521 77.923790 40.803552 0.016361054153509347 0.0036463008045248663 34526 -0.5776282563064312 -0.10635631982772174 0.8093416650272585
  23  240 4536 77.917552 40.938469 0.028040949187977567 0.009937885147586287 34569 -0.5799001405861535 -0.10659130921745986 0.8076844184131989
  24  240 4551 77.911219 41.073392 0.04587594667584992 0.005252022859985189 34655 -0.5823756862885815 -0.10686121424527294 0.8058655228448042
  25  240 4566 77.904883 41.208315 0.03402664434943681 0.0053430996523858776 34733 -0.5839694618505142 -0.1069712143857939 0.8046967297801386
  26  240 4581 77.898542 41.343219 0.03151192780341561 0.005425132045555595 34724 -0.5859457742721222 -0.10714791469363466 0.8032352544488126
  27  240 4596 77.892075 41.478177 0.025375737824915864 0.0042030128423601555 34835 -0.5877279133653385 -0.10728863548339172 0.8019133672332299
  28  240 4611 77.885591 41.613072 0.02093642552232283 0.0022856589280458115 34948 -0.5894463563693011 -0.10741644261312966 0.8006339368396115
  29  240 4622 77.879630 41.715339 0.017331831096184077 0.0021766820101958716 18081 -0.5907801500823383 -0.10752484268619764 0.7996356810910817
  30  255 4493 78.113044 40.552747 0.0053036628743391425 0.0033460875671409676 27002 -0.5871212020492766 -0.1072136172168712 0.8023677052246599
  31  255 4506 78.107231 40.673182 0.01774887718753484 0.004259853005304223 34461 -0.5891673896646267 -0.10742100231006907 0.8008386324463063
  32  255 4521 78.101374 40.808121 0.016754851052896366 0.00302416134593416 34528 -0.590902410735512 -0.10754800809099675 0.799542223364482
  33  255 4536 78.095485 40.943070 0.033892929968160714 0.014021745597681594 34605 -0.5928715687202711 -0.10771483653548439 0.798060659970969
  34  255 4551 78.089546 41.078016 0.06876921939640164 0.011748511057293274 34622 -0.5953484706156053 -0.10796975596496422 0.7961800866214414
  35  255 4566 78.083536 41.212977 0.05373731623281593 0.010925754472563378 34725 -0.5969121640594977 -0.10806158692781763 0.7949959508251907
  36  255 4581 78.077532 41.347931 0.035259508227546074 0.008497665964194817 34816 -0.5987612662310865 -0.10820170787877818 0.7935851160861458
  37  255 4596 78.071491 41.482856 0.026488619183240227 0.003993011220685367 34857 -0.6007712425393664 -0.10836863738806089 0.7920417618840314
  38  255 4611 78.065391 41.617785 0.01822467230934242 0.003809465308613263 34947 -0.6024249511044781 -0.1084712732952279 0.7907706122235948
  39  255 4622 78.059773 41.717730 0.015822451551980986 0.006512521675295534 16830 -0.6038022270688156 -0.1085805061480067 0.7897044664122023
  40  270 4492 78.290028 40.554891 0.0011331431822768623 0.0012628764841499805 28090 -0.5998839391363159 -0.10829144587824423 0.7927245563976785
  41  270 4506 78.284508 40.677484 0.010409592786257143 0.005009720663781457 34475 -0.6018279253080713 -0.10846457763586373 0.7912260004054823
  42  270 4521 78.278996 40.812464 0.012681693554946017 0.0036126514400915107 34540 -0.6037870630169698 -0.1086174732848422 0.7897109768963315
  43  266 4540 78.227549 40.980126 0.053910681849241 0.013995315778631362 8656 -0.6028392230059451 -0.10851866535552171 0.7904483351080226
  44  272 4542 78.293674 40.998558 0.07425940071509012 0.01107715217761859 2164 -0.6077990958309335 -0.10890297273156853 0.7865878219482724
  45  276 4542 78.338156 40.999594 0.08064405699098441 0.01392649609339252 2158 -0.6108470431008565 -0.10912600543460382 0.7841921989364771
  46  272 4538 78.294999 40.964820 0.04414910304400883 0.007652563561649575 2164 -0.607167559513734 -0.10884158669392363 0.7870838987554536
  47  276 4538 78.339585 40.965828 0.03865986433375614 0.00886328690216547 2172 -0.6102659592990428 -0.10907351601505791 0.784651787116382
  48  266 4532 78.230375 40.912654 0.021403942132703257 0.005863458217656583 8645 -0.601665741947152 -0.1084076880114763 0.7913571305972984
  49  274 4532 78.319324 40.914674 0.0159901703416089 0.0064984926190899605 8652 -0.607940285400827 -0.10889530685682164 0.7864797654938871
  50  266 4555 78.221954 41.115052 0.11719190871192738 0.0151805344614243 8642 -0.6051792284760388 -0.1087373229199651 0.7886281100907738
  51  272 4557 78.288135 41.133557 0.16633509502656715 0.01769785019761046 2169 -0.6098002850621358 -0.10905704515136627 0.7850160337477132
  52  275 4558 78.321361 41.142646 0.21363665803229423 0.0106621300157528 550 -0.6120980225004634 -0.10921094456554112 0.7832043031279415
  53  277 4558 78.343611 41.143293 0.2508148186337596 0.015382538886417194 533 -0.6136594465350824 -0.1093264046172926 0.7819653578846779
  54  275 4556 78.321980 41.125756 0.21736463863205086 0.013384967859912663 535 -0.6119689411876011 -0.10921372752810006 0.7833047789597255
  55  277 4556 78.344110 41.126476 0.2589614023256936 0.015083296167703287 545 -0.6134514070759676 -0.10931633736970278 0.7821299825096777
  56  272 4553 78.289482 41.099791 0.17348869533169536 0.015091763766488237 2168 -0.6095530852400565 -0.10906322568506793 0.7852071376888372
  57  275 4554 78.322563 41.109027 0.2208961180889927 0.011051471207285777 537 -0.6118376871671102 -0.10921607087313485 0.7834069787952083
  58  277 4554 78.344926 41.109535 0.2561752757781365 0.013789933582594375 544 -0.6132740592446941 -0.1093095757740001 0.7822699948877264
  59  275 4552 78.323215 41.092197 0.219270322541557 0.011942582186948502 545 -0.6117108321101007 -0.10921881958479973 0.7835056523903776
  60  277 4552 78.345649 41.092647 0.25342424016141774 0.010188248628928528 541 -0.6131458574307214 -0.10931182069189557 0.7823701702982855
  61  266 4547 78.224741 41.047620 0.10905130643044775 0.016802872114103976 8650 -0.6043547456275923 -0.10868889704144653 0.7892667895568153
  62  272 4549 78.290944 41.066036 0.1667798156524875 0.012829015906099767 2160 -0.6091782076042941 -0.10904612839722977 0.7855003839983749
  63  275 4550 78.324048 41.075246 0.2132739981094091 0.01075723642436807 545 -0.6115893444150685 -0.10922141500420852 0.7836001252567698
  64  277 4550 78.346274 41.075811 0.23849195371239063 0.010501591785008476 539 -0.6130133075592421 -0.10931387963348137 0.7824737442718156
  65  275 4548 78.324681 41.058362 0.19028972223966537 0.010899993350950016 539 -0.6112774563975548 -0.10919211308968112 0.7838475322019873
  66  277 4548 78.346864 41.058921 0.20865194348985877 0.011288713964357171 544 -0.6127255427258702 -0.10928926943849099 0.7827025392043191
  67  272 4545 78.292233 41.032329 0.121617031478705 0.01756802107054712 2170 -0.6085302572960314 -0.10898235176170687 0.7860113058727041
  68  275 4546 78.325300 41.041530 0.15611905956765834 0.01199360048534678 540 -0.6108823580344033 -0.10914826960800185 0.7841615904160993
  69  277 4546 78.347658 41.041987 0.16386120434170845 0.015296717749759322 544 -0.612373634131491 -0.1092521445636164 0.782983078443488
  70  275 4544 78.326008 41.024637 0.11727652542616365 0.00981363684984202 544 -0.6105190164111196 -0.10910942288903575 0.7844499120002633
  71  277 4544 78.348428 41.025080 0.12097032980740231 0.008579813911219081 541 -0.6120431706076732 -0.10921882857658177 0.7832460691231496
  72  266 4570 78.216160 41.250021 0.08393185495560565 0.017907953098694918 8694 -0.6069188530978397 -0.1088498158081125 0.7872745539854206
  73  272 4572 78.282582 41.268474 0.11315038082332371 0.012431842667754633 2175 -0.6119632624758591 -0.10923735575245583 0.7833059207538995
  74  276 4572 78.327272 41.269575 0.14968732575448981 0.015318515719913476 2170 -0.6151828422766973 -0.10948266306541875 0.7807455520567941
  75  272 4568 78.283864 41.234764 0.1429578796583273 0.013215940020621762 2166 -0.6115708987981167 -0.10921900446786618 0.7836148574435734
  76  276 4568 78.328608 41.235790 0.17367161329153732 0.008930857467329871 2179 -0.6146857930289678 -0.10944659337804447 0.7811419967242128
  77  264 4564 78.195963 41.198827 0.08930649548093064 0.013002277808860563 2165 -0.604605837038814 -0.10867245171131386 0.7890767263439261
  78  268 4564 78.240602 41.199988 0.12995601318511107 0.011783743886401752 2176 -0.6080154302722063 -0.10895933023349696 0.7864128056599611
  79  264 4560 78.197371 41.165122 0.08942804274731306 0.011995655498692229 2159 -0.60397329304208 -0.1086094951391376 0.7895696542152107
  80  268 4560 78.242076 41.166220 0.12777979506113304 0.013641154442050194 2164 -0.6072297351019242 -0.10887005906100608 0.7870319936623287
  81  272 4564 78.285356 41.200996 0.1587554004852079 0.007526517327546146 2175 -0.6110131392410779 -0.109170405722499 0.7840566090462782
  82  276 4564 78.329973 41.202050 0.19080839753403298 0.019897364928888613 2159 -0.6139492394273351 -0.10936851119448149 0.7817319618422285
  83  272 4560 78.286691 41.167238 0.16688567748822505 0.012156003344565314 2163 -0.6102448858890982 -0.10908600196163747 0.7846664408665808
  84  275 4561 78.319726 41.176607 0.1904744039735823 0.00845163091535876 540 -0.6126403893210101 -0.10925721028839559 0.7827736680373187
  85  277 4561 78.342213 41.177001 0.22569509324551765 0.013902846120453899 548 -0.6142007553871969 -0.10937090039118595 0.7815340288365044
  86  275 4559 78.320480 41.159698 0.2047263380206113 0.010368010482651156 546 -0.6122925711422853 -0.10922107855174272 0.7830508050720358
  87  277 4559 78.342964 41.160043 0.24085178675573998 0.010374947198585742 543 -0.6138961891301837 -0.10934259007867002 0.7817772489439211
  88  270 4581 78.256632 41.352338 0.06314336909932058 0.018149221776947336 34819 -0.6115242448013157 -0.10919313573576483 0.7836548711826983
  89  270 4596 78.250949 41.487299 0.028473352691030452 0.005462008326531444 34897 -0.6132476423760153 -0.10929588663628677 0.7822926167903202
  90  270 4611 78.245205 41.622256 0.018207037214671287 0.0031032390839276997 34963 -0.614925790720507 -0.10938926567693331 0.7809611132837667
  91  270 4622 78.239991 41.719939 0.02447304137981451 0.0052400698907308346 15688 -0.6164512287628825 -0.10951704466011293 0.7797396357026153
  92  285 4492 78.467023 40.556917 -0.0004165376350818764 0.000926037850897286 29120 -0.6123268110049205 -0.1092626589339426 0.7830182296008372
  93  285 4506 78.461820 40.681531 0.004946194976763273 0.0038674643815780146 34477 -0.6143462836864475 -0.1094324248755013 0.7814110237938282
  94  285 4521 78.456680 40.816531 0.00402101021828596 0.004509650718795186 34550 -0.6163201908576482 -0.10957375973062908 0.7798352476771528
  95  279 4542 78.382671 41.000610 0.06923875460024781 0.01649452240901224 2169 -0.6138983960902015 -0.10934632513237208 0.7817749934974408
  96  283 4542 78.427296 41.001631 0.04329644810496018 0.016994260761890166 2171 -0.6168991701140939 -0.1095539615864147 0.7793801020126601
  97  279 4538 78.384123 40.966895 0.026810719737452714 0.009689022782984495 2159 -0.6133116688130844 -0.10929339429791297 0.7822427697719874
  98  283 4538 78.428572 40.967857 0.009760945936658412 0.008363090938174925 2161 -0.6163217983205537 -0.10950476340732886 0.7798436687606201
  99  289 4540 78.494747 40.986226 -0.009854142525064688 0.013781453708037706 8659 -0.6210327276156237 -0.10982268633428044 0.7760524008059126
 100  281 4532 78.408317 40.916797 0.00271012356789045 0.004976731637862055 8651 -0.6141661132016103 -0.10936123989397928 0.7815626044045852
 101  289 4532 78.497284 40.918743 -0.009521540692793908 0.003935632461713327 8640 -0.6203127526578983 -0.10980132870905382 0.7766310302220144
 102  278 4558 78.365773 41.143745 0.3136892914178852 0.017706786394575555 542 -0.6152447370418245 -0.10944617018487275 0.7807018953315025
 103  280 4558 78.388155 41.144262 0.37715279387333095 0.01917181403417735 529 -0.6168497646276034 -0.10956683782788237 0.7794173951916064
 104  278 4556 78.366654 41.126835 0.3123192948230993 0.01712461892601364 545 -0.6149651842808693 -0.10942133007674816 0.780925601223722
 105  280 4556 78.388725 41.127503 0.35716419885095974 0.010424501564148505 530 -0.6164572348735042 -0.1095244890557292 0.779733841685222
 106  282 4558 78.410339 41.145000 0.4214388620945305 0.016883029904289488 536 -0.6184371350527639 -0.10968463009337358 0.7781418841760218
 107  284 4558 78.426933 41.149209 0.44361912214733085 0.0060735766140799325 124 -0.6196745369168014 -0.10977437524651372 0.7771441660568427
 108  285 4558 78.438364 41.149723 0.49574740478393436 0.016219283888409115 133 -0.6204401559889519 -0.1098251721431892 0.7765258813459626
 109  284 4557 78.427456 41.140713 0.45627297852106574 0.012769614720299267 134 -0.619454128500713 -0.10974778905829179 0.7773236169577242
 110  285 4557 78.438802 41.141137 0.4931973321023364 0.010680195529888917 135 -0.6202191177933516 -0.10979930061802612 0.7767060959638653
 111  282 4556 78.405616 41.131853 0.3903999706311342 0.018218869331393602 129 -0.6177187362662695 -0.10961686541491243 0.778721841020407
 112  283 4556 78.416630 41.132369 0.43214422210892095 0.010610043640614965 135 -0.6184778247814092 -0.10966996524343502 0.7781116108741472
 113  282 4555 78.405807 41.123298 0.3832388816643408 0.01036648497118896 139 -0.6174733445548981 -0.1095882406676307 0.7789204620958173
 114  283 4555 78.416868 41.124077 0.4147832035993966 0.009426342121102736 137 -0.6182379776784853 -0.10964157774492446 0.7783061912805399
 115  284 4556 78.433585 41.128313 0.46149211796916967 0.01854465125182998 537 -0.6194948824821219 -0.10973380526947471 0.7772931123839597
 116  278 4554 78.367199 41.109976 0.29922464487418365 0.013735169290270697 531 -0.6146907051884414 -0.10939959630375178 0.78114471468705
 117  280 4554 78.389425 41.110606 0.3439127317607189 0.014126780764120894 549 -0.6161089515490339 -0.1094891187001336 0.7800140336605608
 118  278 4552 78.367781 41.093232 0.28273403852633805 0.01087963979929912 541 -0.6145427821106233 -0.10939928480407891 0.7812611378022659
 119  280 4552 78.390297 41.093577 0.3154618859861301 0.012767306001732743 545 -0.6159597130504931 -0.1094872508563466 0.7801321514965741
 120  282 4554 78.412018 41.110921 0.37672493167969134 0.016146761187677175 542 -0.6175638558437936 -0.1095823118025127 0.7788495367497902
 121  284 4554 78.434093 41.111621 0.4155712089503977 0.019038815342518847 537 -0.6190762614211013 -0.1096876745079737 0.777633073245927
 122  282 4552 78.412500 41.094140 0.3413165948424866 0.01625897593465092 535 -0.6173767877588866 -0.10957633622881727 0.7789986703937226
 123  284 4552 78.428964 41.098786 0.363688892956884 0.009701183469653077 141 -0.6185359699210498 -0.10965322428519114 0.7780677504675847
 124  285 4552 78.440270 41.099212 0.3630754527326525 0.015158157576820225 134 -0.6193074399565344 -0.10970634784089309 0.7774463403077388
 125  284 4551 78.429572 41.090289 0.3336531399516008 0.01165905256269458 139 -0.6184732625871332 -0.10965320371164597 0.778117599325834
 126  285 4551 78.440444 41.090801 0.32298377488433516 0.00922590732472393 130 -0.6192104356755346 -0.10970335469932627 0.7775240255569139
 127  285 4558 78.449345 41.149904 0.5317949556075806 0.01236899915713817 118 -0.6211655657613702 -0.1098726146186255 0.7759390107922297
 128  286 4558 78.460494 41.149960 0.5686223390889507 0.010309754720599303 131 -0.6218975526578656 -0.10992003414469056 0.7753457422929382
 129  285 4557 78.449658 41.141624 0.5221873230022893 0.008804537870039725 131 -0.6209522720877598 -0.10984844709187117 0.7761131325139093
 130  286 4557 78.460905 41.141680 0.5498081790415505 0.00876840037794739 139 -0.6216981014733653 -0.10989758237317092 0.775508860047998
 131  288 4558 78.477418 41.146314 0.590385360735402 0.01627964686616088 546 -0.6229102217960214 -0.10998135597372972 0.7745236968099887
 132  286 4556 78.455664 41.129022 0.5060022888625476 0.019926778965787297 543 -0.6210000032930197 -0.10983687427006922 0.7760765793146
 133  287 4556 78.472376 41.133243 0.5447512857145677 0.01115005005127732 136 -0.6222335737199309 -0.1099240083219526 0.7750755396283374
 134  288 4556 78.483604 41.133823 0.5548460691896513 0.013274735483874743 140 -0.6229976573654773 -0.10997516174507585 0.774454248304102
 135  287 4555 78.472736 41.125057 0.5038569882321623 0.011543240254335068 135 -0.6220413906627867 -0.10990305053655704 0.7752327571672041
 136  288 4555 78.483900 41.125117 0.506587410143002 0.015436191658127771 134 -0.6227951445416368 -0.10995387588557942 0.7746201347196575
 137  290 4558 78.499765 41.146745 0.6156510042796742 0.019004815909830504 537 -0.6243819940267972 -0.11007550029198288 0.773324323793446
 138  291 4558 78.516185 41.151519 0.6358863123983942 0.012790588474507446 134 -0.6255506774952788 -0.11015111604556438 0.7723684881707139
 139  292 4558 78.527549 41.151656 0.6303978681284178 0.010441674214217244 140 -0.6262821988435459 -0.11019567808402567 0.7717690845993347
 140  291 4557 78.516676 41.142874 0.5975631330315946 0.013064132561069105 145 -0.6253878786305943 -0.11013533501909224 0.7725025626120325
 141  292 4557 78.524955 41.145458 0.6057389265398402 0.005662999656899544 31 -0.6259816452026131 -0.11017382077933166 0.7720160031270812
 142  292 4557 78.530393 41.145429 0.5996455705673039 0.009888055733326533 34 -0.6263325961392877 -0.11019543454178032 0.771728219789563
 143  292 4557 78.525231 41.141158 0.573315656260261 0.013477771840776627 32 -0.6259060916261996 -0.11016669749986446 0.7720782753239394
 144  292 4557 78.530618 41.141312 0.5586179723288871 0.012357037097843145 33 -0.6262598494583256 -0.11018882484876454 0.7717881988180978
 145  289 4556 78.494624 41.134150 0.5601778897926992 0.013650722079998939 130 -0.6237389594547647 -0.11002410638827438 0.7738503773157633
 146  290 4556 78.505877 41.134150 0.5544567777409993 0.01787447843241015 140 -0.6244806494116288 -0.11007192373556529 0.7732451681812065
 147  289 4555 78.494932 41.125722 0.5047452815714798 0.018357509810625134 141 -0.6235516548168745 -0.11000491775896999 0.7740040386483649
 148  290 4555 78.503282 41.127952 0.5117052522112894 0.010130597398401024 31 -0.6241620663355854 -0.1100468028398704 0.7735059250790617
 149  290 4555 78.508795 41.127898 0.5004311995089679 0.010618982212866062 35 -0.6245269292171517 -0.11007049309144869 0.7732079935135179
 150  290 4555 78.503471 41.123676 0.4758293016961429 0.011176368146311554 31 -0.6240727162240998 -0.11003778799976736 0.773579297859497
 151  290 4555 78.508868 41.123779 0.46447169313095055 0.01174904570659954 34 -0.624435836893486 -0.11006174995072338 0.7732828051889659
 152  291 4556 78.514213 41.136234 0.5561499616508535 0.010760615086514436 30 -0.625076662662146 -0.11011143441473141 0.7727578131641788
 153  291 4556 78.519696 41.136541 0.5437128035247035 0.012692609565787733 38 -0.6254430920433979 -0.1101348859632969 0.7724579247499798
 154  291 4556 78.514395 41.131988 0.5195148775237666 0.0117155765949993 32 -0.6249919658191777 -0.11010325717730197 0.7728274810204595
 155  291 4556 78.519851 41.132213 0.5029402957020562 0.012675443806371152 34 -0.6253569905873737 -0.11012682562501538 0.7725287804355645
 156  292 4556 78.528010 41.134884 0.5250690646571066 0.0157775170201529 134 -0.6259522071150704 -0.11016625515137546 0.7720409513968115
 157  291 4555 78.514629 41.127898 0.4826083316228104 0.012341776656160779 35 -0.6249143657865003 -0.1100957027456698 0.7728913065047331
 158  291 4555 78.520047 41.127898 0.464288621997259 0.011262611264344285 30 -0.6252739784413676 -0.11011904924833994 0.7725970792571933
 159  291 4555 78.514629 41.123730 0.4433806420168404 0.013554276102985067 35 -0.6248195250814571 -0.11008696926191791 0.7729692233690214
 160  291 4555 78.520391 41.123681 0.4401851467716205 0.008935186765201122 34 -0.6252031527611343 -0.11011206910371253 0.7726553889123127
 161  292 4555 78.525465 41.128315 0.47415305354119175 0.012636193164416212 38 -0.6256424776960574 -0.11014309822971384 0.7722952725575225
 162  292 4555 78.531300 41.128731 0.46556118475395475 0.01150863107760084 35 -0.6260381146962108 -0.11016882358865394 0.7719709251368903
 163  292 4555 78.525895 41.123932 0.4353016459265271 0.011935980681912019 33 -0.6255760057943527 -0.11013657917678137 0.7723500468709901
 164  292 4555 78.531231 41.124494 0.4280859261101836 0.011057028487241105 36 -0.6259438277345597 -0.11016083649756266 0.7720485183090278
 165  285 4554 78.450804 41.115870 0.4541418262898486 0.010668382768061657 140 -0.6203030966623171 -0.10977445116703928 0.7766425420630235
 166  286 4554 78.461865 41.116687 0.4601130966931128 0.013444901916195231 136 -0.6210799157905174 -0.10982904667510411 0.7760137361594069
 167  285 4553 78.451106 41.107549 0.41028973420818665 0.01509291555223855 134 -0.6201549765504646 -0.10976162698504593 0.7767626344651809
 168  286 4553 78.462024 41.108044 0.40671276573698933 0.01670397582331185 136 -0.6209070087418183 -0.10981359941922991 0.7761542758227132
 169  287 4554 78.472952 41.116644 0.4579697958759622 0.015336600800682639 130 -0.6218337644960045 -0.10988088124189833 0.7754024511634146
 170  288 4554 78.484205 41.116644 0.448243839659233 0.017898333893627483 140 -0.6225995108944149 -0.10993329161332165 0.7747803046213138
 171  287 4553 78.473369 41.108308 0.40146376827368074 0.016380115009762455 140 -0.6216846688598063 -0.10986719664864203 0.7755239336121365
 172  288 4553 78.484622 41.108308 0.3899277094059278 0.013183184138133913 130 -0.6224517366617084 -0.10991989788060738 0.7749009301689734
 173  285 4552 78.451280 41.099138 0.3550394018508383 0.016910908331343948 130 -0.6200521432586016 -0.10975768857074598 0.776845280245701
 174  286 4552 78.462599 41.099353 0.3446102808411047 0.019274175506310092 145 -0.6208212682120513 -0.10981035096811752 0.7762233182247484
 175  285 4551 78.451697 41.090801 0.31648959107205016 0.014691101919179472 140 -0.6199663962330981 -0.10975484008185306 0.7769141153437438
 176  286 4551 78.462988 41.090836 0.3027820933727298 0.017849878443623988 131 -0.6207248709890728 -0.10980625145287726 0.7763009865235689
 177  287 4553 78.470702 41.102139 0.36006469548792247 0.009491871972493491 30 -0.6214108311644977 -0.1098499210002621 0.7757458177571338
 178  288 4553 78.476286 41.102055 0.36561884897260405 0.007394383907055567 35 -0.6217881644648254 -0.1098756993450095 0.7754397521567412
 179  287 4552 78.470963 41.097833 0.32251528119697076 0.01051999044204812 31 -0.6213642798909413 -0.109847771610012 0.7757834096885073
 180  288 4552 78.476360 41.097936 0.33060935250867374 0.012629425381314036 34 -0.6217302370991771 -0.10987257388930159 0.7754866406222232
 181  288 4553 78.482121 41.102055 0.3623047265049043 0.010290609481225964 35 -0.622183537180595 -0.10990260873911997 0.7751187410028085
 182  289 4553 78.487539 41.102055 0.35040799396470557 0.01138009509629498 30 -0.6225505401276927 -0.10992757067602436 0.7748204657802901
 183  288 4552 78.482121 41.097887 0.32778101221899725 0.010363931757852123 35 -0.6221183356077238 -0.10989885788556752 0.7751716052179178
 184  289 4552 78.487883 41.097838 0.3132906576472849 0.011191769153489423 34 -0.6225062497975952 -0.10992506255603057 0.7748564057843148
 185  287 4551 78.473711 41.091386 0.2835104379764999 0.015944090191619145 134 -0.6214525277893457 -0.10985513805596732 0.7757116760413865
 186  288 4552 78.482121 41.093719 0.29296722241359463 0.010793375786632628 35 -0.622053141258649 -0.10989511647371304 0.7752244531911234
 187  289 4552 78.487956 41.093719 0.2794564018997137 0.011009040682102136 35 -0.6224452161647038 -0.109921471917472 0.774905944541124
 188  288 4551 78.482356 41.089629 0.25652037726301474 0.010965022123599582 32 -0.6220048478985502 -0.10989247016795993 0.7752635772375003
 189  289 4551 78.487956 41.089551 0.24329144633690172 0.01118423816504725 35 -0.6223784626887048 -0.10991749206564673 0.7749601242123643
 190  289 4555 78.492503 41.119208 0.4583400840365179 0.010251721389731296 33 -0.6232274524016793 -0.10997806252943443 0.7742689250739593
 191  289 4555 78.497959 41.119562 0.451834961707559 0.010802217845327516 35 -0.6236039714033184 -0.11000364084698891 0.7739620700334197
 192  289 4554 78.492730 41.114686 0.4213690049396746 0.010912108441045131 33 -0.6231305229832964 -0.10996792682220415 0.7743483753434173
 193  289 4554 78.498032 41.115442 0.4159661491622588 0.011144598640930932 34 -0.623508615990922 -0.10999412395632534 0.7740402434500194
 194  290 4554 78.506426 41.117412 0.42185983195743193 0.018314840496582677 133 -0.6241227547442171 -0.11003676754581738 0.773539072573944
 195  289 4553 78.495674 41.108521 0.37253200773269707 0.01409815107326148 139 -0.6232076921392067 -0.10997151207832975 0.7742857605495077
 196  290 4554 78.503793 41.111225 0.37787085215647215 0.014698667339461012 35 -0.6238048604283053 -0.11001192945821622 0.7737989864835072
 197  290 4554 78.509628 41.111225 0.3699296359438712 0.011354978435489152 35 -0.6242009141122001 -0.11003869023657699 0.7734757303707159
 198  290 4553 78.504028 41.107135 0.352705448645219 0.011912702811865489 32 -0.6237504069930283 -0.11000831384862388 0.7738433954361917
 199  290 4553 78.509628 41.107057 0.335309888722426 0.01063599703797096 35 -0.6241281584998973 -0.11003371851188615 0.7735351462978098
 200  291 4555 78.514629 41.119562 0.426771417149096 0.010700922628303616 35 -0.624724676330835 -0.11007821726803077 0.773047129783447
 201  291 4554 78.520464 41.119562 0.41140730299092126 0.0115999174121556 35 -0.6251166416179493 -0.11010412120243171 0.7727265149239649
 202  291 4554 78.514864 41.115472 0.39090245536802914 0.012136794683480839 32 -0.6246474605160268 -0.11007069541628145 0.7731105949871951
 203  291 4554 78.520464 41.115393 0.3742783888875299 0.01115964754799406 35 -0.6250241188931154 -0.11009581241834733 0.7728025380974295
 204  292 4554 78.525976 41.119508 0.39617050786361996 0.011391707817350492 31 -0.6254856228706217 -0.11012848516642099 0.7724243991078349
 205  292 4555 78.531300 41.120147 0.38985363703920356 0.01161753078577429 37 -0.6258564971701199 -0.11015321169958253 0.7721204018171096
 206  292 4554 78.526299 41.115393 0.3601891559183402 0.010677865557302185 35 -0.6254182469426891 -0.11012210431266943 0.7724798628656175
 207  292 4554 78.531831 41.115621 0.34807419138676565 0.012035965958072284 33 -0.6257965291285799 -0.11014739127591217 0.7721698364516277
 208  291 4554 78.515046 41.111225 0.35355293181069763 0.010854108528422573 30 -0.6245685225426113 -0.11006353848724447 0.7731753864063486
 209  291 4554 78.520464 41.111225 0.33909699254420145 0.010417377752904215 35 -0.6249360175852455 -0.11008824098294827 0.7728748625243119
 210  291 4553 78.515463 41.107057 0.31830978656178244 0.010411405180656983 35 -0.6245229305634744 -0.11006029288313908 0.7732126752264783
 211  291 4553 78.520881 41.107057 0.30509740190671397 0.009895429171370719 30 -0.6248893697364661 -0.11008483008146566 0.7729130648244322
 212  292 4554 78.526299 41.111225 0.32459877387951824 0.01129128601974347 35 -0.6253316118323814 -0.11011483629687871 0.772551032664139
 213  292 4554 78.531982 41.111150 0.30812497713222925 0.011630714744685097 33 -0.6257153464719432 -0.11014052068255085 0.7722366029224933
 214  292 4553 78.526299 41.107057 0.2891433124769978 0.011458114448235267 35 -0.6252556805372704 -0.1101093137366742 0.7726132751799658
 215  292 4553 78.532134 41.107057 0.27182054910114256 0.010929639484128418 35 -0.6256500186948164 -0.11013563464733014 0.772290227885868
 216  289 4553 78.492957 41.102055 0.3369911001055413 0.011666191241646012 35 -0.6229173294630997 -0.10995238732040404 0.7745220934079956
 217  289 4553 78.498905 41.102191 0.321947021214459 0.012335400796016792 37 -0.6233211575619245 -0.1099796000602916 0.7741932718037795
 218  289 4552 78.493280 41.097941 0.29915477797467915 0.011115386149641674 31 -0.622871856008768 -0.10994970346362484 0.7745590446831367
 219  289 4552 78.498792 41.097887 0.2843810965278474 0.010930600126899155 35 -0.6232418688293977 -0.1099745330816068 0.7742578220538184
 220  290 4553 78.504143 41.102808 0.31378157557465786 0.011452692258859186 31 -0.6236849522331881 -0.11000405592387882 0.7738967554126209
 221  290 4553 78.509628 41.102889 0.3002530806135361 0.010787343171011586 35 -0.6240564089490562 -0.11002893216510948 0.7735937128339488
 222  290 4552 78.504561 41.098414 0.274331921824112 0.011109957849630788 38 -0.6236386867251488 -0.11000108014580309 0.7739344615576234
 223  290 4552 78.510045 41.098721 0.263910550584129 0.010854964550773824 30 -0.6240126668606771 -0.11002598975279346 0.7736294159197566
 224  289 4552 78.493468 41.093665 0.262454331685433 0.011070471655913473 31 -0.6228145586997503 -0.1099461989594313 0.7746056150106377
 225  289 4552 78.498866 41.093768 0.2483064792028022 0.010636643945301174 34 -0.6231781924442557 -0.10997048707910215 0.7743096489347755
 226  289 4551 78.493791 41.089551 0.22878315071804098 0.010073890032253457 35 -0.6227687776345526 -0.10994345888954121 0.7746428115273316
 227  289 4551 78.499209 41.089551 0.21530384872828362 0.009191483357758861 30 -0.6231308596248271 -0.10996750794305728 0.7743481639288736
 228  290 4551 78.507431 41.091982 0.2150821157257851 0.01989213950563324 143 -0.623721639063183 -0.11000663344206818 0.773866821593405
 229  291 4553 78.515463 41.102889 0.28523318726280183 0.010386150019326747 35 -0.6244499266200922 -0.1100552559957635 0.7732723516147908
 230  291 4553 78.521063 41.102811 0.27031163858000595 0.010642291811137733 32 -0.6248260869585133 -0.11008036117727185 0.7729648602227619
 231  291 4552 78.515463 41.098721 0.2511612420706229 0.010825005333049526 35 -0.624376900294272 -0.11005026235555064 0.7733320283903877
 232  291 4552 78.521298 41.098721 0.2356383082449449 0.011302978792344848 35 -0.6247690190244214 -0.11007631588808063 0.7730115636572131
 233  292 4553 78.526451 41.102965 0.25443642871607286 0.01161228634191639 33 -0.6251919068381315 -0.11010472922409587 0.7726655345145074
 234  292 4553 78.532134 41.102889 0.23774681577516513 0.01067223418797408 35 -0.6255734098246787 -0.11013009417554365 0.7723530742330289
 235  292 4552 78.526716 41.098721 0.21967496929988178 0.010237749945678807 30 -0.6251329784440236 -0.11010042516530685 0.7727138251902333
 236  292 4552 78.532134 41.098721 0.20355363684329525 0.009981459838843102 35 -0.6254968194383083 -0.11012447162019125 0.7724159045636839
 237  291 4551 78.518665 41.092535 0.19359746541592202 0.019756193018530915 133 -0.6244827231092847 -0.1100569801330351 0.7732456205255929
 238  292 4551 78.529678 41.092440 0.16541945747386871 0.01827274026550362 131 -0.6252172438913014 -0.1101052849336984 0.7726449535010463
 239  278 4550 78.368573 41.076267 0.26001584102876685 0.012388119274448035 545 -0.6144148971314176 -0.10940138857387137 0.7813614210857216
 240  280 4550 78.390971 41.076702 0.2726292668595813 0.016952341202560086 539 -0.6158207325239068 -0.10948821636523404 0.780241729126864
 241  278 4548 78.369348 41.059328 0.21364454148397083 0.014224651444552136 544 -0.6141748298298719 -0.1093840747233282 0.7815525590773593
 242  280 4548 78.391493 41.059992 0.21306256303516444 0.018058122543696934 535 -0.6156026309982852 -0.10947628102284863 0.7804154948496316
 243  282 4551 78.407401 41.081568 0.2995051920554718 0.008752118320190573 137 -0.6169019857482181 -0.10955214933544112 0.7793781280969403
 244  283 4551 78.418641 41.081697 0.30059815785054966 0.011136454031798216 133 -0.6176391527251326 -0.10960084546233186 0.7787872184974034
 245  282 4550 78.407688 41.073193 0.2650689362501951 0.011836964240763758 138 -0.6168277294876152 -0.10955210261442785 0.7794369050461437
 246  283 4550 78.418817 41.073267 0.2583474662758458 0.012924682366213233 131 -0.6175533226253582 -0.10959972674299263 0.7788554381990547
 247  284 4551 78.429690 41.081638 0.29253623806286266 0.013672694408064415 132 -0.6183752804770892 -0.10965081665707908 0.778195804988254
 248  285 4551 78.440768 41.082338 0.28369115358320374 0.014753610900023981 144 -0.6191225437347251 -0.10970096111694913 0.7775943511686932
 249  284 4550 78.430064 41.073322 0.24842615263735487 0.012616497688070936 139 -0.6182978590896219 -0.10964963352743358 0.77825748651233
 250  285 4550 78.441296 41.073681 0.23538360954863863 0.013879163587183378 136 -0.6190450024926212 -0.10969931152458447 0.7776563160805311
 251  282 4549 78.408033 41.064427 0.22447211727787417 0.012150402545613387 137 -0.6167266889991876 -0.10954770113170664 0.7795174739881445
 252  283 4549 78.419228 41.064986 0.21876233629251562 0.011545404337787446 139 -0.6174634243523576 -0.10959595830945922 0.778927240189539
 253  282 4548 78.408567 41.055950 0.18862867526095778 0.010097590200163577 140 -0.6166297177583221 -0.10954218005813411 0.7795949601975396
 254  283 4548 78.419512 41.056519 0.18154539955809681 0.011229337090673797 133 -0.6173499207409442 -0.10958934894799072 0.7790181319830145
 255  284 4549 78.430442 41.064959 0.20665637107798415 0.01245776043522814 130 -0.6181991886643171 -0.10964475274348133 0.7783365540244148
 256  285 4549 78.441580 41.064983 0.19043883359800765 0.012380449830156785 138 -0.6189303038786653 -0.10969298017535443 0.7777484998641351
 257  284 4548 78.430658 41.056546 0.1681234254743307 0.010857616305523845 135 -0.6180769491057333 -0.10963705740212727 0.7784347118598652
 258  285 4548 78.441895 41.056700 0.15487397825898241 0.010094651085700021 135 -0.6188116657706542 -0.10968501798789228 0.7778440197977637
 259  278 4546 78.369921 41.042512 0.15965706199582214 0.016225285569339398 536 -0.6138634822969402 -0.10935551971254295 0.7818011226716638
 260  280 4546 78.392048 41.043180 0.15271676443122106 0.016542946414405412 546 -0.6153410457523697 -0.10945669197479323 0.7806245128064551
 261  278 4544 78.370492 41.025804 0.11807954788978836 0.008467433339815223 537 -0.6135609396098609 -0.10932829194248012 0.7820423888549803
 262  280 4544 78.392890 41.026124 0.10909646955623012 0.00966460814722862 548 -0.6150902835916419 -0.1094373871846463 0.7808248211457879
 263  282 4546 78.414659 41.043406 0.1386821609042607 0.01527254594031626 547 -0.6168304902340348 -0.10955654982651093 0.7794340951663273
 264  284 4546 78.436799 41.044091 0.12000163851149341 0.016712350789447772 533 -0.6182709921507016 -0.10964970456177468 0.7782788205742867
 265  282 4544 78.415190 41.026575 0.09599701945058349 0.011320531207570147 534 -0.6165906298344709 -0.10954108046854008 0.7796260301517101
 266  284 4544 78.437277 41.027297 0.07680341606140403 0.013331311896492209 545 -0.6180181586226722 -0.10963247883719913 0.7784820326742634
 267  285 4551 78.452114 41.082465 0.26406315837919586 0.015115482114816142 130 -0.6198801847616303 -0.10975193579429987 0.7769833132888317
 268  286 4551 78.463124 41.082391 0.2437917985690636 0.01697882779336603 134 -0.6206122225351968 -0.10980097472473609 0.7763917923248683
 269  285 4550 78.452288 41.074054 0.21828627739407613 0.014385316074733001 134 -0.6197764256529601 -0.10974781003364646 0.7770666640627811
 270  286 4550 78.463526 41.074202 0.1945463105854173 0.014164488210819226 136 -0.620520716236167 -0.10979702392838586 0.7764654881308144
 271  287 4551 78.474355 41.082964 0.22473305669454127 0.018633043232795056 142 -0.6213682619241684 -0.10985116505437442 0.7757797397519058
 272  288 4551 78.485455 41.083299 0.20303148077361147 0.017762159633919333 130 -0.6221119561843949 -0.10990044153992225 0.7751765004963423
 273  287 4550 78.474731 41.074266 0.16916231958423786 0.015065974412491728 134 -0.6212613470086168 -0.10984570256547906 0.7758661355807039
 274  288 4550 78.485683 41.074834 0.14973231793284736 0.014853618428650114 139 -0.6219927024187369 -0.1098935110395343 0.775273174029155
 275  285 4549 78.452627 41.065799 0.1777897578054645 0.011830895988173362 138 -0.6196687164309005 -0.10974156469107221 0.7771534409986457
 276  286 4549 78.463783 41.065793 0.15693955128764744 0.011642136975755531 130 -0.6203999501821199 -0.10978941861349359 0.7765630594964804
 277  285 4548 78.452892 41.057132 0.14255256212079137 0.010011031934222538 136 -0.6195352711888548 -0.10973212266934931 0.7772611588182129
 278  286 4548 78.464122 41.057408 0.12375700343273657 0.010903959378899224 138 -0.6202710963127044 -0.10977977962223241 0.7766673464650937
 279  287 4549 78.474958 41.065744 0.13157073549351592 0.012121726248131327 138 -0.6211310652746175 -0.10983689613955873 0.7759716850486534
 280  288 4549 78.486114 41.066403 0.10923682795219847 0.01077002128022201 138 -0.6218740036555632 -0.1098851640772544 0.7753695727155636
 281  287 4548 78.475365 41.057507 0.1004260569335616 0.01163932493401513 132 -0.6210043768757504 -0.10982697182500732 0.7760744810653871
 282  288 4548 78.486459 41.057636 0.07847648015219831 0.010005517679861483 137 -0.6217282352352081 -0.10987336888496238 0.7754881329338202
 283  289 4551 78.496630 41.083251 0.17755932590424603 0.01795855156666909 138 -0.6228542782521646 -0.10994948480245491 0.7745732107778127
 284  290 4551 78.507986 41.083483 0.1526890983937897 0.01709220817988734 136 -0.6236131174454234 -0.10999940741903433 0.7739553024028337
 285  289 4550 78.496993 41.075028 0.12787993099726772 0.014425174988770745 133 -0.6227422576392041 -0.1099424531338351 0.7746642740886799
 286  290 4550 78.508006 41.074934 0.1052539174289329 0.012980140868755777 131 -0.6234679152198205 -0.10998973763962003 0.7740736504399426
 287  291 4551 78.518772 41.084035 0.13384392221831543 0.016515203318982097 133 -0.6243395019736332 -0.11004699066199781 0.7733626873088421
 288  292 4551 78.530089 41.084159 0.11233148189324842 0.015707776965831557 139 -0.6250933763355476 -0.11009612005369929 0.7727464753789219
 289  291 4550 78.519182 41.075523 0.08653491479321035 0.012903519687488546 145 -0.624215980806958 -0.11003824791837515 0.7734636341162147
 290  292 4550 78.530467 41.075796 0.06701794190323412 0.0125601359486194 130 -0.6249654268613523 -0.11008662413757106 0.7728513119701622
 291  290 4548 78.502980 41.062473 0.06682434476624366 0.01942331250667815 539 -0.6229055896479845 -0.10995089108319428 0.774531747532216
 292  292 4548 78.525337 41.062822 0.029488757212904487 0.016850011020439704 546 -0.624385200193577 -0.11004673040372556 0.7733258297164762
 293  286 4546 78.459004 41.044592 0.09173217083295432 0.017937860933602088 544 -0.6197107230733838 -0.10974185029114449 0.7771199045208788
 294  288 4546 78.481348 41.044996 0.054950401124466475 0.014477751997064832 539 -0.6211565684187482 -0.10983347197485752 0.7759517549076059
 295  286 4544 78.459819 41.027639 0.04943946346362632 0.012250997756936237 545 -0.6194626264344557 -0.10972352474150017 0.7773202702678139
 296  288 4544 78.481985 41.028181 0.023813650317628096 0.009881070532727819 539 -0.6208844169724509 -0.1098121901536512 0.7761725476042284
 297  291 4545 78.515049 41.037336 0.002543744749248738 0.017570993157772326 2166 -0.6232207022636967 -0.109965065765927 0.7742762043231344
 298  278 4573 78.360493 41.278766 0.16828275692533254 0.012064054629092201 546 -0.6176067398769892 -0.10965344037229556 0.7788055199297425
 299  280 4573 78.382863 41.279197 0.19740351021065292 0.00888136157843964 533 -0.6191303983948807 -0.10975869919175803 0.7775799494168619
 300  278 4571 78.361285 41.261753 0.19340364596227091 0.009206123708463881 543 -0.617427383280411 -0.10964704459635442 0.778948619606447
 301  280 4571 78.383445 41.262439 0.2180429837521327 0.010432527069065636 540 -0.6189659544830813 -0.10975609150315997 0.7777112237641925
 302  282 4573 78.405078 41.279839 0.2114427785746098 0.00816258109599167 548 -0.6206421740712316 -0.10986180126692344 0.7763592444136427
 303  284 4573 78.421808 41.284267 0.21721769751517256 0.008215347904858122 137 -0.6218016533019408 -0.1099355348975073 0.7754204550550443
 304  285 4573 78.432961 41.284589 0.24109186457212067 0.008535180717304183 136 -0.6225276134353507 -0.10998105825637108 0.7748312960479173
 305  284 4572 78.422093 41.275844 0.24286729694474143 0.01583329498217205 129 -0.6217171803020818 -0.10993407666191224 0.7754883922443467
 306  285 4572 78.433383 41.275986 0.26523696529689345 0.009086291755586392 140 -0.622456451349673 -0.10998128656623185 0.7748884324716743
 307  282 4571 78.400102 41.266848 0.22778314512342634 0.007225761939547894 138 -0.6201602577973326 -0.1098371082076467 0.7767477481842658
 308  283 4571 78.411181 41.267413 0.24209315370426443 0.015881434813771755 131 -0.6209181189569485 -0.1098886223785496 0.7761347693685093
 309  282 4570 78.400434 41.258361 0.24996349775646387 0.007704279979293736 130 -0.6200931108923818 -0.10983835547787395 0.776801177580032
 310  283 4570 78.411568 41.258812 0.2732354597556669 0.010991062362757957 143 -0.6208591566490517 -0.10989114827688383 0.7761815787142956
 311  284 4571 78.428207 41.263409 0.2914718489220375 0.01919842192373955 529 -0.6219883069478389 -0.10995993836376973 0.775267281635951
 312  278 4569 78.361843 41.244998 0.19961285398648496 0.008336295810138322 536 -0.6172287868563523 -0.10963850764610135 0.7791071956521588
 313  280 4569 78.383902 41.245740 0.23361207356761354 0.017978662195052553 530 -0.6187948639921445 -0.1097531013485383 0.7778477826935815
 314  278 4567 78.362356 41.228228 0.20911670800970794 0.019758709286103095 544 -0.6169039376162672 -0.10960836403199273 0.7793686793089487
 315  280 4568 78.376262 41.234602 0.2142193079759142 0.0028702050848890344 35 -0.6180732306692661 -0.10970185037077665 0.7784285359333147
 316  280 4568 78.380429 41.235853 0.2165764365005719 0.0017345004956419814 6 -0.6184062444256168 -0.10972793308364423 0.7781603289532278
 317  280 4568 78.382721 41.235644 0.2428741192642314 0.024330320471789613 4 -0.6185633482574118 -0.10973948274150089 0.7780338232494829
 318  280 4568 78.380429 41.233769 0.22788253074912218 0.01865728056695938 9 -0.6183454284997014 -0.10972110549322918 0.7782096183309893
 319  280 4568 78.383347 41.233769 0.2673746293421062 0.0016883573298371584 12 -0.6185527957502907 -0.10973649158632626 0.7780426346183243
 320  280 4567 78.376262 41.230434 0.2187591636903361 0.0037407846718234368 35 -0.6179525558879431 -0.10968840546527803 0.7785262310147573
 321  280 4567 78.382096 41.230434 0.2577113902503455 0.013482300963580674 35 -0.6183662426075373 -0.10971899064539338 0.7781933776993946
 322  281 4567 78.390220 41.233189 0.27391973015542004 0.006629714901360583 138 -0.6190239909887734 -0.10977063188138032 0.7776629777459472
 323  280 4566 78.379464 41.224248 0.2599365910382916 0.00900051137123667 133 -0.6179993556509851 -0.10968496031776588 0.7784895669789399
 324  281 4566 78.390607 41.224405 0.281349404248431 0.005869319945094611 138 -0.6187897089289128 -0.10974305103363945 0.7778533016408038
 325  282 4569 78.406557 41.245987 0.28237673167757726 0.0171670881250903 541 -0.6203857154369092 -0.10986781994026813 0.7765633433425808
 326  284 4569 78.423091 41.250770 0.3086512166026741 0.007421916778901336 132 -0.6215282148172155 -0.1099395736739542 0.7756390709128275
 327  285 4569 78.434367 41.250889 0.3339734540328521 0.009636458867163902 134 -0.6222562488718754 -0.10998508589113774 0.7750486704855521
 328  284 4568 78.423357 41.242428 0.3359511821247091 0.017635249088854624 142 -0.6214607549932601 -0.10994110096354988 0.7756929059377362
 329  285 4568 78.434609 41.242522 0.356969779711396 0.010993928022120833 130 -0.6221836837872007 -0.10998593083889112 0.7751068046704863
 330  282 4567 78.407167 41.229203 0.3122273557515822 0.01697513857403617 532 -0.6200959301643354 -0.10984352000644121 0.7767981967707072
 331  284 4567 78.429441 41.229703 0.3582716747704082 0.014763313281225396 545 -0.6215833232330856 -0.10994201383175396 0.7755945628181852
 332  286 4573 78.449864 41.280869 0.2682854445588194 0.01517766151604861 538 -0.6235827531844587 -0.11004948705540038 0.7739726483085394
 333  288 4573 78.472245 41.281301 0.3060490112845007 0.01978807942631525 547 -0.625037931592182 -0.11013981477137327 0.7727850964356743
 334  285 4571 78.444689 41.268037 0.2885537572589479 0.00308722098554845 140 -0.623108165214798 -0.11002774281938045 0.7743578696266478
 335  286 4571 78.456024 41.268438 0.3126328696167106 0.016238883620737072 136 -0.6238492802637601 -0.1100741188061991 0.7737543304456702
 336  285 4570 78.445260 41.259533 0.3303646996582419 0.01738585131210301 139 -0.6230523626664949 -0.11002946419479726 0.774402524779397
 337  286 4570 78.453458 41.262058 0.32882418461974844 0.016487641004596345 31 -0.6236109973628352 -0.11006286420551456 0.7739479891381644
 338  287 4570 78.458883 41.262188 0.35035295530230937 0.010026678410417562 33 -0.6239637334342796 -0.11008483283369488 0.7736605127177764
 339  286 4570 78.453781 41.257944 0.36701735144716185 0.012778045859234043 35 -0.6235856933405934 -0.11006367824526009 0.7739682614888385
 340  287 4570 78.459199 41.257944 0.37408760891412435 0.0036005500630430396 30 -0.623935695213248 -0.11008544047995734 0.7736830384809368
 341  288 4571 78.473059 41.264308 0.35951978833923537 0.016042584224770288 547 -0.624906389726538 -0.11014225020222675 0.7728911235092134
 342  290 4573 78.494624 41.281702 0.3208855234277199 0.015339725168583255 540 -0.6264746998254778 -0.11022626920092533 0.7716084629244438
 343  291 4573 78.511214 41.286488 0.31571732499798744 0.011016255332618007 133 -0.6275235044608446 -0.11027894520073243 0.7707482115416123
 344  292 4573 78.522554 41.286673 0.34315425953842094 0.01472641802224077 134 -0.6282146066776207 -0.1103159144723473 0.7701797238119242
 345  291 4572 78.511691 41.277691 0.3521287728606181 0.015792713255674353 141 -0.6274724518446185 -0.11028288677041559 0.7707892105249571
 346  292 4572 78.522845 41.278387 0.3799219673937852 0.013898586752161601 132 -0.6281395377443681 -0.1103161652456119 0.7702409134860302
 347  289 4571 78.489623 41.269198 0.35567076306425527 0.009342370069478464 130 -0.6260392915168337 -0.1102099985251422 0.7719640935316804
 348  290 4571 78.500694 41.269121 0.36876264910802137 0.015820310197004236 135 -0.6267226217502013 -0.11024845549809106 0.7714039366290787
 349  289 4570 78.489712 41.260623 0.38819692699878944 0.011234825688838658 140 -0.6259377037352272 -0.11020754036184056 0.772046817939213
 350  290 4570 78.501077 41.260939 0.4084568462322687 0.01200569881476733 135 -0.6266482241418982 -0.11024789082352553 0.7714644552724184
 351  291 4571 78.511993 41.269306 0.39237905439447773 0.01525368833618586 135 -0.627401308507932 -0.11028385687268803 0.7708469815701553
 352  292 4571 78.522959 41.269790 0.4194816654038344 0.014351019089280822 133 -0.6280619648919189 -0.1103178257099947 0.770303930657712
 353  291 4570 78.512173 41.260833 0.43362256747332434 0.012696178311939813 131 -0.6273211054706174 -0.11028430701255358 0.7709121884221856
 354  292 4570 78.523480 41.261278 0.45560921856598774 0.013128570672170322 144 -0.628011735443299 -0.11032106264968307 0.7703444186085472
 355  286 4569 78.451351 41.246942 0.37420391800204617 0.015715604502725234 550 -0.6233061942655898 -0.11005267236909858 0.7741949350742142
 356  288 4569 78.473663 41.247480 0.410683980216092 0.019837467815983712 536 -0.6247445205488654 -0.11014065128701765 0.7730221995377881
 357  285 4567 78.446071 41.234355 0.3910038679262896 0.01040034993017999 128 -0.6227845877289132 -0.1100230315615164 0.7746188029045906
 358  286 4567 78.457526 41.234324 0.4237929900553559 0.011743987998448332 132 -0.623519182098742 -0.11006834526645745 0.7740211811864193
 359  285 4566 78.446370 41.225830 0.4032460260087303 0.013333698503669571 128 -0.6225788637247344 -0.1100008108587807 0.7747873127856634
 360  286 4566 78.457562 41.226119 0.4399155049581845 0.012196753247886926 125 -0.6233163890812649 -0.1100479856978825 0.7741873933012161
 361  288 4567 78.474175 41.230714 0.45515511769896294 0.015100350937106986 537 -0.624503973134619 -0.11012604548384335 0.7732186247402254
 362  289 4569 78.490283 41.252150 0.42467611856469556 0.010996969176967021 139 -0.6258683242395999 -0.11020694209483507 0.7721031476607387
 363  290 4569 78.501293 41.252525 0.44530264257731234 0.013214691623436194 130 -0.626561409468187 -0.11024678193830614 0.7715351237873014
 364  289 4568 78.490569 41.243492 0.46102518597145176 0.010955651032020642 134 -0.6257782623421154 -0.11020520735391043 0.7721763908927572
 365  290 4568 78.501639 41.244124 0.4846000761374342 0.012106958536576036 142 -0.626483260195319 -0.1102462107427063 0.7715986636276135
 366  291 4569 78.512149 41.252297 0.4731795752179568 0.01593017031135984 124 -0.6272279992538198 -0.11028409794740797 0.7709879731175947
 367  292 4569 78.523931 41.252601 0.5005101585809845 0.012198512361282991 132 -0.6279565155737088 -0.11032426590673697 0.7703889737662826
 368  291 4568 78.512962 41.244189 0.5076844079569941 0.009754516900771214 130 -0.6271916070927113 -0.11028686278924675 0.7710171826156457
 369  292 4568 78.524056 41.244115 0.5335983493528228 0.01094728495848411 136 -0.627883661165888 -0.11032640995628057 0.7704480458194952
 370  289 4567 78.490873 41.235019 0.48655275297386325 0.010278359331168786 140 -0.6256713229249716 -0.11020008506221433 0.7722637741870304
 371  290 4567 78.502034 41.235589 0.5115878121228599 0.010452352065582536 136 -0.626389261380944 -0.11024283646211502 0.7716754565459645
 372  289 4566 78.491246 41.226711 0.5006021694796595 0.012933254833520787 131 -0.6255216720712501 -0.11018682622056024 0.7723868856322119
 373  290 4566 78.502378 41.226836 0.5386976455760079 0.01234984868099084 139 -0.6262319179802605 -0.11022930839547669 0.7718050819173319
 374  291 4567 78.513136 41.235778 0.5345951347392531 0.010437671615234522 134 -0.6270939778034473 -0.1102842452303039 0.7710969642377226
 375  292 4567 78.524374 41.235926 0.561373739225244 0.012302087774023078 136 -0.6278058630012728 -0.11032579074575458 0.7705115302690487
 376  291 4566 78.513528 41.227535 0.560289378491581 0.014370999767581901 134 -0.6269495074184036 -0.11027169064446898 0.7712162273903679
 377  292 4566 78.524632 41.227516 0.5917749509733837 0.011814721092905081 130 -0.6276486454910505 -0.11031236956768208 0.7706415242728702
 378  278 4565 78.363107 41.211310 0.24159206090993163 0.011767721037557547 546 -0.6164805638079698 -0.10955970445018567 0.7797104498516072
 379  280 4566 78.379727 41.215780 0.267101089028011 0.008689161139145063 133 -0.6177709775318698 -0.10965866306618643 0.7786745128318088
 380  281 4566 78.391037 41.215975 0.29287885070747066 0.010608577055983916 139 -0.6185685010011898 -0.10971678397946391 0.778032927890809
 381  280 4565 78.380091 41.207558 0.2862370040052526 0.011743695085208929 138 -0.6175564578013185 -0.10963354201627715 0.7788481930985355
 382  281 4565 78.391265 41.207509 0.31611289783290974 0.010295938802519711 130 -0.6183317383374025 -0.10968926680167355 0.7782249842514419
 383  278 4563 78.363971 41.194302 0.2661856879933247 0.018703109901453154 541 -0.6160863885174136 -0.10951543065931992 0.7800281612423197
 384  280 4563 78.386182 41.194949 0.324512417729896 0.018390598429055126 539 -0.6176383756500813 -0.10962734489550402 0.7787841049838469
 385  282 4565 78.407795 41.212292 0.34750299145330027 0.01791963899070105 543 -0.619622796298259 -0.10978756010309797 0.777183557439383
 386  284 4565 78.430364 41.212660 0.38943196150408343 0.014933638758146142 544 -0.6211576400263275 -0.10989265822901177 0.7759425171391789
 387  282 4564 78.402971 41.199389 0.3617739666956991 0.008820963726048875 137 -0.6188966208254304 -0.10971909034371977 0.7777716206863104
 388  283 4564 78.413821 41.199922 0.38739465375299037 0.009856766532683494 133 -0.6196598221849775 -0.10977360776513866 0.7771560073806981
 389  282 4563 78.403066 41.190771 0.3733014071990836 0.01055741922055155 133 -0.61871595318216 -0.10970254832735366 0.7779176821286271
 390  283 4563 78.414196 41.191498 0.4087140362171862 0.013119590657895674 143 -0.6194945173451912 -0.10975746328860543 0.7772900631242491
 391  284 4564 78.425102 41.200055 0.40995775617186914 0.009519649956040443 138 -0.6204373499470194 -0.10982813636147844 0.776527704112406
 392  285 4564 78.436277 41.200010 0.43104540047055484 0.01323804704860591 129 -0.6212015536138906 -0.10988119984807243 0.77590898416479
 393  284 4563 78.425440 41.191670 0.43838868582609974 0.00857699064328328 130 -0.6202703198618491 -0.10981191011820678 0.7766634243317181
 394  285 4563 78.436575 41.191649 0.46128166952071004 0.012026802842871095 137 -0.6210352760970044 -0.10986540117378113 0.7760443154021822
 395  278 4562 78.358757 41.181667 0.26095364615860284 0.009408604315881483 130 -0.6154672563474158 -0.10946692118373373 0.78052357397502
 396  279 4562 78.369931 41.181619 0.29370394015851375 0.009794043435029622 138 -0.6162540087149394 -0.10952519463285204 0.7798943700805919
 397  278 4561 78.359095 41.173282 0.27124794169256944 0.010487353546282835 138 -0.6153294211120001 -0.10945543175051484 0.7806338526955381
 398  279 4561 78.370338 41.173381 0.3062250967064719 0.010249116538622897 132 -0.6161345682582723 -0.10951622096710628 0.7799899942577958
 399  280 4562 78.381117 41.182248 0.32383020919680294 0.009316311576995952 137 -0.6170522666273985 -0.10958399094965493 0.7792546754287303
 400  281 4562 78.392230 41.182435 0.3540505414798321 0.010575456309688515 133 -0.6178366454525906 -0.10964142855729941 0.7786248369271329
 401  280 4561 78.381474 41.173494 0.3371007709035033 0.00981120531143351 138 -0.6169313447871694 -0.10957603938646006 0.7793515300629568
 402  281 4561 78.392546 41.174183 0.3725304961290856 0.014262955872652723 136 -0.6177317027201389 -0.10963572434649577 0.7787089002968293
 403  278 4560 78.359524 41.165209 0.28212746587915294 0.013923467271788876 124 -0.6152047224959097 -0.10944503765737036 0.7807335865395489
 404  279 4560 78.370558 41.164928 0.31268207655863456 0.006865915759369242 133 -0.6159984996472946 -0.10950601520054191 0.7800988918510144
 405  278 4559 78.356955 41.158427 0.26023858662655386 0.013932019655666029 37 -0.6148860302253937 -0.10941966463879454 0.7809881604889988
 406  278 4559 78.362508 41.158742 0.3031787141360003 0.002837850231775725 30 -0.6152985866951556 -0.1094518902164977 0.7806586532787424
 407  278 4559 78.357158 41.153988 0.2632023267019321 0.01636702362341824 37 -0.614815017679565 -0.1094137708304631 0.7810448903797624
 408  278 4559 78.362847 41.154470 0.2908965223735683 0.017760418297907577 32 -0.6152427144013051 -0.10944737709794486 0.7807033201046953
 409  279 4559 78.370962 41.156722 0.3178568355058864 0.0101657909873609 137 -0.6158804478679956 -0.10949724154392534 0.780193327341492
 410  280 4560 78.381796 41.165211 0.3485392902005701 0.014494317780194377 133 -0.6168163732669493 -0.1095685438289508 0.7794435809428484
 411  281 4560 78.392809 41.165658 0.3865568373656454 0.011642689690139724 135 -0.6176192269214237 -0.10962954338595444 0.7787989816082005
 412  280 4559 78.382123 41.156583 0.3591448934392305 0.0120971693539662 127 -0.616695989374399 -0.10956068259281718 0.7795399370906709
 413  281 4559 78.393249 41.156975 0.3939839997668419 0.01034762753197578 142 -0.6175172701607459 -0.10962421564334394 0.7788805764671514
 414  282 4562 78.403470 41.182564 0.39323694372630696 0.015260358289478021 137 -0.618627875317778 -0.10969907319303146 0.7779882166333894
 415  283 4562 78.414692 41.182818 0.4346992339577172 0.011802590505584121 134 -0.6194094252652744 -0.1097547669716075 0.7773582539727424
 416  282 4561 78.403755 41.174171 0.4207799104548378 0.0178026968150097 128 -0.6185294174841267 -0.10969499095076052 0.7780670720876571
 417  283 4561 78.415076 41.174188 0.4523939137539488 0.005355270224231785 138 -0.6193167007194467 -0.10975143648982658 0.7774325992640128
 418  284 4561 78.431395 41.179163 0.47672281550202733 0.01795362668677925 536 -0.6204891824789337 -0.10983006245062474 0.7764860152048564
 419  282 4559 78.409823 41.161688 0.43716149867660536 0.015632547112976684 532 -0.6187777070746168 -0.10971747358567235 0.7778664571875156
 420  284 4560 78.426340 41.166233 0.4827790087787925 0.008087266275167964 138 -0.6199565166436866 -0.10979685376969957 0.7769160626305145
 421  285 4560 78.437483 41.166749 0.5120236336814091 0.011182758264505285 134 -0.6207049276125027 -0.10984659668862545 0.7763112249822774
 422  284 4559 78.426873 41.157721 0.4709884974987001 0.019133905496792517 142 -0.6198657076939873 -0.10979263780877828 0.7769891126058477
 423  285 4559 78.437844 41.158213 0.5115664217592597 0.012173810994815874 126 -0.6205939699812365 -0.10984021005767472 0.7764008324811443
 424  285 4566 78.446708 41.217574 0.4128733024085513 0.009507187406851362 136 -0.6223818699531627 -0.1099793375851021 0.7749486133015187
 425  286 4566 78.458111 41.217381 0.44306157991414075 0.009065659881697925 123 -0.6231324486503331 -0.11002819795050224 0.7743382640001752
 426  285 4565 78.446975 41.209070 0.4273765377252338 0.011442411065765315 121 -0.6221741699666691 -0.10995697271439847 0.7751185498862554
 427  286 4565 78.458273 41.209109 0.4624770568185705 0.01368509106833421 136 -0.6229355320150658 -0.1100080452780441 0.774499549985157
 428  287 4566 78.469230 41.217704 0.465928307810766 0.008573788702766174 144 -0.6238766188514369 -0.11007683761309793 0.7737319007715778
 429  288 4566 78.480366 41.218397 0.49327356716923726 0.010200257608085768 132 -0.6246288183788541 -0.11012585060006469 0.7731178023304396
 430  287 4565 78.469568 41.209261 0.4927344268050052 0.011884001312301436 133 -0.6236986160501775 -0.11005905595624076 0.7738779235377595
 431  288 4565 78.480460 41.209781 0.515836731575174 0.011799432784881997 138 -0.6244419070197067 -0.11010863634652682 0.7732712285863869
 432  285 4564 78.447276 41.200587 0.4474796339085774 0.012709041183501135 143 -0.6219697957319817 -0.10993485239568926 0.7752856901980424
 433  286 4564 78.458651 41.200906 0.48528019141140033 0.013678388110800448 133 -0.62275518808203 -0.10998910586079884 0.7746472566974322
 434  285 4563 78.447916 41.192014 0.47929535059510864 0.005736205252989089 137 -0.6218207837712596 -0.1099200879902222 0.7754073040191962
 435  286 4563 78.458871 41.192453 0.5043451672916565 0.01347124180356992 132 -0.6225808126382865 -0.1099727660357793 0.7747897279037006
 436  287 4564 78.469835 41.200695 0.523973381209974 0.014486620941405775 123 -0.6235134463689177 -0.11004078285297923 0.7740297205574591
 437  288 4564 78.481020 41.201269 0.5512232230655756 0.014453632589157741 143 -0.6242891794789672 -0.11009382343834322 0.7733966449540656
 438  287 4563 78.470132 41.192513 0.548980422681642 0.01438005858279854 133 -0.6233548090432101 -0.11002615500516702 0.7741595618846815
 439  288 4563 78.481389 41.192618 0.5896388045691004 0.015644747296978047 132 -0.6241290459793766 -0.11007933420125547 0.7735279401202528
 440  289 4566 78.491422 41.218281 0.5223812810864326 0.01278507534482776 133 -0.625354816500574 -0.11017220008375395 0.7725240706982786
 441  290 4566 78.502700 41.218443 0.555041193464424 0.01528196908809138 138 -0.6260763953909488 -0.11021558025570165 0.7719332050139931
 442  289 4565 78.491826 41.210074 0.5485147040798837 0.013933224863576451 137 -0.6252077544585519 -0.1101589787178226 0.7726449787403923
 443  290 4565 78.502960 41.210010 0.5817491805855659 0.010854125659793011 130 -0.6259160050732013 -0.11020156628616057 0.7720652623847812
 444  291 4566 78.513658 41.219001 0.5899466371277665 0.012962760770607516 133 -0.6267771844586688 -0.1102567651739269 0.771358416545412
 445  292 4566 78.522207 41.221365 0.6090635952486096 0.008732735093235725 33 -0.6273648266424617 -0.11029225004969631 0.7708754723500088
 446  292 4566 78.527914 41.221264 0.6267778355718038 0.008814614154657082 32 -0.6277214134171513 -0.11031281063619687 0.7705821896119299
 447  292 4565 78.520881 41.217930 0.6165852336885916 0.004401904368342126 12 -0.6272083237341279 -0.11028115158498791 0.7710044009237005
 448  292 4565 78.523798 41.217930 0.6370464663485831 0.018356798998911978 9 -0.6273915282783016 -0.11029174722279465 0.7708538128200186
 449  292 4565 78.520881 41.215846 0.6180838621146629 0.0032510152870933724 8 -0.6271639256694435 -0.11027735569380423 0.7710410593217945
 450  292 4565 78.523798 41.215846 0.6579399361093736 0.01952680288370877 6 -0.6273470627263428 -0.11028786317637097 0.7708905565153981
 451  292 4565 78.528015 41.217047 0.6561963864733084 0.008546856572076756 34 -0.6276374277630118 -0.11030540944478155 0.7706516566635337
 452  291 4565 78.514172 41.210317 0.6129385622987364 0.010376500247402233 144 -0.6266256884214438 -0.11024295185338731 0.7714834659129147
 453  292 4565 78.525323 41.210912 0.6459315856099507 0.01640598551815388 129 -0.6273372927436383 -0.11028438325819521 0.7708990050210484
 454  289 4564 78.492124 41.201674 0.5779833166671079 0.012954172804723836 130 -0.6250504630492788 -0.11014506976200822 0.7727742116873495
 455  290 4564 78.503298 41.201626 0.606433244969363 0.012622694849253541 138 -0.6257614147640559 -0.11018786646291893 0.7721925186615299
 456  289 4563 78.492326 41.193177 0.615786449577806 0.012258750006421805 140 -0.6248854702632874 -0.1101306898059033 0.7729096843853789
 457  290 4563 78.503662 41.193403 0.63955889309533 0.012936086163860636 133 -0.6256128931294724 -0.11017471191165265 0.7723147291133037
 458  291 4564 78.514636 41.201825 0.6363815824018426 0.01338566096820866 135 -0.6264748881688815 -0.11022922381235059 0.7716078879272258
 459  292 4564 78.525459 41.202356 0.6582486255994401 0.009596802612445788 135 -0.6271629066461205 -0.11026910979880175 0.7710430675074962
 460  291 4563 78.514761 41.193272 0.6661215440810814 0.010686699529097553 133 -0.6263042278770558 -0.1102146329863942 0.7717485010150648
 461  292 4563 78.525961 41.193883 0.6888984618372695 0.011041753816894363 143 -0.6270163888529703 -0.11025589520799903 0.7711641107323807
 462  285 4562 78.448144 41.183337 0.4953656176337263 0.012956545280683107 135 -0.6216907769168194 -0.10991164502715768 0.775512738892138
 463  286 4562 78.459178 41.184141 0.5289441568886001 0.012858737590379338 139 -0.6224540473915143 -0.10996370560340996 0.7748928586171698
 464  285 4561 78.448407 41.175175 0.522729851471205 0.011188947741768065 132 -0.6215718837181834 -0.10990394881930797 0.775609125400773
 465  286 4561 78.459561 41.175507 0.5548983128751638 0.012369704206124151 136 -0.6223268053714215 -0.10995462314895302 0.7749963407425694
 466  287 4562 78.470452 41.184168 0.5684193707530972 0.01109642006026932 130 -0.6232200735414478 -0.11001575122347393 0.7742695101950786
 467  288 4562 78.481685 41.184194 0.6093018089499036 0.015070547910923417 126 -0.6239827185372937 -0.11006728880402507 0.773647696889314
 468  287 4561 78.470750 41.175768 0.5893293819574756 0.011842648894935203 137 -0.6230827027646422 -0.11000514973547913 0.7743815677992235
 469  288 4561 78.482057 41.175809 0.6257672007636642 0.009772190295096489 129 -0.6238422328069316 -0.1100556753671282 0.7737626360105194
 470  285 4560 78.448787 41.166580 0.5328406679821206 0.009430402939589733 117 -0.6214530982717364 -0.10989621697684315 0.775705400356758
 471  286 4560 78.459997 41.166769 0.5706557911492148 0.01268448597472549 140 -0.6222005191026516 -0.10994551192838131 0.7750990249221045
 472  285 4559 78.449024 41.158272 0.5378035230250147 0.012415354555510766 133 -0.621329108980444 -0.10988808948613624 0.7758058688374653
 473  286 4559 78.460483 41.158510 0.5776329441295621 0.011467171166998807 122 -0.6220853511831524 -0.10993710910687991 0.7751926521094972
 474  288 4559 78.476756 41.163203 0.6167263328807359 0.01464657878683307 541 -0.6232433074596264 -0.1100129234005642 0.7742512101325042
 475  290 4561 78.498469 41.180542 0.6532639068899924 0.014977695680940909 547 -0.6250183916310116 -0.11013281034043833 0.7728018984251401
 476  292 4561 78.520924 41.180911 0.6972478911637883 0.013818907245429154 539 -0.6264437420345622 -0.11021718189226763 0.7716348948054783
 477  290 4559 78.499225 41.163583 0.6589823126303187 0.00983250228689999 545 -0.6247185406727407 -0.1101066942656334 0.7730480326717194
 478  292 4559 78.521399 41.164219 0.6827666027136979 0.013767353648682546 535 -0.6261425793984946 -0.11019255824913289 0.7718828087026626
 479  281 4585 78.389619 41.389173 0.06862934554786128 0.012543851376696688 8714 -0.6212470590135993 -0.10987881955798555 0.7758728869341274
 480  287 4587 78.456197 41.407569 0.0641850651032194 0.006918260528334572 2184 -0.6259875495161767 -0.11018749364043032 0.7720092642552758
 481  291 4587 78.501100 41.408512 0.06681036247948748 0.008201063689658226 2182 -0.6289348674857469 -0.11036916571441677 0.7695840303178006
 482  287 4583 78.457490 41.373822 0.09186352603884251 0.011077704230693488 2172 -0.6253762069668733 -0.11013478951740387 0.77251208915957
 483  291 4583 78.502200 41.374784 0.10476988881060582 0.016539519137374253 2173 -0.6282687424796073 -0.11030922701718979 0.7701365214414669
 484  279 4579 78.369251 41.338035 0.1006500508356482 0.011624385926251837 2170 -0.6190197304272231 -0.10973044249044922 0.7776720409868534
 485  283 4579 78.413955 41.339103 0.12091525322455109 0.013087810688198566 2176 -0.6220439004747503 -0.10993412533713691 0.7752263372515911
 486  279 4575 78.370640 41.304311 0.1459580518085682 0.019161856256737025 2181 -0.6185828844604645 -0.10970530210266716 0.7780231113168388
 487  283 4575 78.415448 41.305352 0.17532156302823287 0.018262084657814304 2174 -0.6216641136525121 -0.10991881718774407 0.7755330962793812
 488  287 4579 78.458807 41.340062 0.13488719725588627 0.01852605848933886 2185 -0.6248397026516791 -0.11009461578343292 0.7729518235735391
 489  290 4580 78.492124 41.349226 0.14117672877878695 0.012437636874938313 540 -0.6270712209586604 -0.11022310513172894 0.7711242123941736
 490  292 4580 78.514450 41.349759 0.1627543254825523 0.01275218507624834 548 -0.6285836399024504 -0.11032134372939548 0.7698777882006516
 491  290 4578 78.492676 41.332432 0.1744719112325409 0.010891564614267607 543 -0.6267880968096387 -0.11020132138969062 0.7713574725519401
 492  292 4578 78.515218 41.332778 0.1965306693031361 0.009834481404047486 547 -0.6283205672332711 -0.1103019899750057 0.7700952770918765
 493  286 4576 78.448760 41.314400 0.17827696406051627 0.00823105457907182 547 -0.6238475071875511 -0.11004218955188518 0.7737603015756916
 494  288 4576 78.471015 41.315031 0.19392915191576088 0.010665670360555367 537 -0.6252058147627897 -0.11011608010027181 0.772652663290658
 495  286 4574 78.449298 41.297567 0.2195133975866306 0.014515778505987967 537 -0.6237127374407 -0.11004565368382327 0.7738684482904886
 496  288 4574 78.471482 41.298242 0.24055098062353217 0.019340334011098772 546 -0.625113093591937 -0.11012736056853406 0.7727260735047875
 497  290 4576 78.493317 41.315528 0.2078208522360768 0.01254283225177759 547 -0.6265809351534858 -0.11019207305323313 0.7715270823104099
 498  292 4576 78.515729 41.315934 0.23003944917031127 0.013309343125427678 539 -0.6280867973721429 -0.11028917215817054 0.7702877861367595
 499  289 4575 78.488254 41.302479 0.23948051144458968 0.011549290434222573 137 -0.6261862550856007 -0.11018434736358271 0.7718485496118604
 500  290 4575 78.499482 41.303044 0.25109492482799906 0.011573910910575871 139 -0.6269028739445667 -0.11022607090965575 0.771260656284153
 501  289 4574 78.488615 41.294281 0.274224354629693 0.010026958869787517 134 -0.6261689855821416 -0.11019373123897774 0.7718612200976699
 502  290 4574 78.499822 41.294292 0.28267952270000224 0.00807120973903578 136 -0.6268750064588913 -0.1102348534428879 0.7712820517577146
 503  292 4574 78.516298 41.299207 0.28063716047850734 0.01783253942403715 540 -0.6279575075006428 -0.11029362228536994 0.7703925529603414
 504  285 4596 78.430446 41.491447 0.02780954862613264 0.010040298689607216 34896 -0.6255011822840254 -0.1101332418124103 0.7724111211066135
 505  285 4611 78.425069 41.626416 0.017775050921663295 0.002948844115086243 34975 -0.6270301478666758 -0.11018725569623533 0.7711627340246852
 506  285 4622 78.420172 41.722043 0.021478796774655848 0.0026818823222421726 14618 -0.6282401254818224 -0.11025409167811903 0.7701677609474554
 507  300 4492 78.644066 40.558774 -0.0008941698048617718 0.0007453887664710474 30082 -0.6243585303483576 -0.11011337664962893 0.773337875617156
 508  300 4506 78.639169 40.685279 0.0014825188989262446 0.0033048976988236597 34488 -0.6263261465657379 -0.11025771087688993 0.7717245592310135
 509  300 4521 78.634368 40.820305 0.0044603940573756315 0.005062346275320333 34543 -0.6283256727978381 -0.11038925870040801 0.77007860668033
 510  300 4536 78.629548 40.955298 -0.015321192243665389 0.011204917593735188 34617 -0.6295336407489148 -0.11038340326974987 0.7690922567858839
 511  293 4558 78.538828 41.151682 0.6234815026781606 0.0130576190809107 128 -0.6270051141193613 -0.11023928104795945 0.7711756530014389
 512  294 4558 78.549818 41.151971 0.6105975665953239 0.010642805159079628 139 -0.627713932844092 -0.11028197088744293 0.7705926974807014
 513  293 4557 78.536301 41.145404 0.5857907129294796 0.011553828228378691 35 -0.6267139389682007 -0.11021879809252433 0.7714152288164926
 514  293 4557 78.541660 41.145344 0.5877232588573988 0.009164278407722682 28 -0.6270589313839844 -0.11023992181307679 0.7711318021001483
 515  293 4557 78.536276 41.141211 0.5445964409995959 0.014340999631688419 33 -0.6266256424086215 -0.11021145092315528 0.7714880040294829
 516  293 4557 78.542063 41.141187 0.5561086842912778 0.012348160705388226 34 -0.6270013158389142 -0.11023474103357489 0.7711793901586911
 517  294 4557 78.550329 41.143522 0.567060352467966 0.017772496276001016 140 -0.6275835527990701 -0.11027140937492526 0.7707003960882364
 518  295 4558 78.561090 41.152565 0.6093318203292519 0.012545489894577424 134 -0.6284455331210286 -0.11032577160131639 0.7699898934536742
 519  296 4558 78.569409 41.154496 0.6099897321994796 0.005080563929189876 32 -0.6290106966041573 -0.11035947728210964 0.7695234430032475
 520  296 4558 78.574796 41.154650 0.6025399243534191 0.006179004891272887 33 -0.6293563417662654 -0.11037983875422452 0.7692378606615609
 521  296 4558 78.569769 41.150431 0.5761776972609497 0.013594007301904019 33 -0.6289620381429433 -0.1103560296284776 0.7695637084086757
 522  296 4558 78.573811 41.151656 0.5899023542962646 0.010345673654786093 6 -0.6292415269165111 -0.11037279184139145 0.7693327938057201
 523  296 4558 78.576311 41.151656 0.5846491921093886 0.00482118778239121 6 -0.6294012442267958 -0.11038226259759355 0.7692007734457873
 524  296 4558 78.573811 41.149572 0.5500729517071812 0.007577195304481743 9 -0.6292059667051091 -0.11037044062042715 0.7693622146297164
 525  296 4558 78.576207 41.149468 0.5354305300846105 0.006929812083578173 8 -0.6293577366256263 -0.11037944821945007 0.7692367754860908
 526  295 4557 78.561214 41.144050 0.5527890256328579 0.016735978277408567 133 -0.6282975848401667 -0.1103151182959743 0.7701121473911177
 527  296 4557 78.569643 41.146238 0.5409506933522856 0.01063948491508084 35 -0.6288806390989418 -0.11035066836772536 0.7696309971390852
 528  296 4557 78.575404 41.146189 0.515828333938034 0.01122852093084255 34 -0.6292506003915668 -0.11037293718684346 0.7693253516189374
 529  296 4557 78.569643 41.142070 0.5100136117779794 0.0120924330884754 35 -0.62880774646092 -0.11034588725645042 0.7696912388460234
 530  296 4557 78.575478 41.142070 0.48273523957238934 0.01244659115845461 35 -0.6291855131266528 -0.11036879699337714 0.7693791774682918
 531  293 4556 78.536351 41.137117 0.541763671585722 0.006786847999595636 34 -0.6265458767263298 -0.11020471139457458 0.7715537479292504
 532  293 4556 78.542185 41.137117 0.539423390317464 0.008888452805727183 34 -0.6269274534633157 -0.1102286145606535 0.7712403131489179
 533  293 4556 78.535190 41.133826 0.5292249093003305 0.01895265945348748 9 -0.626401594575739 -0.11019425360870191 0.7716723843604828
 534  293 4556 78.537969 41.133455 0.49726015244002947 0.01848280209398635 6 -0.6265766045454564 -0.11020505663289876 0.7715287448493584
 535  293 4556 78.535468 41.131649 0.4853880721248673 0.00520910892336643 6 -0.6263746776560642 -0.11019161094065083 0.7716946106262281
 536  293 4556 78.537969 41.131649 0.4777898729244934 0.0036568029336114115 6 -0.626539559761074 -0.11020206739533539 0.7715592552722011
 537  293 4556 78.542136 41.132900 0.4781189766169259 0.008539953667707092 35 -0.6268394174484629 -0.11022156592121951 0.7713128749986907
 538  294 4556 78.547648 41.137014 0.5296190864133546 0.013634991160794412 31 -0.6272825864995244 -0.1102507766996739 0.7709483270048553
 539  294 4556 78.553046 41.137117 0.5210715782253786 0.014625395618315464 34 -0.6276373088985342 -0.11027296880157843 0.7706563960873173
 540  294 4556 78.547971 41.132900 0.47182687485791736 0.010412460342273678 35 -0.6272232076387383 -0.11024581783719871 0.7709973459414626
 541  294 4556 78.553389 41.132900 0.45519269966265846 0.011928367942571148 30 -0.6275794402323656 -0.11026830085220755 0.7707041897023772
 542  293 4555 78.536718 41.128731 0.4554504502258835 0.009749870250637907 30 -0.6263969110754631 -0.1101918290759696 0.7716765323631466
 543  293 4555 78.542136 41.128731 0.44747526251788167 0.010961746365520508 35 -0.6267555674850497 -0.11021480632380745 0.7713819774233119
 544  293 4555 78.537135 41.124563 0.41808206826922767 0.011604166352863904 35 -0.6263386749996634 -0.11018641293120163 0.7717245743171722
 545  293 4555 78.542553 41.124563 0.4059688559224707 0.012292572199964836 30 -0.626699472299432 -0.11020983238780958 0.7714282625524324
 546  294 4555 78.547971 41.128731 0.4343254352851797 0.013397532474716898 35 -0.6271416952426992 -0.11023944026432157 0.7710645627302052
 547  294 4555 78.553654 41.128656 0.4166862659042579 0.011821629598018264 33 -0.6275162010627674 -0.11026332534569358 0.7707563924402199
 548  294 4555 78.547971 41.124563 0.3921121145029939 0.012716172650231315 35 -0.6270601642282936 -0.11023310165067926 0.7711317745615573
 549  294 4555 78.553806 41.124563 0.3769212285125644 0.012186893986900177 35 -0.6274484506636607 -0.11025810254136434 0.7708122940014318
 550  295 4556 78.558873 41.137375 0.5075314128695 0.014453553780866898 38 -0.628022681757736 -0.11029696787496748 0.7703389449297042
 551  295 4556 78.564490 41.137826 0.49175154927346204 0.014042312247027277 33 -0.6283975465336625 -0.11032017544724874 0.7700298581222429
 552  294 4556 78.557557 41.134150 0.4761746131066029 0.010311803756321578 8 -0.6278766908319187 -0.11028721288302003 0.7704593381772037
 553  295 4556 78.560593 41.134329 0.47100059059309674 0.005359775294657641 7 -0.6280791193493673 -0.11030001565884427 0.7702924940455943
 554  294 4556 78.557557 41.132066 0.43874181259154793 0.012812645956157548 12 -0.6278378539375308 -0.11028439854788315 0.770491389049902
 555  295 4556 78.560370 41.132066 0.44029201683538916 0.014451540302869936 8 -0.6280229278626471 -0.11029608971080715 0.7703388700262592
 556  295 4556 78.564564 41.133629 0.4449761328718465 0.018881047484858433 32 -0.628326882628779 -0.1103152619349395 0.7700882232252525
 557  296 4556 78.569878 41.137980 0.47260737036564593 0.01370724495543402 32 -0.6287515328018521 -0.11034204423545498 0.7697377106997306
 558  296 4556 78.575478 41.137901 0.4461184619982496 0.013420229648379581 35 -0.6291148964008525 -0.11036438842689533 0.7694375536024362
 559  295 4556 78.568705 41.134567 0.4398536462373537 0.010703155577154856 8 -0.6286151126432623 -0.11033334999862451 0.7698503698996187
 560  296 4556 78.571519 41.135192 0.43602535616671445 0.009154569142091864 4 -0.6288102378789403 -0.11034558896665672 0.7696892462118932
 561  295 4556 78.568810 41.132066 0.4034746786722245 0.0036022184259442537 3 -0.6285780104199309 -0.11033086422783905 0.7698810201682201
 562  296 4556 78.571310 41.132483 0.39466499356722623 0.00718580663150438 6 -0.6287496337610439 -0.11034159912943053 0.7697393257115771
 563  296 4556 78.574228 41.134775 0.4172618216619908 0.020216956464194275 8 -0.6289804348946085 -0.11035598739949992 0.7695486784894576
 564  296 4556 78.577145 41.134567 0.3914562344234703 0.019001726231808118 9 -0.6291671595112562 -0.11036756738826298 0.7693943627694022
 565  296 4556 78.574228 41.132483 0.37741945192246695 0.007663633502736007 8 -0.6289413160829522 -0.11035350494767145 0.7695810060478417
 566  296 4556 78.577145 41.132483 0.3608797376492355 0.006445156915295094 6 -0.629132133182308 -0.11036531856906433 0.7694233265599812
 567  295 4555 78.559042 41.128810 0.40473924558963786 0.012893349195459506 32 -0.6278753183769519 -0.11028616804372542 0.7704606062033752
 568  295 4555 78.564642 41.129148 0.38923870727544435 0.01470813273350942 38 -0.6282514824673162 -0.1103099912293292 0.7701504921848746
 569  295 4555 78.559224 41.124563 0.3634495541939032 0.011301605183655996 30 -0.627808865220002 -0.11028123588235529 0.7705154623779029
 570  295 4555 78.564755 41.124699 0.34542936454452366 0.012333351722672498 37 -0.6281790378993493 -0.11030494583218715 0.7702103058702904
 571  296 4555 78.570477 41.129565 0.36555229883716706 0.014987084300466622 35 -0.6286440894903089 -0.11033480509367559 0.7698264996308202
 572  296 4555 78.575895 41.129565 0.33759524189957363 0.01411672920754456 30 -0.6290010889577013 -0.11035721297534286 0.769531620945066
 573  296 4555 78.570407 41.125328 0.326260243790843 0.012320818762040614 36 -0.6285656703058806 -0.11032968841793431 0.7698912637291845
 574  296 4555 78.576077 41.125319 0.29703355657845565 0.014307026077183978 32 -0.6289410610108791 -0.110353448261082 0.7695812226343612
 575  296 4558 78.580323 41.154730 0.5845265637905018 0.007209026014151295 32 -0.6297072150856917 -0.11040016644908252 0.7689477397827743
 576  297 4558 78.584438 41.155616 0.5727407289400239 0.006516757443491744 4 -0.629981769165983 -0.11041598143082675 0.7687205484200128
 577  297 4558 78.587611 41.155963 0.5620903071362339 0.007398449038177484 9 -0.6301873529618893 -0.11042780061862117 0.7685503243232815
 578  297 4558 78.584647 41.153859 0.5526395301223683 0.02119615230562202 7 -0.6299640219686254 -0.11041476691517368 0.7687352667025112
 579  297 4558 78.587648 41.153657 0.5176082417664363 0.01933343445826394 10 -0.6301493945277623 -0.11042532160090071 0.7685818036654474
 580  296 4558 78.580717 41.150078 0.5198750847681232 0.014505413793802987 28 -0.6296528975345993 -0.1103966040493085 0.7689927297710061
 581  297 4558 78.586314 41.150406 0.4950467115547253 0.011585857211913653 35 -0.6300106023134778 -0.11041713842479017 0.7686967519865617
 582  297 4558 78.590244 41.156360 0.5480670502267035 0.01253758089249719 7 -0.6303598831531462 -0.11043772851008815 0.768407395743094
 583  298 4558 78.592982 41.156797 0.531543773482858 0.002168005571201974 3 -0.6305396413632917 -0.11044803228625577 0.768258415400408
 584  297 4558 78.590204 41.154018 0.5032329458750103 0.009747725010181518 6 -0.6303163732026237 -0.1104349336758404 0.7684434885511776
 585  298 4558 78.593538 41.154018 0.4748045706391772 0.0030163845710114877 3 -0.6305260502994521 -0.11044686340211704 0.7682697379556265
 586  298 4558 78.597224 41.155359 0.4635041219879089 0.012447073321492919 34 -0.6307811100170748 -0.11046154026266758 0.7680582265482389
 587  297 4558 78.591631 41.150665 0.4658750940783191 0.012819821747545881 29 -0.6303494885887702 -0.11043650615967628 0.7684160984408901
 588  298 4558 78.597265 41.151441 0.43222765881379865 0.01550908494912416 29 -0.6307168574500817 -0.11045748569086176 0.7681115736552513
 589  296 4557 78.580802 41.146291 0.4934277069670307 0.011799551184814372 31 -0.6295946437943292 -0.11039301187694121 0.7690409400248007
 590  297 4557 78.586314 41.146238 0.46450160795939055 0.01249244514657073 35 -0.6299405519990525 -0.11041280553907597 0.7687547810063488
 591  296 4557 78.580990 41.142016 0.45684934608046246 0.013470159092144862 31 -0.6295347240421733 -0.11038922284587094 0.7690905347906899
 592  297 4557 78.586388 41.142119 0.4306035733456066 0.013923065264557982 34 -0.6298759285937404 -0.11040885334831332 0.7688082983946544
 593  297 4557 78.592280 41.146435 0.429615273568567 0.014679514000791656 38 -0.6303191146928614 -0.11043445750488544 0.76844130826525
 594  298 4557 78.597914 41.146793 0.3920583255268866 0.012161810303451636 24 -0.63067934296704 -0.11045499584602078 0.768142734293125
 595  297 4557 78.592149 41.142070 0.3949196519787127 0.014877540364436637 35 -0.630237346508865 -0.11042951007561831 0.7685090828155018
 596  298 4557 78.597567 41.142584 0.36020061458783176 0.015492614510714174 34 -0.6305865647065357 -0.11044939289812951 0.7682197055660864
 597  298 4558 78.602985 41.155408 0.42597994304345255 0.014245459228521764 35 -0.631144013610606 -0.11048213011813274 0.7677570794255532
 598  299 4558 78.608210 41.155472 0.3894086581746379 0.01584007895708162 26 -0.631473383197761 -0.110500747228174 0.7674835185036801
 599  298 4558 78.602985 41.151239 0.38870701032517535 0.016779839289564405 35 -0.6310730746732973 -0.11047768506122584 0.7678160297401346
 600  299 4558 78.608585 41.151187 0.3401490388336028 0.01902930311271964 32 -0.6314241628276638 -0.11049758238544428 0.767524469241441
 601  299 4558 78.612731 41.155664 0.35835377610269753 0.011855097863740446 13 -0.6317605079956997 -0.11051697105426674 0.7672448498660684
 602  300 4558 78.617822 41.156575 0.3368375322692671 0.008304036639890818 5 -0.6320954589196451 -0.11053585486648364 0.766966202385802
 603  300 4558 78.617822 41.155074 0.3284051916630217 0.0063265384086627656 5 -0.6320701155768058 -0.11053433738964485 0.7669873071000299
 604  300 4558 78.620489 41.154991 0.19371151461666483 0.0029175189832612845 4 -0.6322361681322858 -0.11054377668502288 0.7668490732481953
 605  298 4557 78.603040 41.147294 0.35319771841424974 0.018093964799557806 30 -0.6310099731595677 -0.11047381350880557 0.7678684459606236
 606  299 4557 78.608820 41.147071 0.2992366513865058 0.018161091462582525 35 -0.6313693277823134 -0.11049412157928651 0.7675700756492084
 607  298 4557 78.603253 41.142873 0.3284830940667874 0.015618832629401249 28 -0.6309486938335406 -0.11046999044882758 0.7679193492548452
 608  299 4557 78.608233 41.142996 0.2710090583700078 0.019361201539500356 27 -0.631263604710744 -0.11048782373577219 0.7676579330494347
 609  299 4557 78.612154 41.145821 0.25550465370420217 0.0015709984551516565 2 -0.6315576281099584 -0.1105046567099003 0.7674136324183658
 610  299 4557 78.616113 41.146029 0.18771726329547794 0.004707874667655804 4 -0.6318097249618759 -0.11051885293831178 0.7672040501644908
 611  300 4557 78.617155 41.146654 0.18388746206656736 0.0036367728588570652 2 -0.6318857176133095 -0.11052321440594598 0.7671408338458398
 612  300 4557 78.621427 41.146133 0.13266920440822982 0.007757861472627059 8 -0.6321450289640557 -0.1105379042119843 0.7669250511545802
 613  299 4557 78.615696 41.143945 0.17680842220234194 0.005939644357029613 4 -0.631748293602346 -0.1105152595688029 0.7672551537350297
 614  299 4557 78.615321 41.141569 0.16087667706871459 0.007656349262591921 5 -0.6316845057414859 -0.11051146053338477 0.7673082185777192
 615  300 4557 78.620716 41.142789 0.11627978009953276 0.01096047144178345 22 -0.6320437805300989 -0.11053186503465458 0.7670093652004394
 616  297 4556 78.581313 41.137901 0.41713605168133855 0.013618940127832312 35 -0.6294859410760303 -0.11038617166384668 0.7691309011429875
 617  297 4556 78.586731 41.137901 0.38903498526917196 0.018621504581968495 30 -0.6298266190320642 -0.11040569842967465 0.7688491475659545
 618  296 4556 78.579646 41.134567 0.37663901841919845 0.019589989436600796 9 -0.629325127891956 -0.11037665872792136 0.7692638537015977
 619  297 4556 78.582424 41.134845 0.3538036293665777 0.006686977626103753 9 -0.6295045134014164 -0.11038692337871278 0.7691155925829538
 620  296 4556 78.579884 41.132423 0.3447817099431711 0.007752935569405537 7 -0.6293041294386603 -0.1103753119141616 0.7692812250349682
 621  297 4556 78.582813 41.132900 0.33113112923796767 0.008313071970396699 10 -0.6294962916090011 -0.11038640348587477 0.7691223964857409
 622  297 4556 78.586913 41.133655 0.31674490670408845 0.016568014332624684 32 -0.6297666919947693 -0.11040195616471939 0.7688987720948504
 623  297 4557 78.590898 41.139152 0.37867810785380085 0.007334988809165662 8 -0.6301096597582231 -0.11042192161199246 0.7686148683878626
 624  298 4556 78.593816 41.139152 0.35992768829463184 0.006298006633122373 6 -0.6302930289018979 -0.11043234307254385 0.7684630084273278
 625  297 4556 78.590898 41.137068 0.3486177897250109 0.020292561836182155 12 -0.6300745754088547 -0.11041980888915257 0.768643932668589
 626  298 4556 78.593816 41.137068 0.3209852079270761 0.01928246771246079 9 -0.6302579072169969 -0.11043024536082849 0.7684921153141381
 627  298 4556 78.596316 41.139152 0.3418248147874762 0.006223070530992162 6 -0.6304501407453192 -0.11044129603345872 0.7683328316326572
 628  298 4557 78.599234 41.139569 0.3215952462918192 0.009037429914897317 12 -0.6306404793278727 -0.11045219330356677 0.7681750443925802
 629  298 4556 78.596316 41.137068 0.30386673967957273 0.02028186576456675 9 -0.6304150195343879 -0.11043918118258024 0.7683619527313793
 630  298 4556 78.599120 41.137144 0.2768899211464107 0.014817607277393887 11 -0.6305924323681492 -0.11044925413792485 0.7682149090589152
 631  297 4556 78.592300 41.133809 0.2847532805984978 0.0172319131586471 33 -0.6301078150943776 -0.11042144253384488 0.7686164494634071
 632  298 4556 78.598053 41.133803 0.2472388017684087 0.016755609404972893 36 -0.6304690715618902 -0.1104419809287825 0.7683171992428742
 633  296 4555 78.581313 41.129565 0.3063184222799414 0.01569622228473805 35 -0.6293459697727496 -0.11037753510252372 0.769246676999965
 634  297 4555 78.587147 41.129565 0.2700078341154547 0.01610569526925544 35 -0.6297126385290186 -0.11039855427569313 0.7689435298451105
 635  296 4555 78.581464 41.125473 0.2651494206614046 0.015431990817678423 33 -0.6292867790642216 -0.11037381542921303 0.7692956327463295
 636  297 4555 78.587147 41.125397 0.22645121642292515 0.01629950928580838 35 -0.629642548289055 -0.11039426628787469 0.7690015392408697
 637  297 4555 78.592566 41.129565 0.23761883247581914 0.015664412625498187 30 -0.6300530171572275 -0.11041795541825278 0.7686618701954241
 638  298 4555 78.597984 41.129565 0.20323286863494316 0.015547993320535197 35 -0.6303932645734498 -0.11043732115341928 0.7683800687660275
 639  297 4555 78.592909 41.125348 0.19054668616746512 0.015829149087600306 34 -0.6300035325515656 -0.11041485796548726 0.7687028737509765
 640  298 4555 78.598306 41.125451 0.16179012937622123 0.01397120240336865 31 -0.6303441354787804 -0.11043425790601195 0.7684208128026317
 641  298 4557 78.601913 41.139450 0.30267812005772327 0.008932727430662958 7 -0.6308067916211858 -0.11046155873912795 0.7680371317101199
 642  299 4557 78.605152 41.139735 0.25112768942604086 0.007297970258075944 5 -0.6310150224089454 -0.11047345261521678 0.7678643485417928
 643  298 4556 78.602151 41.137485 0.25501765944903093 0.006452385740064015 6 -0.6307885725388545 -0.11046047066668253 0.7680522515913155
 644  298 4556 78.604860 41.137276 0.23331204431116428 0.00378767603318313 4 -0.6309551843748515 -0.11046986038703022 0.7679140350693997
 645  299 4556 78.608844 41.138784 0.20712891483877474 0.018799829008136957 34 -0.6312307868043017 -0.11048558791937785 0.7676852406113664
 646  298 4556 78.603556 41.134353 0.21597723881390887 0.01687480623699552 35 -0.6308239300480623 -0.11046220326316057 0.7680229625010997
 647  299 4556 78.609251 41.134509 0.17140628902379904 0.015585305937797476 29 -0.6311840474742647 -0.11048262959683333 0.7677240954740018
 648  299 4556 78.614960 41.138513 0.1454678126212516 0.014775145250160672 30 -0.6316101017461805 -0.11050694798057449 0.7673701152769752
 649  300 4556 78.620255 41.138657 0.09827245253418412 0.014914832061922598 32 -0.6319447492019041 -0.11052591173446834 0.7670918177059425
 650  299 4556 78.614654 41.134567 0.12399516477033633 0.01597152154217629 35 -0.6315241064806517 -0.11050180036182286 0.7674416297351938
 651  300 4556 78.620489 41.134567 0.07619522006388856 0.015124651372628483 35 -0.6318901181390348 -0.11052249052978777 0.7671373134487264
 652  298 4555 78.603818 41.129982 0.171812221465031 0.014451295350400958 38 -0.6307665703978111 -0.11045862523745067 0.7680705864562419
 653  299 4555 78.609330 41.130345 0.13737588241516246 0.015561337458017924 31 -0.6311186392303021 -0.11047857151871987 0.7677784501086722
 654  298 4555 78.603931 41.125532 0.1311299984682585 0.01383633843981949 37 -0.6306984970348531 -0.11045438970673642 0.7681270947131664
 655  299 4555 78.609540 41.126095 0.10033942559069522 0.014346335093104864 37 -0.6310599440674984 -0.1104749014776215 0.7678272221906667
 656  299 4555 78.614728 41.130448 0.09636645277782258 0.01628876430129265 34 -0.631458983846435 -0.11049776322808263 0.767495795455075
 657  300 4555 78.620489 41.130399 0.052534007590588606 0.014469822849085257 35 -0.6318194406583717 -0.1105181500193283 0.7671961502265554
 658  299 4555 78.615071 41.126231 0.06322630868339672 0.012862322372185424 30 -0.6314090880995867 -0.11049459723691102 0.7675373003618138
 659  300 4555 78.620489 41.126231 0.028013009020808423 0.012392252750073511 35 -0.6317487665824433 -0.11051378357269105 0.7672549768896972
 660  293 4555 78.537135 41.120395 0.37889489718822794 0.011873385538978818 35 -0.6262528300031108 -0.11017928419366414 0.7717952566890176
 661  293 4555 78.542735 41.120317 0.3639610100605073 0.012424589755209416 32 -0.6266264651498706 -0.11020372087679949 0.7714884400162367
 662  293 4554 78.537135 41.116227 0.33976318278950574 0.011705477308690353 35 -0.6261669604188652 -0.11017213915398068 0.7718659452482893
 663  293 4554 78.542970 41.116227 0.3254389177447518 0.011277006813574646 35 -0.6265601746444014 -0.11019816986584109 0.771543071323822
 664  294 4555 78.548123 41.120471 0.3515898850967542 0.01189089452052126 33 -0.6269903005091374 -0.1102274508409731 0.7711893879901113
 665  294 4555 78.553806 41.120395 0.3378236709811982 0.011327997787363002 35 -0.627369257353564 -0.1102521142027693 0.770877607822057
 666  294 4554 78.548388 41.116227 0.31293550512965845 0.010737676345084617 30 -0.6269251836980381 -0.11022216943835561 0.7712430793267991
 667  294 4554 78.553806 41.116227 0.30080130694573776 0.011316131629921605 35 -0.6272900328086258 -0.11024616267628058 0.7709429280784074
 668  293 4554 78.537206 41.111987 0.3016808792333891 0.01206283044809514 35 -0.6260855992918081 -0.11016540729035414 0.7719329021333188
 669  293 4554 78.542970 41.112059 0.28820303696759975 0.01136041466346141 35 -0.6264771954768003 -0.11019150740638675 0.7716114017062159
 670  293 4553 78.537590 41.107411 0.2604804969826228 0.011606367348823522 33 -0.6260252326500939 -0.11016059224086637 0.7719825464364706
 671  293 4553 78.542970 41.107891 0.2507451235637678 0.011052055831316951 35 -0.6263977251319133 -0.11018546993512587 0.771676779594112
 672  294 4554 78.548731 41.112010 0.2746024020435921 0.011385838843925942 34 -0.6268662431331175 -0.11021730568439421 0.7712916820165014
 673  294 4554 78.554129 41.112113 0.26299423978996794 0.011774095944209872 31 -0.6272334488442597 -0.11024166806113862 0.7709896077600744
 674  294 4553 78.548805 41.107891 0.23755647549890574 0.01107936721106682 35 -0.626791873749985 -0.11021154406838708 0.7713529429223984
 675  294 4553 78.554317 41.107837 0.22492884267757124 0.011230443939061918 31 -0.6271630171971022 -0.11023604313092253 0.7710477058230992
 676  295 4554 78.559641 41.120395 0.32334236285708146 0.012769816711001348 35 -0.6277597048700434 -0.11027748194908629 0.7705560524169836
 677  295 4554 78.565073 41.120395 0.30621879783189254 0.01353594920832889 29 -0.6281230913140434 -0.110300974067051 0.7702565009644187
 678  295 4554 78.559641 41.116227 0.284942545043921 0.011593586193585033 35 -0.6276828140771384 -0.11027193588262442 0.7706194813712556
 679  295 4554 78.565241 41.116149 0.2666063590025656 0.012914167377933461 32 -0.628058308494717 -0.11029639109690319 0.7703099812684201
 680  296 4555 78.570411 41.120922 0.2927055309703832 0.013348073628567849 38 -0.6284891676767651 -0.1103246001516933 0.7699544458695827
 681  296 4555 78.576311 41.121229 0.2616263761866023 0.01497079394603026 35 -0.6288871066470649 -0.1103499978857647 0.769625808467787
 682  296 4554 78.570755 41.116505 0.24829469122186876 0.013231119159041549 36 -0.6284353542511351 -0.11032103326679624 0.7699988799642482
 683  296 4554 78.576311 41.117061 0.2254155564591189 0.013639041866645557 35 -0.6288166952291205 -0.11034560807758761 0.7696839679888847
 684  295 4554 78.559641 41.112059 0.24778620711612329 0.011399392265430715 35 -0.6276052494644254 -0.11026623998487683 0.7706834675560997
 685  295 4554 78.565475 41.112059 0.22999334831964888 0.010895153960777053 35 -0.6279997741029267 -0.11029219753462144 0.7703583029277072
 686  295 4553 78.559714 41.107940 0.21294548113472905 0.010631677802954013 34 -0.6275293696076695 -0.11026021145971998 0.7707461164668031
 687  295 4553 78.565475 41.107891 0.19672060416479806 0.010753006432741335 35 -0.6279171324745275 -0.11028564771202418 0.7704266030282871
 688  296 4554 78.570893 41.112059 0.21115763958096342 0.010486996772871501 30 -0.6283659604264161 -0.11031629227486596 0.7700561897914425
 689  296 4554 78.576180 41.112695 0.1942405024263672 0.01093274158104494 38 -0.6287331282947046 -0.11034020395225294 0.769753007643705
 690  296 4553 78.571237 41.107842 0.17597604512678186 0.013586112085307125 34 -0.6283046869564767 -0.11031109709559589 0.7701069290728982
 691  296 4553 78.576615 41.108295 0.15555124465272696 0.016032668960041165 33 -0.6286750604138457 -0.11033528838120686 0.7698011383152686
 692  293 4553 78.538015 41.102959 0.2231272079854756 0.01054975939708396 36 -0.6259707731433896 -0.11015637898196315 0.7720273073796349
 693  293 4553 78.543230 41.103697 0.2147544156442981 0.010832045206917076 32 -0.6263358452697608 -0.11018061865019234 0.7717276982226795
 694  293 4552 78.537969 41.098721 0.18942280775437925 0.00959289691404007 35 -0.6258884905742446 -0.1101502654075227 0.7720948882082733
 695  293 4552 78.543436 41.099162 0.17967141319094204 0.010127366480123516 34 -0.6262637108355414 -0.1101750416611367 0.7717870332452237
 696  294 4553 78.548805 41.103723 0.20095294175674694 0.010658006671260697 35 -0.6267116941454907 -0.11020540002601018 0.771418966727158
 697  294 4553 78.554639 41.103723 0.18827205345457773 0.010716157213147717 35 -0.6271044241462725 -0.11023124077720263 0.7710960476963232
 698  294 4552 78.548878 41.099604 0.16864666355945457 0.010068443202417246 34 -0.6266373811213518 -0.11019959416445414 0.7714801630809203
 699  294 4552 78.554639 41.099555 0.15307646364888944 0.01053907812198501 35 -0.6270229974840313 -0.11022483173124925 0.7711631779953958
 700  293 4551 78.541021 41.092592 0.1388520431415255 0.017529511885762 142 -0.6259778854710905 -0.11015507933907372 0.7720217259876465
 701  294 4551 78.552045 41.093199 0.11524910155433864 0.017043551972011975 133 -0.6267256055361687 -0.11020391591180369 0.7714078767312573
 702  295 4553 78.560057 41.103723 0.17600478851426268 0.011587119271399646 30 -0.6274689603379475 -0.11025514223621664 0.7707960219298532
 703  295 4553 78.565475 41.103723 0.15958946439527305 0.013772186033150214 35 -0.6278333769381605 -0.11027894943211211 0.7704958170649437
 704  295 4552 78.560323 41.099479 0.13670192911543405 0.011908387468530601 33 -0.6274026463114286 -0.11024963568298521 0.7708507879176004
 705  295 4552 78.565710 41.099633 0.1187916913125226 0.01174832675427443 32 -0.6277668885721491 -0.11027336438336582 0.7705507891891463
 706  296 4553 78.571310 41.103723 0.13492036906768443 0.01408011655815429 35 -0.6282256666308955 -0.11030457588883397 0.7701723263816685
 707  296 4553 78.576795 41.103803 0.1078370388127668 0.011209423771354511 31 -0.6285941010390981 -0.1103283525392966 0.7698682424706275
 708  296 4552 78.571310 41.099555 0.09945399316970502 0.010346235716289861 35 -0.6281406706748385 -0.11029764856485455 0.7702426413574024
 709  296 4552 78.577145 41.099555 0.07848661683180527 0.010225435200744605 35 -0.6285288906277795 -0.11032248387249817 0.7699223228342033
 710  295 4551 78.563191 41.093225 0.08440970525097408 0.01707731744122147 135 -0.6274699950602742 -0.11025217258647906 0.7707956043848593
 711  296 4551 78.574428 41.093380 0.0511516678369279 0.01633811930014567 135 -0.6282214337752186 -0.11030054547799949 0.7701763563059206
 712  296 4555 78.581729 41.121229 0.22547310651353106 0.014945333720941445 30 -0.6292321722256128 -0.11037032643171556 0.7693407986579116
 713  297 4555 78.587147 41.121229 0.18571374584640485 0.016535894764382393 35 -0.6295724463307836 -0.11038989550571965 0.7690595593263949
 714  296 4554 78.581995 41.116985 0.18604891484331565 0.01564037958661598 33 -0.629177540825548 -0.11036689743520185 0.7693859695050616
 715  297 4554 78.587382 41.117139 0.14707640820661086 0.016492059246384194 32 -0.6295183704991716 -0.11038652081505977 0.7691043084175345
 716  297 4555 78.592982 41.121229 0.1494360640101811 0.013790734923047006 35 -0.6299387797699163 -0.11041079539504868 0.768756521924999
 717  298 4554 78.598494 41.121175 0.12452316154218943 0.012635550052798076 31 -0.6302838362809701 -0.11043041305477162 0.7684708254680171
 718  297 4554 78.592982 41.117061 0.10905456796158354 0.014740213399011852 35 -0.6298685782179241 -0.1104064887591115 0.7688146599887485
 719  298 4554 78.598928 41.117283 0.09019463464823602 0.012835900902388344 30 -0.630245396491296 -0.11042792264402049 0.7685027092353386
 720  297 4554 78.582303 41.112840 0.15487782829052502 0.013597046031405748 32 -0.629126576415092 -0.11036354150567733 0.7694281250087951
 721  297 4554 78.587564 41.112893 0.12161347101396888 0.010514838666129699 30 -0.6294578058158332 -0.11038265448649225 0.7691544320135146
 722  296 4553 78.582220 41.108724 0.12699901928221133 0.015197778814564732 34 -0.6290405449631019 -0.11035701724180252 0.7694993967106253
 723  297 4553 78.587981 41.108724 0.09440128750057462 0.013610895845291512 35 -0.6294028359470308 -0.11037794664152696 0.7692000903516816
 724  298 4553 78.596115 41.110789 0.06367671421185175 0.019939922878038183 128 -0.6299538893786901 -0.11041018920627972 0.7687442275400151
 725  298 4554 78.603892 41.121278 0.09916757195004221 0.013029454885876748 34 -0.6306242138907888 -0.11044981670486693 0.7681887390768533
 726  299 4555 78.609653 41.121646 0.06573270455253961 0.012732737807751922 38 -0.6309917593244241 -0.11047066768833455 0.7678838657278596
 727  298 4554 78.604221 41.117061 0.0651078765854771 0.014786639184456019 29 -0.6305735984017546 -0.11044658432979734 0.7682307524491215
 728  299 4554 78.609699 41.117246 0.03892333318312627 0.009602047131140153 36 -0.630920253307863 -0.11046622005020623 0.7679432584467171
 729  300 4554 78.617950 41.119943 0.009870354760936645 0.018214591561358146 131 -0.63148307592888 -0.11049820688928687 0.7674759091265685
 730  298 4554 78.604500 41.112817 0.04101694355928248 0.007498051255474128 33 -0.630518939372394 -0.1104430882636664 0.7682761166061948
 731  299 4554 78.609888 41.112971 0.015470854301070902 0.017710482880950732 32 -0.6308593318147866 -0.11046234084583723 0.7679938637235711
 732  298 4553 78.604652 41.108724 0.01855720060933704 0.01050609117416844 35 -0.6304504516552109 -0.11043783663061932 0.7683330737695008
 733  299 4553 78.610070 41.108724 -0.007147856878007736 0.007714163895270625 30 -0.6307906816850661 -0.11045719129840395 0.7680509910089025
 734  300 4553 78.618266 41.111353 -0.02740992211249786 0.013851229946712071 144 -0.631353946841711 -0.11048978982194907 0.7675833506222601
 735  297 4552 78.585123 41.102413 0.06695707737069619 0.017975339398304917 140 -0.6290943513697568 -0.11035712445646967 0.7694553932206626
 736  298 4552 78.596316 41.102472 0.022087757176418414 0.01653210087584391 130 -0.6298017319449062 -0.1103980376822293 0.7688706339268717
 737  297 4551 78.585499 41.093689 0.023792188749234153 0.011585603374343927 136 -0.6289401129044899 -0.11034404741142996 0.7695833454412534
 738  297 4552 78.593742 41.096269 0.02632304485713034 0.008332133303364518 34 -0.6295147129099093 -0.11037876583511697 0.7691084151682848
 739  298 4552 78.599823 41.096076 -0.01422385399762042 0.008072311777216339 29 -0.6298957048400763 -0.1104008078711865 0.7687932509104205
 740  297 4551 78.593816 41.092052 -0.004279062028416047 0.011542158044007912 35 -0.6294346157513044 -0.11037233827738098 0.7691748900199428
 741  298 4551 78.599651 41.092052 -0.029288429217639373 0.006729271331458243 35 -0.6298047744753438 -0.11039391196451563 0.7688687340822438
 742  299 4552 78.613299 41.098464 -0.04300890112233696 0.017350035194070242 541 -0.6307943994194666 -0.11045360145009032 0.7680484539322626
 743  300 4558 78.625398 41.154481 0.16038768252827712 0.012251177265396785 9 -0.632535686169312 -0.11056053181562667 0.7665996181364582
 744  301 4558 78.630340 41.155888 0.13849050655440878 0.016732501657715698 33 -0.6328691557658965 -0.11057919807964184 0.7663216508961657
 745  300 4558 78.626102 41.151184 0.09723519133066712 0.011277314555533388 15 -0.632524130646137 -0.11055961595397064 0.7666092847536216
 746  301 4558 78.631617 41.151239 0.07535253389886123 0.01567674804873536 20 -0.6328711779220124 -0.11057899607659488 0.7663200100364709
 747  301 4558 78.636274 41.156267 0.09902181826796515 0.01484043398016974 32 -0.6332474375859535 -0.11060026590388003 0.7660060469557761
 748  302 4558 78.642010 41.156165 0.06565785142724409 0.014963519442095978 33 -0.6336051873451547 -0.11062009520189352 0.7657072946673783
 749  301 4558 78.636326 41.152073 0.07186856683277679 0.012759118527883301 35 -0.6331808100167221 -0.11059630108711008 0.7660616946515582
 750  302 4558 78.642186 41.152122 0.03580004761023119 0.011353275363860544 34 -0.6335491087517607 -0.11061678539036844 0.7657541730802064
 751  300 4557 78.625490 41.146996 0.1048783648053674 0.017277330407281966 33 -0.6324146880354344 -0.11055305950017505 0.7667005174070218
 752  301 4557 78.631300 41.147046 0.060248322945033246 0.010689298344159432 33 -0.6327800244507559 -0.11057349708298016 0.7663960741019887
 753  300 4557 78.625490 41.142903 0.07925135600397587 0.013886174763626028 35 -0.6323452243521753 -0.11054880635260086 0.7667584226162841
 754  301 4557 78.631325 41.142903 0.03983443375325384 0.012246186882599389 35 -0.6327111933374496 -0.11056925995012216 0.7664535110361115
 755  301 4557 78.636478 41.147930 0.03945439850844912 0.01241213051339928 33 -0.6331198175587006 -0.11059253546489968 0.7661126468828736
 756  302 4557 78.642112 41.147905 0.012113499707164063 0.01204482997007712 34 -0.6334726437047512 -0.11061214243404194 0.7658181008724361
 757  301 4557 78.636705 41.143383 0.012208561386439708 0.008656514012855632 33 -0.633056699316006 -0.11058853881855868 0.7661653806673205
 758  302 4557 78.642161 41.143737 -0.01180360493747825 0.009209535717667226 35 -0.63340470051727 -0.11060791244735194 0.7658749082367605
 759  302 4558 78.647431 41.156268 0.03395013545178721 0.013534009029404211 31 -0.6339464736655059 -0.11063896546101458 0.765422032508071
 760  303 4558 78.652997 41.156241 0.0024818591304905124 0.010031225236923492 35 -0.634294582142247 -0.11065812503087566 0.7651308139329139
 761  302 4558 78.647594 41.152102 0.009384427618847425 0.012142411687391044 29 -0.633887813485674 -0.11063553729968116 0.7654711084036824
 762  303 4558 78.652997 41.152073 -0.02382949561538508 0.01154006986637171 35 -0.6342259846977389 -0.11065420847287187 0.7651882425138441
 763  303 4558 78.661464 41.154091 -0.0451118639977407 0.016479429844724412 133 -0.6347904051997086 -0.11068541311724352 0.7647155554776265
 764  302 4557 78.650541 41.145792 -0.03984998847037035 0.01968251643520297 131 -0.6339648219116873 -0.11063914856215391 0.765406809078626
 765  303 4557 78.661788 41.145848 -0.07672152836066858 0.008728220479144148 139 -0.6346712796062879 -0.11067821382609869 0.7648154678268357
 766  300 4556 78.625642 41.138811 0.05676127465786525 0.013634785782819512 33 -0.6322852763869276 -0.11054502442578794 0.7668084029527902
 767  301 4556 78.631325 41.138735 0.018413882694127404 0.011270724736430366 35 -0.6326403584174125 -0.11056485321731023 0.7665126157699704
 768  300 4556 78.625907 41.134567 0.034271012272154684 0.011610486204456101 30 -0.6322298602879438 -0.1105415533698097 0.7668545942607872
 769  301 4556 78.631325 41.134567 -0.0011499531055446227 0.011037473378204052 35 -0.6325695011672323 -0.11056052516132751 0.7665717164552122
 770  301 4556 78.639703 41.137007 -0.030582212295561836 0.01567234584368297 137 -0.6331360205774557 -0.1105923156836971 0.7660992880554459
 771  300 4555 78.628825 41.128315 -0.009578133446268846 0.018224930881981308 130 -0.632306537576382 -0.1105452198272233 0.7667908430018698
 772  301 4555 78.640174 41.128411 -0.054075761973230184 0.010524624166120511 143 -0.6330190308188363 -0.11058499380037247 0.7661970149820168
 773  303 4556 78.656569 41.133296 -0.07886859317190666 0.009978756932873154 537 -0.6341294563683048 -0.11064698389863946 0.7652692843177312
 774  306 4557 78.689753 41.142285 -0.08948183138685337 0.007120927608545068 2171 -0.6363751896243555 -0.11077250633858667 0.7633846146406367
 775  302 4553 78.646490 41.107618 -0.06864117558067102 0.012100986805580869 2176 -0.6330525640164579 -0.11058374606300399 0.7661694892769233
 776  306 4553 78.691137 41.108553 -0.06801914536698278 0.009328475705355554 2166 -0.6358904223403313 -0.11074337342567363 0.7637926917810467
 777  293 4551 78.541303 41.084132 0.08904949148430587 0.014921913909515753 130 -0.6258371698471671 -0.11014433713649889 0.7721373335323511
 778  294 4551 78.552288 41.084519 0.06628134984053025 0.01509004590240154 140 -0.6265732543245511 -0.11019191814435593 0.7715333422094011
 779  293 4550 78.541519 41.075719 0.04606899727633695 0.012191864251877843 135 -0.625692723353361 -0.11013329765763813 0.7722559631946577
 780  294 4550 78.552883 41.076034 0.025800186244137067 0.01117073547081081 140 -0.6264476468073934 -0.11018157146813472 0.7716368103701973
 781  295 4551 78.563551 41.085040 0.040815294044055934 0.015456495070202221 136 -0.6273302994621515 -0.11024064051254921 0.7709109524167562
 782  296 4551 78.574644 41.084966 0.0147492981598258 0.011064015600616758 130 -0.6280630315059842 -0.1102872951736885 0.7703074327687517
 783  295 4550 78.563770 41.076595 0.0062668949701964426 0.008798561406952031 131 -0.6271758388034213 -0.11022802525569664 0.7710384229527439
 784  296 4550 78.574983 41.076581 -0.012317983476848112 0.00771557669608106 138 -0.6279127778256874 -0.1102744973775999 0.7704317482239077
 785  293 4548 78.547596 41.063283 -0.0023472275925153097 0.014178343415298951 534 -0.6258582357720165 -0.11014116025482004 0.772120711763427
 786  295 4548 78.569704 41.063973 -0.028261092547646346 0.008843659665894081 545 -0.627322807108052 -0.110234007430435 0.7709179977714236
 787  298 4549 78.602978 41.072957 -0.04750813698147209 0.014126222354924393 2171 -0.629644378734475 -0.11037773799792934 0.7690024130537806
 788  294 4545 78.559687 41.038284 -0.032114053296176295 0.007045995704337969 2176 -0.6261922127837021 -0.11015796722318677 0.7718474816350093
 789  298 4545 78.604304 41.039210 -0.04539976694734665 0.0036146085090222988 2163 -0.6291207881871055 -0.11034065594036412 0.7694361399866043
 790  304 4547 78.670522 41.057457 -0.04268427157271058 0.012858263581314013 8668 -0.6337023787408508 -0.1106146046070249 0.7656276539061393
 791  293 4573 78.533712 41.286754 0.3555707887593988 0.014030936627778465 132 -0.6288940231119006 -0.11035216160824395 0.7696198464972926
 792  294 4573 78.544889 41.286857 0.3753867815482496 0.014419087804905082 139 -0.6295750273713753 -0.11038828478623278 0.7690576776109096
 793  293 4572 78.533889 41.278317 0.40093057771207774 0.013067790878710104 132 -0.6287921060544923 -0.11034893757309167 0.7697035788795878
 794  294 4572 78.545171 41.278449 0.41687411788322604 0.011208595803440587 139 -0.629460404484403 -0.11038210826844104 0.7691523837059506
 795  295 4573 78.556008 41.287601 0.387302236858725 0.01357087517197813 137 -0.6302650599298539 -0.11042507122555012 0.7684869926527383
 796  296 4573 78.567103 41.287544 0.3962745446234437 0.013211153020270849 128 -0.6309394217953379 -0.11046066185288513 0.7679283092890816
 797  295 4572 78.556183 41.279031 0.4264817387966756 0.008954259229140834 135 -0.6301190501604482 -0.11041464029643427 0.7686082160848292
 798  296 4572 78.567520 41.279174 0.43327235794164437 0.010100947186893272 139 -0.6307901142094944 -0.11044763429666547 0.7680528314470583
 799  293 4571 78.534257 41.270058 0.43910109947222015 0.011931347890929067 139 -0.628739284392693 -0.11035243614987537 0.7697462257764905
 800  294 4571 78.545470 41.270031 0.45269191342361154 0.011916908570424574 130 -0.6294082502087429 -0.11038653499850595 0.7691944276060455
 801  293 4570 78.534634 41.261695 0.4734445246547888 0.00924746603328375 130 -0.6286915402719344 -0.11035689411082152 0.7697845822778705
 802  294 4570 78.545769 41.261631 0.4879042307677819 0.009646918257397474 137 -0.629365192111144 -0.11039251373987102 0.7692288007277778
 803  295 4571 78.556709 41.270310 0.46080765341233365 0.014558305112168048 145 -0.6300801106433964 -0.11042032130464187 0.7686393216682224
 804  296 4571 78.567888 41.270916 0.4708467120445034 0.013496155811845736 132 -0.6307490854085338 -0.11045324368116988 0.7680857193156284
 805  295 4570 78.557078 41.261828 0.5001843372674799 0.010332300709445423 135 -0.6300506515869836 -0.11042827627214938 0.7686623265351173
 806  296 4570 78.567952 41.262345 0.5082458614638874 0.012831272876340501 136 -0.6307104116448587 -0.11046200732721566 0.7681162161938876
 807  297 4573 78.578448 41.287429 0.41292940376663956 0.009910177162817647 135 -0.6316487333658531 -0.11050036456150003 0.7673392646470588
 808  298 4573 78.589611 41.288153 0.4236568553647325 0.010556696616140096 134 -0.6324473960509244 -0.1105548705512508 0.7666732757999338
 809  297 4572 78.578768 41.279230 0.44511110335824366 0.010599000401866005 131 -0.6314848515383508 -0.11048527296464666 0.7674763102112759
 810  298 4572 78.589940 41.279350 0.4624723967306173 0.011471796089998586 140 -0.6322817361799974 -0.11054060677914035 0.7668119589222039
 811  299 4573 78.600742 41.288298 0.43199460456255073 0.010125435293117489 136 -0.633237366770658 -0.11060901245818329 0.7660131093449958
 812  300 4573 78.611980 41.288446 0.4384439737442602 0.00983726862489079 134 -0.6340336343050491 -0.11066325719403508 0.7653463229657134
 813  299 4572 78.601060 41.280108 0.46834610410858846 0.009777875223803826 136 -0.6330928948706549 -0.11059734730001576 0.7661342005383219
 814  300 4572 78.612154 41.280035 0.47286227093682626 0.01013720132467041 130 -0.633887768737719 -0.11065284730813355 0.7654686433991394
 815  297 4571 78.578986 41.270790 0.4842576898850881 0.013001211412018461 134 -0.631434397108432 -0.11049071878250095 0.7675170377335198
 816  298 4571 78.590263 41.270971 0.4974374495509825 0.010890939515158966 137 -0.6322182844481344 -0.11054299540746063 0.7668639298961738
 817  297 4570 78.579307 41.262577 0.5222985114491102 0.012128999797835039 138 -0.6314163106844309 -0.1105005475895869 0.76753050205452
 818  298 4570 78.590482 41.262529 0.5365773445673546 0.013049003903198823 130 -0.6321665322355801 -0.11054826007924752 0.7669058336684447
 819  299 4571 78.601194 41.271529 0.5042820933768338 0.010893144071422556 135 -0.6329895339824371 -0.11059471213182732 0.7662199811523943
 820  300 4571 78.612571 41.271699 0.5090320886834091 0.01051164792672325 140 -0.6337890033566907 -0.11064853476441382 0.7655510440059639
 821  299 4570 78.601732 41.262859 0.5426892411370783 0.011368817520368203 145 -0.6329294557288236 -0.11059669924946962 0.7662693222268118
 822  300 4570 78.612943 41.263391 0.5436127097352066 0.010232601533292895 131 -0.633693789233776 -0.11064507184929541 0.7656303609196823
 823  293 4569 78.534796 41.253188 0.5133807400020881 0.014310394746090112 139 -0.6286300028883117 -0.11036081014727629 0.7698342750568321
 824  294 4569 78.546130 41.253433 0.5278512823825459 0.014600335501946182 134 -0.6293279547487967 -0.11039863292470199 0.7692583878126085
 825  293 4568 78.535248 41.244755 0.5540545628523789 0.010922164614183112 140 -0.6285873570839825 -0.11036575560715035 0.7698683877802989
 826  294 4568 78.546304 41.245023 0.571341640393799 0.012176937542339724 130 -0.6292781050742344 -0.11040434689589089 0.7692983469764332
 827  295 4569 78.557228 41.253308 0.5407458961991853 0.01369234421774432 132 -0.630008129694889 -0.11043564933490879 0.7686961193308609
 828  296 4569 78.568460 41.253834 0.5509268708493038 0.013128546252678926 143 -0.6306993659808556 -0.11047221731820138 0.7681238174618379
 829  295 4568 78.557557 41.245023 0.5859563262546376 0.013464806970320039 140 -0.6299783152456812 -0.11044347767653927 0.7687194290239612
 830  296 4568 78.568922 41.245159 0.5983369109412785 0.013763422232312255 134 -0.6306855981748504 -0.11048257964977709 0.7681336315048065
 831  293 4567 78.535591 41.236022 0.5863644114066165 0.01064167344662903 135 -0.6285139292013918 -0.11036674895736032 0.7699281924468092
 832  294 4567 78.546682 41.236654 0.6081128325180882 0.011671394205968749 141 -0.6292231216727205 -0.1104076469439824 0.7693428459722814
 833  293 4566 78.535885 41.227516 0.6186103780394768 0.011699651923996204 140 -0.6283570653899189 -0.11035336192909977 0.7700581366919735
 834  294 4566 78.547009 41.228148 0.639946406115715 0.011524928162511213 136 -0.6290706433793208 -0.11039482860931502 0.7694693674569816
 835  295 4567 78.563730 41.232475 0.6476559911291745 0.019606666589911757 533 -0.6302106208113668 -0.1104620326902156 0.7685263253464368
 836  297 4569 78.579646 41.254192 0.5666190909592593 0.01452294440098547 130 -0.6313969061161552 -0.11051031857054008 0.7675450582450419
 837  298 4569 78.590820 41.254144 0.5786270874893674 0.0119169021143665 138 -0.6321217520986655 -0.11055371413754234 0.7669419579173561
 838  297 4568 78.579833 41.245717 0.6084263872659157 0.010803483017379024 138 -0.6313670734915102 -0.11051956802046262 0.7675682664071882
 839  298 4568 78.591141 41.245931 0.6143838172543739 0.009578918743270935 134 -0.632075642772775 -0.1105587764511015 0.7669792296816249
 840  299 4569 78.607864 41.250301 0.5960396491828414 0.018188504776819405 548 -0.6331789903490742 -0.11061832221593741 0.766060019169946
 841  297 4567 78.585931 41.233097 0.6575835781994366 0.018097413313469937 547 -0.6315941222178385 -0.11053782288339936 0.7673788207216019
 842  299 4567 78.608408 41.233428 0.6519238422497594 0.01585919328054662 539 -0.6329569026072785 -0.11060792011138974 0.76624503094665
 843  301 4573 78.628855 41.284575 0.4639658736974834 0.019196435459145983 551 -0.6351596238728451 -0.1107400362699451 0.7644010050808655
 844  303 4573 78.651310 41.285022 0.4747131368157483 0.015806543607508258 539 -0.6367587667997423 -0.11084825749440393 0.763053691894696
 845  301 4571 78.629655 41.267602 0.5270896381417571 0.01757487832995956 540 -0.6349058849219499 -0.11072283075571718 0.7646142635609909
 846  303 4571 78.651779 41.268249 0.5183916437227327 0.010443589273616653 542 -0.6364419303852055 -0.11082252795125243 0.7633217123507278
 847  305 4573 78.673642 41.285512 0.4685506882279479 0.01351525792757076 546 -0.6381669183599147 -0.110924105474356 0.7618653602413776
 848  307 4573 78.696009 41.285858 0.44594719711114644 0.009896271407131988 536 -0.6394478189725057 -0.11097772552467552 0.760782775336479
 849  305 4571 78.674337 41.268546 0.49909548922699287 0.010951887917506498 547 -0.6378540658406603 -0.11089797924097003 0.7621311100400037
 850  307 4571 78.696483 41.269204 0.45680686948809185 0.01889239387359991 536 -0.6391489135098916 -0.1109551676739018 0.7610371982535292
 851  301 4569 78.630080 41.250860 0.5842800638796705 0.017356515017923464 534 -0.6346055046648927 -0.11069995086133638 0.7648668997468216
 852  303 4569 78.652395 41.251365 0.5524546746295268 0.014362742175250092 545 -0.6360431050565375 -0.11078198692757835 0.7636599504245436
 853  301 4567 78.630512 41.234122 0.6189581826512633 0.016149240425522963 540 -0.6343022717502911 -0.1106764746615864 0.7651217850832004
 854  302 4567 78.647195 41.238328 0.5759734514281621 0.010156164148180985 130 -0.6353918905135634 -0.11073340050087097 0.7642089108896294
 855  303 4567 78.658510 41.238793 0.5357552233480896 0.016956707689550165 145 -0.6360881367488639 -0.11076892910752187 0.7636243360656674
 856  302 4566 78.647592 41.229999 0.557723246409581 0.014556651797719075 134 -0.6352472878012063 -0.11072152898841119 0.7643308356724068
 857  303 4566 78.658926 41.230121 0.5066089021274517 0.01812409914129655 133 -0.6359335373917201 -0.11075592805210402 0.7637549740733417
 858  304 4569 78.669051 41.255783 0.5157529109549128 0.009446311695888322 135 -0.637206876579736 -0.1108505937151161 0.7626791870193544
 859  305 4569 78.680288 41.255937 0.4909206589972748 0.008538622222847292 135 -0.6378924306581 -0.1108850567217649 0.7621008798741229
 860  304 4568 78.669392 41.247615 0.509991914097699 0.014656260884185035 136 -0.6370099025303742 -0.11083004264101809 0.7628466987058629
 861  305 4568 78.680504 41.247523 0.4700430667586222 0.013521878950600554 130 -0.6377015826469831 -0.11086696704215564 0.7622632137971808
 862  306 4569 78.691255 41.256398 0.45923450101702046 0.012117727348075834 137 -0.6385668585546875 -0.11091882419391952 0.761530945920805
 863  307 4569 78.702593 41.256693 0.41051467376662953 0.01766895920709907 140 -0.6392581576931476 -0.11095287533419597 0.7609457715749769
 864  306 4568 78.691894 41.247712 0.4263995187763705 0.017490016942110102 146 -0.6384166195882414 -0.11090512447844084 0.7616588955680517
 865  307 4569 78.700092 41.250441 0.39893075904650704 0.009585131112305665 30 -0.638982401711947 -0.11093619359079335 0.7611797759097505
 866  307 4569 78.705510 41.250441 0.36958527803174074 0.01084654486349547 35 -0.6393168305251338 -0.11095344368181567 0.7608963947492743
 867  307 4568 78.700275 41.246195 0.37702694013720917 0.011935116264172816 32 -0.6389091020147316 -0.11093051164354069 0.7612421303036448
 868  307 4568 78.705662 41.246349 0.3467947078243976 0.011323273486332674 33 -0.6392494948402201 -0.11094867497898678 0.7609536614452489
 869  304 4567 78.669668 41.239187 0.4895759350153559 0.016176676886153256 130 -0.6368048884491672 -0.11080909324216674 0.7630208902134283
 870  305 4567 78.680882 41.239160 0.4385163768856036 0.018847953972501504 139 -0.6375246889425273 -0.11084996870030897 0.7624136380127746
 871  304 4567 78.667167 41.232935 0.47757067812436116 0.008675746290276228 35 -0.6365087600317044 -0.1107887151194612 0.7632708949023806
 872  304 4567 78.672768 41.232857 0.44599871557384335 0.01144723380893995 32 -0.6368702257989791 -0.11080965977810377 0.7629662736914511
 873  304 4566 78.667036 41.228569 0.4602912423624756 0.008948421773238758 38 -0.6364200002786331 -0.11078275030231541 0.763345770592069
 874  304 4566 78.673002 41.228767 0.42625788070879955 0.011590538981952074 35 -0.6368103629945523 -0.1108054666028781 0.7630168478832331
 875  305 4567 78.678155 41.233011 0.41492407907720114 0.01197445596621273 33 -0.6372219964619465 -0.1108299498469234 0.7626695545529397
 876  305 4567 78.683838 41.232935 0.38567839273957016 0.011369169685604046 35 -0.637588597192821 -0.11085115230909637 0.7623600217491969
 877  305 4566 78.678420 41.228767 0.39414093790990445 0.009958911969419233 30 -0.6371614241920261 -0.11082574613668769 0.7627207703444526
 878  305 4566 78.683838 41.228767 0.36535272443977157 0.009958306986939244 35 -0.637512354805154 -0.11084605770391198 0.7624245201738258
 879  306 4568 78.689162 41.241325 0.41059210513392586 0.010283101511763504 31 -0.6381036980842691 -0.11088391054703879 0.7619241621532791
 880  306 4568 78.694674 41.241271 0.38114883767645147 0.01149287818415115 35 -0.6384539694834535 -0.11090342312861293 0.7616278353560728
 881  306 4567 78.689350 41.237049 0.3858342254801453 0.013495594755035475 31 -0.6380224736042152 -0.11087684877115238 0.7619932070448776
 882  306 4567 78.694748 41.237152 0.3541063873827467 0.012492607068597467 34 -0.6383729763710783 -0.11089695571407242 0.7616966641993923
 883  307 4568 78.700377 41.241907 0.3510377064290607 0.012365489681486591 38 -0.6388301081247375 -0.11092444666868881 0.761309306448162
 884  307 4568 78.705927 41.242105 0.3223054575657638 0.008738913072852142 30 -0.6391867206436085 -0.11094421133997402 0.7610070420981797
 885  307 4567 78.700575 41.237410 0.3231715039292731 0.00978725833589785 38 -0.6387540485488582 -0.11091864153688621 0.7613739688366385
 886  307 4567 78.706192 41.237861 0.30062976884658643 0.008789084977322491 33 -0.6391245878042903 -0.11093978492946277 0.7610598697762224
 887  306 4567 78.689673 41.232935 0.35596284179243687 0.01128183952940043 35 -0.637966251095963 -0.11087278759176483 0.7620408699237816
 888  306 4567 78.695091 41.232935 0.3291682780421637 0.008337020283647417 30 -0.638316783181761 -0.11089287046305513 0.7617443505461348
 889  306 4566 78.689673 41.228767 0.33402360523392705 0.010899660871779697 35 -0.6378901366157915 -0.11086773012308504 0.7621053208222873
 890  306 4566 78.695273 41.228689 0.3047493833845509 0.012537578358388085 32 -0.6382511655536267 -0.11088846404899912 0.7617999725717315
 891  307 4567 78.700579 41.233004 0.30168102205745595 0.010980738059466364 36 -0.6386729425426941 -0.11091320729440095 0.7614427968741485
 892  307 4567 78.706212 41.233571 0.276971968273406 0.01019870212766526 38 -0.6390474667000513 -0.11093464925807009 0.7611253765958902
 893  307 4566 78.700661 41.228843 0.2767516231864466 0.01293227072547424 33 -0.6386025241039269 -0.11090853527082115 0.7615025364450038
 894  307 4566 78.706410 41.229074 0.24595366065230664 0.011020904594190094 38 -0.638978515041821 -0.11093002845385455 0.7611839371020492
 895  293 4565 78.542074 41.215123 0.6745027557647044 0.017316592224155204 537 -0.6284777754045183 -0.1103524853417575 0.7699597488190439
 896  295 4565 78.564177 41.215805 0.7011429460447045 0.013048450498337258 534 -0.6298771986462581 -0.11043249626284408 0.7688038621096406
 897  293 4563 78.542586 41.198377 0.7070053739287038 0.01714067339788166 530 -0.6281487428492937 -0.11032316784405975 0.7702324035599276
 898  295 4563 78.564798 41.198919 0.7301670986657868 0.010630960125560328 544 -0.629545582891736 -0.1104023847462109 0.769079756919823
 899  297 4565 78.586646 41.216136 0.703828607210902 0.008523760464184309 545 -0.6312753203416583 -0.1105096158744629 0.7676451619901055
 900  299 4565 78.608832 41.216825 0.6850146400072981 0.013583903164680586 520 -0.6326413616165187 -0.11058191449843427 0.7665093265954813
 901  297 4563 78.587226 41.199233 0.7144837064179642 0.009748248036260199 540 -0.6309438354307385 -0.11048007819202625 0.7679218898134321
 902  299 4564 78.603729 41.204117 0.6878080829358626 0.009451165099231077 130 -0.6320627715616223 -0.11054354230833371 0.7669920325921035
 903  300 4564 78.615038 41.204154 0.6692756777601246 0.016777880569751647 137 -0.6327583622360587 -0.11058074343909392 0.7664129136443344
 904  299 4563 78.604094 41.195351 0.6818322320276395 0.015503524534476355 142 -0.6319048365062994 -0.11053022919588851 0.7671240747322766
 905  300 4563 78.615405 41.195839 0.6298771131354463 0.018526443378237653 130 -0.6326131007528459 -0.11056881354404231 0.7665345407920849
 906  293 4561 78.542968 41.181572 0.7304366128156909 0.012032905544204647 533 -0.6278422097137183 -0.11029865488155842 0.770485798982119
 907  295 4561 78.565662 41.181947 0.7379454488420154 0.019397425006683226 536 -0.629273182989978 -0.11038077844375564 0.7693057551583844
 908  293 4560 78.538060 41.168592 0.7098342458573861 0.008126624552778586 136 -0.6272842192395089 -0.11026178739860261 0.7709454238354003
 909  294 4560 78.549221 41.169162 0.7096762906427351 0.008798527693362675 140 -0.6280010226408144 -0.11030399124380272 0.770355596512272
 910  293 4559 78.538456 41.160057 0.6661288762016125 0.015128174125144188 142 -0.6271451432870988 -0.11025066478120311 0.7710601534035506
 911  294 4559 78.549549 41.160734 0.6638123194089282 0.019870652225607664 131 -0.6278629967194799 -0.11029338747081997 0.7704696139567387
 912  295 4560 78.560520 41.169159 0.6995026843635234 0.009645218466067048 127 -0.628714983061703 -0.11034554182188755 0.7697670631260839
 913  296 4560 78.571603 41.169088 0.6880158005990318 0.013378082346120805 134 -0.6294135838565351 -0.11038594703253161 0.7691901475933007
 914  295 4559 78.560662 41.160678 0.649411090447422 0.018985815255656308 124 -0.628567640849908 -0.11033486264886426 0.7698889133898716
 915  296 4559 78.571940 41.160950 0.6460998507015893 0.019661874947290783 131 -0.6292881282519949 -0.11037699689674631 0.7692940726387774
 916  297 4562 78.582146 41.186669 0.7324983154357467 0.011165858223657251 130 -0.6303880861606314 -0.1104447382225782 0.7683832511355794
 917  298 4562 78.593280 41.186605 0.7005931180482187 0.014692643673503921 137 -0.6310788718783494 -0.11048303500920555 0.7678104951378983
 918  297 4561 78.582404 41.178259 0.7021806132547054 0.014039640177943884 136 -0.6302550913483225 -0.11043564244623609 0.7684936490999811
 919  298 4561 78.593642 41.178407 0.6677804267124087 0.013899161341625676 134 -0.6309582676364656 -0.11047495848707738 0.7679107682852667
 920  298 4562 78.601469 41.188828 0.6830671110346248 0.0069052437542456895 33 -0.6316258073389551 -0.11051354261742728 0.7673562382632718
 921  299 4562 78.607218 41.189060 0.655916997721889 0.00944065714236552 38 -0.6319863310489414 -0.1105333336723103 0.7670564904324736
 922  298 4562 78.601734 41.184585 0.6618862138258572 0.009554842573109708 30 -0.6315690165420998 -0.11050979696920583 0.7674035197455571
 923  299 4562 78.607222 41.184654 0.633289647375982 0.011594843803180998 36 -0.6319111263290877 -0.11052861999275483 0.7671191254192538
 924  299 4562 78.612914 41.189537 0.6242402426676629 0.011271771160986542 34 -0.6323475444339265 -0.11055314443558226 0.7667558837751351
 925  300 4562 78.618311 41.189640 0.5894748258186544 0.013319213326503525 31 -0.6326837282734504 -0.11057146718510368 0.7664758643444295
 926  299 4562 78.612875 41.185283 0.602652426933842 0.011656103258457125 37 -0.6322728593670962 -0.11054851456063008 0.7668181383067267
 927  300 4562 78.618499 41.185364 0.568113810529287 0.010150787868538975 31 -0.6326233354569836 -0.11056768951867844 0.7665262562168251
 928  299 4561 78.604696 41.178304 0.6235299478018976 0.014930934878601388 131 -0.6316451246121573 -0.11051308098684436 0.7673404039176404
 929  299 4561 78.612987 41.180833 0.5864753826082421 0.008779402581948377 38 -0.6322042614628018 -0.11054423030156177 0.766875312508695
 930  300 4561 78.618822 41.181250 0.5557915948465364 0.010206357729960635 35 -0.6325740435926265 -0.11056460283649577 0.7665673799298284
 931  299 4561 78.612987 41.176609 0.5700199890760348 0.01954816367643091 30 -0.6321325225521528 -0.11053981862706114 0.7669350835825339
 932  300 4561 78.618715 41.177270 0.5304246710512547 0.011869879372463834 31 -0.6325002824547452 -0.11056016456249629 0.7666288819934853
 933  297 4560 78.582649 41.169875 0.6655277775511081 0.014757531781438772 141 -0.6301218278269329 -0.11042656689947705 0.7686042254755306
 934  297 4560 78.591164 41.172004 0.6530371636537823 0.010547358546196955 33 -0.6306917145355572 -0.11045903051801341 0.7681319963347574
 935  298 4560 78.596428 41.172163 0.6293258149674236 0.01534022746064017 30 -0.6310233058372711 -0.1104776320921076 0.7678569399943734
 936  297 4560 78.591315 41.167912 0.6231377004609601 0.012280319046240142 35 -0.6306295256826523 -0.110454843234733 0.7681836557381727
 937  298 4560 78.596733 41.167912 0.5917311672968301 0.0115321330399056 30 -0.6309685122224189 -0.11047389864128053 0.7679025031231654
 938  296 4559 78.580323 41.162832 0.6308393386153863 0.013617157732641253 32 -0.6298511356654212 -0.11040988154472477 0.7688284626353651
 939  297 4559 78.585552 41.163672 0.6163646806700687 0.010659161382318013 35 -0.630193991016706 -0.11042951989532217 0.7685446342419706
 940  296 4559 78.580479 41.158742 0.5999118388548992 0.009957046385899126 35 -0.6297882571703759 -0.11040553842288922 0.7688805942510528
 941  297 4559 78.585938 41.159226 0.582481361860174 0.008824038713182266 31 -0.6301397279031791 -0.11042563584253492 0.7685896839451329
 942  297 4559 78.591315 41.163744 0.5905983355465988 0.013897672630368412 35 -0.6305565445186404 -0.11045005188929423 0.7682442516559197
 943  298 4559 78.597150 41.163744 0.556998099761828 0.01300755902884087 35 -0.6309221609968613 -0.1104706958823366 0.7679410472909511
 944  297 4559 78.591242 41.159625 0.5620917399674967 0.010475426673866419 34 -0.6304797907516485 -0.11044503432525286 0.7683079641957717
 945  298 4559 78.595483 41.160409 0.540889651778614 0.006346465803305593 9 -0.6307596601842079 -0.11046100562702012 0.768075918982082
 946  298 4559 78.598400 41.160409 0.52488446519487 0.007580215733635831 12 -0.6309426932241212 -0.11047133881298268 0.7679240855501015
 947  298 4559 78.595316 41.158242 0.5159262847262351 0.01963829030652802 5 -0.6307114529713315 -0.11045797639168375 0.7681159408202946
 948  298 4559 78.598678 41.158186 0.4755733222482508 0.0056461124934513995 6 -0.6309215976115994 -0.11046988206149104 0.7679416272247178
 949  298 4560 78.601825 41.172406 0.6188594737514953 0.013629289507021566 23 -0.6313645300162192 -0.1104966885830461 0.7675736525243554
 950  299 4560 78.607944 41.172497 0.5945512181812986 0.00867692919545061 20 -0.6317480143705534 -0.11051802627538877 0.7672549851301427
 951  298 4560 78.602251 41.167345 0.5546530965514515 0.013913036708458936 25 -0.6313038458077679 -0.11049263836254869 0.7676241470511496
 952  299 4560 78.608072 41.167567 0.5119627883306108 0.01507846392467533 29 -0.6316716502666457 -0.11051323421057797 0.7673185461812652
 953  299 4560 78.611987 41.173414 0.5725398871661174 0.006572181683560186 5 -0.632015847309623 -0.11053303462441394 0.7670322137995363
 954  299 4560 78.612154 41.170969 0.5154029137905813 0.023192439634508046 6 -0.631984653085481 -0.1105310655467709 0.7670581997563938
 955  299 4560 78.614488 41.170746 0.48608233162893705 0.007616802539567195 5 -0.6321265698241962 -0.1105388316837464 0.7669401322217322
 956  300 4560 78.619367 41.172401 0.5030350712427226 0.014598807716343077 26 -0.6324588899530057 -0.11055751763604497 0.7666634123352747
 957  299 4560 78.613432 41.167829 0.4699595104238808 0.017695271727520234 30 -0.6320111206577608 -0.11053216627713637 0.7670362335528907
 958  300 4560 78.620538 41.168451 0.46534798664978827 0.013121421746168701 17 -0.6324655697590611 -0.11055757071188153 0.7666578941272525
 959  298 4559 78.602568 41.163744 0.5248171722085836 0.013127948743885008 30 -0.6312615688078254 -0.11048978147721455 0.7676593254402636
 960  299 4559 78.607599 41.163952 0.48653340341302265 0.018546869906589877 28 -0.6315801715501317 -0.11050770143171074 0.7673946408654324
 961  298 4559 78.601318 41.160826 0.5104415552837199 0.005747079919459481 6 -0.6311328499568661 -0.11048218548932541 0.7677662485384638
 962  298 4559 78.603699 41.160409 0.4778447123951316 0.022992492847662867 7 -0.6312750038969037 -0.11049013085777928 0.7676482270141676
 963  298 4559 78.601318 41.158325 0.4591842060515487 0.0053164206206557825 6 -0.6310896537344474 -0.1104793296312406 0.7678021663642055
 964  298 4559 78.604235 41.158325 0.4401393561751469 0.006681371039399701 8 -0.6312727847678391 -0.11048968650229125 0.7676501158653485
 965  299 4559 78.608064 41.159602 0.42752683987718304 0.018988808055740075 32 -0.6315348786612189 -0.11050463416391093 0.7674323571902996
 966  299 4559 78.613358 41.163003 0.4257228384491078 0.019258718818511034 9 -0.631924546235167 -0.11052684345228769 0.7671083266018898
 967  299 4559 78.613966 41.159612 0.38597941536264246 0.019270487986089293 23 -0.631905048954282 -0.11052541685695023 0.7671245930972909
 968  300 4559 78.617780 41.159784 0.3579033984828026 0.010159646628632495 12 -0.6321470226566691 -0.11053899015332071 0.7669232513114939
 969  300 4566 78.625596 41.221102 0.6449237327134628 0.012933965780293592 134 -0.6337464880664121 -0.11064160351044752 0.7655872415578292
 970  301 4566 78.636792 41.221693 0.5929911971858802 0.01710340520802783 138 -0.6344360148871091 -0.11067708207794871 0.7650108015687588
 971  300 4565 78.622990 41.214595 0.6565826548413666 0.0069224982986935855 35 -0.633457324164848 -0.11062320629321377 0.7658291746148874
 972  301 4565 78.628749 41.214570 0.6191286751831974 0.01231688567175709 33 -0.6338074348548927 -0.11064136355251772 0.7655368209262704
 973  300 4564 78.622990 41.210427 0.6411334751607122 0.01077348921334442 35 -0.6333732053039789 -0.11061665611021418 0.765899691992338
 974  301 4564 78.628825 41.210427 0.6112697510860527 0.010976596293545304 35 -0.6337295920256132 -0.1106352842300975 0.7656021408501776
 975  301 4565 78.636990 41.213171 0.5655240587300749 0.01626232138963147 137 -0.6342816272562527 -0.1106652561160779 0.7651405220048949
 976  302 4566 78.645079 41.223765 0.5592290158024512 0.008104420737844205 30 -0.6349769780825725 -0.1107053802443264 0.764557751965202
 977  303 4566 78.650497 41.223765 0.5270118117914506 0.011368938214878456 35 -0.6353040601948974 -0.11072185524958053 0.7642836004193528
 978  302 4565 78.645344 41.219521 0.5495064739539468 0.010437529375983771 33 -0.6349118359995952 -0.11070030652189755 0.764612583367277
 979  303 4565 78.650858 41.219764 0.5131663198518741 0.012327174729311444 30 -0.6352503633791626 -0.11071758158861822 0.7643288513158518
 980  303 4566 78.656097 41.223843 0.4913402997060203 0.014055852350799843 32 -0.6356434841595522 -0.11073886065280027 0.7639988650428904
 981  304 4566 78.661994 41.223794 0.4685300402216573 0.011481105893975637 29 -0.6360055329246925 -0.11075784900834666 0.7636947433184427
 982  303 4565 78.656258 41.219572 0.47720340287324764 0.0133139932360216 34 -0.6355736959000208 -0.1107338390461112 0.7640576509466401
 983  304 4565 78.662215 41.219548 0.44838141271239607 0.010480800833109186 34 -0.635941879611321 -0.11075338592143709 0.7637483965700728
 984  302 4565 78.643828 41.216262 0.5455011100298391 0.004213120488603583 9 -0.634757418546674 -0.11069109333055911 0.7647421143478681
 985  302 4565 78.646746 41.216262 0.5342095969853333 0.0034036807765494828 12 -0.6349346073414115 -0.11070013992731609 0.7645936982609001
 986  302 4565 78.643828 41.214178 0.5156008713147736 0.01894294389101085 6 -0.6347174200759927 -0.11068809530130283 0.7647757463535606
 987  302 4565 78.646746 41.214178 0.49565907113126795 0.005028698096216758 8 -0.6348948474499767 -0.11069733837770973 0.764627119554075
 988  303 4565 78.650913 41.215429 0.4930639389672921 0.011601004537849392 30 -0.6351719396935847 -0.11071191332967925 0.7643948451374922
 989  302 4564 78.645569 41.211285 0.5029970417626812 0.006644327491767944 34 -0.6347679773048843 -0.11068961658594735 0.7647335639085824
 990  303 4564 78.651257 41.211212 0.48231242619683146 0.00647242540069068 34 -0.6351132765345375 -0.11070737103881384 0.7644442451658842
 991  303 4565 78.656356 41.215404 0.4589391334698649 0.014720692762225377 34 -0.6355020381717719 -0.11072873979869802 0.7641179919764459
 992  304 4565 78.662166 41.215429 0.4234899438782318 0.012147616847059357 35 -0.6358628125063076 -0.1107479973930224 0.7638150068864864
 993  303 4564 78.655220 41.212279 0.4674846079015058 0.003621032367904904 9 -0.6353747032754823 -0.11072118925159706 0.7642249699455683
 994  303 4564 78.657999 41.212511 0.4348118076783771 0.009420619070726081 6 -0.6355481379092001 -0.11073009729329539 0.7640794526445309
 995  303 4564 78.655617 41.210189 0.4680897233259193 0.0037700739879240287 7 -0.635359895349233 -0.11071965768329026 0.76423750286433
 996  303 4564 78.657999 41.210427 0.40784931676753894 0.03171513851083636 9 -0.6355095102177717 -0.11072745560315436 0.7641119636535076
 997  304 4564 78.662242 41.211235 0.38613329015268555 0.019043218018492503 33 -0.6357904127284885 -0.11074301308950806 0.7638759952599605
 998  300 4564 78.623312 41.206313 0.6361773936610288 0.011743601935392636 31 -0.6333099449977345 -0.11061121111478167 0.7659527880637864
 999  301 4564 78.628825 41.206259 0.6008574782846235 0.01217338013703687 35 -0.6336466070438138 -0.11062894999947905 0.7656717395881053
1000  300 4563 78.623501 41.202037 0.621047578739496 0.014933989526406689 31 -0.6332352904194046 -0.1106050620123761 0.7660153962060362
1001  301 4563 78.628951 41.202141 0.5771316043440132 0.015258405409675442 33 -0.6335723831749458 -0.11062302998057191 0.7657340142085483
1002  301 4564 78.634731 41.206330 0.5617629861254836 0.013727631655089036 35 -0.6340097572636473 -0.11064804926413056 0.7653683014657281
1003  302 4564 78.639973 41.206936 0.5286292392164493 0.011067443320180372 32 -0.6343424647711415 -0.1106657330893866 0.7650900162123812
1004  301 4563 78.634659 41.202091 0.5384067557588278 0.01183588582836629 35 -0.6339221408890133 -0.11064154632852125 0.7654418119731398
1005  302 4563 78.640355 41.202415 0.5037526355898279 0.011157124843553275 36 -0.634278280525902 -0.11066046618581506 0.7651439891135806
1006  300 4563 78.623872 41.197874 0.5863592035895409 0.011913591132664143 34 -0.6331742569659984 -0.11059977187212795 0.766066609882841
1007  301 4563 78.629241 41.197923 0.5536975670147831 0.009312247870815598 30 -0.6335063286621806 -0.1106175315223242 0.7657894575305101
1008  300 4562 78.623823 41.193754 0.5714716453551478 0.01194304042678587 35 -0.6330939588065397 -0.1105940379683224 0.7661337990772399
1009  301 4562 78.629424 41.193676 0.535250563341621 0.01367057134614195 32 -0.6334388917446294 -0.11061262669315687 0.7658459487660529
1010  301 4563 78.634659 41.197923 0.520481839649261 0.011634096222157695 35 -0.6338402887734539 -0.11063537104314776 0.7655104852330433
1011  302 4563 78.640607 41.198058 0.4808187073682422 0.013066253515881301 37 -0.6342093701437989 -0.11065505486975322 0.76520189078019
1012  301 4562 78.634811 41.193830 0.4980012539472914 0.014352937827650859 33 -0.633774340478244 -0.11063065341743464 0.7655657671786261
1013  302 4562 78.640494 41.193754 0.4568446929940272 0.014046876797436799 35 -0.6341241714606465 -0.11064936218418436 0.7652733196823093
1014  302 4564 78.645495 41.207092 0.49632540762157495 0.012266881493676421 35 -0.6346833026750957 -0.11068356291314355 0.7648047163860099
1015  303 4564 78.651355 41.207117 0.4768980899714722 0.01310601382184418 34 -0.6350420525214883 -0.1107022285523496 0.7645041583424114
1016  302 4563 78.645730 41.203002 0.47102752700431694 0.01352882628112669 32 -0.6346194814192968 -0.11067861537168107 0.7648583907511967
1017  303 4563 78.651330 41.202924 0.4456078023510968 0.009823875303232794 35 -0.6349615140489616 -0.11069652047205175 0.7645718776099675
1018  303 4564 78.655498 41.207926 0.4325228055922002 0.03277303652390044 9 -0.6353104209096676 -0.11071632147177919 0.7642791147501931
1019  303 4564 78.657894 41.208030 0.37940005845624425 0.013789761570464621 8 -0.6354586993963068 -0.11072409044511718 0.7641547076061599
1020  303 4564 78.655498 41.205842 0.4159794474210758 0.03166498091777943 6 -0.6352714981148322 -0.11071368333983016 0.7643118499698044
1021  303 4564 78.658311 41.205946 0.3728975696707606 0.0068981369615339376 8 -0.6354455306109978 -0.11072275474880118 0.7641658518982279
1022  304 4564 78.662240 41.207141 0.3538184526772871 0.005641272369256159 34 -0.6357148638818583 -0.11073788111468885 0.7639396137954225
1023  303 4564 78.655498 41.203758 0.4388390187476866 0.004195418572905611 9 -0.6352326458304817 -0.11071096012641941 0.7643445355198741
1024  303 4564 78.658415 41.203758 0.3652518847420885 0.020729160330383356 12 -0.6354113828306148 -0.11072023360545395 0.7641946116269334
1025  303 4563 78.655498 41.201674 0.42592978341289817 0.004193085505837476 6 -0.635193747078134 -0.11070829614090008 0.7643772477241969
1026  303 4563 78.658415 41.201674 0.3821128485332941 0.03404601851421129 8 -0.635372773085814 -0.11071757400548518 0.7642270984645746
1027  304 4563 78.662583 41.202924 0.3358864684648675 0.009577787105926714 30 -0.6356591247312506 -0.11073383366346064 0.7639865805288032
1028  302 4563 78.645845 41.198676 0.44471929533798377 0.013548366308486446 31 -0.6345438288266605 -0.1106730203489566 0.764921964559027
1029  302 4563 78.650118 41.199666 0.4247086741585124 0.00822037646827821 11 -0.6348255303733685 -0.11068816845328368 0.7646859978779714
1030  303 4563 78.652997 41.199590 0.4115136029029266 0.01359550275650694 9 -0.6350011282424454 -0.11069744463511108 0.7645388432787951
1031  302 4563 78.650080 41.197506 0.4003981456433585 0.007904129278762788 8 -0.6347823243974439 -0.11068520963397581 0.7647222927317219
1032  303 4563 78.652997 41.197506 0.24780049663194428 0.06903014947809791 6 -0.6349620056147105 -0.11069473853577055 0.7645717273652235
1033  302 4563 78.644766 41.195317 0.43341879336023775 0.005763726210537122 8 -0.6344139873511555 -0.11066502968274973 0.7650308123589037
1034  302 4563 78.647579 41.195422 0.33686454930967086 0.11051806801280704 12 -0.634589437587994 -0.11067432362565531 0.7648839387722539
1035  302 4562 78.644662 41.192921 0.4222436329547408 0.00595429716464345 9 -0.634368047287104 -0.11066238121518407 0.7650692896495923
1036  302 4562 78.647440 41.193199 0.3289702804823331 0.1099161717827483 9 -0.6345441380238762 -0.11067179698641236 0.7649218850649616
1037  302 4563 78.650497 41.195422 0.20363998815654183 0.07261881727261867 9 -0.6347693981232927 -0.11068391161142535 0.7647332102874748
1038  303 4563 78.652893 41.195317 0.15091565549014066 0.002693616246746009 8 -0.634915346645342 -0.11069161343480884 0.7646109267525701
1039  302 4562 78.650497 41.193338 0.1578697560998499 0.0045006121769160514 6 -0.6347350490176733 -0.11068199609150914 0.7647619978069851
1040  303 4562 78.652997 41.193338 0.14716610560508314 0.0021805168852345068 6 -0.6348894532313148 -0.110690104409353 0.7646326457597064
1041  303 4563 78.655498 41.199590 0.3338567424119923 0.10045193869818608 9 -0.6351548696847386 -0.11070549979416587 0.7644099579617515
1042  303 4563 78.658415 41.199590 0.21050805002764414 0.08831812877703249 12 -0.6353341785007035 -0.11071491652705913 0.7642595690517998
1043  303 4563 78.655736 41.197446 0.18506299647560448 0.0068153933769438246 7 -0.6351295073671113 -0.11070346095743469 0.764431326283569
1044  303 4563 78.658594 41.197565 0.16499605338500242 0.004993335349012016 7 -0.6353076584213027 -0.11071294545403547 0.7642819001259503
1045  303 4563 78.661333 41.199590 0.15541983600298787 0.004596644774299888 9 -0.6355164326348705 -0.11072480582878477 0.7641065902249673
1046  304 4563 78.663714 41.199828 0.19128328472228887 0.07558256788355816 7 -0.6356756603108406 -0.11073416624048277 0.7639727739359576
1047  303 4563 78.661333 41.197506 0.14911008093274156 0.003528358121585234 6 -0.6354780316246638 -0.11072227126122476 0.7641388944224725
1048  304 4563 78.664364 41.197847 0.13475658332399013 0.004298518856108342 11 -0.6356814024071897 -0.1107342601555468 0.7639679824844967
1049  303 4563 78.657165 41.194588 0.15366572830121034 0.013616401217723936 35 -0.635167028729639 -0.11070493990109526 0.7643999358295739
1050  304 4562 78.663073 41.194588 0.13483470052510343 0.008370431076251293 34 -0.6355399446551823 -0.1107256452625184 0.764086912745459
1051  304 4566 78.667303 41.224125 0.437983345611143 0.010797144693775192 37 -0.6363556041226669 -0.11077822793469055 0.7634001108968517
1052  304 4566 78.673002 41.224599 0.4066053262006137 0.012070848201245972 35 -0.6367338802109671 -0.11080028989821494 0.7630814252423901
1053  304 4565 78.667656 41.219798 0.41522833329772557 0.011614878672484232 29 -0.6362989991453987 -0.11077415017982817 0.7634478838391661
1054  304 4565 78.673002 41.220054 0.38117150990388804 0.013227482198366681 31 -0.6366504706229259 -0.11079467068298897 0.7631518323399709
1055  305 4566 78.678763 41.224550 0.371786269622542 0.013372107646767278 34 -0.6371063939425428 -0.11082186126390926 0.7627673025658167
1056  305 4566 78.684161 41.224652 0.34037819687423687 0.01313158931726992 31 -0.6374579989599906 -0.11084217810938637 0.7624705313085167
1057  305 4565 78.677170 41.221264 0.36233882339898077 0.008152450787158828 9 -0.6369429008324408 -0.1108117910921421 0.7629052942758406
1058  305 4565 78.680337 41.221347 0.3038721845264102 0.028385111938419534 10 -0.637149760927815 -0.11082382347797674 0.7627307928091999
1059  305 4565 78.677170 41.219180 0.3472929459032628 0.0059184484605933965 6 -0.636904684169395 -0.11080927818253983 0.7629375643863315
1060  305 4565 78.680266 41.219121 0.26289323747282844 0.0028729024288152434 7 -0.637104328162972 -0.1108208878716064 0.7627691694394556
1061  305 4565 78.684255 41.220430 0.2855219917977681 0.019403729296633046 30 -0.6373868707758333 -0.11083737506766538 0.762530690038572
1062  304 4565 78.667862 41.215206 0.3866059643368598 0.015146061846202527 30 -0.6362279600697073 -0.11076919396984986 0.7635078051289382
1063  304 4565 78.671891 41.216818 0.367991226959721 0.006822313972528469 9 -0.6365189730479093 -0.11078645445891748 0.7632627060576569
1064  305 4565 78.674669 41.217096 0.3321641871525314 0.03176332787580276 9 -0.6367043202928625 -0.11079738179255037 0.7631065120337527
1065  304 4565 78.671335 41.214595 0.3591651945926057 0.004056917225083595 3 -0.6364421111302899 -0.11078159540613829 0.7633275033033268
1066  305 4565 78.675086 41.215012 0.2753824759084146 0.005061943616216839 4 -0.6366931131093078 -0.11079631497192974 0.7631160175935368
1067  304 4564 78.667949 41.211261 0.3546365689549642 0.014793653428199488 32 -0.6361610356760484 -0.11076464074407927 0.7635642285023654
1068  304 4564 78.671613 41.212650 0.3443972972566709 0.0030903691943586827 3 -0.6364244254036863 -0.1107802630816803 0.7633424421982191
1069  305 4564 78.675503 41.212928 0.25421235941781045 0.00539047287821006 3 -0.6366819275576473 -0.11079527117785355 0.7631255014780365
1070  304 4564 78.672169 41.210323 0.32014683967448176 0.013040334875358344 8 -0.6364177293407629 -0.11077947561294328 0.7633481391630353
1071  305 4564 78.674530 41.210427 0.28072201825931936 0.03211266962216623 6 -0.6365729331582036 -0.11078850089605267 0.7632174060119218
1072  305 4565 78.677473 41.217020 0.2893632947434927 0.030869926139743615 11 -0.6368847680098045 -0.11080770337954608 0.7629544187884673
1073  305 4565 78.680337 41.217179 0.2579829970465001 0.0025538743855973325 10 -0.6370734217689733 -0.11081877818964896 0.7627952894952389
1074  305 4565 78.677587 41.215012 0.2596376968324663 0.006225726198834175 8 -0.6368553331586355 -0.11080569364927748 0.7629792807686889
1075  305 4565 78.680504 41.215012 0.24792297481718661 0.004690437081889437 6 -0.6370445316373934 -0.11081665436720571 0.7628197256401761
1076  305 4565 78.684672 41.216262 0.25026616203986446 0.007804685490486022 35 -0.6373376354523349 -0.11083383478899046 0.7625723568960479
1077  305 4564 78.678724 41.211959 0.23144141854075884 0.011893873639084295 37 -0.6368731544796042 -0.11080625593247659 0.7629643233791634
1078  305 4564 78.684533 41.212150 0.21036071897146677 0.016452869635931868 30 -0.6372533918094934 -0.11082829643401404 0.7626435624437085
1079  306 4566 78.689465 41.224729 0.3107012175664464 0.011038781621440041 32 -0.6378028946628962 -0.11086204456955487 0.762179161768077
1080  306 4566 78.695581 41.224623 0.2726010238309314 0.014407253297833034 34 -0.6381969843750198 -0.11088466950877832 0.7618459156565451
1081  306 4565 78.689597 41.220329 0.2617727861667667 0.01599705123400443 33 -0.6377311474062323 -0.11085720573071266 0.7622398989593163
1082  306 4565 78.693841 41.221681 0.2585169070833681 0.005342083174661634 6 -0.6380306319129369 -0.11087466806131481 0.7619866932716552
1083  306 4565 78.696758 41.221681 0.2301766729248696 0.014855616175136149 8 -0.6382195387992936 -0.11088545462024864 0.7618269070126611
1084  306 4565 78.694304 41.219597 0.2212631318190091 0.02358106901830329 9 -0.6380225913178962 -0.11087392219045741 0.7619935343204043
1085  306 4565 78.697008 41.219680 0.20340220808071896 0.004065404161649658 10 -0.6381992611261272 -0.1108840109611264 0.7618441042701833
1086  307 4566 78.700926 41.224599 0.2434933520752737 0.011082087228328097 30 -0.6385424368435375 -0.1109044225266972 0.7615535210436208
1087  307 4566 78.706413 41.224668 0.21639202561462537 0.011166404684601564 36 -0.6388986899638787 -0.1109248142922825 0.761251699201166
1088  307 4565 78.701269 41.220381 0.20913158557088102 0.012411546616986744 34 -0.6384878769740693 -0.11090064066190598 0.7615998154266613
1089  307 4565 78.706594 41.220542 0.18631076613419928 0.010646716687788155 30 -0.6388353680811841 -0.11092059781428504 0.7613054534607641
1090  306 4565 78.690018 41.216205 0.22878271730797023 0.011943429088745277 29 -0.6376830663038668 -0.11085379310836352 0.7622806199181416
1091  306 4565 78.695557 41.216262 0.19603336931172324 0.006700776369279358 34 -0.6380429504870091 -0.11087450035991214 0.761976402852327
1092  306 4564 78.690272 41.212016 0.19660307440151353 0.013263762650065309 32 -0.6376230422496333 -0.11084964940399007 0.7623314313468484
1093  306 4564 78.695586 41.212198 0.17325354075709137 0.011834528766600584 32 -0.6379707383434247 -0.11086971183540344 0.7620375607639561
1094  307 4565 78.701343 41.216262 0.1808443630987534 0.0077311196785811815 35 -0.6384176530551633 -0.11089599876406006 0.761659358063471
1095  307 4565 78.706855 41.216209 0.15257068352428785 0.015336338751186483 31 -0.6387735133555391 -0.11091637784559558 0.7613579682127416
1096  307 4564 78.701343 41.212094 0.14075944710478455 0.01994275147704911 35 -0.6383417656493551 -0.11089100287493192 0.7617236872443023
1097  307 4564 78.707177 41.212094 0.11212681153793015 0.010438276428739979 35 -0.6387196353340566 -0.1109126670054573 0.7614037087750927
1098  304 4564 78.668001 41.207092 0.3359116445741403 0.010884112863496286 35 -0.636087796234505 -0.1107596605707683 0.7636259641157961
1099  304 4564 78.672169 41.208343 0.32320941588688984 0.0216924666702589 6 -0.6363814340064161 -0.11077691204059445 0.7633787698192083
1100  305 4564 78.674907 41.208283 0.28637208369066375 0.0038759090037584734 7 -0.6365580870438787 -0.11078730186444036 0.7632299624389985
1101  304 4564 78.672169 41.206259 0.32698976795747337 0.005055044125137969 9 -0.6363431364901508 -0.11077437774507211 0.7634110621919684
1102  305 4564 78.675086 41.206259 0.273979472792008 0.005374395977337128 12 -0.6365325422304593 -0.11078548814793136 0.7632515301638466
1103  304 4564 78.666751 41.204175 0.32442441099006264 0.009648418156004448 8 -0.6359529364238905 -0.1107512032851426 0.7637395063925422
1104  304 4564 78.669668 41.204175 0.3149680329288996 0.0030578461984012025 6 -0.636142482069489 -0.11076219758983698 0.7635800403962507
1105  304 4563 78.666713 41.202091 0.314458993391233 0.007050564405188703 11 -0.6359121397502703 -0.11074851823298663 0.7637738645878311
1106  304 4563 78.669668 41.202091 0.280180527829756 0.04648377058589789 9 -0.6361041499581968 -0.11075965415956257 0.7636123423677843
1107  304 4564 78.672169 41.204175 0.31596563872431493 0.0032756387163469227 6 -0.6363048813009018 -0.11077182126473015 0.7634433192099725
1108  305 4564 78.675265 41.204115 0.24504746251992787 0.04752611429117775 7 -0.6365047957820589 -0.11078354075411981 0.7632749517994286
1109  304 4563 78.672169 41.202091 0.23728197635504034 0.0733333042757757 9 -0.636266583350025 -0.11076923742224021 0.7634756125463217
1110  305 4563 78.674982 41.201986 0.16235282108732524 0.05501218422541118 8 -0.6364473891271917 -0.11077974832099877 0.7633233706857909
1111  305 4564 78.679282 41.207787 0.20265924073242297 0.012149178415928325 30 -0.6368328599655358 -0.11080322269297493 0.7629983973174304
1112  305 4564 78.684672 41.207926 0.19020436251610512 0.009141930305685407 32 -0.6371851398417705 -0.11082364023549811 0.7627012641459145
1113  305 4563 78.679375 41.202978 0.14818776157015826 0.01380244655583857 31 -0.6367507870406024 -0.11079767319521391 0.7630676974015477
1114  305 4563 78.684672 41.203579 0.13666266323605653 0.015554088602649297 28 -0.6371056090464038 -0.110818318103841 0.7627684729288743
1115  304 4563 78.671297 41.196711 0.11409303419850222 0.013026473445259777 130 -0.6361121183126834 -0.11075938592775501 0.7636057434073275
1116  305 4563 78.682566 41.196756 0.09673342959971894 0.01938563247951063 135 -0.6368447696407367 -0.11080213556423103 0.7629886146828424
1117  306 4564 78.690507 41.207926 0.16082322259597945 0.01294541320606344 35 -0.6375635356372518 -0.1108455706233981 0.7623817924759877
1118  306 4564 78.695853 41.207869 0.13709502345644334 0.016613293271134047 29 -0.6379090769651781 -0.1108654899200311 0.7620897930494975
1119  306 4563 78.690507 41.203758 0.1281126471176264 0.014514823182392734 35 -0.6374874060565565 -0.11084050045390588 0.7624461886444253
1120  306 4563 78.696341 41.203657 0.09281572420501645 0.01128902923839852 33 -0.6378639537128412 -0.11086219183352126 0.7621280410637638
1121  307 4564 78.701343 41.207926 0.1011897476849006 0.012279369331736198 35 -0.6382658967042841 -0.1108859982909409 0.7617879891986336
1122  307 4564 78.707177 41.207926 0.08128217448457073 0.009730294034822576 35 -0.6386438747759644 -0.11090770112803607 0.7614679789995351
1123  307 4563 78.701665 41.203812 0.06979051658180684 0.010138619505124475 31 -0.6382118929843771 -0.11088225915314331 0.761833777315231
1124  307 4563 78.707177 41.203758 0.05110570234485284 0.010549541302937764 35 -0.6385681164663437 -0.11090274373936715 0.76153223310882
1125  306 4563 78.693503 41.197554 0.06612804888822617 0.019237709341248403 138 -0.6375686947526872 -0.11084421178340123 0.762377675555542
1126  307 4563 78.704677 41.197506 0.02419635696558547 0.01556037899730279 130 -0.638292432826126 -0.11088596964872433 0.7617657592278402
1127  300 4562 78.623823 41.189586 0.5493602890120705 0.013444502812815983 35 -0.6330242518651581 -0.1105899121098887 0.7661919915335085
1128  301 4562 78.629658 41.189586 0.5090433319895895 0.012883699584201125 35 -0.6333855358006686 -0.1106094478440577 0.7658905359685108
1129  300 4562 78.623897 41.185467 0.5326254897748542 0.013608344141857492 34 -0.6329599141322156 -0.11058605865294667 0.7662456986720024
1130  301 4562 78.629450 41.185548 0.48827309250208517 0.013958396087090128 32 -0.6333056179661611 -0.11060484945778593 0.7659572844022826
1131  301 4562 78.635004 41.189615 0.47303020481676233 0.011798944522544205 29 -0.633716904896512 -0.11062733883718219 0.7656137905956164
1132  302 4562 78.639244 41.190837 0.45081367308140774 0.006264001554864056 8 -0.6339992147007698 -0.11064258958053118 0.7653778237770684
1133  302 4562 78.642161 41.190837 0.4335115829680767 0.003925749086524395 6 -0.6341795914770435 -0.11065231401318691 0.765226967087241
1134  302 4562 78.639422 41.188872 0.3532902369797468 0.10642781301928142 7 -0.6339781433905065 -0.11064133574448998 0.7653954589150639
1135  302 4562 78.642161 41.188753 0.22570196537693332 0.07407270614505838 9 -0.6341456892174074 -0.11065027558381975 0.7652553569627618
1136  301 4562 78.633659 41.186752 0.46271050019177123 0.004877063461512157 5 -0.6335864420514892 -0.11062005707497122 0.7657228110884937
1137  301 4562 78.636827 41.186585 0.2782732341269295 0.08543079711707192 5 -0.6337799142580882 -0.11063059889983762 0.7655611607638371
1138  301 4561 78.634381 41.184029 0.23918709092180432 0.002508390989340136 3 -0.6335863374330063 -0.11062000420763633 0.7657229052910272
1139  301 4561 78.636743 41.184585 0.22322983625793727 0.009158635042097057 12 -0.6337419020851911 -0.11062843893008667 0.7655929401720839
1140  302 4562 78.640975 41.185386 0.20044879504493363 0.012953230722599454 26 -0.6340173239744333 -0.11064329283116368 0.7653627209707666
1141  300 4561 78.624254 41.181308 0.5204064840915993 0.011240267097080661 29 -0.6329125501057509 -0.11058311491686752 0.7662852462457557
1142  301 4561 78.629402 41.181314 0.47931984765812224 0.01595774114319551 26 -0.633232387146357 -0.11060058785757759 0.7660184422287001
1143  300 4561 78.624505 41.177006 0.49504291959324287 0.01695540044972861 33 -0.632856244231408 -0.11057973167455952 0.7663322367485913
1144  301 4561 78.628408 41.177777 0.46369434420415456 0.01307661556178903 6 -0.6331118658412921 -0.11059377764020575 0.7661190388433292
1145  301 4561 78.631325 41.178249 0.44321580754253526 0.010239036282893814 5 -0.6333011074215659 -0.1106041654273882 0.765961112543404
1146  301 4560 78.631492 41.175915 0.40479970265434584 0.0040348892555988666 5 -0.6332728469027662 -0.1106025320295839 0.7659847134795253
1147  301 4561 78.633548 41.181806 0.37490599161918153 0.10868963921585645 3 -0.6334979743866188 -0.11061506542545277 0.7657967248225692
1148  301 4561 78.636922 41.182441 0.2134801034698431 0.003772425039234952 7 -0.6337178137359586 -0.11062695868195237 0.7656130932569652
1149  301 4561 78.633826 41.180416 0.3245097009312717 0.10912745398814377 4 -0.6334922786896112 -0.11061470846138183 0.7658014880585226
1150  301 4561 78.636993 41.180500 0.2000414611186549 0.0060882861503038475 10 -0.6336903884471101 -0.11062540584326684 0.7656360174206561
1151  302 4561 78.640807 41.181458 0.19308060112746342 0.012192349298878618 24 -0.6339427855960016 -0.11063917055036557 0.7654250574228081
1152  301 4561 78.635799 41.176915 0.38440049268170406 0.015982065294712626 30 -0.6335572329626078 -0.11061803897946637 0.7657472703269017
1153  301 4561 78.639303 41.177915 0.3629827760653554 0.0039522512396051555 7 -0.6337915099222361 -0.11063085391244044 0.7655515241400127
1154  302 4562 78.644662 41.190837 0.4164786937041258 0.006132209355750429 6 -0.6343342011748182 -0.11066049032104303 0.7650976258634002
1155  302 4562 78.647892 41.191149 0.2203582503864377 0.10487048350647231 8 -0.634538921446031 -0.11067147723759263 0.7649262587309686
1156  302 4562 78.644829 41.188669 0.17672751672479706 0.021459306154042432 10 -0.6343093488191583 -0.11065913124264795 0.7651184265675725
1157  302 4562 78.647663 41.188753 0.1531573354515982 0.01195398901997134 10 -0.6344860086686236 -0.11066862133918351 0.7649705622144186
1158  303 4562 78.651773 41.190290 0.14381906024982039 0.004331193162071773 32 -0.6347649274348998 -0.11068348149050918 0.7647369834287514
1159  302 4562 78.646302 41.185445 0.16370273840449923 0.017880614756645267 31 -0.6343483034046522 -0.1106611208861601 0.7650858424332906
1160  303 4562 78.652098 41.185945 0.13986692602608966 0.004117324367877042 38 -0.634715248707067 -0.11068079213733675 0.7647786054215806
1161  303 4562 78.660325 41.188411 0.12482064179584279 0.013390061772973558 134 -0.6352673032326607 -0.11071065876420591 0.7643157747158554
1162  302 4561 78.644754 41.182084 0.18323019006709101 0.009614471805762324 9 -0.6341978798277506 -0.11065290351626751 0.7652117250574547
1163  303 4561 78.652484 41.182789 0.14169246822186052 0.005556036183966231 13 -0.6346885375621256 -0.11067931660135148 0.7648009866389479
1164  302 4560 78.647718 41.175970 0.15634725502119862 0.0046624634795497865 6 -0.6342829389506137 -0.1106573787100177 0.7651405739425925
1165  303 4560 78.652627 41.175600 0.12067340952686273 0.013762947058369543 9 -0.6345820344247881 -0.11067358717999543 0.7648901873380316
1166  303 4561 78.658165 41.182217 0.12290754467870176 0.014412758053623572 25 -0.6350314862684121 -0.11069771540525733 0.7645135886639217
1167  304 4561 78.663188 41.182191 0.09717102899975098 0.00904501055393263 31 -0.6353488747015364 -0.1107154878409836 0.764247268995856
1168  303 4561 78.658315 41.177341 0.09129405287063266 0.010491938287219681 29 -0.6349631315841584 -0.11069413073704969 0.764570880265007
1169  304 4561 78.663417 41.177915 0.06704799932802531 0.011462651525861218 30 -0.6352952174565125 -0.11071268481328714 0.7642922792350556
1170  300 4560 78.624657 41.172914 0.46732415767705626 0.016727440607880888 35 -0.6327972661253897 -0.11057623336251243 0.7663814432771658
1171  301 4560 78.629772 41.173065 0.42213849739514314 0.01918457164080703 22 -0.6331185064457023 -0.11059391520033617 0.7661135312188553
1172  300 4560 78.624455 41.168796 0.43438084630962753 0.016348674934848446 33 -0.63271583778334 -0.11057145227948127 0.7664493607270689
1173  301 4560 78.630418 41.168795 0.38112817923981646 0.01753408460958681 34 -0.6330879989230929 -0.11059195614085936 0.7661390244965284
1174  301 4560 78.635332 41.172968 0.36645627783909096 0.014805772031539786 31 -0.6334632163330172 -0.11061277857626672 0.7658258070662458
1175  301 4560 78.634764 41.169892 0.350016680302055 0.007612239318235726 8 -0.6333771659093994 -0.1106079056417509 0.765897680447018
1176  302 4560 78.641963 41.168865 0.13682933242768355 0.013951780749114163 21 -0.6338092517422151 -0.11063153133228874 0.765536737642973
1177  300 4559 78.626491 41.165745 0.38827849130044984 0.0051082624576132135 5 -0.632792078655507 -0.11057538818519508 0.7663858484592053
1178  301 4559 78.628825 41.165689 0.31990658234675545 0.08076815084319025 3 -0.6329370025073275 -0.1105834692433341 0.7662649980177536
1179  301 4559 78.631950 41.165098 0.19044625096870646 0.00913205735808778 8 -0.6331224896479964 -0.11059366437576268 0.7661102756795942
1180  301 4559 78.629380 41.163188 0.19523592393603018 0.00262164234615969 3 -0.6329301602020757 -0.11058291075012264 0.7662707303274772
1181  301 4559 78.631563 41.163267 0.17628320179658097 0.010055591393555049 7 -0.633068037702319 -0.1105905191064066 0.7661557261572289
1182  300 4559 78.626880 41.161104 0.19862039369765352 0.010657290824179176 6 -0.6327390419347865 -0.11057223908700962 0.7664300912377683
1183  301 4559 78.629948 41.160772 0.172278352573086 0.013585613626133855 23 -0.63292558219909 -0.11058255483762115 0.7662745630409034
1184  301 4559 78.637253 41.163373 0.14981674362728784 0.008671378976723076 9 -0.6334254156563567 -0.1106102762046492 0.7658574342516387
1185  302 4559 78.640911 41.164388 0.12752919470922147 0.0190259067031072 22 -0.6336705889527455 -0.11062382779491808 0.765652632347255
1186  301 4559 78.636815 41.160352 0.1330827625306186 0.011074205535289003 29 -0.6333484321572418 -0.11060598266028446 0.7659217192923286
1187  302 4559 78.641761 41.160276 0.09825335628703674 0.014435243212442378 25 -0.6336566412561991 -0.11062299124395988 0.7656642964120446
1188  302 4560 78.649187 41.172437 0.12747715653668035 0.010548325894340268 7 -0.6343172032194581 -0.11065932808148145 0.765111886463934
1189  303 4560 78.652398 41.172992 0.10278349319870683 0.016289872853572633 32 -0.6345259543427628 -0.11067062942056026 0.7649371379721756
1190  302 4560 78.646454 41.168454 0.08698918880434636 0.018329360515097978 20 -0.6340826066519063 -0.11064647496360314 0.7653081768279054
1191  303 4560 78.652652 41.168803 0.0784380484202011 0.012880702637150849 29 -0.634474563136402 -0.11066785554032825 0.7649801660716289
1192  303 4560 78.658064 41.173221 0.06422890390056854 0.01071523854051466 38 -0.634882024542955 -0.11068986193118809 0.764638848985515
1193  304 4560 78.663833 41.173747 0.03737682361669281 0.010212143464352983 35 -0.635255236244115 -0.11071071631544471 0.7643257957948003
1194  303 4560 78.658068 41.168815 0.043066975933768445 0.010964793966007785 36 -0.6348121309662885 -0.11068617372886705 0.7646974103024691
1195  304 4560 78.663721 41.169444 0.015816195859250357 0.010357549852699767 37 -0.6351791447627793 -0.11070661356648887 0.7643896256301916
1196  302 4559 78.647110 41.164682 0.07365246768936176 0.007672768434160937 32 -0.6340624891492729 -0.11064534910421271 0.7653250071541077
1197  303 4559 78.653518 41.164508 0.048220196381007975 0.01344995997415405 24 -0.6344596864145031 -0.11066706576302306 0.7649926188338114
1198  302 4559 78.647055 41.160248 0.05525230471183785 0.014347955343589553 31 -0.6339873023069174 -0.11064123033750782 0.765387887716418
1199  303 4559 78.652997 41.160409 0.026270935565430354 0.011387027675650625 35 -0.6343614291489539 -0.11066176436600035 0.765074866346752
1200  303 4559 78.661412 41.162690 -0.007849526606404322 0.019707265711163102 136 -0.6349254612654877 -0.11069273394708423 0.7646023654737983
1201  304 4562 78.671283 41.188290 0.10183571026606632 0.011489639163837858 128 -0.6359699043937136 -0.1107510866895719 0.7637253940406393
1202  305 4562 78.679797 41.190445 0.09752635059677213 0.010479041680153204 33 -0.636556340663047 -0.11078512731848758 0.7632317346171458
1203  305 4562 78.683838 41.191670 0.06505136539630359 0.016524458651203767 6 -0.6368386729097275 -0.11080140466016024 0.7629938095501907
1204  306 4562 78.686756 41.191670 0.04446319339530495 0.0062916059696756016 8 -0.6370275741689071 -0.11081241520831431 0.7628345026178206
1205  305 4562 78.683838 41.189586 0.0825094572280978 0.013243739027399035 9 -0.6368033619673309 -0.11079933793094053 0.7630235808290395
1206  306 4562 78.687006 41.189670 0.039403769521199526 0.005537900662422314 10 -0.6370095805464093 -0.1108112559966234 0.7628496967532586
1207  305 4562 78.679744 41.186301 0.07793668863988637 0.008663298438527225 34 -0.636483487648774 -0.11078089391829707 0.7632931045758999
1208  305 4562 78.683838 41.187502 0.08876344864053654 0.005206501595590764 6 -0.6367680225579113 -0.11079729494938226 0.7630533696142013
1209  306 4562 78.687172 41.187502 0.03276998311089097 0.003932469775446673 6 -0.6369832775180707 -0.11080969830281755 0.7628718863114404
1210  305 4561 78.684422 41.185502 0.05285808495292686 0.014780921962233518 10 -0.6367717565150935 -0.11079742022666786 0.7630502354208389
1211  306 4561 78.687411 41.185299 0.027661859796235005 0.003982170829388269 7 -0.6369609580287462 -0.11080830813172382 0.7628907240202143
1212  304 4561 78.668859 41.182108 0.08042481729530188 0.007832139315322933 34 -0.6357127416984913 -0.11073643899663872 0.7639415888145709
1213  304 4561 78.674620 41.182035 0.06932993040842764 0.015908110231044416 34 -0.6360823680474758 -0.11075777619163292 0.7636307589877451
1214  304 4561 78.668761 41.177866 0.050270488618888276 0.01298954864383035 34 -0.6356375224284352 -0.1107323395554314 0.7640047703107756
1215  304 4561 78.674669 41.177916 0.024312596359193417 0.009900098547448232 35 -0.6360174779680047 -0.1107541277978753 0.7636853350005817
1216  305 4561 78.680087 41.182084 0.05033660993340856 0.01982168656674928 30 -0.6364349270040097 -0.11077803826898297 0.7633340094130986
1217  305 4561 78.684255 41.183334 0.05015310101859364 0.013816150988646922 8 -0.6367242496021605 -0.11079467908244203 0.7630902758229753
1218  306 4561 78.687172 41.183334 0.021416824478736846 0.004283794725728304 6 -0.6369120039352706 -0.11080548382576648 0.7629320048322102
1219  305 4561 78.684255 41.181250 0.02415169963581547 0.01756158620782221 12 -0.6366888718170403 -0.11079253377762936 0.7631201052019776
1220  306 4561 78.687172 41.181250 0.005350621123522876 0.005729504134350963 9 -0.636876370607563 -0.11080324543693629 0.7629620759660208
1221  305 4561 78.680353 41.177840 0.0036200917350020507 0.00912523244213244 33 -0.6363807619213666 -0.1107748992306015 0.7633796221781343
1222  305 4561 78.685740 41.177994 -0.012461866089565437 0.009407406816873744 32 -0.6367288261521201 -0.11079472636739796 0.7630864502506362
1223  306 4562 78.693667 41.189014 0.006040539590217794 0.01636694079248582 134 -0.6374287570234581 -0.11083537739030223 0.7624959664406614
1224  307 4562 78.704975 41.189106 -0.020671871880942983 0.01631419518534644 137 -0.6381605381281801 -0.11087727841388255 0.7618775208046777
1225  306 4561 78.694160 41.180156 -0.026804498218066807 0.014914750590170407 141 -0.6373062498196349 -0.11082766052782161 0.7625994843971264
1226  307 4561 78.705294 41.180910 -0.0510683009159443 0.0051858201298066375 135 -0.6380340971085304 -0.1108689446030971 0.7619846245492738
1227  304 4560 78.672169 41.171663 -0.0022376792249795647 0.015408231299839124 130 -0.6357544647061854 -0.1107392017961262 0.7639064666513229
1228  305 4560 78.683221 41.171586 -0.03361072793971117 0.014048113238511324 135 -0.6364588734856855 -0.11077912519328453 0.7633138854905909
1229  304 4559 78.672230 41.163194 -0.04150013061486498 0.011076149276894615 135 -0.6356194513121403 -0.1107316271869578 0.764019908022155
1230  305 4559 78.683540 41.163391 -0.06021508080745673 0.008454613249847087 137 -0.6363404639768955 -0.11077207930210574 0.7634136233738283
1231  307 4559 78.700263 41.167730 -0.07243780829184847 0.012929098027120186 546 -0.6374777756627127 -0.11083588445766691 0.7624549116194392
1232  294 4587 78.545886 41.409542 0.06502671811433686 0.010462724226746547 2173 -0.6317393453052009 -0.11052410629133458 0.7672612472436346
1233  298 4587 78.590638 41.410466 0.06281126024498998 0.01177382513429121 2177 -0.6345821997005818 -0.1106830968802939 0.7648886741795556
1234  294 4583 78.547036 41.375780 0.12097278278903413 0.01940865585090872 2185 -0.6312286501215075 -0.11049122391279959 0.7676861863444144
1235  297 4584 78.580375 41.384977 0.1020835101806209 0.009181160392546068 544 -0.6335043047592464 -0.11062160187812219 0.7657905438495713
1236  299 4584 78.602983 41.385260 0.10053768798442861 0.010113848607304007 549 -0.6349672086789312 -0.11070636610444658 0.764565722751442
1237  297 4582 78.581005 41.368056 0.13840507103154254 0.011933630885878824 548 -0.6333586357720606 -0.11062378127581414 0.7659107111858373
1238  299 4582 78.603442 41.368413 0.13974679851566046 0.013717328310179648 538 -0.6347747521790656 -0.1107018246034594 0.7647261732316154
1239  302 4587 78.635464 41.411378 0.06475861193117434 0.013459185525104996 2179 -0.637546738798047 -0.1108593294217242 0.7623938384641763
1240  306 4587 78.680286 41.412299 0.061593549581724596 0.012525806490511882 2179 -0.640514351030276 -0.11103299398666026 0.7598769902889695
1241  301 4584 78.625241 41.385893 0.10589541238636622 0.009277734766299643 538 -0.636412899075626 -0.11078932597146333 0.7633507366479355
1242  303 4584 78.647639 41.386288 0.104929904588046 0.010034269699504076 548 -0.6378647070839666 -0.11087198646276605 0.7621259856969094
1243  301 4582 78.625622 41.369118 0.14338222513597396 0.013060961490532335 545 -0.6361751900244949 -0.11077767776952738 0.763550544302922
1244  303 4582 78.648246 41.369376 0.14601563814758886 0.014191614820985268 544 -0.6375965137547515 -0.11085395638681489 0.7623529930427093
1245  305 4584 78.669980 41.386751 0.10186409511189581 0.010433615094807603 537 -0.6393608436113617 -0.11096168614413876 0.7608582100921417
1246  307 4584 78.692275 41.387290 0.10003017549518996 0.009143518845135513 549 -0.6409141691435358 -0.11106050403357118 0.7595357741639693
1247  305 4582 78.670445 41.370001 0.14194674754755018 0.013938420419993741 544 -0.6390798683864698 -0.11094241850661578 0.7610970382277382
1248  307 4582 78.693140 41.370242 0.1419371171274891 0.015035120089010034 551 -0.6406891622366325 -0.11104855462493593 0.7597273299732179
1249  293 4580 78.536973 41.350104 0.1756631440911426 0.011023362179332887 541 -0.6301273844227196 -0.11042307517783706 0.768600171655492
1250  295 4580 78.559143 41.350778 0.17809210797701724 0.012601140402767965 544 -0.6316496836626605 -0.11052226526934746 0.7673353282682824
1251  293 4578 78.537447 41.333399 0.21056475176532 0.01223670780614448 537 -0.6298618104202841 -0.11040508588316889 0.7688204060671207
1252  295 4578 78.559793 41.333862 0.22500650961254579 0.0165439234404083 548 -0.6314049074970771 -0.11050712841591814 0.7675389354018956
1253  297 4580 78.581752 41.351080 0.18691843860341303 0.016493752417482997 548 -0.6331641711900996 -0.11061683563731886 0.766072482206965
1254  299 4580 78.603963 41.351757 0.19146017607884225 0.017006321700326003 537 -0.6345749269880553 -0.11069520051676102 0.764892956315234
1255  297 4578 78.582187 41.334249 0.24505135573247147 0.01623102833333025 538 -0.6329215819381737 -0.11060366365218546 0.7662748206117658
1256  299 4578 78.604515 41.334849 0.25585545933050813 0.01929971836265421 553 -0.6343659264631097 -0.11068721949749749 0.7650674550538097
1257  293 4576 78.537921 41.316618 0.25450267925272924 0.016306424316298293 545 -0.6296069269404901 -0.11038900054802535 0.7690314597638774
1258  295 4576 78.560597 41.316858 0.2774001240718771 0.01573338249692143 549 -0.6311536612085864 -0.11048988611148601 0.7677480322410912
1259  293 4574 78.538829 41.299580 0.3091820789537355 0.019833959152899167 552 -0.6294040145292521 -0.11037910671991069 0.7691989594988904
1260  295 4575 78.555473 41.304210 0.3129114443728975 0.01087260849558354 130 -0.6305585635238872 -0.11044844775252467 0.7682428251248101
1261  296 4575 78.566566 41.304137 0.32976656272808574 0.012014458524278713 136 -0.6312782284267058 -0.11049172858792275 0.7676453453438591
1262  295 4574 78.555647 41.295799 0.34912001334105397 0.011583013605720572 134 -0.6304043334843202 -0.1104363693996252 0.7683711242869683
1263  296 4574 78.566885 41.295947 0.36465730012830805 0.009893742313152099 136 -0.6311149184650642 -0.11047668073466897 0.7677817806542985
1264  297 4576 78.582904 41.317485 0.29871198829395723 0.018926629370354362 542 -0.6326699819325455 -0.11058673035105306 0.766485009006527
1265  299 4577 78.599644 41.321779 0.29995008666885264 0.009384391665357709 132 -0.6338577540597791 -0.11066031395005442 0.7654924183391811
1266  300 4577 78.610535 41.322313 0.30902829223388545 0.010179459825704344 139 -0.6345748519638368 -0.11070268285978455 0.7648919356763546
1267  299 4576 78.599782 41.313314 0.33424726843161956 0.01137733797247788 133 -0.6336991947264895 -0.11064811470688976 0.765625447144235
1268  300 4576 78.611052 41.313808 0.3420325850333229 0.009572600315603553 143 -0.6344564191812574 -0.11069464631856808 0.764991338144494
1269  297 4575 78.577758 41.304776 0.3451372902349765 0.01312646283987464 140 -0.6320262430580047 -0.11053761873823334 0.767022987223763
1270  298 4575 78.588859 41.305015 0.35964824160858827 0.010918043845078568 131 -0.6327826883009923 -0.11058618300393656 0.7663920442666332
1271  297 4574 78.578144 41.296015 0.38184756906905937 0.009762686775654962 136 -0.6318376867398596 -0.11051889931985055 0.76718101547702
1272  298 4574 78.589199 41.296675 0.3905340245163027 0.008618591001923569 141 -0.6326141089879663 -0.11057046408010303 0.7665334706211282
1273  299 4574 78.605935 41.300927 0.38631635663032576 0.0186056589055097 540 -0.633858419419691 -0.11065380875168136 0.7654928077647218
1274  301 4580 78.626413 41.352066 0.19746239759664425 0.01818603121037859 550 -0.6359865458042343 -0.11077189635503527 0.7637085180446189
1275  303 4580 78.648830 41.352561 0.20068343099197003 0.019093287935457677 540 -0.6373951960080048 -0.11084725380058877 0.7625222950385026
1276  300 4579 78.621323 41.339222 0.24686799672855453 0.010461724698846993 130 -0.635499289223163 -0.11075011332448176 0.7641171806702615
1277  301 4579 78.632593 41.339305 0.25400953805364257 0.01079185283542528 142 -0.6362172883716039 -0.11079023135007778 0.7635136453361392
1278  300 4578 78.621580 41.330813 0.2819224545670703 0.010157169493370099 136 -0.6354055681335179 -0.11074808758399149 0.7641954102724053
1279  301 4578 78.632818 41.330961 0.28767264106263163 0.009293279312194765 134 -0.636129535484393 -0.1107893682378947 0.7635868843621259
1280  303 4578 78.649372 41.335750 0.2691325347754083 0.01955518259128482 544 -0.6372446575358198 -0.11084945384276432 0.7626477856945606
1281  305 4580 78.671256 41.353009 0.19862362323768873 0.019286453258702256 551 -0.6388808574127007 -0.11093494379518051 0.761265189192815
1282  307 4580 78.693696 41.353364 0.2021182454724076 0.018652136168624357 537 -0.6404521994791008 -0.11103649558958424 0.7599288630059833
1283  304 4579 78.666050 41.340152 0.24994772865578552 0.010513367885331242 135 -0.6383737535998041 -0.1109113005879981 0.7616939241695284
1284  305 4579 78.677188 41.340442 0.24920826952477235 0.010394742357068183 136 -0.639129987835054 -0.1109577218991834 0.7610527199878516
1285  304 4578 78.666334 41.331720 0.2867961525302867 0.010329000752152316 130 -0.6382987403123581 -0.11091247132199475 0.7617566158694682
1286  305 4578 78.677702 41.331847 0.28532775962247886 0.010754901627477328 144 -0.6390509970307234 -0.11095689629022873 0.7611191696177924
1287  307 4578 78.694137 41.336702 0.26491422391527386 0.01843520305325093 538 -0.6402133932336195 -0.11102454738761643 0.7601318050191491
1288  301 4576 78.627672 41.318362 0.3343156688378434 0.018635627396691435 536 -0.6356275847902266 -0.11076498507879752 0.7640083059327543
1289  302 4577 78.644386 41.322823 0.31994343388113405 0.011045956301603925 145 -0.6367792041453073 -0.11083104636173911 0.7630391368274835
1290  303 4577 78.655498 41.323384 0.3221955052538946 0.011760094776729802 130 -0.6375052619340171 -0.11087248825959113 0.7624266078473174
1291  302 4576 78.644700 41.314249 0.3590426022513826 0.010832191063268305 131 -0.6366890593193504 -0.11082957503072337 0.7631145700624186
1292  303 4576 78.655621 41.314783 0.3626171904241348 0.01130272277096622 142 -0.637415972885454 -0.11087263619400137 0.7625012367556414
1293  300 4575 78.622438 41.305754 0.3769918562641196 0.01010604441327629 142 -0.6350709608428217 -0.11073185428353668 0.7644758538640085
1294  301 4575 78.633781 41.305906 0.38887282475557344 0.010938737039714359 131 -0.6358394594904252 -0.11078004726493952 0.7638297996824305
1295  300 4574 78.622864 41.297226 0.4140626305257365 0.011861959587863301 139 -0.6349525629811958 -0.11072457205464237 0.7645752493423565
1296  301 4574 78.633957 41.297475 0.4223027332767939 0.0085185961466531 133 -0.6357217462335361 -0.110774573642529 0.7639285668176701
1297  303 4574 78.650673 41.301877 0.4134734569868244 0.01885206142278485 545 -0.6369277090820222 -0.11084991928329628 0.7629124384871527
1298  304 4577 78.666672 41.323335 0.32448791910778346 0.011862929408913592 138 -0.6382267095120864 -0.11091364168632718 0.7618167964499418
1299  305 4577 78.677915 41.323434 0.324085662420027 0.011286795119389213 132 -0.638953204977513 -0.11095470211257308 0.7612015869190463
1300  304 4576 78.666967 41.315132 0.3637530940184987 0.010863018150891624 133 -0.6381483604879145 -0.11091369041734664 0.7618824209053467
1301  305 4576 78.678123 41.314959 0.3602442220599858 0.010309417270005752 132 -0.6388478384974144 -0.11095135863213444 0.7612905064854448
1302  306 4577 78.688964 41.323800 0.31939979863229917 0.011710703077200098 141 -0.6396712526819582 -0.11099506528236854 0.7605923901639151
1303  307 4577 78.700256 41.324282 0.31625308450636935 0.011942864732521657 135 -0.640407718410752 -0.111036368301234 0.7599663670942338
1304  306 4576 78.689503 41.315270 0.3584680163972107 0.012027806066829237 142 -0.6395682289764476 -0.11098988043412934 0.7606797794901268
1305  307 4576 78.700471 41.315846 0.3549307718599448 0.011288496738117515 131 -0.6402684815647749 -0.1110272292033097 0.760085012278346
1306  305 4574 78.672932 41.302441 0.41278747320894615 0.01883175766615622 543 -0.6383541750506349 -0.11092908816582886 0.7617077422437828
1307  307 4574 78.695606 41.302719 0.40519264199619415 0.016759091180532763 551 -0.6397273886267251 -0.11099604129153563 0.7605450328931475
1308  300 4596 78.609973 41.495315 0.026395578463584275 0.007876848187686022 34902 -0.6373919988711093 -0.11085862487049672 0.7625233144415416
1309  300 4611 78.605093 41.630378 0.023359947885585652 0.004744834130235282 34872 -0.6388900767027086 -0.11089265302030044 0.7612636136036757
1310  300 4621 78.600448 41.723985 0.024573342974327443 0.0027488814729164437 13608 -0.6397922267736983 -0.11090149555539588 0.7605042832512708
1311  315 4492 78.821124 40.560539 0.0016317862125497392 0.001239103758821471 30972 -0.6360121915348311 -0.1108517960660406 0.7636755669313994
1312  315 4506 78.816556 40.688786 0.004038732387790872 0.002731581445120876 34492 -0.6378418160237694 -0.11095596022126294 0.7621329231983601
1313  315 4521 78.812111 40.823822 0.012163521394035853 0.0033905314232667246 34565 -0.6398829000854235 -0.11108037093935974 0.760401884118025
1314  315 4536 78.807682 40.958857 0.009685940416048375 0.008599944266984844 34617 -0.6413492249584464 -0.11110510726432062 0.759161923956269
1315  309 4557 78.734442 41.143185 -0.07518359393728066 0.01138548511850144 2173 -0.639205094882283 -0.11092688487809681 0.7609941345948554
1316  313 4557 78.779093 41.144052 -0.04819492190263343 0.010651126085113859 2169 -0.6420136752194019 -0.11107514421952096 0.758604477424098
1317  309 4553 78.735747 41.109425 -0.046445907510698034 0.010271227619928394 2170 -0.6387267647966595 -0.1109002065699828 0.7613995430226682
1318  313 4553 78.780375 41.110305 -0.02598297432599086 0.007146581515991315 2168 -0.6415482913050728 -0.11105150414236417 0.7590015502956893
1319  319 4555 78.846679 41.128439 -0.015646371483494285 0.008231452919514798 8680 -0.6459702224232554 -0.11127681969441673 0.755208541491121
1320  311 4547 78.759703 41.059241 -0.01339231091277697 0.009581401942262377 8672 -0.6394252958714028 -0.11093917146953759 0.7608073285881397
1321  319 4547 78.848897 41.060926 0.0016792037631295034 0.003431405542631668 8671 -0.6451167589567715 -0.11124686418404764 0.7559421290828597
1322  308 4573 78.718177 41.286532 0.41819683195040347 0.010781146745154027 546 -0.6407259355776823 -0.11103099345845886 0.7596988837491677
1323  310 4573 78.735009 41.290854 0.3756081797973891 0.012676978509196557 136 -0.6417970107204706 -0.11108073954388883 0.7587869703234571
1324  311 4573 78.746469 41.291129 0.3474173966999637 0.015002077838835327 130 -0.6424860758470874 -0.11111267565207317 0.7581989288122529
1325  310 4572 78.735302 41.282613 0.38958808572209946 0.007086317412247511 135 -0.6416013180768662 -0.11106131468809366 0.7589552905288823
1326  310 4572 78.742186 41.285870 0.387333976129183 0.0041799671168257085 6 -0.6420768326056492 -0.1110850020438928 0.7585495787039932
1327  311 4572 78.745104 41.286009 0.3573578100127645 0.023977841903651216 6 -0.6422565026199477 -0.11109383091518109 0.7583961666404849
1328  310 4572 78.742186 41.283786 0.37395077870080584 0.018785955483342054 9 -0.6420202190554996 -0.11107943373049793 0.7585983111805881
1329  311 4572 78.745104 41.283786 0.35731712239201013 0.019651252603375895 12 -0.6421958251078902 -0.11108775370441909 0.7584484380568678
1330  311 4572 78.749271 41.284620 0.34011989599901254 0.008187829472767805 30 -0.6424897949519572 -0.11110525365187826 0.7581968649325476
1331  311 4572 78.743623 41.280567 0.3696333831821079 0.01840948476666003 29 -0.6420189399538954 -0.11107492148242544 0.7586000544148078
1332  311 4572 78.749487 41.280452 0.32734255224993736 0.00858670322772778 29 -0.6423930313933289 -0.11109528979075213 0.7582803108373567
1333  308 4571 78.713222 41.273326 0.4227146862908177 0.00939976805893403 135 -0.6401840739395132 -0.1110006202226565 0.760159992228211
1334  309 4571 78.724277 41.274100 0.39791728299645396 0.010989049185421103 142 -0.6408221258267945 -0.11102638151894265 0.7596184210889293
1335  308 4570 78.713508 41.265078 0.39692579712649345 0.013412154154852229 138 -0.6400597480300341 -0.11099314800470136 0.7602657693515708
1336  309 4570 78.724700 41.265366 0.3644251935195459 0.012519533847592485 135 -0.6407183201597827 -0.11102236139468787 0.7597065680129227
1337  310 4571 78.735525 41.274236 0.3751525261720864 0.011738061262768372 125 -0.641459240150647 -0.11105164877104831 0.7590767909313169
1338  311 4571 78.746800 41.274138 0.32877538728121386 0.0170078635814347 129 -0.6421244451271446 -0.111081707710013 0.758509756814231
1339  310 4570 78.735830 41.265936 0.33481101970403676 0.01961373210916488 131 -0.6413752655957923 -0.11105102147472673 0.7591478375858991
1340  311 4570 78.747154 41.265949 0.28984069484104946 0.014814440504336345 126 -0.6420570019374593 -0.11108336022177318 0.7585666044223943
1341  312 4573 78.762935 41.287387 0.31424025528934657 0.01366943779225024 548 -0.6434458613070472 -0.11116107346863772 0.7573774747852833
1342  314 4573 78.785598 41.287627 0.2656915498280016 0.01768056192476962 544 -0.6449128731265327 -0.11124138068859674 0.7561168833574445
1343  312 4571 78.758209 41.274379 0.3041310078922032 0.012248452627995777 130 -0.6428710590018295 -0.11112372265017081 0.7578709123341745
1344  313 4571 78.768965 41.274884 0.2709985132830868 0.013710979041191408 134 -0.6435816046086847 -0.11116375337698482 0.7572617368812791
1345  311 4570 78.755523 41.267947 0.2865298858970467 0.012030764522248865 35 -0.6426194773051463 -0.11111324692008867 0.7580857825780245
1346  312 4570 78.760941 41.267947 0.2643394467670192 0.012526726210518382 30 -0.642970307407153 -0.1111327741375392 0.7577853853864205
1347  311 4570 78.755523 41.263779 0.2576864001544532 0.010767790801061423 35 -0.6425704719822996 -0.11111293113417851 0.7581273673145008
1348  312 4570 78.761358 41.263833 0.23741436010195885 0.007761088088792398 31 -0.6429462182175795 -0.11113350203517534 0.7578057173214717
1349  313 4570 78.769492 41.266377 0.2316390516598221 0.01987705132388532 137 -0.6435029082430512 -0.11116291935125218 0.7573287347275568
1350  314 4571 78.780408 41.275183 0.2443777052281294 0.011915461516134165 131 -0.6443347818285392 -0.11120614586045599 0.7566147514084244
1351  315 4571 78.791429 41.275011 0.20705935336713746 0.01779893506562383 131 -0.645053186436302 -0.11124643986928442 0.7559964393334027
1352  314 4570 78.780542 41.266651 0.2044213069104504 0.018945421301617603 128 -0.6442195666559015 -0.11120213727121075 0.7567134428593146
1353  315 4570 78.791788 41.266655 0.17054258985531384 0.017625347062457754 138 -0.6449447726087061 -0.11124164012961171 0.7560896360789363
1354  308 4569 78.713846 41.256693 0.36337642738764003 0.01582473310500686 130 -0.6399372217572589 -0.11098587289607081 0.7603699679939353
1355  309 4569 78.722181 41.258777 0.3460404570370971 0.005612692293369808 35 -0.6404715025662694 -0.11101151611470435 0.7599162438653485
1356  309 4570 78.726349 41.260028 0.3406452919148122 0.003190762328672386 6 -0.6407387116897759 -0.11102394776656503 0.7596891379797748
1357  309 4570 78.728954 41.260340 0.32466568277222735 0.02497260954247474 8 -0.6408980756138244 -0.11103116813002678 0.7595536428575524
1358  309 4569 78.726245 41.258048 0.3341554788988952 0.003478005807364865 8 -0.6407042076579582 -0.11102267046239161 0.759718424768537
1359  309 4569 78.729380 41.258020 0.2984852001734715 0.022050924514406375 11 -0.6408919131274513 -0.11103149876189572 0.759558794281603
1360  309 4569 78.722259 41.254687 0.31508577594109055 0.0166788198446221 32 -0.640414285132861 -0.11100904766572674 0.7599648246689547
1361  309 4569 78.727940 41.254634 0.2763488451044141 0.016730397518669848 33 -0.6407584559048046 -0.11102590514863081 0.7596721987623463
1362  308 4569 78.711345 41.250441 0.3428879785935137 0.009205891970494932 35 -0.6396768639896343 -0.11097187568654918 0.7605910546956202
1363  308 4569 78.716763 41.250441 0.3196928717342215 0.009815429171651374 30 -0.640011068310841 -0.11098898347291912 0.7603073575780153
1364  308 4568 78.711345 41.246273 0.3189997935754745 0.009817990981779648 35 -0.6396038685209262 -0.11096742402230646 0.7606530892456294
1365  308 4568 78.717180 41.246273 0.2913530013441315 0.01061480265173278 35 -0.6399690469949872 -0.11098673926852964 0.7603430558602263
1366  309 4569 78.722181 41.250441 0.2900485435465731 0.010343135180546845 35 -0.6403451426001701 -0.11100599072494784 0.7600235314590861
1367  309 4569 78.728016 41.250441 0.26263491203204364 0.009751700007792585 35 -0.6407047986024459 -0.11102427386011374 0.7597176920814953
1368  309 4568 78.722598 41.246273 0.2647883390676036 0.009328442018089326 30 -0.6403080171221626 -0.11100458818127906 0.760055014200807
1369  309 4568 78.728016 41.246273 0.24085490789831426 0.010386478805450853 35 -0.6406468835948409 -0.11102242744576284 0.7597668005014885
1370  309 4570 78.731767 41.260445 0.3131114171417541 0.0339682622010333 12 -0.6410667721662697 -0.11103907162411952 0.759410111992969
1371  310 4570 78.734684 41.260445 0.29338292178900716 0.023119414603806544 8 -0.6412401539381369 -0.11104707243596855 0.7592625452903595
1372  310 4569 78.732065 41.258182 0.2699531812996225 0.002169182320954455 7 -0.6410549599377352 -0.11103921764231019 0.7594200619450427
1373  310 4569 78.734684 41.258361 0.2690739710164596 0.0035225119807513494 6 -0.6412142370483073 -0.11104668835025903 0.7592844889848585
1374  310 4570 78.738852 41.259611 0.2763319962427358 0.00872798681954913 35 -0.6414781984716099 -0.11105839656998977 0.7590597825184263
1375  310 4569 78.733396 41.255089 0.2597049430566508 0.006828923511734985 33 -0.6410953772208964 -0.1110421589311523 0.7593855122702206
1376  310 4569 78.738852 41.255443 0.25222857177460245 0.0084333655066937 35 -0.6414300908269545 -0.11105820134037761 0.7591004640340863
1377  311 4569 78.747337 41.257455 0.23381142213654293 0.019448708537867246 128 -0.6419760012767823 -0.11108456829299931 0.7586349797312477
1378  310 4568 78.736370 41.248743 0.21976461712804612 0.018799252683974525 136 -0.6411987740263961 -0.11105002322391247 0.7592970594760756
1379  311 4568 78.747604 41.249191 0.18135756002454134 0.019648245684777698 140 -0.6419026068533625 -0.11108599225509842 0.7586968733555963
1380  308 4568 78.711345 41.242105 0.2972714172951546 0.009567533651368395 35 -0.639530881681978 -0.11096297199812873 0.7607151045039228
1381  308 4568 78.717180 41.242105 0.27115655589836124 0.009815321872605441 35 -0.6399013292216934 -0.11098316549252432 0.7604005693301189
1382  308 4567 78.711580 41.238015 0.27607672843197145 0.011023149981923146 32 -0.6394742583536119 -0.11095943945782967 0.7607632192070686
1383  308 4567 78.717180 41.237937 0.2481901512075791 0.01173506320779971 35 -0.6398332838150835 -0.11097961343303636 0.7604583448977732
1384  309 4568 78.722780 41.242027 0.2433181498655833 0.00998626291236414 32 -0.6402556519457061 -0.11100250051758491 0.7600994310157208
1385  309 4568 78.728168 41.242181 0.21691559363310797 0.011252817319421939 33 -0.640599684297428 -0.11102108440906458 0.7598067933986054
1386  309 4567 78.723015 41.237937 0.21735550126874506 0.011487411080714964 35 -0.6402087103453641 -0.1110005993551092 0.7601392465467969
1387  309 4567 78.728483 41.237970 0.1855207444883806 0.015255706505171078 25 -0.6405607101273463 -0.11102019479397653 0.7598397811309021
1388  308 4567 78.711762 41.233769 0.24968969759364762 0.010886016918583574 30 -0.639409683777455 -0.1109551899794194 0.7608181136830575
1389  308 4567 78.717180 41.233769 0.22283182771715127 0.011002097623792577 35 -0.6397596649022933 -0.110975047741237 0.7605209464195812
1390  308 4566 78.712179 41.229600 0.22161388394109524 0.011217152313504834 35 -0.6393609916577734 -0.11095182157050415 0.7608595242464771
1391  308 4566 78.717597 41.229600 0.19457432060429775 0.010505583415126104 30 -0.6397110963296877 -0.11097164583257224 0.7605622966291973
1392  309 4567 78.722832 41.233716 0.19285106362257193 0.012643040168524647 32 -0.6401237264383864 -0.11099553632420442 0.7602115532973278
1393  309 4567 78.728776 41.233719 0.1555517734331919 0.010905276166189703 34 -0.6405074374376286 -0.11101710526008564 0.7598851392985345
1394  309 4566 78.723015 41.229600 0.16573904582906912 0.012346069603964132 35 -0.6400610731727465 -0.11099140123181804 0.7602649087400718
1395  309 4566 78.728850 41.229600 0.13351157508213618 0.009478597416401637 35 -0.6404378277146833 -0.11101263118699808 0.7599444614898099
1396  310 4568 78.733851 41.242105 0.1874789720971126 0.01129544178178734 35 -0.64095902324784 -0.11104051197797982 0.7595008460935662
1397  310 4568 78.739814 41.242361 0.16344649741259454 0.010379975727320965 39 -0.641339912069766 -0.11106084143043002 0.7591762685220802
1398  310 4567 78.733851 41.237937 0.15792644800718805 0.01060775529335748 35 -0.6409054903096051 -0.11103939525316972 0.7595461837128898
1399  310 4567 78.739686 41.237937 0.13543121248322867 0.009704093436796575 35 -0.6412804683023501 -0.11106014349987643 0.7592265837677875
1400  311 4567 78.747927 41.240751 0.12620771953060103 0.017525487518139322 133 -0.6418303265446366 -0.1110875126091167 0.7587577982926599
1401  310 4566 78.737140 41.231713 0.11202795382713847 0.016593847247452914 131 -0.6410109465718179 -0.11104504593582626 0.7594563609241892
1402  311 4566 78.748146 41.232048 0.07596188111097799 0.016043587813769 140 -0.6417129340337292 -0.11108266187750972 0.7588577946651331
1403  311 4570 78.755523 41.259611 0.225675361668417 0.011170116248338796 35 -0.6425214465947177 -0.11111265598714704 0.7581689576508084
1404  312 4569 78.761358 41.259611 0.20823308052630632 0.011718030004199029 35 -0.6428938307663056 -0.1111327789635724 0.7578502674027756
1405  311 4569 78.755674 41.255519 0.19524832341887322 0.010246288139181227 33 -0.6424828794155848 -0.11111284988049855 0.7582016118746339
1406  312 4569 78.761358 41.255443 0.17775126782334036 0.009100630539540253 35 -0.6428420949849515 -0.11113199664269977 0.7578942671887455
1407  313 4569 78.769817 41.257697 0.17440597682709566 0.01762147923654892 135 -0.6434079384375898 -0.11116115358729468 0.7574096795583171
1408  312 4568 78.758857 41.249191 0.14503635781999494 0.017723829618951213 130 -0.6426078150635389 -0.1111227304326871 0.7580942783061015
1409  313 4568 78.770020 41.249157 0.11605942026871792 0.019852984965320623 135 -0.6433065779188087 -0.11115893225276631 0.7574960980670571
1410  314 4569 78.780836 41.258269 0.148295042604628 0.01627745617272238 141 -0.6441164050998073 -0.11119866620966819 0.7568017661940886
1411  315 4569 78.792154 41.258389 0.12090905203462372 0.016350266384247976 131 -0.644837525928307 -0.1112367896352107 0.7561818179421613
1412  314 4568 78.781195 41.249769 0.09572040224373655 0.018290797232158998 139 -0.6440149800691936 -0.11119527275549448 0.75688857618761
1413  315 4568 78.792287 41.249974 0.07118062573657011 0.01563150104289651 132 -0.6447126026808961 -0.11123096734381707 0.7562891853307065
1414  312 4567 78.759073 41.240777 0.09245946277000054 0.01845817924300116 135 -0.6425190136899258 -0.11112225477478803 0.7581696126465978
1415  313 4567 78.770310 41.240932 0.06220998462118693 0.016708579312859493 135 -0.6432144267420732 -0.11115701963767449 0.7575746288096876
1416  312 4566 78.759392 41.232582 0.04341873144789869 0.016655785302365805 137 -0.6424120487314079 -0.11111748866829821 0.7582609467437749
1417  313 4566 78.770527 41.232518 0.012912471365847564 0.012729249254254189 130 -0.6430928212726742 -0.11115100626216987 0.7576787426307137
1418  314 4567 78.781528 41.240995 0.03746666465994067 0.014757043795833964 136 -0.6439072683838775 -0.11119149368383463 0.75698076689885
1419  315 4567 78.792583 41.241656 0.023887972786566642 0.013561558212531704 141 -0.6445990688344589 -0.11122566694538047 0.75638673406552
1420  314 4566 78.781779 41.232518 -0.0035033654164443933 0.009751995408752198 140 -0.643781510996533 -0.1111847049599752 0.7570887183692439
1421  315 4566 78.792940 41.233088 -0.012964282857083046 0.007802918234808646 136 -0.6444745850655508 -0.11121856763687614 0.7564938462521605
1422  315 4573 78.802163 41.292504 0.24022320380664802 0.011057163698571553 131 -0.646068245605379 -0.11130447898533134 0.7551206095573021
1423  316 4573 78.813394 41.292392 0.20868138893561552 0.010898363094636113 133 -0.6467802145500484 -0.11134160630005631 0.7545054014207696
1424  315 4572 78.802284 41.283845 0.21473137157031563 0.011652293291084628 141 -0.6459185683442809 -0.11129516114777607 0.7552500183205328
1425  316 4572 78.813613 41.284277 0.1884967087284321 0.01203246320596195 136 -0.6466612737696394 -0.11133568746600635 0.7546082173572582
1426  317 4573 78.824575 41.292605 0.18409537968312778 0.006243000429474421 133 -0.6474923478309035 -0.11137828094871946 0.7538889427716342
1427  318 4573 78.835804 41.292794 0.15559111214615032 0.016004189893546867 134 -0.6481817790659762 -0.11141070624168015 0.7532914680398259
1428  317 4572 78.824707 41.284203 0.16149754662789786 0.010323352433163995 130 -0.6473773717026786 -0.1113743191754426 0.7539882622664218
1429  318 4572 78.835960 41.284203 0.13143334429641254 0.011444559813873104 140 -0.6480706006404405 -0.11140762438848867 0.7533875747672324
1430  315 4571 78.802832 41.275270 0.17909235833035858 0.012886155675391999 144 -0.6458029691259063 -0.11128823863995291 0.7553498878060291
1431  316 4571 78.813833 41.275832 0.15656852202275326 0.013105170514180345 131 -0.646531739811235 -0.11132865507893919 0.7547202395424228
1432  315 4570 78.803035 41.266697 0.14237770153148854 0.015457545119946266 130 -0.6456701543345523 -0.1112809029047521 0.7554645011185492
1433  316 4570 78.814034 41.267178 0.11515468092317532 0.016442421259547858 143 -0.6463871768191854 -0.11131957325460304 0.7548453949347085
1434  317 4571 78.825085 41.275840 0.12941756512352473 0.013430880756306742 139 -0.6472642165618954 -0.1113687427691615 0.7540862265633369
1435  318 4571 78.836332 41.275895 0.10346537162779 0.01258949269134097 131 -0.6479594999558518 -0.11140234944152146 0.7534839102169811
1436  317 4570 78.825366 41.267605 0.09060805538008077 0.013324220422220225 134 -0.6471227131427659 -0.11135881601143004 0.7542091276504665
1437  318 4570 78.836465 41.267480 0.06889671033643563 0.012055751520261586 132 -0.6478016740150941 -0.11139118962901247 0.7536212536919822
1438  320 4573 78.852487 41.289098 0.10818262158443079 0.019595629225777914 543 -0.649136808601827 -0.11145466923422416 0.7524621322193727
1439  322 4573 78.875021 41.289333 0.06333396204315385 0.015377514183817083 542 -0.6504981821746011 -0.11151519086232656 0.7512765650507665
1440  319 4571 78.847543 41.275988 0.07983246029757043 0.010843803128686005 141 -0.6486399489818138 -0.11143348460455031 0.7528936147250537
1441  320 4571 78.858625 41.276774 0.061371004496040556 0.00964826641960373 136 -0.6493254869638281 -0.1114649209100007 0.7522978023267879
1442  319 4570 78.847708 41.267579 0.04788557830005675 0.010767444295743988 138 -0.6484837737244461 -0.11142241270534427 0.7530297744199902
1443  320 4570 78.858754 41.268130 0.03231514790175241 0.00921401366312106 137 -0.6491625519353994 -0.11145349627585918 0.752440096840012
1444  322 4571 78.875553 41.272532 0.022112373122230557 0.015189053931437302 540 -0.6502647518631909 -0.11150500963382505 0.7514801296846533
1445  315 4569 78.803251 41.258283 0.09384395245927553 0.015264370560568192 135 -0.6455405087887851 -0.11127374123620665 0.7555763403019009
1446  316 4569 78.814622 41.258630 0.07073323053281469 0.013172627182500238 141 -0.6462684473016959 -0.11131180707639488 0.7549481940025042
1447  315 4568 78.803530 41.250073 0.051223784174786596 0.013367080814849205 138 -0.6454179180405379 -0.11126686766502514 0.7556820728535456
1448  316 4568 78.814704 41.250024 0.03189553362233392 0.011741208079581506 130 -0.6461159841140559 -0.11130216578407005 0.7550801036738422
1449  317 4569 78.825540 41.259194 0.05333373168415923 0.011560707351620484 130 -0.6469702833795118 -0.11134820972874497 0.7543414535964715
1450  318 4569 78.836793 41.259194 0.035423784085509044 0.010225548265536424 140 -0.6476576713882549 -0.1113806537001363 0.7537465692613622
1451  317 4568 78.825780 41.250612 0.018361239318688567 0.010707968431221347 146 -0.6468179609739827 -0.11133743071713839 0.7544736588395685
1452  318 4568 78.837165 41.250887 0.005555457470144845 0.009198737687005073 131 -0.6475158098558019 -0.11137019096584515 0.7538699865036518
1453  316 4567 78.809642 41.237480 -0.00950732272695975 0.015525172948933083 537 -0.6455749720627147 -0.11127259548178232 0.7555470633527555
1454  318 4567 78.831976 41.237910 -0.021343294019053966 0.007956895720737996 549 -0.6469472417426856 -0.11133805533807642 0.7543627137094373
1455  321 4568 78.865260 41.247009 -0.01747352408711071 0.014553707211094684 2169 -0.649134608546187 -0.11144167820743685 0.7524659542769352
1456  308 4566 78.712017 41.225340 0.19563554368409478 0.011172633056461425 36 -0.6392732244393448 -0.11094618091924295 0.7609340900855723
1457  308 4566 78.717779 41.225354 0.16320452556890258 0.01337366601582899 32 -0.639645974975117 -0.11096733903905814 0.7606176939597992
1458  308 4565 78.712149 41.220698 0.1596993711828961 0.015693909962799405 28 -0.6391975811364674 -0.11094117828797226 0.7609983621725906
1459  308 4565 78.718013 41.221264 0.13231491644839452 0.01086279682125739 35 -0.6395870402815026 -0.11096340145437605 0.7606678259540247
1460  309 4566 78.726217 41.223414 0.11291761269121872 0.01845875733537521 133 -0.6401561188671874 -0.11099587523638921 0.7601842271169584
1461  308 4565 78.712393 41.216405 0.12283671192192637 0.01017823781444455 35 -0.6391354678953917 -0.11093700712974855 0.7610511376558299
1462  308 4565 78.717901 41.216961 0.1040105746551581 0.010268817576814679 37 -0.6395018131148446 -0.11095797193894126 0.7607402707140088
1463  308 4564 78.712595 41.212094 0.093449004627018 0.00986832421526282 30 -0.6390703542188207 -0.11093265689450112 0.7611064498432252
1464  308 4564 78.718013 41.212511 0.07251324258291432 0.010607645201559717 38 -0.6394285045746613 -0.11095309948372208 0.7608026007134621
1465  309 4565 78.726349 41.215012 0.06225065990109733 0.018632407749004896 130 -0.6400128087738657 -0.1109865848799496 0.7603062426299504
1466  310 4566 78.737273 41.223298 0.07180234714351375 0.015898517153944358 132 -0.6408679828518826 -0.1110358811890683 0.7595783446386069
1467  311 4566 78.748631 41.223524 0.034554485688369545 0.014631968275801795 142 -0.6415891510619864 -0.11107443378455213 0.7589636561779496
1468  310 4565 78.737602 41.215012 0.029336476715304243 0.015355738617956737 140 -0.6407399700974387 -0.11102755463504409 0.7596875494776097
1469  311 4565 78.748855 41.215012 0.0019966326964043443 0.010640937287483629 130 -0.6414495476124471 -0.11106540218701876 0.759082969315491
1470  308 4564 78.715582 41.205912 0.037428139165152974 0.018839974871811334 132 -0.6391515606055519 -0.11093637514922608 0.7610377147318245
1471  309 4564 78.726650 41.206548 0.012264337306583304 0.01386705508488135 144 -0.6398793292715301 -0.11097783362157601 0.7604198606136471
1472  308 4563 78.715891 41.197479 -0.007756457253727304 0.012843467244194764 139 -0.6390185559250365 -0.11092756709835636 0.761150681561227
1473  309 4563 78.727140 41.197947 -0.02686021140824507 0.010865514596704602 138 -0.6397554426029842 -0.11096958770614454 0.7605252949535524
1474  310 4563 78.743752 41.202449 -0.031460016046630186 0.01878965811478465 535 -0.6409014097241523 -0.11103385571512175 0.7595504367049153
1475  312 4565 78.765362 41.219842 -0.015571179244508866 0.015987588825109315 547 -0.6425461656949747 -0.1111207730792666 0.7581468187237564
1476  314 4565 78.787935 41.220069 -0.038651894361126 0.010516193745275636 541 -0.6439290564426401 -0.11118828829167798 0.7569627037150892
1477  312 4563 78.766054 41.202864 -0.051939888461420225 0.014190934573531913 547 -0.6422795693879157 -0.11110312493422651 0.7583752701510798
1478  314 4563 78.788279 41.203379 -0.06873909756014768 0.008572984296247938 534 -0.6436428966636754 -0.11116952775192655 0.757208793975484
1479  309 4560 78.733431 41.176943 -0.07204270111772187 0.01447591586779853 2167 -0.6397581457238805 -0.11096394115195335 0.7605238449542315
1480  313 4560 78.778101 41.177809 -0.07374598875649306 0.009147433927482322 2175 -0.6425514113292723 -0.1111087215137446 0.7581441391993621
1481  319 4562 78.844503 41.195971 -0.03879541845026265 0.012195509628801171 8693 -0.6469454045611115 -0.11132625813559376 0.7543660303637664
1482  309 4587 78.725051 41.413190 0.05468484730197117 0.014695354076913152 2171 -0.6434699291142064 -0.1112020157779606 0.7573510163805661
1483  313 4587 78.769824 41.414085 0.04367591624258163 0.010473631887774438 2178 -0.6462080839111943 -0.11133143240353688 0.7549969698262368
1484  308 4584 78.714720 41.387601 0.10032289895435333 0.010870047903914899 538 -0.6424703265198626 -0.11115833640870931 0.7582055814805831
1485  310 4584 78.737022 41.388253 0.0972914517665193 0.013064777806551854 542 -0.6440117672495581 -0.11125323666943802 0.7568827920984034
1486  308 4582 78.715454 41.370853 0.14367432761168433 0.013760501442809306 541 -0.6422737792458966 -0.11115178091015072 0.7583730441502357
1487  310 4582 78.737955 41.371058 0.1382873164867447 0.013103260842306341 538 -0.6438528815519713 -0.11125259474048661 0.7570180493757941
1488  312 4584 78.759746 41.388455 0.08215743820717335 0.011260500956984942 543 -0.6453960821008906 -0.11131869893954831 0.7556930888100185
1489  314 4584 78.782027 41.389053 0.07356614171309109 0.011039501323496632 548 -0.6466724368747833 -0.11136785338147098 0.7545939044410793
1490  312 4582 78.760296 41.371713 0.12545520859738862 0.012744684634346564 537 -0.6452185853558189 -0.1113170294466656 0.7558448888936182
1491  314 4582 78.782697 41.372057 0.11264971383605768 0.012433946777755465 549 -0.646494519341575 -0.11136587704073846 0.7547466315872188
1492  317 4587 78.814703 41.414926 0.03510196838956506 0.008916422829141514 2182 -0.6488008253359987 -0.11143299930778425 0.7527550569133351
1493  321 4587 78.859590 41.415788 0.0270370913923101 0.0036172309401641387 2181 -0.651406879783033 -0.11153399756464627 0.7504860054381978
1494  317 4583 78.816022 41.381193 0.07458115050290615 0.01742112354857781 2173 -0.6485055545181911 -0.11143938775140505 0.7530085050095021
1495  321 4583 78.860816 41.382011 0.04386425903887714 0.013977171636928395 2177 -0.6511232112796559 -0.11154371486452419 0.7507306863363787
1496  308 4580 78.715944 41.353964 0.19515931251840224 0.015968512131674318 549 -0.6420158847419155 -0.11113687335957774 0.7585935664892715
1497  310 4580 78.738451 41.354263 0.1860457746700529 0.015946479436650774 539 -0.6435829084929525 -0.11123563393001068 0.7572500733839123
1498  308 4579 78.710889 41.340863 0.24175647401399494 0.009386233513215022 139 -0.641411884370608 -0.11109684170124288 0.7591101938138854
1499  309 4579 78.722011 41.341544 0.23591475789337496 0.01140938184155463 137 -0.6421764739020459 -0.11114325566057842 0.7584566916363136
1500  308 4578 78.711171 41.332628 0.27460183082051026 0.010143217404903654 134 -0.6412725157073542 -0.11108691123380585 0.7592293848046806
1501  309 4578 78.722391 41.332748 0.27147902096890053 0.010404410266672081 139 -0.6420153892004163 -0.11113006364904916 0.7585949834946157
1502  310 4578 78.738892 41.337583 0.24256751083580247 0.01848058211892858 538 -0.6432127261756498 -0.11120188774193578 0.7575694879338254
1503  312 4580 78.760613 41.354932 0.17025888157587166 0.015713926156680318 546 -0.6449435753127075 -0.11130072042810361 0.7560819626833106
1504  314 4580 78.783161 41.355166 0.15456077889916606 0.014210774490222833 541 -0.6462364528860254 -0.11135173131035263 0.7549696940245184
1505  312 4578 78.761414 41.337907 0.22219700158882894 0.0178604634255923 550 -0.6445818241820828 -0.11126664142456341 0.7563954035028216
1506  314 4578 78.783862 41.338393 0.2005572881725357 0.01214201872647346 539 -0.6458985169708927 -0.11132211570743918 0.7552631940782107
1507  308 4577 78.711293 41.324263 0.3139341283786772 0.011849784145350654 128 -0.6411196370131109 -0.11107608753926831 0.7593600686190616
1508  309 4577 78.722636 41.324250 0.3059528055802353 0.010056275900473987 141 -0.6418506991117544 -0.11111664683723298 0.758736298621202
1509  308 4576 78.711719 41.315856 0.3489372673523428 0.01159722576050459 136 -0.6409764128174704 -0.11106477533743331 0.7594826225075153
1510  309 4576 78.723015 41.315881 0.3403339780708925 0.010272115569992423 130 -0.6416872472060713 -0.11110224931363988 0.7588766480598439
1511  310 4577 78.733727 41.324881 0.2947576266622168 0.010302062215600587 135 -0.642579937695728 -0.11115730791731467 0.7581128389412289
1512  311 4577 78.745025 41.325002 0.28264324891939785 0.008304238544424341 138 -0.6433001978075988 -0.11119574023715904 0.7574961140849598
1513  310 4576 78.734177 41.316129 0.3302167764290321 0.011450827879162222 143 -0.6423950562640011 -0.11113953783445223 0.7582721113277971
1514  311 4576 78.745346 41.316789 0.30802572295155317 0.009421253697342744 134 -0.6431083934513641 -0.11117676392595198 0.7576617460551632
1515  308 4574 78.717863 41.303376 0.38997014367741795 0.017611279493934782 527 -0.6410840281852282 -0.11106178109177713 0.7593922238122561
1516  310 4574 78.740314 41.303692 0.3489189530124254 0.014478092430480023 541 -0.642449859875999 -0.11112759059020234 0.7582274303630313
1517  312 4576 78.762089 41.320866 0.270309263446821 0.01545497036630957 537 -0.644212355146622 -0.11123220707931765 0.7567151627823421
1518  314 4576 78.784246 41.321560 0.24241014297730723 0.011774394879734853 545 -0.6455437127227075 -0.11129208121678272 0.7555709017839554
1519  312 4574 78.762474 41.304226 0.30658030099340094 0.014395755625702535 534 -0.6438291482629209 -0.11119676985374442 0.7570464359741317
1520  314 4574 78.784890 41.304606 0.26997181334635695 0.014390560554764047 549 -0.6452226976984112 -0.11126601290354649 0.7558488901541975
1521  316 4580 78.805412 41.355752 0.13656200370707117 0.014131488913264443 549 -0.6475170141426148 -0.11140151691367373 0.7538643236187565
1522  318 4580 78.828137 41.355991 0.10784730017556743 0.016095683262872494 546 -0.648829690262743 -0.11145314113252044 0.7527271951811277
1523  316 4578 78.806302 41.338699 0.18002198821427073 0.014364185303687617 549 -0.6472076338128765 -0.11137601762484901 0.7541337158835738
1524  318 4578 78.828575 41.339209 0.1513952625772877 0.014040711879153085 535 -0.6485180952107367 -0.11143031385588203 0.7529990473687317
1525  320 4580 78.850407 41.356564 0.08678169234796201 0.01048939843156796 545 -0.6501949494850101 -0.11151563854679339 0.75153894777562
1526  322 4580 78.872986 41.356780 0.06290158746481893 0.010138836186984284 542 -0.6515809025382154 -0.11157929487605875 0.7503281871304358
1527  320 4578 78.850979 41.339597 0.11673742650089138 0.014877899524901142 547 -0.6498769579949005 -0.11149129144348457 0.7518175519363445
1528  322 4578 78.873280 41.340077 0.0839571213895044 0.01054454941298781 537 -0.6512361768980586 -0.11155224585975448 0.7506314264290067
1529  316 4576 78.806735 41.321837 0.21506418358840745 0.012864971360213001 538 -0.6468816203885298 -0.11135070890123176 0.754417118596008
1530  318 4576 78.828955 41.322480 0.18438772869403988 0.017973857818496936 541 -0.6482100140239956 -0.11140837754676254 0.7532675163123719
1531  316 4574 78.807127 41.305139 0.22669238466681327 0.01746293705597408 528 -0.646603556271865 -0.11133341869877164 0.7546580092316129
1532  318 4574 78.829719 41.305446 0.18834986006046833 0.011853769725288569 554 -0.6479915223002428 -0.1113991685686879 0.7534568416765614
1533  320 4576 78.851516 41.322674 0.14215202804865285 0.01254368027363887 544 -0.6495625492068884 -0.1114676990732219 0.7520927115264251
1534  322 4576 78.873770 41.323256 0.09752153627160882 0.012718463871501814 548 -0.6509041207766548 -0.11152605618715425 0.7509232746075392
1535  320 4574 78.852234 41.305863 0.13644940657989943 0.019648367350435826 533 -0.6493509007208387 -0.11145972908518044 0.7522766356369801
1536  322 4574 78.874549 41.306231 0.08708991431937245 0.014064941762499528 549 -0.650692870755253 -0.11151824847815812 0.7511074944404773
1537  315 4596 78.789535 41.498914 0.02584910117433157 0.004118000913984387 34901 -0.6486109631410372 -0.11142243023249639 0.7529202218922936
1538  315 4611 78.784819 41.633919 0.03629841915439187 0.004975730889867108 34885 -0.6504160967510612 -0.11149584637864196 0.7513505023139497
1539  315 4621 78.780725 41.725794 0.037773458964515005 0.0033118384068272157 12664 -0.6513576647777051 -0.11150346778378316 0.7505332565633089
1540  330 4492 78.998190 40.562134 0.002430320640848276 0.0015295901850778085 31789 -0.6472317462791235 -0.11147109839160987 0.7540989728356912
1541  330 4506 78.993957 40.691999 0.007530928357020102 0.0020373546253531867 34498 -0.6490933682570804 -0.11156417937970058 0.7524833773340195
1542  330 4521 78.989883 40.827035 0.01284373874717285 0.0024768642599791355 34553 -0.6509908307569854 -0.1116499734540215 0.7508296888762767
1543  330 4536 78.985780 40.962081 0.017769737334160183 0.002769859867922863 34621 -0.6528101394161062 -0.11172058898138053 0.7492379007185752
1544  330 4551 78.981674 41.097134 0.0016233505179609308 0.006871062015308807 34713 -0.6539384961930362 -0.11167398628804312 0.7482602247770012
1545  330 4566 78.977520 41.232172 -0.015863601557222825 0.008327483538954171 34778 -0.6555541012797867 -0.11170701943045641 0.74684025206547
1546  330 4581 78.973348 41.367199 0.003474754465541385 0.018026970019475615 34848 -0.6574351556880033 -0.11178209965538932 0.745173656446686
1547  330 4596 78.969141 41.502231 0.022675612421513905 0.006765851259937789 34909 -0.659338701938035 -0.11185884609216948 0.7434783619431001
1548  330 4611 78.964867 41.636958 0.03771975362261679 0.007530532734730886 34677 -0.6614360130964205 -0.11196632292197672 0.7415968872038523
1549  330 4621 78.960921 41.727489 0.041331334076928156 0.004935539354192747 11718 -0.6622416560999731 -0.11194595548171206 0.7408806192479672
1550  345 4491 79.175286 40.563607 0.0016078180900731226 0.001192291454850855 32547 -0.6582421699144938 -0.11201108902802039 0.7444264649251903
1551  345 4506 79.171397 40.694959 0.005929698202885371 0.0015091260823282282 34507 -0.6599623482268746 -0.11206408043499158 0.742893896057256
1552  345 4521 79.167717 40.830007 0.01337199838740203 0.003394548848338732 34562 -0.66202441295866 -0.11216244693239667 0.7410420110525981
1553  345 4536 79.163972 40.965105 0.013576520713979402 0.0031830593445994248 34624 -0.6636798851295193 -0.11219184066053307 0.7395552724196277
1554  345 4551 79.160200 41.100128 0.0007482651534355463 0.006012424885631576 34711 -0.664887499180985 -0.11214573394008287 0.7384767753910042
1555  345 4566 79.156430 41.235186 -0.012879849019668961 0.003657406381512046 34777 -0.6661444665731776 -0.11210582390054454 0.7373491940061485
1556  345 4581 79.152595 41.370241 -0.011386939874069227 0.0050275935344877495 34857 -0.6677846740156419 -0.11212727978075425 0.7358607900131595
1557  345 4596 79.148772 41.505276 0.007789577707011285 0.007548635545465517 34925 -0.6695789105625257 -0.11217169987271294 0.7342217596050712
1558  345 4611 79.144976 41.640280 0.028651102832999636 0.007596436908719558 34966 -0.6717363168965411 -0.11227280903435823 0.73223297994136
1559  345 4621 79.141481 41.729040 0.04046737663796208 0.005831709696151378 10966 -0.6729837733294745 -0.11231783553406571 0.7310797115610344
1560  360 4491 79.352409 40.564955 0.0014436064499829286 0.0009695805494412718 33227 -0.6689227776596469 -0.11245321746139376 0.7347765588331483
1561  360 4506 79.348852 40.697633 0.005331064499170119 0.0018537911558907452 34507 -0.6706536470961671 -0.11249172476928863 0.7331911739069424
1562  360 4521 79.345526 40.832680 0.010158564704680387 0.00284470888776724 34566 -0.6725550274651568 -0.11254932583090714 0.731438571779169
1563  360 4536 79.342126 40.967767 0.007709910916437653 0.003710167680584033 34644 -0.6741108700253742 -0.11254868879426481 0.7300050188624218
1564  360 4551 79.338742 41.102843 -0.0021777997796254 0.005156248227437771 34716 -0.675366339591342 -0.11249705989962673 0.7288516439310074
1565  360 4566 79.335342 41.237907 -0.004394382007857214 0.003591045333620456 34790 -0.6765531018369726 -0.11243252182841629 0.7277601448486126
1566  360 4581 79.331877 41.372966 -0.004594962851887922 0.0034265929995032068 34863 -0.6780424457187119 -0.1124155653084359 0.7263753729857398
1567  360 4596 79.328416 41.508028 0.0013927016719307665 0.004457452676923854 34932 -0.6797210562917105 -0.11242699663309018 0.7248030463938079
1568  360 4611 79.324945 41.643072 0.017582953973877182 0.006413909987142389 34999 -0.6816329596259192 -0.11247379999165512 0.7229980308873928
1569  360 4621 79.321616 41.730393 0.028208873200301087 0.007129442596375446 10294 -0.6828504832187852 -0.11250840907865742 0.7218428329314223
1570  370 4491 79.470525 40.566288 0.0012342963633710654 0.0008775590084072105 11317 -0.6758768981875409 -0.11269767931521299 0.7283472053721041
1571  370 4506 79.468934 40.699831 0.005395916819707939 0.002022696822054797 12196 -0.6777355835952207 -0.11273268663777095 0.7266125653278203
1572  370 4521 79.467349 40.834929 0.006886419536565501 0.0006399611249042533 12811 -0.6794201312924496 -0.11273377819115338 0.725037502788165
1573  370 4536 79.465757 40.970002 0.00324774263391598 0.0017846532394237247 13428 -0.6810396827476033 -0.11272210603879632 0.723518263303161
1574  371 4551 79.464151 41.105055 -0.0007812450628235485 0.0011831681417573353 14052 -0.6824294078455376 -0.11267123971249832 0.7222155461143422
1575  371 4566 79.462539 41.240105 -0.0024755061205122613 0.002412405576115305 14678 -0.6837788695870792 -0.11261179951341141 0.7209473213186712
1576  371 4581 79.460903 41.375163 -0.0027928198451072465 0.001793629702241732 15312 -0.6853140492853992 -0.11258013599460749 0.7194931318862503
1577  371 4596 79.459261 41.510223 -0.001033883042601382 0.0014414440194770383 15951 -0.6869412743260627 -0.1125609388464692 0.71794270013232
1578  371 4611 79.457614 41.645282 0.01304080312005716 0.004693636675073068 16591 -0.6888217531044258 -0.11257976009186606 0.7161357343882536
1579  371 4621 79.456353 41.731312 0.01957530628713645 0.0030678027286375423 4758 -0.6898421668497932 -0.11256392782539236 0.715155330671947
