Number xind yind east north data err wgt Elos Nlos Ulos
********************************************************
   0  628 4182 100.463776 37.778653 0.007146403528314307 0.0005273952342035498 10732 -0.5116018256885251 -0.09895302390553819 0.8535056361923558
   1  626 4200 100.444250 37.947028 0.009448327971633355 0.001508677110232257 23692 -0.5134345351629355 -0.09919574474947959 0.8523761976531352
   2  624 4220 100.419033 38.124325 0.012212965212476494 0.0006685421032070601 38965 -0.5147967089816056 -0.0993678730309595 0.8515341298098458
   3  623 4240 100.410594 38.301653 0.009892411195485427 0.0010508009262476382 45558 -0.518134592219063 -0.09981825707270629 0.8494544483967063
   4  622 4254 100.400287 38.433216 0.011932040083339037 0.001524448541820694 26312 -0.5196406118643582 -0.09998974771034687 0.8485138094657367
   5  647 4101 100.653375 37.047590 0.011131540917086338 0.0006775777254476114 21143 -0.5128361828210793 -0.09906516911416559 0.8527515123750213
   6  645 4120 100.634784 37.220488 0.009203855719844115 0.0011364549032743202 34649 -0.5148636631659628 -0.09933344221400218 0.8514976662382836
   7  643 4140 100.617117 37.399425 0.005258407152352257 0.0009677517583717201 46094 -0.5172624818246433 -0.09965715831994289 0.8500046915707021
   8  641 4160 100.601638 37.578383 0.005167538552742728 0.0026738891513249288 56294 -0.5196914789760705 -0.09997227937821913 0.8484847140848136
   9  640 4180 100.600638 37.756536 0.0059334524601548835 0.0018975604514314894 59101 -0.5232716040158325 -0.10042248428647764 0.8462281920855804
  10  641 4200 100.604549 37.936686 0.009466058447651927 0.0019060548796450997 59302 -0.5272802301247594 -0.10091841734368387 0.8436770898634304
  11  640 4220 100.608446 38.116887 0.011020048345298721 0.0007026299839956264 59442 -0.5313448881778264 -0.10141876254969634 0.8410629253570636
  12  641 4240 100.612464 38.297055 0.010608946020874803 0.0012683729331503957 59574 -0.5353888358691188 -0.10190875638801321 0.8384350897941703
  13  641 4256 100.621659 38.447646 0.013227263855180844 0.0006787339041775262 39867 -0.5385678035752579 -0.10224232083938004 0.8363559223090967
  14  660 4102 100.805638 37.050531 0.012247571075943679 0.001131650849237752 46603 -0.5264463084369423 -0.10079140819152922 0.8442128738463328
  15  661 4120 100.814460 37.212641 0.008813339710037175 0.001815655756505914 58727 -0.5307498739469406 -0.10133766684494283 0.8414483041659363
  16  661 4140 100.818803 37.392829 0.003458285588881783 0.0015039105083872297 58857 -0.5349672342038878 -0.10186288093191309 0.8387097303695085
  17  660 4160 100.823156 37.573015 0.0007207722917417316 0.0023572879519852554 58979 -0.5388647606653305 -0.10232253839628011 0.8361548109346965
  18  661 4180 100.827591 37.753186 -5.961080428024546e-05 0.004499889065973015 59152 -0.5428793989265839 -0.10279739971235137 0.8334954425991122
  19  660 4200 100.832034 37.933348 0.00840745586392475 0.0016894926353908952 59256 -0.5466635276743467 -0.10322367500281077 0.8309656192825026
  20  660 4220 100.836507 38.113514 0.010060568092686762 0.0007146831413046363 59430 -0.5505507561183782 -0.10366281372278346 0.8283404408747393
  21  661 4240 100.841067 38.293687 0.011785322033349428 0.000555563791279146 59581 -0.5539557752955704 -0.1040069277398124 0.826023945172783
  22  661 4258 100.849855 38.462673 0.013291815594991072 0.0009217924752313899 52111 -0.5576052987742319 -0.10438071353997537 0.823517454228983
  23  680 4104 101.029186 37.065546 0.010874865406067106 0.0022062544168687816 34354 -0.5460927565498723 -0.10317507241095053 0.8313468624327375
  24  680 4120 101.039724 37.208974 0.007823776317744356 0.0014126843821154113 58702 -0.5500881674767369 -0.1036551143949479 0.8286486742050914
  25  681 4140 101.044618 37.389128 0.004311894768558468 0.0012393729374510901 58856 -0.554005819039596 -0.10409670748408793 0.825979072350649
  26  680 4160 101.049498 37.569308 -0.00729754454531734 0.009093971698133141 58992 -0.557722655974079 -0.10449550320763451 0.8234234201324384
  27  676 4184 100.998982 37.795428 -0.018748691259248336 0.016562279530732856 14790 -0.5579448168010094 -0.10451475550705465 0.8232704581643803
  28  682 4188 101.070831 37.828026 0.0074640033200165665 0.007499483793021304 924 -0.5643967073913784 -0.10521947115727161 0.8187705536810389
  29  684 4188 101.099287 37.827368 0.03356594621089821 0.011442125452367375 923 -0.5666998642733166 -0.10546901261654183 0.8171459791312053
  30  681 4186 101.063575 37.811221 -0.016497462998156638 0.006392728744227944 227 -0.5634938133179804 -0.10512281745737019 0.8194046104350313
  31  682 4186 101.077591 37.810959 -0.008706038773694871 0.00850337286147938 238 -0.5646326306382826 -0.1052469084723216 0.8186043492893935
  32  681 4185 101.062760 37.800037 -0.04560737563098999 0.009298986035404092 235 -0.5632172694265715 -0.10509348881087167 0.8195984785425336
  33  682 4185 101.077138 37.799732 -0.05060737602714751 0.01713635734713303 222 -0.5643855116463213 -0.10522093411902204 0.818778083040112
  34  684 4186 101.091601 37.810722 0.005174010995297226 0.008910895848282812 228 -0.5657703319572659 -0.10537044959496647 0.8178025433007162
  35  685 4186 101.105827 37.810643 0.019425367398879543 0.00698455080037704 216 -0.5669167149094172 -0.10549372022536853 0.816992358195183
  36  683 4186 101.086323 37.803890 -0.020032871048897505 0.002544018744005793 12 -0.5652125784036701 -0.10531052714012135 0.8181958409132527
  37  683 4186 101.089649 37.803890 -0.01625349357103308 0.0021751835222942467 12 -0.5654838069107513 -0.1053399862832954 0.8180046157642141
  38  683 4185 101.086323 37.800980 -0.05220837576780468 0.015339445241461767 16 -0.5651582184004676 -0.1053048871001572 0.8182341162083333
  39  683 4185 101.089649 37.800980 -0.052647653967142105 0.014473853577759653 16 -0.5654294871025605 -0.10533432794565249 0.8180428928064672
  40  684 4186 101.093213 37.803831 -0.015468768609155501 0.0100455884603941 14 -0.565773245388425 -0.10537134341930478 0.8178004125632733
  41  684 4186 101.096053 37.804223 -0.00761650949716568 0.005026879130782348 5 -0.5660119359507841 -0.10539728522987815 0.817631885769762
  42  684 4186 101.097965 37.804306 -0.015331701037212042 0.023430467579512865 4 -0.566169388010618 -0.10541422888097766 0.8175206813464175
  43  684 4185 101.095720 37.802560 -0.03853228539228439 0.018412944430665698 5 -0.5659538286007202 -0.10539114953875643 0.8176728988361338
  44  684 4185 101.097965 37.802643 -0.05412974953651428 0.0015709643555291534 4 -0.5661383619607038 -0.10541106668016244 0.8175425751224222
  45  684 4185 101.092892 37.800896 -0.05814057240883509 0.006092849877164022 15 -0.5656923197269726 -0.1053628180625 0.8178574912366121
  46  684 4185 101.096782 37.800692 -0.05835767921346884 0.004278642831982214 13 -0.5660055616031582 -0.10539681435708245 0.8176363591216281
  47  683 4185 101.087753 37.796490 -0.08230572509563576 0.011117726044049508 59 -0.5651910464935903 -0.10530884370333336 0.8182109314848751
  48  684 4185 101.092976 37.798069 -0.0798575555284818 0.00809989722524626 12 -0.5656464006745722 -0.10535814468821625 0.8178898524567707
  49  684 4185 101.096718 37.798069 -0.07970930884281795 0.01251838055525692 12 -0.5659514711094656 -0.10539123749012826 0.8176745192369217
  50  684 4185 101.092976 37.795436 -0.10134679451584816 0.01077573487630161 12 -0.5655972597887274 -0.10535300500634477 0.817924497772023
  51  684 4185 101.096334 37.794998 -0.12118960802371685 0.011138668718277192 13 -0.5658629487257484 -0.10538187415291939 0.8177369894161688
  52  685 4185 101.102100 37.802368 -0.03818107983273155 0.012367002630121204 53 -0.5664662080081398 -0.10544628456280528 0.817310905504618
  53  685 4186 101.108051 37.802678 -0.025783079777361956 0.015819913046519654 35 -0.5669428079008377 -0.10549676699070412 0.8169738580419957
  54  684 4185 101.099213 37.798069 -0.07568281143903732 0.0 1 -0.5661547700606293 -0.10541334600374844 0.8175309185724353
  55  685 4185 101.101292 37.798485 -0.09744145441800356 0.028951369824356366 4 -0.5663308745430398 -0.10543224487810775 0.817406497575887
  56  684 4185 101.100044 37.797237 -0.11978890746831894 0.0 1 -0.566207120738815 -0.10541902666031916 0.8174939297894829
  57  684 4185 101.100876 37.797237 -0.12175735831260681 0.0 1 -0.5662748125042969 -0.10542633212180129 0.8174460992741768
  58  685 4185 101.103846 37.797475 -0.14124815591744014 0.0089933325432834 7 -0.5665132108972027 -0.10545155650487076 0.8172776462804067
  59  684 4185 101.100044 37.795066 -0.13570541391770044 0.008026327320093452 18 -0.5661662778352009 -0.1054147091801776 0.8175227733407141
  60  685 4185 101.103786 37.794980 -0.1563707015344075 0.006861734930134514 14 -0.5664617881766418 -0.10544617489318958 0.8173139829564378
  61  685 4185 101.109334 37.795764 -0.18726210296154022 0.0155697973052566 35 -0.5669129682705949 -0.10549378529296294 0.8169949495995589
  62  687 4188 101.127643 37.827173 0.05557569187199932 0.012861495713030238 911 -0.5689698343940516 -0.10571109249882447 0.815535708888526
  63  689 4189 101.149109 37.832165 0.08715943965167482 0.00451378559549 221 -0.5707858674002392 -0.10590355758708779 0.8142407076943248
  64  690 4189 101.163372 37.831913 0.1124661998315291 0.0119451890551285 231 -0.5719212183453842 -0.10602325717144369 0.8134280477983836
  65  689 4188 101.148788 37.821084 0.07138454512535751 0.012327577526184528 231 -0.5705328955766844 -0.10587607422222492 0.81442155667208
  66  690 4188 101.159451 37.823803 0.09255548187277533 0.008743949517595911 55 -0.5714371104512808 -0.10597139922953094 0.8137749635768023
  67  690 4188 101.166856 37.823601 0.11314533048487724 0.014304768476331732 47 -0.5720215668700044 -0.10603273143476608 0.8133562484545551
  68  690 4187 101.159424 37.818116 0.06012422559743232 0.013219675230271143 47 -0.5713156052052404 -0.10595799561191495 0.8138620168154276
  69  690 4187 101.165447 37.819446 0.07192083996008425 0.0077344123728139615 17 -0.5718214419334778 -0.10601119061660277 0.8134997639883915
  70  686 4186 101.120131 37.810225 0.03700529011725868 0.004735544549710631 233 -0.568042395119364 -0.105612934353832 0.8161946737416444
  71  687 4186 101.133996 37.809967 0.03291469039919572 0.006632695649324878 231 -0.5691346703652302 -0.10572815715288814 0.8154184715674001
  72  686 4186 101.114015 37.803558 0.005086472630500794 0.0032519461305954315 5 -0.5674303213412295 -0.10554830134460265 0.816628671126515
  73  686 4186 101.117092 37.803890 0.031016887165606022 0.0028091883286833763 2 -0.5676795825664797 -0.10557454052239795 0.8164520242675819
  74  686 4186 101.118755 37.803890 0.03470633737742901 0.0012435335665941238 2 -0.5678109382370446 -0.10558848559808569 0.8163588733684897
  75  686 4186 101.117231 37.802781 -0.044195289413134255 0.008069759770204268 3 -0.5676691461937522 -0.1055735609787969 0.8164594072468715
  76  686 4186 101.118340 37.802643 -0.03723830543458462 0.00214475579559803 2 -0.5677540246207323 -0.10558243736663535 0.8163992383917819
  77  686 4185 101.118062 37.800287 -0.19765264292558035 0.014702481690245265 9 -0.5676866052571672 -0.10557536719032078 0.8164470344451146
  78  686 4186 101.121817 37.803361 0.03438402170484716 0.00752857326065733 11 -0.5680422683602049 -0.1056128830050468 0.8161947686058489
  79  687 4186 101.125408 37.803059 0.03173599593962232 0.008869344370372893 12 -0.5683196551493476 -0.10564211011883196 0.8159978640539247
  80  686 4185 101.120419 37.800980 -0.18583117052912712 0.003753179893478609 4 -0.567885697367623 -0.10559628353991242 0.816305861566513
  81  686 4185 101.122498 37.800980 -0.2121222789088885 0.024209964580663018 6 -0.5680495651396987 -0.10561357970482264 0.8161896001092714
  82  686 4185 101.120419 37.799732 -0.23178662359714508 0.0018990486860275269 2 -0.5678614408293655 -0.10559388306489235 0.8163230462742522
  83  686 4185 101.122082 37.799732 -0.22845100611448288 0.0006704851984977722 2 -0.5679924952345818 -0.10560752951479582 0.816230099339013
  84  687 4185 101.124438 37.800841 -0.22420823077360788 0.05082106226643115 3 -0.5681997237301006 -0.10562944471652413 0.8160830192829135
  85  687 4185 101.126240 37.800980 -0.1239579264074564 0.15991280160988622 4 -0.568344411389313 -0.10564462228883131 0.8159802962228839
  86  687 4185 101.124161 37.799316 -0.2686299458146095 0.018615703182067195 6 -0.5681480479736073 -0.10562398804462646 0.8161197024538301
  87  687 4185 101.126240 37.799316 -0.27789492160081863 0.002454615794990273 4 -0.5683117087116785 -0.10564117180578472 0.8160035199438254
  88  686 4185 101.114528 37.797930 -0.2091683770219485 0.007358275647013073 12 -0.5673629078361005 -0.10554118765432116 0.8166764282874092
  89  686 4185 101.118090 37.797986 -0.22526380568742752 0.017476312094446427 10 -0.567644335767656 -0.10557088068226375 0.8164770034868514
  90  686 4185 101.114285 37.794431 -0.2297841813415289 0.009615511559496555 8 -0.5672767445846908 -0.1055320945665002 0.816737456022315
  91  686 4185 101.118090 37.794576 -0.2566277474164963 0.005893163748271967 10 -0.5675784793338864 -0.10556388138064622 0.8165236902533117
  92  686 4185 101.123361 37.796170 -0.2660847446828518 0.015002841501136913 53 -0.568023578376133 -0.10561077938842442 0.8162080480402913
  93  687 4186 101.128568 37.803059 0.03754318654537201 0.004513279663821048 10 -0.5685688853187006 -0.10566832199549904 0.8158208310493829
  94  687 4186 101.132002 37.803296 0.03063864101256643 0.006931476491708811 7 -0.5688442993658489 -0.1056972956427078 0.8156250638453888
  95  687 4185 101.128735 37.799732 -0.2830907329916954 0.0035540987154640594 12 -0.5685162962127067 -0.10566267379073213 0.8158582109092113
  96  687 4185 101.132285 37.799924 -0.289813559788924 0.004518976351517426 13 -0.5687995662841859 -0.10569244255679748 0.815656889250192
  97  688 4186 101.135922 37.803118 0.029222705667572364 0.0025417151257969995 14 -0.5691497902568675 -0.10572942415303549 0.8154077538991344
  98  688 4186 101.139641 37.802931 0.024805977653998595 0.0019671328453191223 13 -0.5694391403385206 -0.10575974469762078 0.8152017798385995
  99  687 4185 101.134556 37.800980 -0.2887267842888832 0.0025585037343064587 4 -0.5689993218331073 -0.10571352794030275 0.8155148200761767
 100  688 4185 101.136635 37.800980 -0.025587731661895912 0.1144087300821172 6 -0.5691630307474016 -0.10573067200633471 0.81539835015011
 101  687 4185 101.134556 37.799316 -0.28798356652259827 0.0017557132719531123 4 -0.5689661143121181 -0.1057099129718253 0.8155384571337263
 102  688 4185 101.136801 37.799400 -0.039147114660590884 0.12585139201387563 5 -0.5691443820305407 -0.10572864300250094 0.8154116300690858
 103  688 4185 101.139462 37.800065 0.021717998726914326 0.010535344401061901 15 -0.5693671762980043 -0.10575203213017721 0.8152530443088057
 104  687 4185 101.130457 37.795931 -0.28559556238505307 0.010683548401032911 49 -0.5685765182863738 -0.1056688474785116 0.8158154432994682
 105  687 4185 101.134556 37.798069 -0.2882094383239746 0.0025266408920288086 2 -0.5689411758453589 -0.10570726541950147 0.815556198226236
 106  688 4185 101.136219 37.798069 0.008777408860623837 0.0008072545751929283 2 -0.5690719437482802 -0.10572098851808873 0.8154631784607521
 107  687 4185 101.134556 37.796822 -0.28703491389751434 0.0015410831771826628 4 -0.5689162677477734 -0.10570460402803518 0.8155739187708372
 108  688 4185 101.136219 37.796822 -0.21485753310844302 0.13099814876544585 4 -0.5690469147722889 -0.10571830350799476 0.8154809924771582
 109  688 4185 101.138298 37.797653 0.009030419945095977 0.0021600768962508248 6 -0.569227022410896 -0.10573716943799404 0.8153528364802973
 110  688 4185 101.140377 37.797653 0.010259749367833138 0.0033013406691058955 4 -0.5693903677807607 -0.10575422017823514 0.8152365632090992
 111  688 4185 101.138298 37.796406 -0.0850016266728441 0.1424902381995843 3 -0.5692018789918326 -0.1057344089619923 0.8153707473987677
 112  688 4185 101.139961 37.796406 0.01664493978023529 0.0 1 -0.569332420145331 -0.10574819880002864 0.8152778138904615
 113  688 4185 101.135387 37.794327 -0.2950236964970827 0.011186769384410458 16 -0.5689316521733506 -0.10570603293972489 0.815563001708297
 114  688 4185 101.138827 37.794894 -0.29452582651918585 0.009974356849901812 11 -0.5692129844922657 -0.10573548427179166 0.8153628552069424
 115  689 4186 101.147818 37.809852 0.020846255313556054 0.015341090628203602 190 -0.57022527431726 -0.10584278391287757 0.8146412962914275
 116  689 4187 101.156316 37.814008 0.03298405651003122 0.007430620678675875 6 -0.5709833584978349 -0.10592269056555258 0.8140997407823486
 117  690 4187 101.161167 37.813953 0.03667360581457615 0.003772655021853859 10 -0.5713661573977797 -0.1059627976716402 0.8138259025676774
 118  689 4186 101.157425 37.810602 0.003916074045264395 0.011669698994526627 14 -0.5709999541858843 -0.10592402672959622 0.8140879269962833
 119  690 4187 101.161048 37.810781 -0.0057969128787850165 0.009402049219364229 14 -0.5712899533934318 -0.10595440965310089 0.8138804901377065
 120  690 4186 101.160807 37.807826 -0.02087236779431502 0.011057867198330847 15 -0.571208679643109 -0.10594555685306449 0.813938685211282
 121  690 4186 101.164078 37.808048 -0.02110994069112672 0.0055305159640747096 9 -0.5714713932991056 -0.10597301940348887 0.8137506779101858
 122  690 4186 101.167543 37.807494 -0.04567028395831585 0.00249210265712241 6 -0.5717328443256967 -0.106000245014354 0.8135634595876008
 123  690 4186 101.164805 37.805242 -0.05454016150906682 0.015585156315508168 8 -0.5714692388913796 -0.10597238902426785 0.8137522729709556
 124  690 4186 101.167631 37.805024 -0.07799185473810542 0.015264006641187043 11 -0.5716871725572302 -0.10599507861827392 0.8135962266642007
 125  688 4185 101.144473 37.801380 0.004084731760452053 0.015364781853935002 54 -0.5697881775902066 -0.10579625317907648 0.8149531185851736
 126  689 4185 101.151321 37.801163 -0.026386602390557526 0.009777423948351746 50 -0.5703224826755364 -0.10585213713426371 0.8145720292392328
 127  688 4185 101.141624 37.798069 0.004510168917477131 0.0 1 -0.5694968813611611 -0.10576541186999701 0.8151607079416191
 128  688 4185 101.143842 37.797515 -0.009297934671243032 0.0009147178002191992 3 -0.5696597735464641 -0.10578247979266862 0.8150446671023035
 129  688 4185 101.142456 37.796406 -0.30683761835098267 0.0 1 -0.5695283974686912 -0.10576859797926112 0.8151382754835194
 130  688 4185 101.143703 37.796406 -0.3049936145544052 0.001747921109199524 2 -0.5696262850677395 -0.10577893504919779 0.8150685322473098
 131  688 4185 101.145367 37.797653 -0.014986763009801507 0.002048568634646335 4 -0.5697824009236135 -0.10579528191094001 0.8149572834959554
 132  689 4185 101.146891 37.797792 -0.0222383967290322 0.0012668511414687695 3 -0.5699049592248793 -0.10580812569625571 0.8148699147640279
 133  688 4185 101.145367 37.796406 -0.16219555377028883 0.15473059774376452 2 -0.569756863956951 -0.10579250351719431 0.8149754978976391
 134  689 4185 101.147446 37.796406 -0.30987444519996643 0.0 1 -0.5699200654199293 -0.10580962195867644 0.8148591552732936
 135  688 4185 101.142776 37.794231 -0.3300173603571378 0.019834827702454767 13 -0.5695093009058454 -0.10576646392468488 0.8151518946126566
 136  688 4185 101.145505 37.795297 -0.3233234981695811 0.012600295324012996 3 -0.5697451051510302 -0.10579120646437364 0.8149838868292144
 137  689 4185 101.147030 37.795158 -0.35415019094944 0.04006086096248521 4 -0.5698619063425746 -0.1058033746756032 0.8149006403279241
 138  688 4185 101.145367 37.793495 -0.380908839404583 0.0026845214893246633 4 -0.5696974502254283 -0.10578602099179385 0.8150178727913698
 139  689 4185 101.147030 37.793495 -0.386373795568943 0.0015407957023970947 4 -0.5698278434625528 -0.10579967850165502 0.8149249393924345
 140  689 4185 101.148693 37.797653 -0.10845251986756921 0.11833324830821502 4 -0.5700436033305862 -0.10582262739573225 0.814771048720403
 141  689 4185 101.150772 37.797653 -0.051359455101192 0.008755691419375393 4 -0.5702068727207528 -0.10583969804991189 0.8146545774858953
 142  689 4185 101.148693 37.796406 -0.31758612394332886 0.003289252519607544 2 -0.570017919404185 -0.10581986146229048 0.8147893767583286
 143  689 4185 101.150772 37.795574 -0.4209626615047455 0.0 1 -0.5701639644200361 -0.10583496078804024 0.8146852243362597
 144  689 4185 101.152713 37.797792 -0.03853052482008934 0.010988689100612632 3 -0.5703621219080828 -0.10585585816562292 0.81454379083296
 145  689 4185 101.154930 37.798069 -0.04000147059559822 0.0 1 -0.5705420106353466 -0.10587464519751226 0.8144153569306494
 146  689 4185 101.152602 37.795907 -0.41532227396965027 0.004452245110108172 5 -0.5703143233849519 -0.10585073223051894 0.814577924466547
 147  689 4185 101.154376 37.795851 -0.42220866680145264 0.00266360072599901 3 -0.5704523525966476 -0.1058651730848363 0.8144793911110751
 148  689 4185 101.148554 37.795020 -0.3671563466389974 0.035661163945130525 3 -0.5699786316702748 -0.10581551936081803 0.8148174245201694
 149  689 4185 101.150356 37.794743 -0.40512028336524963 0.006099134683609009 2 -0.5701142066406334 -0.10582964331940908 0.8147207361921064
 150  689 4185 101.148693 37.793495 -0.38918987661600113 0.001408237006760292 4 -0.5699580881235313 -0.10581326435322377 0.8148320875306051
 151  689 4185 101.150356 37.793495 -0.40814241021871567 0.006530793489392392 4 -0.5700884528093562 -0.10582686898232126 0.8147391176166965
 152  689 4185 101.153267 37.793911 -0.41264614661534627 0.001752514889649684 15 -0.5703251330036757 -0.10585161611247679 0.8145702413117708
 153  689 4186 101.157148 37.802504 -0.03783638630476263 0.004776387315317858 9 -0.5708087960134293 -0.10590308762272237 0.8142246952934266
 154  690 4186 101.160086 37.802144 -0.045403777807950976 0.0050209356720091435 10 -0.5710324243325184 -0.1059263586270001 0.8140648480980806
 155  689 4185 101.156316 37.799871 -0.03778383259971937 0.0032171731232434066 6 -0.570688416515574 -0.10589016909111718 0.8143107535485463
 156  690 4185 101.159504 37.800564 -0.05081912502646446 0.006868503987789154 2 -0.5709534208645813 -0.1059179477675271 0.8141213543101221
 157  690 4185 101.159504 37.798901 -0.11748060211539268 0.002708394080400467 2 -0.5709184953584636 -0.10591398458097341 0.8141463624728722
 158  690 4186 101.167933 37.802303 -0.09524052454666658 0.015363061436335331 11 -0.5716528633505192 -0.1059911256777693 0.8136208484919201
 159  690 4185 101.167238 37.800231 -0.15390291512012483 0.004009894672718537 5 -0.571554060382957 -0.10598053178175909 0.8136916387323951
 160  689 4185 101.155762 37.798069 -0.041784126311540604 0.0 1 -0.5706072983920598 -0.10588156317219108 0.8143687160014977
 161  690 4185 101.158257 37.797237 -0.42056864500045776 0.0 1 -0.5707856575109941 -0.10590003724743138 0.8142413126897546
 162  689 4185 101.156316 37.795851 -0.4135336180528005 0.0008088736323638028 3 -0.5706045216727043 -0.10588104004441067 0.8143707295855974
 163  689 4185 101.157841 37.795990 -0.4172949269413948 0.002147250056272568 4 -0.5707269621533274 -0.10589378350433143 0.8142832684553775
 164  690 4185 101.160252 37.796738 -0.4138493537902832 0.019490290812174165 15 -0.5709318532794344 -0.10591515205532083 0.8141368432124961
 165  689 4185 101.157009 37.793911 -0.41250211745500565 0.001735092619208194 12 -0.5706183213380156 -0.10588212588656828 0.8143609192312252
 166  690 4185 101.160336 37.793911 -0.4156913881500562 0.0023645883335564233 12 -0.5708789020298386 -0.10590924643789243 0.8141747421384206
 167  690 4185 101.165020 37.795094 -0.4201305733786689 0.006941810650260745 45 -0.57127080667136 -0.10595022769103893 0.8138944739321374
 168  682 4183 101.069486 37.783015 -0.0834435117348567 0.01726027597804984 904 -0.5634359820664969 -0.10511787339612305 0.819445011459243
 169  684 4184 101.090726 37.788098 -0.1298339229390443 0.016514361840507294 214 -0.5652768303587727 -0.10531889188954495 0.8181503749743672
 170  685 4184 101.101459 37.790541 -0.16679485560509197 0.01272308233206868 57 -0.566194133150613 -0.10541793272558533 0.8175030660772411
 171  685 4184 101.108904 37.790441 -0.20442472083064225 0.009474868645561236 52 -0.5667782240331728 -0.10547967987888561 0.8170902532122448
 172  685 4184 101.101596 37.785195 -0.18275733865224397 0.013693722883133643 52 -0.5661050942769503 -0.10540872391667809 0.8175659136460759
 173  685 4184 101.108894 37.784905 -0.2114258104900144 0.007839356896455896 53 -0.5666721936880983 -0.10546853956873757 0.8171652293520302
 174  684 4183 101.090818 37.776772 -0.1453351243499011 0.012748173248155732 233 -0.5650424150658797 -0.10529216263504987 0.8183157273718697
 175  685 4183 101.105097 37.776540 -0.19870604907295533 0.017650898692440405 224 -0.5661864411800516 -0.10541518603565357 0.8175087475843525
 176  682 4181 101.068783 37.760550 -0.08946597738714333 0.01381813827418615 912 -0.5628801275451458 -0.10505325108562799 0.8198352129855733
 177  684 4181 101.090252 37.765898 -0.1429049985483289 0.012193378895361623 200 -0.564741172797691 -0.105256516340207 0.8185282362356305
 178  685 4181 101.104755 37.765481 -0.17977061951937884 0.011653893127503466 230 -0.5658991673877098 -0.10538111356190547 0.8177120234253313
 179  684 4180 101.089907 37.754284 -0.12874172117304186 0.010554010220935337 232 -0.5644405933982739 -0.10522072194378772 0.8187401396034231
 180  685 4180 101.104363 37.753948 -0.1629708583728509 0.011066680602758814 217 -0.5655962163071367 -0.10534515511828009 0.8179262304096601
 181  686 4184 101.119228 37.787767 -0.2525580384736431 0.01626118491559368 232 -0.5675358523864164 -0.10555931780714688 0.8165539092308074
 182  687 4184 101.133239 37.787454 -0.2957267076688042 0.017319579782605003 229 -0.5686259752740206 -0.10567356859583826 0.8157803608471398
 183  686 4183 101.119149 37.776707 -0.25221778121259475 0.017093314104386286 189 -0.5672959004257176 -0.10553241642554594 0.8167241091357347
 184  687 4183 101.133383 37.776101 -0.2908809652987947 0.011523085724304103 235 -0.5684011195782342 -0.10564859205061516 0.8159402810622434
 185  688 4184 101.142607 37.791416 -0.3420411429621957 0.01882141877879508 11 -0.569438882521028 -0.10575886014310579 0.8152020746872728
 186  688 4184 101.146198 37.791416 -0.38036078711350757 0.003494174490419864 12 -0.5697201040485042 -0.1057881917269273 0.815001755540507
 187  688 4184 101.141458 37.789420 -0.3226437449455261 0.0032687485076265546 5 -0.5693084143582303 -0.10574506116598756 0.8152949842725141
 188  688 4184 101.143842 37.789476 -0.3634967903296153 0.0028896976048529855 3 -0.5694960610424503 -0.1057646856174911 0.8151613752707907
 189  688 4184 101.141209 37.788090 -0.31890764832496643 0.0016880631446838379 2 -0.5692619201738781 -0.10573997564809062 0.8153281080582776
 190  688 4184 101.144119 37.788090 -0.360824316740036 0.0 1 -0.5694895293916595 -0.10576388067553674 0.8151660428757549
 191  688 4184 101.146115 37.788422 -0.36807515223821 0.004954537626696565 15 -0.5696523085860061 -0.10578082332034458 0.8150500995278166
 192  689 4184 101.152170 37.789788 -0.3937212438025373 0.010313609997766354 47 -0.570153860900303 -0.10583325191477276 0.8146925172662519
 193  688 4184 101.144183 37.784550 -0.34606640384747434 0.012437682485130365 39 -0.5694223480779007 -0.10575648970493141 0.8152139316736073
 194  689 4184 101.151341 37.783932 -0.3698378362153706 0.008955201420872975 38 -0.5699681146858299 -0.10581323313475365 0.8148250781210964
 195  690 4184 101.161940 37.786849 -0.40529886496563755 0.01425718238184194 240 -0.5708559376554028 -0.10590587566049905 0.8141912821592686
 196  689 4183 101.147376 37.776055 -0.32968015555243135 0.0160410467338173 227 -0.5694990223073796 -0.10576367496775321 0.8151594375631397
 197  690 4183 101.161583 37.775616 -0.36730306828183823 0.014343447239939786 221 -0.5706053146005123 -0.1058792553315727 0.8143704060438848
 198  686 4181 101.119245 37.765410 -0.22347918670502068 0.01617977153782742 213 -0.5670500096639658 -0.10550368745999886 0.816898560699209
 199  687 4181 101.132977 37.764864 -0.2580484031839708 0.013975759447615772 226 -0.5681290409970086 -0.10561810904112566 0.8161336948186837
 200  686 4180 101.118370 37.753968 -0.1945181714521872 0.012050690899885287 222 -0.5667228123768974 -0.10546620822315365 0.8171304258529666
 201  687 4180 101.132477 37.753578 -0.22236755214819387 0.01468799173562997 238 -0.5678476444366479 -0.10558658579484416 0.8163335872104848
 202  689 4181 101.147409 37.764644 -0.2894467239578565 0.01411906148334867 228 -0.5692705666363398 -0.10573884502032971 0.8153222176632421
 203  690 4181 101.161521 37.764348 -0.3183704943706592 0.017953879767633303 240 -0.5703845187263923 -0.10585626926324622 0.8145280541853233
 204  689 4180 101.146507 37.753462 -0.24902306599422586 0.014938829365085195 233 -0.5689717004881742 -0.10570652754291388 0.8155349986839403
 205  690 4180 101.160751 37.753162 -0.27108908319904795 0.01401086707619898 221 -0.5701085211216763 -0.10582739888020083 0.8147250062387345
 206  676 4175 100.996561 37.705374 -0.02782240857206789 0.012756013557785382 14767 -0.555976542613344 -0.10429654476305524 0.8246285920426241
 207  682 4178 101.068362 37.738011 -0.08198539994769684 0.010125083933702308 926 -0.5623598553913114 -0.10499345667033565 0.8201998336385332
 208  684 4178 101.096702 37.737364 -0.11767430980881745 0.01724236312649657 922 -0.5646230746802009 -0.1052379261543022 0.8186120952181307
 209  682 4176 101.067787 37.715428 -0.06785939556202543 0.005871125556176747 926 -0.5619097037349495 -0.1049473276965869 0.8205141944280102
 210  684 4176 101.096132 37.714887 -0.08643698370353148 0.008672720248693805 921 -0.564184008632733 -0.1051940303380653 0.8189203992967414
 211  687 4178 101.125071 37.736863 -0.15867268446969676 0.017823863650985337 926 -0.566906717835878 -0.10548448177424515 0.8170004879909014
 212  689 4179 101.146740 37.742100 -0.20368567154263006 0.013267356587523383 231 -0.5687608731105066 -0.10568358176161485 0.8156850187202228
 213  690 4179 101.160751 37.741936 -0.22243639908167495 0.016211360865531602 238 -0.569891955525218 -0.10580470317227006 0.8148794535477446
 214  689 4178 101.145992 37.730897 -0.1657675110127615 0.01097509278951712 230 -0.5684839094683285 -0.10565427865450937 0.8158818652707024
 215  690 4178 101.160395 37.730679 -0.18000877182930708 0.01111089163204426 224 -0.5696410989399175 -0.10577797613857488 0.8150583035357349
 216  687 4176 101.124465 37.714284 -0.11180577543010979 0.014729166526275251 926 -0.5664448678187085 -0.10543717077068386 0.8173268714178676
 217  689 4176 101.152896 37.713978 -0.13172989457974701 0.013637679711659982 924 -0.5687115181212296 -0.1056789494931783 0.8157200308869856
 218  683 4172 101.080901 37.681406 -0.049532659876436264 0.012384594273724002 3689 -0.5623229731719496 -0.10499374542081477 0.8202250832945601
 219  688 4172 101.137560 37.680329 -0.06769728142308531 0.018674284658567405 3696 -0.5668180215232015 -0.10547612826849541 0.8170631045653765
 220  680 4200 101.059489 37.929610 0.016789706080410745 0.0128918350201515 59269 -0.5653674284298258 -0.10531216537530053 0.8180886374315507
 221  680 4220 101.064519 38.109745 0.010318301411109032 0.0008183446214600393 59414 -0.5689571128554926 -0.10566904093547048 0.8155500337311747
 222  681 4240 101.069646 38.289871 0.010984994046249193 0.0006849304679975841 59557 -0.5722245832439574 -0.10596101334203309 0.8132227800441948
 223  681 4259 101.074928 38.469860 0.012760912951815126 0.0008843108291310206 59614 -0.5756989166859704 -0.10628395968287775 0.8107246617938353
 224  700 4106 101.250909 37.080035 0.009730539037762845 0.0011423865740159446 22168 -0.56494620767173 -0.10533125089981579 0.8183771196833466
 225  700 4120 101.264946 37.204886 0.008083432498347455 0.001023223925118798 58701 -0.5684118716206438 -0.10569783663000092 0.8159264130621428
 226  701 4140 101.270389 37.385022 0.0042799650333663715 0.0024125711411062604 58826 -0.5721746884471804 -0.10608346860776693 0.8132419219325311
 227  701 4159 101.276207 37.565050 -0.01010332550389117 0.008660498332529645 58617 -0.5757259021705606 -0.10642254661122194 0.8106873177388902
 228  691 4189 101.177383 37.831749 0.15067319017874092 0.012544855888058617 238 -0.5730370013102247 -0.10614047224043341 0.8126270948485309
 229  692 4189 101.191443 37.831411 0.16844632622918912 0.01195440072049806 224 -0.5741636650010009 -0.10625933667541557 0.8118158899417522
 230  691 4188 101.174192 37.823646 0.14928491252499657 0.009983657086147808 37 -0.5726055409376221 -0.1060939061114202 0.8129372531589103
 231  691 4188 101.180710 37.823017 0.17172573885274312 0.01062446705543153 63 -0.5731095756614495 -0.10614645472032107 0.8125751315635128
 232  692 4187 101.182706 37.819192 0.1731671556830406 0.009318628708934533 10 -0.5731840995240736 -0.10615348493594182 0.8125216462893353
 233  692 4187 101.182835 37.815717 0.07572563282317585 0.012957960761838277 9 -0.5731181690171108 -0.10614597528940012 0.8125691332264208
 234  692 4188 101.187778 37.823017 0.1927597320505551 0.0064941868005573425 56 -0.5736826304889324 -0.10620721409336786 0.812162709775464
 235  693 4188 101.194847 37.823017 0.20590053711618697 0.009943288100778809 63 -0.574266091789938 -0.1062697653079903 0.8117420728295996
 236  692 4187 101.186229 37.818859 0.18907201290130615 0.011301235293952291 11 -0.573463475744113 -0.10618316987502834 0.8123206118416371
 237  692 4187 101.189442 37.818859 0.21314374854167303 0.005470829379851148 12 -0.5737290659243406 -0.10621172304571504 0.8121293177821153
 238  692 4187 101.184868 37.816364 0.10440664738416672 0.0 1 -0.573296205579524 -0.10616478625254555 0.8124410740651112
 239  692 4187 101.187085 37.816641 0.18531373143196106 0.019117789386556366 3 -0.5734857383300358 -0.1061852996170859 0.8123046165554417
 240  692 4187 101.184868 37.815117 0.07570715621113777 0.006656799465417862 2 -0.5732687741502456 -0.10616184826222107 0.8124608141675658
 241  692 4187 101.187363 37.815533 0.08791930228471756 0.0 1 -0.5734842871206381 -0.10618509084720083 0.8123056683955279
 242  692 4187 101.188610 37.816780 0.2052144519984722 0.010513787955814207 4 -0.573614879397717 -0.10619915443684999 0.8122116163478831
 243  692 4187 101.190273 37.816780 0.21348551288247108 0.0031419330437552507 4 -0.5737524150374098 -0.10621402913632472 0.8121125206850145
 244  692 4187 101.188610 37.815117 0.08536091633141041 0.002648872497451966 4 -0.5735784917856395 -0.10619509778521653 0.8122378438408909
 245  692 4187 101.190273 37.814701 0.08879367262125015 0.004926711320877075 2 -0.5737069989529688 -0.10620893625999014 0.8121452710019924
 246  693 4187 101.195183 37.817833 0.2346400555143965 0.010006894270019393 47 -0.5741813220475452 -0.1062601535622762 0.8118032946327913
 247  694 4189 101.205786 37.831155 0.17879109803521842 0.018658497880036498 228 -0.5753259213145502 -0.10638248203225942 0.8109764804112508
 248  695 4189 101.216469 37.833828 0.1632019461147369 0.012098849275585615 63 -0.576240125746813 -0.10647840693628072 0.8103145477748804
 249  695 4189 101.223728 37.833913 0.16113482819775404 0.010628157242450847 59 -0.5768282575218839 -0.10654009541622887 0.8098878745807767
 250  695 4189 101.216469 37.828007 0.20604513490956927 0.011857427540359927 63 -0.5761413612324192 -0.10646934727588038 0.8103859635802579
 251  695 4189 101.223537 37.828007 0.20660474736775672 0.013224613220434 56 -0.5767196314778497 -0.10653060846956999 0.8099664783971967
 252  693 4188 101.202045 37.823089 0.21773690036658583 0.011608545665938764 58 -0.5748614326040206 -0.10633347969990582 0.8113122237458048
 253  694 4188 101.209000 37.822617 0.2333108150848636 0.011323457578613711 54 -0.5754251757534217 -0.10639370080919253 0.8109045859638899
 254  693 4187 101.201788 37.817324 0.25233375051846874 0.008700126016438627 52 -0.5747160491902977 -0.1063174042126141 0.8114173231849238
 255  694 4187 101.209053 37.817278 0.27540514752513073 0.013656860712678782 61 -0.5753151410303261 -0.10638150717922495 0.8109842559701961
 256  695 4188 101.216438 37.822509 0.24574992502177204 0.013334033977491123 54 -0.5760361918155827 -0.10645884709871238 0.8104621025026488
 257  695 4188 101.223347 37.822101 0.2535600073761859 0.01380926998558578 59 -0.5765969300762925 -0.10651850549945917 0.8100554229265776
 258  695 4187 101.215892 37.817179 0.2888355431508045 0.013691313866744933 49 -0.5758777210349598 -0.10644157938979419 0.8105769800534599
 259  695 4187 101.223214 37.816900 0.29089579515986974 0.00868059463162441 45 -0.5764761264325494 -0.10650534357514685 0.8101431277516729
 260  691 4187 101.179462 37.814701 0.044741760939359665 0.0023825764656066895 2 -0.5728292350522354 -0.10611578982207816 0.8127767876975248
 261  691 4187 101.179878 37.812206 -0.0024522440508008003 0.0 1 -0.5728077333958301 -0.10611298757214091 0.8127923070689376
 262  692 4187 101.181819 37.813246 0.020361988407482084 0.01742483655289232 12 -0.5729836539759438 -0.10613150552168683 0.8126658820278333
 263  692 4187 101.181957 37.811375 -0.003953212668420747 0.0014665028509973034 4 -0.5729536785088214 -0.10612798527497308 0.812687475616971
 264  691 4186 101.171562 37.804786 -0.0923829130255259 0.0074108875225237444 13 -0.5719914918793687 -0.10602674248808623 0.8133781796280124
 265  692 4186 101.181717 37.806035 -0.1253763715687551 0.010263617800793481 19 -0.5728177791344166 -0.10611289421479844 0.8127852395244847
 266  692 4187 101.185699 37.812539 -0.006429177802056074 0.01278239478790219 5 -0.5732810409304144 -0.10616279749289956 0.812452034607719
 267  692 4187 101.189026 37.813869 0.08752191066741943 0.0 1 -0.5735856300203783 -0.10619562874619459 0.8122327335618321
 268  692 4187 101.190273 37.813869 0.09214125946164131 0.0022660307586193085 2 -0.5736888875851018 -0.10620685911123151 0.8121583363723452
 269  692 4187 101.188610 37.812206 -0.014445040374994278 0.0020759310573339462 2 -0.5735147950190178 -0.1061878959913293 0.8122837623880146
 270  692 4187 101.190273 37.812622 0.03701432980597019 0.058641886338591576 2 -0.573661625427366 -0.10620385409180558 0.8121779859661791
 271  692 4187 101.185699 37.811375 -0.01790088787674904 0.0 1 -0.5732555721486164 -0.1061597864620697 0.812470398684709
 272  692 4187 101.187085 37.811097 -0.01833953180660804 0.008895052288904163 3 -0.5733642369758416 -0.10617159537422748 0.8123921738254267
 273  692 4186 101.184868 37.809711 -0.0928522323568662 0.0009860894836000126 3 -0.5731500528901007 -0.10614835733362733 0.8125463328988984
 274  692 4186 101.186947 37.809711 -0.03761785291135311 0.003796970471739769 2 -0.5733223903832533 -0.10616695970399755 0.812422312195106
 275  692 4187 101.189442 37.810751 -0.034846245776861906 0.003487113286435042 8 -0.5735518093942892 -0.10619178238019787 0.812257118956463
 276  692 4187 101.191798 37.813592 0.10015950848658879 0.009672718663696976 3 -0.5738090176287345 -0.10621970457689027 0.8120717860186653
 277  693 4187 101.197508 37.812539 0.2174777626991272 0.005244407460633419 5 -0.5742586458916364 -0.10626801188381792 0.8117475699187309
 278  693 4186 101.193045 37.809434 -0.13873025526603064 0.0031733672328397534 6 -0.5738216424393241 -0.1062206759665085 0.8120627381338553
 279  693 4186 101.196510 37.809711 -0.14561266948779425 0.007327930636146829 6 -0.5741146741181928 -0.1062522301583205 0.8118514670483417
 280  692 4186 101.187562 37.806219 -0.13497864753007888 0.011202858906236271 50 -0.5732968638986995 -0.10616380157567018 0.81244073819505
 281  693 4186 101.194054 37.805979 -0.1564416538837344 0.013228947832812844 43 -0.5738300167108978 -0.10622122993339442 0.8120567481605011
 282  692 4185 101.182492 37.798901 -0.4680582072053637 0.011350480316641189 7 -0.5727223636615757 -0.10610161500556062 0.8128539484157714
 283  692 4185 101.180809 37.794545 -0.47872760608082726 0.01161330238285387 42 -0.5724952027258775 -0.1060771710494191 0.8130171441230553
 284  692 4186 101.184591 37.802781 -0.24652552604675293 0.1492010397086758 3 -0.5729748542682983 -0.10612874359560462 0.8126724470283464
 285  692 4186 101.186115 37.802643 -0.30258137732744217 0.15508859432120925 4 -0.573098374769025 -0.10614204004126147 0.8125836081124092
 286  692 4186 101.184452 37.801395 -0.4571962058544159 0.0012521445751190186 2 -0.5729327964645768 -0.10612416024249267 0.8127026967766905
 287  692 4185 101.186115 37.800980 -0.4638374447822571 0.0031706769913910503 4 -0.573061902525521 -0.10613793681082419 0.8126098659525196
 288  692 4186 101.188361 37.802560 -0.22266603112220765 0.11994097907373599 5 -0.5732829870372994 -0.10616196435525897 0.8124507702610814
 289  692 4186 101.190135 37.802781 -0.16276495158672333 0.0015194535140882152 3 -0.5734350819244919 -0.10617845264183223 0.8123412725036427
 290  692 4185 101.187778 37.800564 -0.47441717982292175 0.002855628728866577 2 -0.5731909066884404 -0.1061518357943102 0.8125170596653226
 291  692 4185 101.189857 37.800564 -0.489956001440684 0.004859809348022128 3 -0.5733636390984028 -0.10617043522813617 0.8123927474093456
 292  692 4185 101.185165 37.799138 -0.4837100718702589 0.01657371783228834 14 -0.5729425054866198 -0.10612486628566843 0.8126957599019227
 293  692 4185 101.189488 37.798901 -0.5225254363483853 0.01111590111854265 9 -0.573296559773087 -0.1061630840020708 0.8124410465673879
 294  692 4186 101.191936 37.802643 -0.1705569550395012 0.00642029196023941 2 -0.5735816803881243 -0.10619410964155365 0.812235721327604
 295  693 4186 101.193600 37.802643 -0.18376366794109344 0.002782297104562264 4 -0.5737196406525019 -0.10620906952878226 0.8121363232114387
 296  692 4185 101.191936 37.800564 -0.5192140340805054 0.0036434531211853027 2 -0.5735362825391884 -0.10618901731214751 0.8122684440586182
 297  693 4185 101.193738 37.800841 -0.524316132068634 0.005655526628862844 3 -0.5736918849633409 -0.10620593533260898 0.8121563398923478
 298  693 4186 101.195263 37.802643 -0.18896807730197906 0.0038475354095204753 4 -0.5738577051307175 -0.10622387666146033 0.8120368355494211
 299  693 4186 101.195263 37.800980 -0.5347445160150528 0.003569243962436312 4 -0.5738215345109055 -0.10621987095596981 0.8120629196962801
 300  693 4185 101.192602 37.798817 -0.5391268193721771 0.012769331403966262 10 -0.5735534754234697 -0.10619076727432374 0.812256075246809
 301  693 4185 101.196095 37.798693 -0.5446511209011078 0.0050499225864567565 8 -0.5738409055807163 -0.10622171906641838 0.8120489895818346
 302  692 4185 101.186814 37.794543 -0.5100331842899323 0.011268498981741015 50 -0.5729788079236119 -0.10612828629967899 0.8126697192079511
 303  693 4185 101.193879 37.794682 -0.5354285966266286 0.00820086008143313 55 -0.5735695816761262 -0.10619209052573016 0.8122445289970557
 304  693 4187 101.200114 37.813038 0.23677682214313084 0.019005822066135863 9 -0.5744850483858054 -0.10629223665473396 0.8115841851638639
 305  693 4187 101.202747 37.812622 0.21605606004595757 0.00099539304537993 4 -0.5746938941303421 -0.10631459498136993 0.8114333829361782
 306  693 4187 101.199005 37.810543 -0.14935618142286936 0.0019415853544632487 3 -0.5743392523968114 -0.1062764230486566 0.8116894388004903
 307  693 4187 101.201084 37.810959 0.0341150164604187 0.18175414349030042 4 -0.5745203653614817 -0.10629586148100735 0.8115587099014588
 308  693 4186 101.199005 37.809296 -0.15027131140232086 0.002967306173755135 6 -0.5743123049399811 -0.10627332867655953 0.811708910882793
 309  693 4186 101.201084 37.809296 -0.15310828387737274 0.0039007606349330272 4 -0.5744844519557057 -0.10629190678797537 0.8115846505525649
 310  693 4187 101.202609 37.811097 0.09425810476144154 0.17322586239077561 3 -0.5746495437137094 -0.10630972769158598 0.8114654297675082
 311  693 4186 101.202609 37.809157 -0.14983713130156198 0.0023019170261233107 3 -0.5746076711032039 -0.10630498096172872 0.8114957025961866
 312  694 4187 101.207737 37.813869 0.2896779477596283 0.004538834095001221 2 -0.5751334114246895 -0.10636172413082554 0.8111157394003133
 313  694 4187 101.211202 37.813130 0.2978868583838145 0.010025908709897708 9 -0.5754039387218504 -0.10639068546106403 0.8109200511459228
 314  694 4187 101.206490 37.810959 0.21477971225976944 0.0009667053818702698 2 -0.5749676856684938 -0.10634374307164188 0.8112355815338284
 315  694 4187 101.207321 37.810543 0.20808936655521393 0.0 1 -0.5750275227607227 -0.10635013829071026 0.8111923299398323
 316  694 4186 101.206490 37.808880 -0.1393752098083496 0.0 1 -0.574923089940918 -0.10633875278953213 0.8112678412879152
 317  694 4186 101.207598 37.809157 -0.033723304669062294 0.1675780294894042 3 -0.5750207048297994 -0.10634930076267277 0.8111972727051857
 318  694 4187 101.212034 37.809711 0.27790284156799316 0.005779935196180426 3 -0.5753995722209863 -0.10639000206540444 0.810923239122193
 319  693 4186 101.199988 37.807368 -0.16793409125371414 0.013934025524310327 11 -0.5743519524309413 -0.10627749772925411 0.811680311585278
 320  693 4186 101.203371 37.807529 -0.1660803183913231 0.01817642586288939 8 -0.5746356801900381 -0.1063078978525503 0.8114754869413519
 321  693 4186 101.200114 37.804629 -0.1953714390595754 0.005894447734088446 9 -0.5743031672764191 -0.1062720305233355 0.8117155459794525
 322  693 4186 101.203579 37.804930 -0.20464580692350864 0.00502958636171458 8 -0.5745968891005494 -0.10630357075202783 0.8115035217923208
 323  694 4186 101.206905 37.807383 -0.15211403369903564 0.006344815152500095 10 -0.5749252805333047 -0.10633897166528229 0.8112662601814963
 324  694 4186 101.208984 37.808048 -0.12573090195655823 0.0 1 -0.5751117337130459 -0.10635906216097117 0.811131458915146
 325  694 4186 101.211479 37.807217 0.26457494497299194 0.0 1 -0.575300451142789 -0.10637921766901738 0.8109949771503097
 326  694 4186 101.206074 37.805553 -0.19105789810419083 0.005645342171192169 2 -0.5748170079956406 -0.1063272703687291 0.8113445130737466
 327  694 4186 101.207737 37.805553 -0.17998771369457245 0.002840295433998108 2 -0.5749549151577655 -0.10634201919157744 0.8112448585292759
 328  694 4186 101.207737 37.803059 -0.5189546346664429 0.0038079023361206055 2 -0.5749012536290242 -0.10633621004215031 0.8112836489228956
 329  694 4186 101.209539 37.804999 -0.16738401353359222 0.005259880725117682 3 -0.5750922517214078 -0.10635672925968498 0.8111455776561831
 330  694 4186 101.211063 37.805138 -0.16563312709331512 0.00613235218207832 4 -0.5752214948697508 -0.10637057032847919 0.8110521152230622
 331  694 4186 101.209539 37.803336 -0.5148035188515981 0.0179051409732094 3 -0.5750565500672963 -0.1063527633498739 0.8111714084905514
 332  694 4186 101.211063 37.803474 -0.5101981610059738 0.012351060244656828 4 -0.5751859121605526 -0.10636663665562536 0.8110778662117486
 333  695 4187 101.215689 37.811357 0.30530033943553764 0.013475548120127379 48 -0.5757370542025182 -0.10642615160810057 0.810678924526903
 334  695 4187 101.223676 37.812185 0.31699225535759556 0.010614665810582976 39 -0.576414673074663 -0.10649852066607732 0.810187749697665
 335  694 4186 101.214093 37.807276 0.2899003816502435 0.004864235737202148 14 -0.5755180199468807 -0.10640249868928817 0.8108375404414242
 336  695 4186 101.217883 37.807383 0.2975512593984604 0.004052584855543676 10 -0.5758339340215862 -0.10643630390615766 0.8106087796465197
 337  694 4186 101.212865 37.805276 -0.018480355540911358 0.2122638400116306 3 -0.5753736838681845 -0.10638690261120586 0.8109420144897835
 338  695 4186 101.215221 37.805553 0.28645384311676025 0.0022482872009277344 2 -0.575574757842221 -0.10640854428659177 0.810796472511861
 339  694 4186 101.212727 37.803059 -0.5171220004558563 0.0030032694339752197 2 -0.5753148777276826 -0.1063804660593284 0.8109845793269942
 340  694 4186 101.214806 37.803267 -0.5217608362436295 0.004821996136294852 4 -0.5754915365415626 -0.1063994660656164 0.8108567351819821
 341  695 4186 101.216885 37.805553 0.28716371953487396 0.0002298206090927124 2 -0.5757124459021236 -0.10642321845098075 0.8106967856158858
 342  695 4186 101.218132 37.805553 0.28954431414604187 0.0 1 -0.5758157385419387 -0.1064342188247623 0.8106219786747485
 343  695 4186 101.217023 37.803336 -0.51418403784434 0.005887290040741131 3 -0.5756767799749528 -0.10641927042633745 0.8107226306694515
 344  694 4185 101.205583 37.796752 -0.5276565668957957 0.007235928855603094 178 -0.5745869775040061 -0.10630185241808296 0.8115107648425218
 345  695 4185 101.218556 37.796809 -0.517107252671261 0.007229981737709451 198 -0.5756652049730225 -0.10641760816717262 0.810731067898194
 346  696 4189 101.230636 37.833561 0.16655455476471356 0.008607959687291398 56 -0.5773813052107948 -0.10659815178280743 0.809486048322989
 347  696 4189 101.237963 37.833476 0.17429086565971375 0.007879388917660915 52 -0.5779722263781347 -0.1066600193535602 0.8090560832272384
 348  696 4189 101.230633 37.827993 0.20822797114810637 0.01438623721676313 62 -0.5772996084848723 -0.10659189965753833 0.8095451370804537
 349  696 4189 101.237675 37.828007 0.20975701723779952 0.012189355630527775 56 -0.5778753486673234 -0.10665260336644274 0.8091262593673373
 350  697 4189 101.248524 37.830385 0.1969498988062013 0.0168515765687035 229 -0.5787891807732093 -0.10674722704550821 0.8084603352904656
 351  696 4188 101.230524 37.822267 0.2501252181217319 0.011929743110576225 61 -0.5771916299967823 -0.10658173858129824 0.8096234651136572
 352  696 4188 101.237609 37.822142 0.2452270880080106 0.009675297358348501 57 -0.5777723282565751 -0.10664329796771554 0.8092010527054111
 353  696 4187 101.229941 37.815886 0.29373853877186773 0.01500944420489832 40 -0.5770097195572095 -0.10656209417752974 0.8097557061367396
 354  696 4187 101.237176 37.817009 0.2766293428838253 0.014055107513050596 40 -0.5776297629231452 -0.10662799362140417 0.8093048424182477
 355  697 4188 101.244743 37.822186 0.24556531012058258 0.010367866693609175 63 -0.5783603111973185 -0.10670558600721534 0.8087726926316181
 356  698 4188 101.251690 37.821941 0.24652533671435187 0.00876397011853309 51 -0.5789266376470884 -0.10676544053100379 0.8083595047569229
 357  697 4187 101.244587 37.816832 0.27981575081745785 0.015757047995138787 48 -0.5782368860617891 -0.10669236057572888 0.808862685375178
 358  698 4187 101.251562 37.816323 0.28526319811741513 0.01369854466319913 60 -0.5788009361352567 -0.10675207036600891 0.8084512797945965
 359  699 4189 101.262682 37.830079 0.2031647144506375 0.01656730089187798 240 -0.5799344349499497 -0.10686705668501208 0.8076233548844195
 360  700 4189 101.276845 37.829764 0.20618797571898548 0.013956558553073897 229 -0.5810157809685136 -0.10697505378714584 0.8068314570793492
 361  699 4188 101.262207 37.818859 0.2631472001922616 0.019709078158367345 221 -0.5797275956897634 -0.10684980141857636 0.8077741235844195
 362  700 4188 101.276372 37.818466 0.2589809377736683 0.01930116806049221 237 -0.580813664967557 -0.10695885431412105 0.8069791137760413
 363  696 4187 101.234775 37.810622 0.33557377876462163 0.010086584239901742 74 -0.5772985557939553 -0.10659259533061267 0.809545796171469
 364  697 4187 101.244161 37.811208 0.33307704478502276 0.008468153854483046 20 -0.5780855143831477 -0.10667616954865326 0.8089730112375805
 365  698 4187 101.251673 37.810592 0.3365875015071794 0.013637340402648988 51 -0.5786925433057177 -0.10674055274317618 0.8085303919596599
 366  698 4186 101.251822 37.805534 0.37328296830487806 0.007910752936619858 43 -0.5786010605531184 -0.10673080574430809 0.8085971480483822
 367  696 4185 101.231574 37.793837 -0.5052522652184785 0.016024128131435986 67 -0.5766825341379106 -0.10652633709929067 0.8099934532602631
 368  698 4187 101.258465 37.810682 0.3307621628046036 0.017938101354176422 48 -0.5792544155689637 -0.10679999018102823 0.8081200926478628
 369  699 4187 101.265754 37.811001 0.3180279318167239 0.013945076878497444 49 -0.5798590633432623 -0.10686364583752529 0.8076779233438206
 370  698 4186 101.258240 37.805034 0.37815548044939834 0.010152924757211731 48 -0.5791208056559564 -0.10678585094314978 0.8082177147865193
 371  699 4186 101.265533 37.804722 0.3712799312576415 0.01302196771271277 63 -0.5797146510446689 -0.10684852497641856 0.8077835824492359
 372  700 4187 101.272543 37.810187 0.3166971206665039 0.011013377812198367 49 -0.5803657737383378 -0.1069144162962344 0.8073071759009306
 373  700 4187 101.279814 37.809927 0.31184288962134 0.011725351634862609 58 -0.5809069787354008 -0.1069674970864066 0.8069107984303955
 374  700 4186 101.272602 37.804722 0.35902723776442663 0.01404217102811843 56 -0.5802626131630645 -0.10690380120374901 0.8073827326945759
 375  700 4186 101.279530 37.804553 0.3529725049511861 0.01266988232839737 59 -0.5807831500413122 -0.10695515551982353 0.8070015658818892
 376  698 4186 101.256802 37.801395 0.39568424224853516 0.0021082030261792336 4 -0.5789278460445625 -0.1067655386904373 0.808358626367248
 377  699 4186 101.260405 37.800425 0.39294936259587604 0.002955230574922422 6 -0.579205935727098 -0.10679491899998338 0.8081555105883296
 378  698 4185 101.259296 37.798901 0.3909870535135269 0.005574241280555725 2 -0.579083216608981 -0.10678198984120169 0.8082451576640282
 379  699 4185 101.260821 37.798346 0.3674488266309102 0.01596483474353455 3 -0.5791980503128893 -0.10679410541109785 0.8081612695268137
 380  699 4185 101.260960 37.797237 0.33043646812438965 0.00012311339378356934 2 -0.5791870812421478 -0.10679293167171047 0.8081692858969357
 381  699 4186 101.263568 37.800564 0.38484514301473444 0.005516425250610553 11 -0.5794700965002801 -0.10682294896160355 0.8079624154854622
 382  699 4186 101.266615 37.800397 0.3826498448848724 0.005366919075118142 10 -0.5797173875732913 -0.1068489994454176 0.8077815557826952
 383  699 4185 101.263039 37.798901 0.3910198509693146 0.0 1 -0.5793926640270427 -0.10681472579378384 0.8080190314746585
 384  699 4185 101.264286 37.798485 0.3928973898291588 0.00269917259107796 4 -0.5794873816292947 -0.10682475907384803 0.8079497789969612
 385  699 4185 101.263039 37.796406 0.27946922183036804 0.0 1 -0.5793421054624237 -0.1068095450912328 0.808055967068971
 386  699 4185 101.264286 37.796406 0.2828257232904434 0.0010790377855300903 2 -0.5794453036766624 -0.10682035632021811 0.8079805390742294
 387  699 4185 101.265811 37.798623 0.38962764541308087 0.003969798270815084 3 -0.579616236298441 -0.10683848730329946 0.8078555293181898
 388  699 4185 101.267612 37.798901 0.3949369490146637 0.002429753541946411 2 -0.5797680464545972 -0.10685431854152506 0.8077444935864598
 389  699 4185 101.266088 37.796683 0.3091805974642436 0.01983550453649637 3 -0.5795999000543406 -0.10683681125874382 0.8078674715676216
 390  699 4185 101.267197 37.796406 0.29559653997421265 0.0 1 -0.5796860467536591 -0.1068458261146053 0.8078044668365
 391  698 4185 101.256940 37.794465 -0.3580013910929362 0.0033645083764983676 3 -0.5787979712942513 -0.10675168195730829 0.8084534537157627
 392  699 4185 101.261375 37.795574 0.2564333379268646 0.0 1 -0.5791876265772091 -0.10679303761961488 0.8081688810736496
 393  698 4185 101.258881 37.793911 -0.354449729124705 0.0038291069905009396 3 -0.5789472871115836 -0.10676763727408718 0.8083444255866719
 394  699 4185 101.260960 37.794327 -0.3495749980211258 0.004289680474063791 4 -0.579127844034951 -0.10678671224563391 0.8082125576549758
 395  698 4185 101.255970 37.792456 -0.37553105503320694 0.016111807731967964 8 -0.5786765262627414 -0.10673882664421457 0.8085420835300432
 396  698 4185 101.259772 37.792307 -0.3526185857398169 0.004398135351733059 14 -0.5789884271428514 -0.10677193582116251 0.808314391159559
 397  699 4185 101.262623 37.795574 0.25576165318489075 0.003458470106124878 2 -0.579290854570673 -0.10680400726269215 0.808093441282263
 398  699 4185 101.262623 37.793911 -0.3465508967638016 0.0042669326066970825 2 -0.5792570850035781 -0.1068004936619648 0.8081181126708634
 399  699 4185 101.264147 37.794188 -0.151458278298378 0.27136228715673444 3 -0.5793889372103875 -0.1068144119358948 0.8080217452773203
 400  699 4185 101.263288 37.792081 -0.3577548682689667 0.008916352440709475 10 -0.5792750991941159 -0.10680236104754659 0.8081049530403317
 401  699 4185 101.266850 37.791901 -0.35246120144923526 0.004962967319612634 12 -0.579565140658511 -0.10683304842935806 0.8078929059576961
 402  700 4185 101.272159 37.798445 0.3921191980761866 0.008636782165281836 31 -0.5801053688301426 -0.10688779008093338 0.8074978398646391
 403  700 4185 101.279745 37.798827 0.387337941593594 0.008798875993207821 45 -0.5806902132913433 -0.10694587016461467 0.8070696729789738
 404  699 4185 101.269525 37.791084 -0.341378778219223 0.017093470837850327 5 -0.5797576090794616 -0.10685249683981372 0.8077522260158517
 405  700 4185 101.273988 37.790723 -0.30203887323538464 0.010333236609274167 6 -0.5800934535743795 -0.10688614542600003 0.8075066173327134
 406  700 4185 101.276760 37.795158 0.3798656389117241 0.011282326178789277 4 -0.5803922145994264 -0.10691620933906987 0.8072879296836648
 407  700 4185 101.281750 37.795574 0.39875032007694244 0.0033955425024032593 2 -0.5807814819967607 -0.10695488610719213 0.8070028020443571
 408  700 4185 101.281750 37.790585 -0.2659718543291092 0.004890128970146179 2 -0.5806872593856269 -0.10694554535025806 0.8070718413604488
 409  691 4184 101.176088 37.786396 -0.45576782476070316 0.019802156768373554 215 -0.5719498619616673 -0.10601915925576956 0.813408441849929
 410  692 4184 101.190521 37.786483 -0.5009593701419922 0.01577350955457983 208 -0.5731119755075326 -0.10614192702258952 0.8125740303860224
 411  691 4183 101.172394 37.778111 -0.40995502188092187 0.010660404762960636 63 -0.5714989139975708 -0.1059721820292843 0.8137314593497964
 412  691 4183 101.179462 37.778111 -0.44028891197272707 0.012101249472807322 56 -0.572051623998447 -0.10602950261535453 0.8133355298128073
 413  691 4182 101.172315 37.772713 -0.38780171635015953 0.00876503200352965 53 -0.571393871119899 -0.1059616054006026 0.8138066000147351
 414  691 4182 101.179247 37.772175 -0.40258834074283467 0.012206417560456212 58 -0.5719292087426167 -0.10601743319671138 0.8134231887802469
 415  692 4183 101.186571 37.778111 -0.4603150539821194 0.012459204137020742 62 -0.5726199069800043 -0.10608930972671905 0.8129277338680969
 416  693 4183 101.193513 37.778236 -0.475396732114396 0.013590695322929417 53 -0.5731975418165386 -0.10615160449426422 0.8125124090860218
 417  692 4182 101.186531 37.772289 -0.41908186295675853 0.012163322617282764 63 -0.5725136352377936 -0.10607896767111642 0.8130039299318527
 418  693 4182 101.193455 37.772238 -0.4273191830333398 0.013827365937600693 49 -0.573082601883851 -0.10614006826923583 0.8125949897247938
 419  694 4184 101.205014 37.785949 -0.5185857393622938 0.014468543749934152 221 -0.574307875214195 -0.10627105116529885 0.8117123432295329
 420  695 4184 101.218633 37.785591 -0.5117379017344349 0.01678953831106493 219 -0.5754335173382097 -0.10639214725926285 0.8108988704674213
 421  693 4183 101.200564 37.777799 -0.4846036620438099 0.011156663896418085 56 -0.5737737487642749 -0.10621370185190653 0.812097490925754
 422  694 4183 101.207859 37.777524 -0.48115140491840885 0.012792221465268348 51 -0.5743725108549966 -0.10627805701351126 0.8116656906458222
 423  693 4182 101.200535 37.772497 -0.4430172938321318 0.01595611198130292 56 -0.5736703040442647 -0.10620309897458088 0.8121719547152293
 424  694 4182 101.207619 37.772148 -0.4412452972160195 0.011133995952324992 53 -0.5742463628020489 -0.10626472441424108 0.811756689626752
 425  695 4183 101.214806 37.777279 -0.47140713911207893 0.013262936710738455 63 -0.5749424048978543 -0.10633920774906691 0.81125409333055
 426  695 4183 101.221940 37.777323 -0.46425980538652656 0.012977653544635903 57 -0.5755333079392703 -0.10640245258076284 0.8108266951311356
 427  695 4182 101.214806 37.771873 -0.43286146499492506 0.00964197652412217 54 -0.5748316416104 -0.10632729946235489 0.8113341415178678
 428  695 4182 101.221874 37.771458 -0.42095399807606426 0.011562215592499389 56 -0.5754035554730561 -0.10638821268513594 0.8109206475054312
 429  691 4182 101.171925 37.767254 -0.35531921332532707 0.011720694638048049 55 -0.5712630187596817 -0.10594837960123611 0.8139001807700056
 430  691 4182 101.179094 37.766923 -0.3725525877385769 0.00934520771853653 53 -0.571823677401541 -0.10600704272699618 0.8134987331614323
 431  691 4181 101.171978 37.761478 -0.3220520902957235 0.009165324555093933 56 -0.57116120457673 -0.10593816977218255 0.8139729618186216
 432  691 4181 101.179145 37.761380 -0.3374871061009876 0.012045598150230052 59 -0.5717290935873336 -0.10599783930806764 0.8135664088492267
 433  692 4182 101.186208 37.766560 -0.37835057190170995 0.011182921512164082 54 -0.572385842244315 -0.10606632839146479 0.8130955550117219
 434  693 4182 101.193130 37.766428 -0.3840788338453539 0.011411996853590324 62 -0.5729493338685462 -0.10612659532808859 0.8126907201289167
 435  692 4181 101.186015 37.761179 -0.3446125453710556 0.008594978111307473 50 -0.572275278524169 -0.10605546941209044 0.8131747924018955
 436  693 4181 101.193315 37.760909 -0.34689157155522127 0.009712302387904631 57 -0.572863188464793 -0.10611809801824 0.8127525555634645
 437  691 4180 101.175025 37.752857 -0.28659628903815515 0.015421948902653927 237 -0.5712472676517375 -0.10594810196680421 0.8139112721237223
 438  692 4180 101.189107 37.752757 -0.30029610569699333 0.017981964422382854 236 -0.5723753989256873 -0.10606740750817137 0.8131027658107896
 439  693 4182 101.200077 37.766413 -0.3908845199478997 0.014343383285518038 45 -0.5735168335435936 -0.10618719113813509 0.8122824152228849
 440  694 4182 101.207628 37.766439 -0.3986515109999138 0.014074155597693918 57 -0.5741341834068843 -0.10625295218043597 0.811837575871339
 441  693 4181 101.200253 37.760647 -0.3481485279543059 0.011433625797511934 56 -0.5734213931478607 -0.10617745101486388 0.8123510662123566
 442  694 4181 101.207321 37.760647 -0.3532460989460113 0.011462454316225699 63 -0.5739947695145071 -0.10623828612943172 0.8119380709944994
 443  695 4182 101.214639 37.766551 -0.39695044656594597 0.011859931007166525 60 -0.5747090294484949 -0.1063141118621239 0.8114227265053258
 444  695 4182 101.221654 37.765979 -0.38497937952770905 0.009671000365931727 51 -0.5752695004951274 -0.10637356813838794 0.8110176729280283
 445  695 4181 101.214390 37.760647 -0.3545706197619438 0.01135916434676424 56 -0.5745678869310797 -0.1062989410157306 0.8115246628701361
 446  695 4181 101.221458 37.760647 -0.3496644714521983 0.011110849701044596 63 -0.5751407012798185 -0.10635950712999909 0.8111108610876951
 447  694 4180 101.203512 37.752365 -0.3031336560442641 0.016304327192903652 222 -0.5735254591028277 -0.1061888761863187 0.8122761047422098
 448  695 4180 101.217844 37.752054 -0.2992352226860503 0.01920900974450643 234 -0.5746691609382147 -0.10630913691600172 0.8114516146232892
 449  696 4184 101.232540 37.785083 -0.4841360768975591 0.01390008712371605 169 -0.5765787973480234 -0.10651491137596626 0.8100688020799697
 450  697 4184 101.243802 37.787696 -0.4610345449886824 0.0110825913482529 38 -0.5775695198400648 -0.10662095806434292 0.8093487635458269
 451  698 4184 101.249363 37.789661 -0.4151010413964589 0.014329556779359674 9 -0.5780715420372324 -0.10667445938956543 0.8089832210872115
 452  698 4184 101.252574 37.789545 -0.39041029413541156 0.004173856517335771 12 -0.5783355058316466 -0.10670259074767441 0.8087908257529803
 453  698 4184 101.249020 37.786664 -0.44140116444655825 0.00813485804019647 14 -0.5779814354948533 -0.10666483942435662 0.8090488688910483
 454  698 4184 101.251812 37.787258 -0.42308245599269867 0.015129104256629944 2 -0.5782253715582111 -0.10669084589210107 0.8088711164884037
 455  698 4184 101.253475 37.787258 -0.40611088275909424 0.0 2 -0.5783634128823684 -0.10670539631645629 0.8087704996078968
 456  698 4184 101.251812 37.786011 -0.43298545479774475 0.0008771512770823825 4 -0.5781997710332397 -0.10668814872101734 0.8088897722802478
 457  698 4184 101.253475 37.786011 -0.4031943827867508 0.029534889245964858 4 -0.5783378310907937 -0.1067028339628617 0.8087891309565743
 458  697 4184 101.243614 37.782410 -0.4351038376115403 0.010990518474349703 53 -0.577441621928326 -0.10660700442364418 0.8094418570055549
 459  698 4184 101.250511 37.782269 -0.4119401703919134 0.017892977590084617 62 -0.5780107088123999 -0.10666765168023377 0.8090275845626101
 460  696 4183 101.228929 37.777293 -0.45946890165408455 0.010650771829062329 60 -0.5761103586165366 -0.10646412721247618 0.8104086896817009
 461  696 4183 101.236490 37.777549 -0.4398831591010094 0.014119184739954983 40 -0.576740787758753 -0.10653141814025327 0.8099513076009196
 462  696 4182 101.228943 37.771317 -0.4153953750254744 0.012415121240505858 59 -0.5759806169521018 -0.10644958558232144 0.8105028159265261
 463  696 4182 101.236082 37.771316 -0.39899863555746257 0.01166737359062281 53 -0.5765661775917361 -0.1065117735923851 0.8100781968078509
 464  697 4183 101.243112 37.776981 -0.413921686838258 0.009483502839042137 53 -0.5772744191842304 -0.10658810529401204 0.8095635989626399
 465  698 4183 101.250565 37.776887 -0.38745065398936 0.009291176833020534 53 -0.5778870309317766 -0.10665317748523111 0.8091178401278515
 466  697 4182 101.243080 37.771373 -0.3812855143668288 0.011974840461294947 59 -0.5771411589447222 -0.1065727048781775 0.8096606333686304
 467  698 4182 101.250096 37.771412 -0.35984703410755503 0.011159632839701573 55 -0.5777169902775204 -0.10663365562643232 0.8092418319837569
 468  699 4184 101.261439 37.785257 -0.36641096883413327 0.015253650437526163 209 -0.578980187517451 -0.10677090741268962 0.8083204289095558
 469  700 4184 101.271727 37.787565 -0.33291508178961904 0.015309981459684128 38 -0.5798571977124809 -0.10686228118172633 0.8076794432952139
 470  700 4184 101.279386 37.787171 -0.2894489067165475 0.017899654019004667 38 -0.5804403923742485 -0.10692088132188325 0.8072526717439715
 471  700 4184 101.271770 37.782467 -0.33246529620626697 0.006914750460755298 46 -0.5797541382029835 -0.10685120445247705 0.8077548881582648
 472  700 4184 101.277140 37.782232 -0.31600421667099 0.0138643529803659 23 -0.5801662731489917 -0.106892849884574 0.8074534129867577
 473  699 4183 101.261096 37.773618 -0.33971142768859863 0.01997581187418734 214 -0.5786731265628637 -0.10673533670654413 0.8085449774082458
 474  700 4183 101.271289 37.776710 -0.3215782548251905 0.015129180643344762 38 -0.579574690451916 -0.10683058982588127 0.8078863801705164
 475  700 4183 101.277010 37.774119 -0.25041690468788147 0.001948202261535015 5 -0.5799611015643813 -0.10686908294961206 0.8076039374481394
 476  700 4183 101.280427 37.774482 -0.23732715167782523 0.007325359976472518 11 -0.5802392684851402 -0.10689763953071194 0.8074003257186557
 477  700 4182 101.271280 37.770745 -0.28968569902437075 0.011752355493975507 56 -0.579424532780572 -0.10681269301964957 0.8079964476542615
 478  700 4182 101.278663 37.770594 -0.2522767555828278 0.011038787159698108 52 -0.5800070787266712 -0.10687256934154031 0.8075704567090667
 479  696 4182 101.228972 37.765884 -0.37787873650852005 0.009586609011908427 57 -0.5758640094720477 -0.10643651552381646 0.8105873862563652
 480  696 4182 101.235882 37.765565 -0.3627666661451603 0.010669943510968435 58 -0.5764198799812237 -0.10649526507898854 0.8101844731159612
 481  696 4181 101.228399 37.760455 -0.34627879697542924 0.010443403012307251 52 -0.5756986704469329 -0.1064183159743867 0.8107072115571745
 482  696 4181 101.235656 37.760178 -0.33172480843283914 0.010081531817065649 55 -0.5762798287215921 -0.10647944729441237 0.8102861755654533
 483  697 4182 101.243080 37.765636 -0.34854758637292044 0.010744082350910093 63 -0.5770074775047934 -0.1065572579058205 0.8097579401840699
 484  698 4182 101.250149 37.765636 -0.3308689684740135 0.009818361369316658 56 -0.5775826849719993 -0.10661784854722957 0.8093397780856296
 485  697 4181 101.242664 37.759815 -0.31560100668243 0.009888711631060658 56 -0.5768381867928477 -0.10653802949375642 0.8098810743122271
 486  698 4181 101.249733 37.759815 -0.30200426351456416 0.00961165885003029 63 -0.5774093300828965 -0.10659790235151442 0.8094660911659474
 487  696 4180 101.231942 37.751879 -0.2864141093886547 0.01984588810583621 239 -0.575795189920576 -0.10642705933083907 0.8106375147416494
 488  697 4180 101.246182 37.751488 -0.26580739054862446 0.016182238795439396 222 -0.5769258363959543 -0.10654493521034508 0.8098177301589858
 489  699 4181 101.260426 37.762586 -0.2931951253578581 0.016923833776284914 232 -0.5783420381659656 -0.10669649248319092 0.8087869592060825
 490  700 4181 101.274750 37.762218 -0.25918365589209963 0.015579818973172416 217 -0.5794906206573637 -0.10681629022489694 0.8079485755372887
 491  699 4180 101.260508 37.751217 -0.24251325933718373 0.016206102970833906 233 -0.5780641319970872 -0.10666311788797884 0.8089900114221864
 492  700 4180 101.274619 37.751042 -0.2180205099284649 0.016144411167577838 240 -0.5792053321156804 -0.10678270919175864 0.8081575565856158
 493  701 4189 101.291328 37.829527 0.20848430108919017 0.012329372276920603 227 -0.5820864242979629 -0.10707873251063343 0.8060456188652898
 494  702 4189 101.305419 37.829232 0.21034904884244607 0.012148480969437391 239 -0.5831259647337272 -0.10717895424417684 0.805280560438711
 495  701 4188 101.290389 37.818351 0.2560326985569082 0.017603054640653624 234 -0.5818535053746962 -0.10705976885646841 0.806216288706435
 496  702 4188 101.304686 37.818069 0.25439449409732906 0.01393522940738909 223 -0.582910599086208 -0.10716196853988216 0.8054387288749004
 497  704 4189 101.319477 37.828967 0.2050108413780685 0.01180717041958137 226 -0.5841622767424389 -0.10727846760458169 0.8045158574071135
 498  705 4189 101.333846 37.828685 0.20202245146430012 0.010112215525764044 227 -0.5852198572227063 -0.10737956599407127 0.803733380866541
 499  704 4188 101.318990 37.817685 0.24824937539441244 0.01421477047686736 238 -0.5839664737327049 -0.10726375057468235 0.8046599563597298
 500  705 4188 101.333092 37.817490 0.2377137637518822 0.011208358804799257 235 -0.5850100071546693 -0.10736394263062674 0.8038882231701752
 501  701 4187 101.286695 37.810083 0.303851750936914 0.011200782117037341 47 -0.5814265268431827 -0.10701838311258931 0.8065297635915495
 502  701 4187 101.293862 37.809671 0.2993945239051696 0.007731232640264496 62 -0.5819570822173976 -0.10707026535140628 0.8061401321945165
 503  701 4186 101.286545 37.804278 0.3489531682597266 0.012818502677106618 45 -0.581308279840439 -0.1070069316489511 0.8066165138205557
 504  701 4186 101.293908 37.804356 0.3366042447090149 0.017163186864657322 25 -0.581865877707941 -0.10706172811586452 0.806207099157538
 505  702 4186 101.304964 37.807255 0.3072039535792742 0.0158360513786628 217 -0.582749790851664 -0.10714796672655931 0.8055569467695665
 506  701 4185 101.289162 37.798373 0.3732132160892853 0.01319489780507104 104 -0.581398639031353 -0.10701608356064667 0.8065501722718997
 507  702 4185 101.304988 37.795737 0.3512392315201293 0.016808184342464103 133 -0.5825580207574315 -0.10713103441240006 0.8056978924615066
 508  704 4186 101.318730 37.806460 0.2980414642407013 0.015144628056837472 222 -0.5837725118922387 -0.107247820843581 0.804802807700948
 509  705 4186 101.333053 37.806178 0.2785323061797296 0.012418290096935191 229 -0.5848456186632701 -0.10735216835516484 0.8040093993728065
 510  704 4185 101.318897 37.795934 0.3276072357133118 0.011428768191900347 171 -0.5836213149476319 -0.1072358483483473 0.8049140535285784
 511  705 4185 101.332623 37.795104 0.31218943323166864 0.008129546006917392 212 -0.5846544336715505 -0.10733765482160107 0.8041503721603301
 512  706 4189 101.347855 37.828414 0.19109956064122788 0.012376057593554484 235 -0.586253308058794 -0.10747822116164645 0.8029666809812527
 513  707 4189 101.361889 37.828136 0.179854010388387 0.00681812864585413 226 -0.5873339819861575 -0.10758495211513142 0.8021622477296404
 514  706 4188 101.347478 37.817192 0.22933911769379414 0.01256706879890498 223 -0.5860753386941611 -0.10746610036274865 0.8030982098394617
 515  707 4188 101.361732 37.816789 0.21193376389258078 0.013129954166701168 239 -0.5871682762835394 -0.10757393821783688 0.8022850261238347
 516  709 4188 101.383038 37.822087 0.1872875113488548 0.01588171457324492 914 -0.5889032549326115 -0.1077433608117012 0.8009895907755451
 517  706 4186 101.347031 37.805969 0.26425284234916463 0.011283033837930842 238 -0.585894633938145 -0.10745389621495914 0.8032316839559505
 518  707 4186 101.361138 37.805580 0.2469658297192943 0.008764188960987926 222 -0.5869768758732932 -0.10756078620941022 0.802426834334472
 519  706 4185 101.346949 37.794658 0.2956222221586439 0.0109934253760124 225 -0.5857401926129582 -0.10744425035000804 0.8033456042230264
 520  707 4185 101.361106 37.794285 0.27667133857806525 0.009729487493659487 240 -0.5868281457401004 -0.10755191952866566 0.8025367978933644
 521  709 4186 101.375431 37.805302 0.23639230681704237 0.008964125653497674 231 -0.5880840883897205 -0.10767051154655524 0.8016010016998074
 522  710 4186 101.389559 37.805100 0.20733143161478002 0.00860187301998088 229 -0.5891782613623977 -0.1077784674670077 0.8007826036374949
 523  709 4185 101.375087 37.794077 0.25503652115662895 0.01101076292470115 225 -0.5879092670253555 -0.10765888452628324 0.8017307891856628
 524  710 4185 101.389636 37.793799 0.22034923451631058 0.00721716155903799 223 -0.5890322718269847 -0.10776957129455055 0.8008911925157686
 525  701 4183 101.288347 37.772172 -0.2118621740490198 0.012073775648562456 120 -0.580811034534689 -0.10695540501804014 0.8069814641614584
 526  705 4184 101.333383 37.784806 0.31606463123770323 0.014467088175510479 136 -0.584564826234883 -0.10733276826154706 0.8042161654594454
 527  704 4182 101.319229 37.770002 -0.18273981584405358 0.011551933410954163 88 -0.5832132152981185 -0.10720042538480047 0.8052145144611765
 528  705 4182 101.330072 37.770100 -0.16612659668243385 0.01754975327878959 79 -0.5840753693340434 -0.1072881326260883 0.8045776653219424
 529  701 4181 101.288622 37.761861 -0.22502047708258033 0.016214254718495698 224 -0.5806016283168732 -0.10693178139256718 0.8071352695329376
 530  702 4181 101.303140 37.760885 -0.1863231104773444 0.015400077549749515 185 -0.5817524537455533 -0.10705107133835723 0.8062903637563441
 531  701 4180 101.288788 37.750694 -0.18525886132910446 0.013799702904186428 222 -0.5803644833211982 -0.10690513182389728 0.8073093330867875
 532  702 4180 101.303082 37.750416 -0.16180063280966375 0.012730799885496545 231 -0.5815355524325033 -0.10702847631036559 0.806449816489349
 533  704 4181 101.317160 37.760951 -0.174406328177089 0.011120823432739098 197 -0.5828851472391199 -0.10716820204456852 0.805456318864384
 534  705 4181 101.330910 37.760663 -0.17418639791699556 0.01709232155426462 208 -0.5839892577771141 -0.10728207577285966 0.8046409777154042
 535  704 4180 101.317033 37.750395 -0.14805929319340017 0.0146851954365623 223 -0.5826830305498488 -0.10714891576183853 0.8056051115529906
 536  705 4180 101.331323 37.749894 -0.12991941959358924 0.007723196007916076 215 -0.5838496620805244 -0.10727108198712816 0.804743739992905
 537  706 4184 101.346285 37.784383 0.3041123315328505 0.008340171254937481 164 -0.5855535174883039 -0.10743083528230526 0.8034834744956617
 538  707 4184 101.360286 37.783376 0.29080278250440283 0.00612925266976935 199 -0.5866233216075416 -0.10753728744046183 0.8026884889893976
 539  707 4183 101.350529 37.774841 0.28784579655219766 0.01189423742503907 29 -0.585755280274229 -0.1074555108420497 0.8033330970528562
 540  706 4182 101.339962 37.769794 -0.15918025374412537 0.010587066411972046 2 -0.5848531436563881 -0.10736689737807814 0.8040019587679159
 541  706 4182 101.340378 37.767894 -0.15655438601970673 0.003599572823638 7 -0.5848581776714572 -0.10736829122785752 0.8039981107251634
 542  706 4182 101.343954 37.767965 -0.14080853015184402 0.004778236769727665 10 -0.585143409795227 -0.1073971950502966 0.8037866834356883
 543  706 4182 101.347955 37.770811 0.2649117973115709 0.003857755402607771 9 -0.585499754058081 -0.10743188431323444 0.8035225125849521
 544  707 4182 101.351466 37.770811 0.2713895108964708 0.00686998227303581 9 -0.5857752211868275 -0.10745954518203259 0.8033180169726022
 545  706 4182 101.348278 37.768131 0.1976991966366768 0.0006692633032798767 2 -0.5854891658430035 -0.10743215353116731 0.8035301917589156
 546  706 4182 101.346615 37.767300 -0.13484890013933182 0.0015477165579795837 2 -0.5853456378625853 -0.10741791349055065 0.8036366567650954
 547  706 4182 101.348278 37.766884 -0.13181091845035553 0.0045447570362299634 4 -0.5854723366436143 -0.10743100496018546 0.803542607581148
 548  706 4182 101.349525 37.768131 0.19358599185943604 0.0 1 -0.5855882120122302 -0.10744228871576034 0.8034566575415493
 549  707 4182 101.352852 37.768963 0.2726321816444397 0.0 1 -0.5858587686311276 -0.10746868816581667 0.8032558647665995
 550  706 4182 101.349525 37.766468 -0.12682881951332092 0.0 1 -0.5855660916818922 -0.10744078986335852 0.8034729795991472
 551  707 4183 101.361030 37.772537 0.27876343494219497 0.011842812410851536 151 -0.5865395617623456 -0.1075345297261705 0.8027500653405186
 552  709 4183 101.381832 37.778367 0.25047758233390355 0.01974174424870468 760 -0.5882252651599472 -0.1076979349059638 0.8014937256426282
 553  706 4181 101.345701 37.760280 -0.13812256941182466 0.01736294573914002 177 -0.5851748858049255 -0.1074039217096845 0.8037628696478658
 554  707 4182 101.354411 37.762414 -0.11048041470348835 0.017796501027333017 8 -0.5858935975756706 -0.10747552733659044 0.8032295458606836
 555  707 4181 101.357426 37.761063 -0.11249807476997375 0.004030764102935791 2 -0.5861098777208827 -0.10749781524231838 0.8030687585481957
 556  707 4181 101.358950 37.760924 -0.07862477501233418 0.016034164273712417 3 -0.5862263805910143 -0.1075093963735141 0.8029821669193917
 557  707 4181 101.356178 37.758185 -0.11481075093150139 0.00827969015795852 50 -0.5859752983840693 -0.10748582209046922 0.8031685674459857
 558  708 4181 101.362982 37.757194 -0.0871791998771104 0.014133957182544137 33 -0.586490680421427 -0.10753754309198539 0.8027853751810323
 559  706 4180 101.345465 37.749561 -0.12376193119132001 0.0044853563867258035 230 -0.5850068564190474 -0.10739184612784014 0.8038867888751241
 560  707 4180 101.359534 37.749222 -0.11134309193069956 0.008220705190617116 226 -0.5861186420803192 -0.10750462631965903 0.8030614501554617
 561  708 4181 101.367322 37.756156 -0.08411834090948105 0.01279598212933871 5 -0.586814030968865 -0.1075701663329332 0.8025446731323914
 562  708 4181 101.371563 37.754826 -0.035429013427346945 0.026192615274339914 2 -0.5871259573205425 -0.10760183638025195 0.8023122553270853
 563  709 4181 101.373226 37.754826 -0.013574132230132818 0.0020019900985062122 2 -0.5872550886056499 -0.10761466960624223 0.8022160206529846
 564  709 4181 101.375998 37.758429 0.12873197346925735 0.0028514136599928582 6 -0.5875166480805859 -0.10763857625638015 0.8020212747363079
 565  709 4181 101.378839 37.758672 0.1359500354155898 0.008209919242131743 8 -0.587740123094582 -0.10766053848445038 0.8018545729482397
 566  709 4181 101.376553 37.757320 0.1345699355006218 0.003533370792865753 2 -0.5875453327376443 -0.10764198330916115 0.8019998038699767
 567  709 4181 101.374889 37.755241 -0.019114663125947118 0.008011162353563807 4 -0.5873895464712406 -0.10762766055255989 0.8021158316479566
 568  709 4181 101.376553 37.755241 -0.013576559722423553 0.004156904811338305 4 -0.5875185204425145 -0.10764049784545533 0.8020196452460633
 569  709 4181 101.378216 37.757320 0.13687505573034286 0.005719222128391266 2 -0.5876743861387487 -0.10765478139330391 0.8019035253193522
 570  709 4181 101.379879 37.757320 0.13767405599355698 6.21899962425232e-05 2 -0.587803305229177 -0.10766755808453911 0.801807315567629
 571  709 4181 101.378216 37.755241 0.060100675793364644 0.06981517947559336 4 -0.5876476271769767 -0.10765322958830732 0.801923343239537
 572  709 4181 101.379879 37.755241 0.06647227890789509 0.06614146098742316 4 -0.5877766275786493 -0.10766598703720971 0.8018270831716606
 573  710 4182 101.384746 37.762212 0.17660472585874445 0.01779873495986896 17 -0.5882433495737072 -0.1077083389344587 0.8014790548768478
 574  710 4182 101.392202 37.762801 0.1950070641257546 0.017030958601724263 44 -0.5888282808163255 -0.10776565157098601 0.8010417093088046
 575  709 4181 101.383817 37.757907 0.1518581154591897 0.014046255283776806 34 -0.5881162098162274 -0.10769811034950852 0.8015737275999884
 576  710 4181 101.391799 37.757355 0.1630797435839971 0.011139878579714347 48 -0.5887277468481467 -0.10775871062518855 0.8011165335801661
 577  708 4180 101.370015 37.751959 -0.0876271258643333 0.014160768694311623 47 -0.586968650410723 -0.10758768560465967 0.8024292450685276
 578  709 4181 101.375721 37.752747 -0.05757190892472863 0.004492033311579317 8 -0.5874218274814066 -0.10763220454127907 0.8020915815192108
 579  709 4181 101.378216 37.753994 -0.005834386858623475 0.004358323116321117 2 -0.587631559770363 -0.10765235615040333 0.8019352344030763
 580  709 4181 101.379879 37.753994 0.004526661476120353 0.0119333250913769 2 -0.5877605992685975 -0.10766506799734808 0.8018389558262592
 581  709 4181 101.377800 37.753162 -0.05674111098051071 0.0 1 -0.5875886643368472 -0.10764837945351981 0.8019671987954813
 582  709 4180 101.375305 37.750390 -0.06236740408672227 0.005044187469416895 9 -0.5873591657476256 -0.10762720596321458 0.8021381395674968
 583  708 4180 101.369965 37.746553 -0.09761925237743478 0.010601617143733524 57 -0.5868947241399819 -0.10758315325132996 0.8024839237724051
 584  709 4180 101.376115 37.746378 -0.07178151230082701 0.01777676511911946 38 -0.5873702926655312 -0.10763045006131082 0.8021295565640303
 585  710 4181 101.387779 37.753162 0.13402866820494333 0.005664735417086446 3 -0.588362720057035 -0.1077250278790516 0.8013891863605004
 586  710 4180 101.387086 37.750668 0.09225264936685562 0.01586744468240609 6 -0.5882771101108711 -0.10771788383823236 0.8014529925210931
 587  710 4181 101.391505 37.752697 0.13478949904441834 0.015987314158099897 25 -0.588645692251729 -0.10775312710604665 0.8011775786879904
 588  710 4180 101.384106 37.744638 -0.023598698588709038 0.0042344580612143305 24 -0.5879686923431717 -0.10769061326963963 0.8016829477030615
 589  710 4180 101.391232 37.744418 -0.010377772632196094 0.0066511403672418375 33 -0.5885191229435772 -0.10774516876409206 0.801271627188758
 590  691 4179 101.174811 37.741598 -0.23541797624368752 0.015287990469876283 224 -0.5710227579672003 -0.10592541380035855 0.81407175150275
 591  692 4179 101.189154 37.741341 -0.24253154330347715 0.01601536794090256 228 -0.5721696848083578 -0.10604686539067938 0.813250216186332
 592  691 4178 101.174562 37.730288 -0.1898872357906158 0.011867077904814961 239 -0.5707743009251012 -0.105898628516606 0.8142494567893576
 593  692 4178 101.188655 37.730110 -0.19556450498462236 0.011089088884615128 233 -0.5718991079852275 -0.10601756185359047 0.8134443354430105
 594  694 4179 101.203178 37.740970 -0.24147959749341535 0.01721755205157017 227 -0.573275578801907 -0.10616269981177058 0.8124559015220546
 595  695 4179 101.217180 37.740842 -0.24073786541228778 0.015259406959817255 227 -0.5743830995894101 -0.10627825748633014 0.8116581712098578
 596  694 4178 101.203033 37.729844 -0.19582725887608635 0.011183570737002251 223 -0.5730335537606799 -0.1061363676504843 0.8126300620370669
 597  695 4178 101.217297 37.729465 -0.19124603978976482 0.014032844204040348 238 -0.574155365246069 -0.1062533849669038 0.8118225389469228
 598  692 4176 101.181126 37.713246 -0.14288190357825337 0.016758785466801318 918 -0.5709475883280987 -0.10591562106346496 0.8141257474107231
 599  694 4176 101.209398 37.712818 -0.13862576137094043 0.01958066486270639 923 -0.5731824511217455 -0.10615011276451816 0.8125232496896
 600  696 4179 101.231534 37.740585 -0.2289119236999088 0.01524172820561879 225 -0.5755145775490119 -0.10639584229149286 0.8108408572412137
 601  697 4179 101.245575 37.740273 -0.21341638680265732 0.01584508185606537 238 -0.5766188999788827 -0.10651016522882731 0.8100408809992685
 602  696 4178 101.231345 37.729369 -0.1818681581534891 0.013484889263870327 234 -0.5752649381266948 -0.10636872320710929 0.8110215445260252
 603  697 4178 101.245575 37.729046 -0.16758265221550453 0.012196451413813815 221 -0.5763830840776651 -0.1064844977216246 0.8102120661494079
 604  699 4179 101.259585 37.740036 -0.19517162925841516 0.015287909671897217 228 -0.5777206762386129 -0.10662377653773532 0.8092405022755786
 605  700 4179 101.273927 37.739779 -0.1731905794170286 0.014857765253927988 224 -0.5788783456359125 -0.10674515162048605 0.8083967674102541
 606  699 4178 101.259787 37.728699 -0.15137623668985165 0.012004865320312513 235 -0.5774982750985646 -0.10659953602696841 0.8094024222702929
 607  700 4178 101.273775 37.728561 -0.13500252258270345 0.01020733629875981 235 -0.5786245505609269 -0.10671733722704295 0.808582116685334
 608  697 4176 101.237737 37.712434 -0.12172512222008695 0.01882681916466418 922 -0.5754179661214159 -0.10638287444575811 0.8109111223120269
 609  699 4176 101.266034 37.711654 -0.1000867888492507 0.01611627314576054 925 -0.5776450007811833 -0.10661359469850483 0.8092958633886433
 610  692 4173 101.180372 37.690822 -0.09108588474031121 0.012481407959062196 921 -0.5704325112198723 -0.10585998905184113 0.8144939612184575
 611  694 4173 101.208702 37.690278 -0.08360312896000373 0.012796358053862355 925 -0.5726708007886746 -0.10609532271004758 0.8128910975174405
 612  692 4171 101.179755 37.668350 -0.055902701846033694 0.007910333763212716 921 -0.5699389310487349 -0.10580740718232126 0.8148462477427137
 613  694 4171 101.208066 37.667709 -0.05091695972391077 0.0076858291536998115 925 -0.5721815081681826 -0.10604417136229119 0.8132422489212356
 614  698 4172 101.250923 37.678270 -0.05183141827754846 0.016831287964218664 3692 -0.575789320625652 -0.10642095439856618 0.8106424851427096
 615  702 4178 101.295127 37.733784 -0.12178339708604514 0.019445359535176017 926 -0.5805099055143479 -0.10691815787310212 0.8072030457801465
 616  704 4178 101.323377 37.733214 -0.0955775835647103 0.012501844546797288 914 -0.5828382574449426 -0.1071640421126891 0.8054908030118113
 617  702 4176 101.294446 37.711221 -0.08078214330235858 0.011640853058007248 924 -0.5799332921287341 -0.10685287964322658 0.8076260513335851
 618  704 4176 101.322791 37.710762 -0.06967866775477619 0.0061306624299096975 921 -0.5822192169902994 -0.10709078123111813 0.8059481049934365
 619  708 4177 101.365750 37.720715 -0.07181792395583218 0.01887691262503787 3623 -0.5859407320570011 -0.10747815259191157 0.8031948115071059
 620  703 4172 101.307626 37.677175 -0.03937307812259399 0.011584572765360974 3698 -0.5802780736077798 -0.10688587191611136 0.8073739949210506
 621  708 4172 101.364296 37.675965 -0.04213164856904729 0.008174073415341862 3690 -0.5847654807495627 -0.10734555114638625 0.8040685699446356
 622  695 4205 101.231411 37.971499 0.019312320951659138 0.004927054151158245 14810 -0.57965929447724 -0.10679326926246496 0.8078306134124795
 623  705 4204 101.345133 37.969269 0.03325818826764938 0.009000527048924624 14826 -0.5882525649354451 -0.10763239769162193 0.8014824931425656
 624  693 4197 101.200925 37.904506 0.03543753506460873 0.006732770461739832 3704 -0.5760882947361889 -0.10643904700183444 0.8104276685437704
 625  698 4197 101.257811 37.903409 0.04468380227729168 0.009576944677059223 3709 -0.5804836286731834 -0.10688365719752269 0.8072265113749029
 626  692 4193 101.185796 37.871017 0.05592324962470167 0.007690312039402414 928 -0.5744971078618729 -0.10629453682628935 0.8115753473949466
 627  694 4193 101.214188 37.870387 0.06481884423954128 0.00892712422503043 923 -0.5766620538723917 -0.10651322356654672 0.810009758477722
 628  691 4191 101.178215 37.854202 0.07509115422848894 0.008057334567093557 238 -0.573597936254338 -0.10620332559275485 0.812223036584043
 629  692 4191 101.192231 37.853940 0.08407916890104436 0.00716143873545948 227 -0.574700481993529 -0.10631777298888073 0.8114283006791729
 630  691 4190 101.177862 37.842965 0.11052914462717515 0.01113795929200785 224 -0.5733221841672406 -0.10617240198472694 0.8124217465076242
 631  692 4190 101.192194 37.842607 0.11860395031136299 0.01625509175207623 237 -0.5744596327239483 -0.10629148074545075 0.8116022742030765
 632  694 4191 101.213511 37.847933 0.10811622444050838 0.017632545962124185 921 -0.5762469934443605 -0.10647636209665225 0.8103099325943115
 633  697 4193 101.242576 37.869794 0.07755523947415548 0.010572261345325696 926 -0.578810376906551 -0.1067275453396605 0.8084477587643293
 634  699 4193 101.270979 37.869439 0.08496179089855217 0.011845001018575352 922 -0.5809642122464105 -0.10694109503943079 0.8068730918060627
 635  696 4191 101.234634 37.853183 0.10639127172205759 0.0085153846254852 230 -0.5779785819895923 -0.10665163278807115 0.8090526484629653
 636  697 4191 101.248990 37.852925 0.1149825898132154 0.008950488891279631 224 -0.5790886936177718 -0.10676402662317033 0.8082436065588575
 637  696 4190 101.234857 37.841821 0.13807028535212207 0.01158782454853596 234 -0.5778375564969731 -0.10664208211868194 0.809154635791577
 638  697 4190 101.248849 37.841682 0.15015505475260443 0.011865278498940276 236 -0.5789470215837434 -0.10675648383357175 0.8083460888498223
 639  699 4191 101.263190 37.852586 0.1197505979740768 0.009495389305816214 241 -0.5801854583753899 -0.10687472499474843 0.8074420270502617
 640  700 4191 101.277326 37.852367 0.1250407137940156 0.009121998958019219 232 -0.5812609323707331 -0.10698155447949008 0.8066539998665214
 641  699 4190 101.263039 37.841312 0.1565284080365125 0.011558910921421407 221 -0.5800683310598234 -0.10687179631757124 0.8075265633112799
 642  700 4190 101.277283 37.841013 0.1615441035431342 0.011683819830393077 233 -0.5811523923790791 -0.1069796852871133 0.8067324486891195
 643  703 4197 101.314620 37.902257 0.05829539233433223 0.011256402262825344 3697 -0.5848521859749013 -0.10731877358278223 0.8040090804195353
 644  708 4197 101.371415 37.901199 0.07234464269604379 0.01076861622415559 3702 -0.5892401098983071 -0.10775199689128344 0.8007406571749506
 645  702 4193 101.299308 37.868812 0.09388590962081761 0.012302487998683278 924 -0.5831217016228806 -0.10715496337202818 0.8052868401514925
 646  704 4193 101.327709 37.868219 0.10065617956454186 0.011618530512441423 927 -0.5852810893871745 -0.10736733809720188 0.8036904261689842
 647  701 4191 101.291757 37.852097 0.1304258711139361 0.00900845261229396 225 -0.5823486813302834 -0.10708853248515027 0.8058548625919292
 648  702 4191 101.306013 37.851682 0.13352098300496573 0.009197062098702488 241 -0.5834201203579176 -0.10719352236664731 0.8050655326892241
 649  701 4190 101.291285 37.840874 0.16589615912125583 0.011701749782375946 237 -0.5821988131926541 -0.10708175685582129 0.8059640434074808
 650  702 4190 101.305450 37.840481 0.1686675599797279 0.011352711137725418 221 -0.5832534076520949 -0.10718432111868938 0.8051875457112739
 651  704 4191 101.327012 37.845647 0.15122767361011577 0.01821263632753912 927 -0.5849273789795804 -0.1073431976894874 0.8039511174380406
 652  707 4193 101.356193 37.867756 0.10532732163395347 0.009736660216525223 928 -0.5874739346167477 -0.1075836720260684 0.8020599289699646
 653  709 4193 101.384575 37.867074 0.10741820046728637 0.007649472036493801 923 -0.5897376232014534 -0.10781236117439962 0.8003661852918958
 654  707 4191 101.355477 37.845197 0.14615338986848136 0.013696923726276615 926 -0.5870824533644654 -0.10755320260525213 0.8023506101206092
 655  709 4191 101.383866 37.844603 0.13915988543794316 0.01234162090583233 923 -0.5893192384945288 -0.10777727734900544 0.8006790203492684
 656  700 4220 101.292485 38.105509 0.014127283087896028 0.0040011321798323505 59397 -0.5864523233177853 -0.10742377106549228 0.8028286279681612
 657  700 4240 101.298159 38.285616 0.012786516890062277 0.0016200387408765848 59546 -0.5898973992171983 -0.10772056768243807 0.8002607935510515
 658  700 4257 101.303030 38.439517 0.011049739091309838 0.0011323574712045763 41647 -0.592937013847714 -0.10798632009419243 0.7979753456604223
 659  723 4105 101.512658 37.069693 0.010544682473160772 0.0006171629295122543 18307 -0.5852217068297201 -0.10744729845384435 0.8037229820717332
 660  720 4120 101.490133 37.200366 0.00865000776047282 0.0014506500644724959 58680 -0.5860158873438196 -0.10752627368382252 0.8031335382414979
 661  721 4140 101.496102 37.380470 0.0030796366259697957 0.002689431709727618 58822 -0.5896061410893373 -0.10785357001512337 0.8004574978252958
 662  720 4160 101.502082 37.560578 -0.00916453336560698 0.006691923973526903 58959 -0.593367496900929 -0.1082049637646636 0.7976256637284271
 663  712 4188 101.411481 37.821398 0.16012115276054195 0.012620544765916272 920 -0.5911093795446127 -0.1079607703712471 0.7993335808504668
 664  714 4188 101.439829 37.820942 0.13974358271908116 0.006652002451506923 925 -0.593266191808497 -0.10816828862889756 0.797705990319829
 665  712 4186 101.410711 37.798942 0.188342123496429 0.012481328243789386 922 -0.590733453109687 -0.10793380145447426 0.7996150835750233
 666  714 4186 101.439088 37.798398 0.1524569624803856 0.010008435023154575 927 -0.5928879078393414 -0.10814122091308624 0.7979908552592038
 667  718 4187 101.482060 37.808822 0.10924047199394397 0.011708677587435027 3693 -0.5961533490617189 -0.10843529666213744 0.7955142807268081
 668  711 4184 101.403069 37.782280 0.2129527014333571 0.009678830626710336 223 -0.589915737596013 -0.10786172262796495 0.8002282620154576
 669  712 4184 101.417357 37.781898 0.18094464604343688 0.008396547635794302 238 -0.5910130780633386 -0.10796901203221909 0.7994036739963637
 670  711 4183 101.402884 37.771267 0.19916302930678564 0.015658140825233847 227 -0.5897616566961806 -0.10785263142258629 0.8003430503141762
 671  712 4183 101.416795 37.770705 0.16294771695838256 0.015053370980354648 221 -0.5908291055579064 -0.10795730953978722 0.7995412355485957
 672  714 4183 101.438354 37.775840 0.14075891301438614 0.013648550651446264 925 -0.5925289971797622 -0.10811752000670329 0.7982606024154928
 673  711 4182 101.399228 37.762387 0.18152376350968383 0.014407055071767894 43 -0.5893669093147177 -0.10781882624427724 0.8006383371486302
 674  711 4182 101.406075 37.762310 0.15575478592562297 0.0035933991766878143 63 -0.5898956329510547 -0.10787074756021947 0.8002418659668299
 675  711 4181 101.398575 37.756966 0.13951075628951745 0.008716164891613882 54 -0.5892477550321679 -0.10781011450592219 0.8007272084797484
 676  711 4181 101.406035 37.757103 0.12558306274669512 0.017321246401219098 42 -0.5898271402318124 -0.10786692813030228 0.8002928654322079
 677  712 4181 101.416772 37.759467 0.12559223872346756 0.014796402951970078 234 -0.5906873971731423 -0.1079498502300968 0.7996469400029729
 678  711 4181 101.397640 37.753519 0.13689176844699041 0.005761620556014125 14 -0.5891316693604949 -0.10780059176641413 0.8008139038324243
 679  711 4180 101.406308 37.751421 0.1109692573081702 0.007447014013768621 32 -0.5897769183484429 -0.10786514506528506 0.8003301175536623
 680  711 4180 101.395887 37.743391 -0.008081540756393224 0.003741111123735801 4 -0.5888674876939348 -0.10778002108130759 0.8010109543525272
 681  711 4180 101.399006 37.743599 0.008584342896938324 0.00037783198058605194 2 -0.5891121012748985 -0.10780408574632337 0.800827828704693
 682  711 4180 101.400669 37.743183 0.06156917510088533 0.059353345655836165 2 -0.5892358941454312 -0.10781650849590714 0.8007350757562617
 683  711 4180 101.405729 37.745490 0.12164610666486453 0.005262812529343281 53 -0.589657481240626 -0.10785672581706626 0.8004192535871328
 684  712 4180 101.416239 37.748080 0.1029326393115289 0.008147152559377653 206 -0.5905044072329297 -0.10793841282969178 0.7997836232846314
 685  714 4181 101.437625 37.753304 0.09686011692266101 0.013837352802064433 920 -0.5921958025754126 -0.1080983007521604 0.7985104187088345
 686  718 4182 101.480562 37.763791 0.08319398812012034 0.01820312050804932 3695 -0.5954510128180057 -0.10839174401827589 0.7960460546744063
 687  725 4184 101.566374 37.784430 0.057655401491714976 0.01370790465906081 14781 -0.6019746767112455 -0.10897174260363239 0.7910446560797432
 688  711 4179 101.398053 37.739649 -0.01687139801409406 0.009791168905666253 48 -0.5889646572103352 -0.1077898889285545 0.8009381826345165
 689  711 4179 101.402582 37.742019 0.12201817631721497 0.003187455249123876 5 -0.5893696269855941 -0.1078304096961952 0.8006347766189101
 690  711 4179 101.404578 37.741853 0.11770102381706238 0.0026477991600335734 5 -0.5895223633908695 -0.1078454750787991 0.8005202911651096
 691  711 4179 101.402332 37.740688 -0.01269992021843791 0.0008912072516977787 2 -0.5893238006739295 -0.10782595021823026 0.8006691091947847
 692  711 4179 101.404411 37.740688 -0.013733272595951954 0.005663675506963768 3 -0.5894852489190443 -0.10784169934522621 0.8005481304638629
 693  712 4179 101.406490 37.742352 0.11080054193735123 0.000661209225654602 2 -0.5896770752951175 -0.10786047954927011 0.8004043127212634
 694  712 4179 101.408154 37.742352 0.11209527030587196 6.470829248428345e-06 2 -0.5898060179164409 -0.10787311525996113 0.8003075985105116
 695  712 4179 101.406075 37.740688 -0.022321123629808426 0.0 1 -0.5896143639692067 -0.10785460716727097 0.800451301150783
 696  712 4179 101.408154 37.740688 -0.006416223011910915 0.0 2 -0.5897758287746058 -0.10787034748096379 0.8003302193017349
 697  711 4179 101.403395 37.738702 -0.013675368235756954 0.002734824196847019 18 -0.5893582410109088 -0.10782847606683231 0.8006434184464594
 698  712 4179 101.407091 37.738517 -0.010289169615134597 0.0023295157051192706 18 -0.5896412735473181 -0.10785631306977742 0.8004312489280331
 699  711 4179 101.397996 37.734174 -0.03251422001492409 0.005315043656617095 42 -0.5888269519485191 -0.10777412820093032 0.8010415457075531
 700  711 4179 101.405313 37.734205 -0.020926966726527375 0.004777470808015397 59 -0.5893992273693412 -0.10783084547045675 0.8006129274134599
 701  712 4179 101.409817 37.741936 0.10828331485390663 0.0040595196187496185 2 -0.5899298497554691 -0.10788552851056879 0.8002146493944515
 702  712 4179 101.411619 37.741797 0.1010610560576121 0.003933226958163457 3 -0.5900678668013366 -0.10789919457261195 0.8001110400307583
 703  712 4179 101.409817 37.740688 -0.012530314270406961 0.0014162291772663593 2 -0.5899048597636714 -0.10788306695766718 0.8002334036335966
 704  712 4179 101.411480 37.740273 0.018925531301647425 0.048386557524673975 4 -0.5900241117233126 -0.10789461212297562 0.8001439247160154
 705  712 4179 101.413975 37.741104 0.09893501084297895 0.0032122320142292395 16 -0.5902350513174024 -0.10791546603596101 0.7999855226106187
 706  712 4179 101.410233 37.738692 -0.007393775235686917 0.007008361595363216 10 -0.5898897734007116 -0.10788086368777465 0.8002448215935152
 707  712 4179 101.414509 37.738312 0.08766002527305058 0.0054279677829847705 7 -0.5902133546311901 -0.10791259665031733 0.800001917184692
 708  713 4179 101.419380 37.739857 0.08364540267558325 0.006687835175826767 63 -0.590626439478547 -0.10795353863900879 0.7996914670572709
 709  712 4179 101.410440 37.735491 0.0032289371592924 0.01726811642797162 8 -0.5898300145992068 -0.10787386653784116 0.8002898117532647
 710  712 4179 101.413282 37.735976 0.03657587058842182 0.013877564675345674 3 -0.5900628905349401 -0.10789703470315981 0.8001150011815904
 711  712 4179 101.414668 37.736253 0.06203693151473999 0.02597285401278691 3 -0.5901773621235417 -0.10790837779638182 0.8000290389968674
 712  712 4179 101.413143 37.734867 0.023676431737840176 0.0006884699687361717 2 -0.5900259979181627 -0.10789305094518677 0.8001427443515411
 713  712 4179 101.415222 37.734867 0.06202175095677376 0.0 1 -0.5901880791429173 -0.1079090448537436 0.8000210430209609
 714  712 4178 101.410767 37.732788 -0.00021826726151630282 0.014788388322060425 14 -0.5897913841426562 -0.10786914607680488 0.8003189180044109
 715  712 4178 101.414002 37.732705 0.022446612330774465 0.013941556576833948 15 -0.5900422267654507 -0.10789396514281925 0.8001306536556569
 716  713 4179 101.417415 37.735623 0.06547754190184853 0.003701985292944868 11 -0.5903766819130555 -0.10792786621645155 0.7998793341168996
 717  713 4179 101.421131 37.735349 0.06502999581004444 0.003766121442562428 19 -0.5906599270635485 -0.10795564833653108 0.7996664483104957
 718  712 4179 101.416470 37.733620 0.05043674586340785 0.013028903687563523 4 -0.5902563325537787 -0.10791535288418731 0.7999698359888604
 719  713 4179 101.418133 37.733620 0.057586672715842724 0.003510649814714605 4 -0.5903861529636415 -0.1079281160017981 0.79987230991271
 720  712 4178 101.416470 37.731956 0.018066098680719733 0.0034622903319067823 4 -0.5902175476740382 -0.10791105814423475 0.7999990312168109
 721  713 4178 101.418133 37.731956 0.015353669878095388 0.0030183297508358806 4 -0.5903475808045288 -0.10792394408521833 0.7999013414986443
 722  713 4179 101.419657 37.733481 0.0561945786078771 0.004874627208005862 3 -0.5905019332602587 -0.10793961002276767 0.7997852883143262
 723  713 4178 101.421875 37.733204 0.05495070790251096 0.0008772771668077332 3 -0.5906686672671497 -0.10795589201504183 0.7996599595378563
 724  713 4178 101.419657 37.731818 0.011255372626086077 0.003311570941547986 3 -0.5904635129543785 -0.10793529586971894 0.7998142357917187
 725  713 4178 101.422041 37.731873 0.042019140999764205 0.01940959913554986 5 -0.5906511292744691 -0.10795387600073433 0.7996731858348212
 726  711 4178 101.401023 37.725973 -0.04307473534313233 0.008621566931783321 230 -0.5888636263296925 -0.10777461047811453 0.8010145210432423
 727  712 4178 101.415314 37.725708 -0.014235889429027619 0.013186162690753133 217 -0.5899809730307138 -0.10788574634110057 0.8001769286839979
 728  714 4179 101.430113 37.736608 0.06381570401468448 0.01087242877091839 224 -0.5913855973288753 -0.10802709503170796 0.7991202800648848
 729  715 4179 101.444471 37.736293 0.056525553024597296 0.00697009167968595 221 -0.5924499675496764 -0.1081276871330739 0.7983178810634518
 730  714 4178 101.429514 37.725332 0.017323614892367174 0.016911778973700553 236 -0.5910871260375358 -0.10799526952779684 0.7993453766628695
 731  715 4178 101.443575 37.725270 0.03061989904145358 0.01242742463982371 222 -0.5921605150914673 -0.10809904695089248 0.798536486589634
 732  712 4176 101.407858 37.709012 -0.04308396868557385 0.005486313081808192 921 -0.5889956290413652 -0.10778212182302824 0.8009164520631928
 733  714 4176 101.436183 37.708206 -0.02638727687480113 0.01661299150561167 916 -0.5912299527416099 -0.1080060009521015 0.7992382915873641
 734  717 4178 101.465267 37.730251 0.04445864652036076 0.011575640855812698 926 -0.5938771576176989 -0.10826124669216966 0.7972386243306204
 735  719 4178 101.493667 37.729745 0.037575282819682 0.00887177510734428 924 -0.5959830799272777 -0.10845832423315827 0.7956387121960138
 736  717 4176 101.464531 37.707708 0.0012435474493417353 0.01164151831803132 924 -0.5934519873236777 -0.10822583179764894 0.7975599714587515
 737  719 4176 101.492902 37.707222 0.01046181976118162 0.007311941924694391 923 -0.5956731542124198 -0.10844395381024424 0.7958727299214543
 738  713 4172 101.420929 37.674896 -0.04180867744431934 0.0062571679315160085 3688 -0.5892646443379869 -0.10780205901959837 0.800715864089354
 739  718 4172 101.477557 37.673674 -0.019262854774840663 0.007307820150938037 3693 -0.5937612824645159 -0.10825304578305493 0.7973260421714476
 740  726 4175 101.563332 37.694403 0.014108813153039263 0.013858578804598783 14757 -0.6005043852122266 -0.10887675263678623 0.7921744353841229
 741  715 4205 101.458923 37.966958 0.046056851180895385 0.008800984887932435 14825 -0.596841994343561 -0.10844984947760299 0.7949957634706527
 742  726 4205 101.572673 37.964530 0.043086828043985295 0.005070985695734677 14818 -0.6052409713266048 -0.10921354006232852 0.7885149138061257
 743  715 4195 101.455896 37.876903 0.09016771796600222 0.01938240566552845 14801 -0.5953149802225747 -0.10834193676327016 0.7961545698298661
 744  725 4195 101.569507 37.874474 0.06044400722931862 0.009349171689201912 14804 -0.6034788186565846 -0.1090707037221691 0.7898841035382367
 745  720 4220 101.520415 38.100850 0.023488422139696 0.004666453845846935 59379 -0.6034891542895008 -0.10901379308249626 0.7898840633743094
 746  720 4240 101.526636 38.280921 0.016868039228240626 0.001931006141045279 59529 -0.6066368190811939 -0.10923086757388062 0.7874391324439675
 747  721 4258 101.537030 38.449126 0.01388961475911804 0.0013396244683034722 51630 -0.6101729547275951 -0.10950276345048059 0.7846643295803016
 748  740 4104 101.703471 37.052381 0.00975810498691741 0.0009997146547012536 34168 -0.5996004402677214 -0.10886503662298873 0.7928604642885341
 749  740 4120 101.715266 37.195403 0.007496809928270701 0.0011933288840326644 58668 -0.6031727188034304 -0.10919430567424604 0.7901008004676348
 750  741 4140 101.721776 37.375490 0.004943733965391804 0.0015042734155757682 58803 -0.6064640597617605 -0.10944134848442541 0.7875429737221927
 751  740 4160 101.728285 37.555562 0.0037914904445731277 0.0037095057588933653 58933 -0.6103675510533836 -0.10979016596906126 0.7844727988130507
 752  740 4180 101.734902 37.735627 0.0226394994922102 0.00873982208845799 59087 -0.613412509482627 -0.10998106303114236 0.7820672982453402
 753  740 4200 101.741536 37.915680 0.03445213184686885 0.006347884064037638 59207 -0.6164796023668975 -0.11017000819781858 0.7796252107001445
 754  740 4220 101.748274 38.095725 0.02292373747371924 0.003303967463329036 59371 -0.6198629809147538 -0.11040750352239508 0.7769041562879092
 755  740 4240 101.755051 38.275769 0.01917116901278721 0.001266986594366521 59509 -0.622708258943228 -0.11054521355173338 0.7746058223410764
 756  741 4259 101.762133 38.455585 0.016650222745464023 0.001087640314550854 59515 -0.6260101516400576 -0.11075455895313693 0.7719097859948973
 757  760 4106 101.925128 37.065636 0.0071049236623182245 0.0009940728929983852 21944 -0.6163609673346462 -0.11039760583805837 0.7796868131317368
 758  760 4120 101.940341 37.190038 0.007425859080456329 0.0009898756972826054 58643 -0.6194272112907117 -0.11062585208657184 0.7772205933727774
 759  761 4140 101.947382 37.370072 0.007948715435391702 0.0009910258794730861 58780 -0.6228400640475688 -0.11086739210033023 0.7744537920277054
 760  760 4160 101.954441 37.550105 0.009297459100571517 0.00139083414675408 58922 -0.6264163808006958 -0.11113098302271322 0.7715260348665902
 761  761 4180 101.961609 37.730136 0.016556410553946778 0.003455289494883142 59066 -0.6292576215997223 -0.11126034801709492 0.7691917710283799
 762  760 4200 101.968789 37.910162 0.021742572360063304 0.0023485558807610383 59199 -0.6322380138306375 -0.11140792779875107 0.7667224840130091
 763  761 4220 101.976083 38.090171 0.02064203016965619 0.0017118344846944226 59348 -0.6352899332488142 -0.11156117656274173 0.7641732817866992
 764  760 4240 101.983403 38.270180 0.021217610906940878 0.001319480960980118 59492 -0.6381717150072672 -0.11167912058997678 0.7617510329424783
 765  761 4260 101.990826 38.450185 0.019199402988007597 0.0021713849217980213 59640 -0.6413247440316614 -0.11183680388146186 0.7590751622799309
 766  762 4272 102.009830 38.565825 0.017485731981664476 0.0023056741005661532 16518 -0.64426223149607 -0.11199141969554875 0.7565607040960295
 767  778 4108 102.137387 37.077923 0.0069313438955178695 0.0008463539054689247 9708 -0.6319049356565449 -0.11170430092285959 0.7669539109022347
 768  780 4120 102.165346 37.184229 0.007976146953625012 0.000874691785797169 58622 -0.6350846718586333 -0.11188024387174875 0.7642972396923923
 769  781 4140 102.172924 37.364233 0.008624641654054637 0.0008391236697483408 58764 -0.6385183119451708 -0.11209834343237118 0.7613989274423806
 770  780 4160 102.180529 37.544232 0.010218881336376238 0.0009523368104054657 58901 -0.6419201780046495 -0.1123045199374989 0.7585025905506764
 771  781 4180 102.188235 37.724216 0.014274578003498642 0.002099051308865557 59040 -0.6445285325921606 -0.1123682855319362 0.7562779509421185
 772  780 4200 102.195978 37.904208 0.017002619815223653 0.0015539673171651436 59195 -0.6473004031048063 -0.112453928728196 0.7538940920672804
 773  780 4219 102.203300 38.083858 0.02040553841028127 0.002641256883640453 59059 -0.650065187480186 -0.11253632396051542 0.751499053769068
 774  779 4239 102.195162 38.260961 0.023556884165138396 0.0008591543862976646 50689 -0.6518714926641264 -0.1125646515275989 0.7499285007774502
 775  777 4259 102.178899 38.439970 0.023062579406488676 0.0013144314634020774 38095 -0.6532496901744932 -0.11257134634750843 0.7487272762952063
 776  775 4274 102.167886 38.572736 0.023546846177399782 0.0015114269984456466 12256 -0.6543034291779917 -0.11257279059112234 0.7478063849583313
 777  800 4120 102.387220 37.182559 0.00868066431557712 0.0008078185256813775 55552 -0.6500540349046083 -0.11295866603730559 0.7514453349853938
 778  800 4139 102.394337 37.355900 0.00921770026699658 0.0011749907176881753 56552 -0.6531360548476904 -0.11311004969536985 0.7487452240354563
 779  798 4159 102.381045 37.534605 0.010796967054426109 0.0009586726659775271 45406 -0.6546409789271491 -0.11312018388954967 0.7474282659266362
 780  796 4179 102.361899 37.712217 0.01262735713039278 0.0011039793387268718 31027 -0.6554951378589039 -0.11306083876568665 0.7466882689455728
 781  794 4198 102.346599 37.888095 0.014357957019211515 0.002232731157550799 18557 -0.6568376321485899 -0.1130584427436969 0.7455079567099226
 782  812 4120 102.525050 37.177996 0.008775877120652888 0.0005708360646791941 8990 -0.6592226357574764 -0.11358168875555401 0.7433200632866047
