***_llt_enu_de
# lon lat elevation(km) e n u displacement(m) error
# Data from ASF (Sentinel-1), processed at USTC by Xin Wang and Xiaohua Xu, April 18, 2025
# Contact: xinw11@mail.ustc.edu.cn, xiaohua-xu@ustc.edu.cn

 96.1583965  18.7591724 227.0968061   0.6936923  -0.1291189   0.7086038   0.1268917   0.0000000
 98.5938903  22.7313378 857.7191955   0.5640804  -0.1085856   0.8185490   0.0493904   0.0000000
 96.4483362  16.5630810 -41.7701659   0.6407586  -0.1232786   0.7577802   0.0395230   0.0000000
 97.1901820  19.8212166 1045.4652574   0.6343223  -0.1202758   0.7636549   0.0483818   0.0000000
 98.8118450  22.4233249 1616.1303274   0.5374468  -0.1045932   0.8367862  -0.1311393   0.0000000
 97.7140732  21.7272960 1191.1623328   0.6231126  -0.1176034   0.7732400  -0.1295285   0.0000000
 97.2881617  20.6552513 1636.1809887   0.6401183  -0.1205947   0.7587525   0.0560869   0.0000000
 97.1661870  19.6992116 831.7259328   0.6341691  -0.1203227   0.7637748  -0.0253375   0.0000000
 96.3683529  18.1031451 106.2645642   0.6701316  -0.1264850   0.7313858  -0.2262564   0.0000000
 96.4543350  17.5511221  -1.1011592   0.6556221  -0.1248208   0.7447009   0.0133184   0.0000000
 96.4183425  17.9771399 120.5102521   0.6646760  -0.1258139   0.7364622  -0.0658015   0.0000000
 96.2583757  18.5791649 136.6175085   0.6845065  -0.1280653   0.7176698  -0.0800114   0.0000000
 96.4283404  17.1871070  -8.5878351   0.6520507  -0.1245539   0.7478745  -0.2118271   0.0000000
 97.4601259  21.8032991 1619.9461064   0.6445910  -0.1204873   0.7549736   0.0154496   0.0000000
 96.5163221  17.7131289  -9.3786642   0.6533564  -0.1243756   0.7467638   0.0564187   0.0000000
 96.2563761  18.4831609 166.4218442   0.6833490  -0.1279910   0.7187853  -0.1929006   0.0000000
 96.1643953  19.9072202 127.2218482   0.7078093  -0.1298330   0.6943698   0.3885439   0.0000000
 96.1244036  18.3811567 203.9518426   0.6909729  -0.1290899   0.7112611   0.0439148   0.0000000
 96.4023458  16.5550807 -37.7060942   0.6442621  -0.1238198   0.7547151   0.0069737   0.0000000
 96.2723728  18.8191749 131.4782818   0.6867825  -0.1281663   0.7154741  -0.2902475   0.0000000
 97.5061164  19.0351839 179.9484065   0.5939115  -0.1146542   0.7963188   0.0685589   0.0000000
 96.2463782  20.3132371 172.4495768   0.7076802  -0.1294448   0.6945738   0.1363692   0.0000000
 96.3463574  17.5331214 -20.6252852   0.6633831  -0.1259574   0.7376026  -0.0460676   0.0000000
 96.3423583  20.8372589 365.0368436   0.7081653  -0.1290257   0.6941572   0.0753334   0.0000000
 96.4903275  18.5871653 -11.6550735   0.6681888  -0.1258437   0.7332715   0.1124516   0.0000000
 96.6362972  17.2331089 -39.9232693   0.6364931  -0.1221888   0.7615421  -0.0233582   0.0000000
 96.3183633  18.4791608 281.5533738   0.6790543  -0.1274199   0.7229450  -0.0687242   0.0000000
 96.5603130  17.4351173 -32.1584487   0.6456794  -0.1234362   0.7535659   0.0955213   0.0000000
 96.4123437  18.1451469  80.6977134   0.6675273  -0.1260883   0.7338318  -0.1372285   0.0000000
 96.4363387  17.0711022 -39.1178118   0.6496517  -0.1242777   0.7500051  -0.0839968   0.0000000
 96.4843288  18.5991658 -12.4685748   0.6687986  -0.1259185   0.7327026   0.1292109   0.0000000
 96.1843911  19.8112162  65.4023120   0.7053266  -0.1296242   0.6969304   0.4451893   0.0000000
 97.5121151  17.1771066   0.0769338   0.5580139  -0.1096703   0.8225526  -0.0716753   0.0000000
 96.4583342  17.2451094 -27.2348115   0.6506408  -0.1243039   0.7491429  -0.0000264   0.0000000
 96.4603337  18.8211750  -9.7691696   0.6736858  -0.1264159   0.7281253   0.1615357   0.0000000
 96.4163429  18.5091620   4.8130663   0.6723980  -0.1264827   0.7293032   0.1969522   0.0000000
 96.4303400  16.8370924 -40.8476086   0.6464845  -0.1239641   0.7527886   0.0296589   0.0000000
 96.1364011  19.5592057  58.7500637   0.7052484  -0.1298450   0.6969684  -0.3757298   0.0000000
 96.4583342  17.4711188 -24.8700551   0.6540765  -0.1246514   0.7460871  -0.0172531   0.0000000
 96.4323396  16.9990992 -39.4127725   0.6488522  -0.1242082   0.7507084  -0.0295955   0.0000000
 96.3843495  19.0031826   4.9968677   0.6815237  -0.1273197   0.7206352   0.2193029   0.0000000
 96.1723936  18.3731564 247.2372119   0.6876605  -0.1286597   0.7145417   0.0419605   0.0000000
 96.0944098  19.0951864 152.0504424   0.7021661  -0.1298924   0.7000648  -0.0023261   0.0000000
 97.3241542  20.1732313 1055.8833027   0.6292651  -0.1193441   0.7679729   0.0039562   0.0000000
 97.4161351  19.7792149 500.2260471   0.6148682  -0.1174584   0.7798337  -0.0236990   0.0000000
 96.1244036  18.9271794 141.7928764   0.6980743  -0.1295292   0.7042120  -0.0083019   0.0000000
 96.4363387  16.9890987 -37.2143037   0.6483752  -0.1241438   0.7511311  -0.0285536   0.0000000
 96.4423375  16.8410926 -41.8218073   0.6456080  -0.1238290   0.7535627   0.0296632   0.0000000
 96.3543558  17.7511305  32.0684593   0.6660244  -0.1261727   0.7351816  -0.1814336   0.0000000
 96.0944098  19.2651935 113.7035101   0.7042800  -0.1299977   0.6979185  -0.0761304   0.0000000
 96.2803712  19.6192082  33.7143811   0.6967044  -0.1287456   0.7057106   0.1753540   0.0000000
 96.2083861  19.1011867  79.8711376   0.6947601  -0.1289542   0.7075869  -0.1500338   0.0000000
 96.4463367  18.5631643  -6.7926966   0.6710259  -0.1262524   0.7306056   0.1369881   0.0000000
 96.2423791  18.5411634 132.8190691   0.6850865  -0.1281738   0.7170969  -0.0646488   0.0000000
 96.2663741  17.9751398 131.6508654   0.6756079  -0.1273466   0.7261797   0.0105650   0.0000000
 96.6362972  17.2811109 -37.8376097   0.6372687  -0.1222755   0.7608793   0.0454413   0.0000000
 96.3863491  17.4491179 -30.3770104   0.6591768  -0.1254112   0.7414567  -0.0563115   0.0000000
 96.4343392  18.3471553  -0.1294901   0.6688043  -0.1261110   0.7326641   0.2283937   0.0000000
 96.6822876  17.2131081 -35.6971386   0.6324841  -0.1215914   0.7649702   0.0830168   0.0000000
 96.4223416  17.4411176 -22.8752310   0.6563695  -0.1250082   0.7440108  -0.0180822   0.0000000
 97.9260291  22.6193331 752.5019546   0.6203085  -0.1167280   0.7756236   0.1503243   0.0000000
 96.2803712  19.5172040  26.1245969   0.6953884  -0.1286706   0.7070211   0.2444954   0.0000000
 96.2083861  19.6312087  39.1850013   0.7015386  -0.1293289   0.7007979   0.3568293   0.0000000
 96.7642706  16.8590933 -40.7455360   0.6198319  -0.1198488   0.7755286  -0.3293224   0.0000000
 96.2523770  18.1111455  72.1891081   0.6784573  -0.1276288   0.7234684  -0.0372543   0.0000000
 96.4743308  18.5191624  -4.3841665   0.6683723  -0.1259206   0.7330911   0.0686994   0.0000000
 96.2783716  17.6091246 -13.0512323   0.6694766  -0.1267700   0.7319361  -0.0916286   0.0000000
 96.3843495  17.6051244   5.0074111   0.6616625  -0.1256569   0.7391975  -0.3682777   0.0000000
 96.2463782  19.6392091  32.3468047   0.6991805  -0.1290331   0.7032049   0.2282978   0.0000000
 96.3803504  19.7572140 265.1950620   0.6920352  -0.1280535   0.7104151  -0.0030039   0.0000000
 96.3503566  17.0971032 -39.8774249   0.6565949  -0.1252889   0.7437646   0.0047090   0.0000000
 96.2763720  19.6132080  34.8828748   0.6969010  -0.1287751   0.7055111   0.1508650   0.0000000
 96.3843495  18.1411467 127.9562672   0.6695269  -0.1263719   0.7319589  -0.0336183   0.0000000
 96.3823500  19.0171832  12.5739188   0.6818616  -0.1273533   0.7203095   0.2119114   0.0000000
 96.1743932  18.5271628 167.9877379   0.6895239  -0.1287734   0.7127231  -0.0931421   0.0000000
 96.3703525  19.4252001  92.5476611   0.6882150  -0.1278449   0.7141539   0.1301886   0.0000000
 96.2683736  17.6451261  13.3710575   0.6707221  -0.1269192   0.7307691   0.0483718   0.0000000
 96.3283612  18.1211459 111.3315287   0.6732420  -0.1269035   0.7284510   0.2257224   0.0000000
 97.8560436  17.4571182 380.8063267   0.5295261  -0.1047613   0.8418000  -0.1887572   0.0000000
 96.4983259  17.4951198 -32.2053687   0.6514048  -0.1242419   0.7484890  -0.1028465   0.0000000
 96.4243412  17.9311380  66.3745938   0.6635437  -0.1256862   0.7375044  -0.0956872   0.0000000
 96.3283612  18.0231418 128.6867197   0.6718727  -0.1267901   0.7297337   0.1606895   0.0000000
 96.4063450  19.0371840   2.1549655   0.6804607  -0.1271518   0.7216687   0.1883322   0.0000000
 96.1384007  19.5232042  66.5454574   0.7046686  -0.1298080   0.6975615  -0.3701461   0.0000000
 96.2903691  20.1812316 140.1349526   0.7032456  -0.1290438   0.6991376   0.1157073   0.0000000
 96.3483570  18.9111788   9.2532275   0.6827645  -0.1275585   0.7194175   0.4585032   0.0000000
 96.2923687  18.6731688 200.2175567   0.6834767  -0.1278529   0.7186885   0.1512955   0.0000000
 96.2743724  18.8951781  32.1142083   0.6876009  -0.1282069   0.7146803  -0.3304028   0.0000000
 96.3563554  18.2211500 121.0257301   0.6726866  -0.1267490   0.7289907   0.0316514   0.0000000
 96.4283404  18.0071411 150.5341467   0.6644016  -0.1257534   0.7367201  -0.1463240   0.0000000
 96.2403795  18.5431634 115.2498674   0.6852331  -0.1281912   0.7169537  -0.0628798   0.0000000
 96.0584173  19.0731855 175.8351403   0.7041999  -0.1301654   0.6979681  -0.0049193   0.0000000
 96.3143641  19.1291878  30.9382208   0.6880184  -0.1280652   0.7143038   0.3756442   0.0000000
 96.3143641  17.7131289  24.4015328   0.6683828  -0.1265361   0.7329754  -0.1487769   0.0000000
 96.4943267  18.8271753  -6.7780497   0.6713356  -0.1260923   0.7303488   0.1502737   0.0000000
 96.4783300  17.7711313  43.4228329   0.6571224  -0.1248821   0.7433671  -0.1650019   0.0000000
 96.5543142  18.0391425  -1.9491333   0.6554083  -0.1244426   0.7449524   0.0583092   0.0000000
 96.4443371  17.1171041 -34.5021393   0.6497497  -0.1242604   0.7499232  -0.0596954   0.0000000
 98.6978687  20.4872444 706.4930854   0.5072815  -0.1001727   0.8559386  -0.0611629   0.0000000
 97.6480869  22.0793106 1110.1315696   0.6340144  -0.1188949   0.7641268   0.0390864   0.0000000
 96.1204044  18.5271628 234.4158787   0.6931853  -0.1292546   0.7090750   0.0628761   0.0000000
 96.3163637  19.0191832  20.8803190   0.6864200  -0.1279494   0.7158607   0.3785153   0.0000000
 96.2923687  18.7451718 306.5405750   0.6845136  -0.1279340   0.7176866  -0.3551887   0.0000000
 96.4183425  16.6930864 -40.7440954   0.6451583  -0.1238621   0.7539423   0.0178977   0.0000000
 96.2903691  19.8672185  81.8113047   0.6992517  -0.1288420   0.7031692   0.1828173   0.0000000
 96.2323811  18.2671519 158.8539970   0.6820481  -0.1279931   0.7200196  -0.1408926   0.0000000
 97.9960145  22.4933279 837.8477594   0.6124738  -0.1157136   0.7819759   0.0204868   0.0000000
 96.5843080  17.3871153 -39.2399992   0.6430582  -0.1230771   0.7558625  -0.0006514   0.0000000
 96.6103026  16.7790900 -39.9182212   0.6312397  -0.1216733   0.7659844   0.0212125   0.0000000
 96.5823084  17.1391050 -38.3943189   0.6392867  -0.1226736   0.7591203   0.1146243   0.0000000
 96.4583342  18.5171624  -4.3602325   0.6695073  -0.1260787   0.7320274   0.0855998   0.0000000
 96.2263824  18.7331713 126.4533320   0.6887414  -0.1284951   0.7135294   0.0200492   0.0000000
 96.3223624  18.0131414  96.8955882   0.6721416  -0.1268345   0.7294784   0.1929112   0.0000000
 96.3363595  18.5111621 130.3384357   0.6781687  -0.1272703   0.7238021   0.0277165   0.0000000
 96.5443163  17.6611267 -29.3055906   0.6504261  -0.1239828   0.7493825   0.0939050   0.0000000
 96.2143849  19.3331963  84.8438926   0.6973704  -0.1290805   0.7049913  -0.3334506   0.0000000
 97.8180515  17.1311047 -26.4698581   0.5262550  -0.1042976   0.8439062   0.0082905   0.0000000
 98.1879746  21.0052659 1128.0030129   0.5689307  -0.1099611   0.8150008  -0.2244732   0.0000000
 96.4383383  17.8391341  49.0311479   0.6611439  -0.1254112   0.7397032  -0.1064071   0.0000000
 96.2423791  18.6671686 178.5178174   0.6868002  -0.1282970   0.7154337  -0.1900662   0.0000000
 96.2543766  18.4891612 178.7722588   0.6835831  -0.1280176   0.7185580  -0.2058308   0.0000000
 96.4363387  17.4211167 -25.7867716   0.6549866  -0.1248203   0.7452601   0.0000295   0.0000000
 96.3703525  17.9731397 129.4357353   0.6681243  -0.1263038   0.7332512  -0.1516711   0.0000000
 96.3163637  16.8770941 -45.9444215   0.6558442  -0.1253368   0.7444186  -0.0453391   0.0000000
 96.4703317  18.7191708  -9.8150768   0.6715205  -0.1262003   0.7301601   0.1553545   0.0000000
 96.1503982  19.7152122  63.5649582   0.7062992  -0.1298283   0.6959067  -0.4636231   0.0000000
 96.2303815  19.3011950  65.4176101   0.6959012  -0.1289240   0.7064702  -0.2200942   0.0000000
 96.1543973  19.5052035  84.8376110   0.7034287  -0.1296744   0.6988367  -0.4050904   0.0000000
 96.4223416  16.8710938 -39.9931926   0.6476378  -0.1241145   0.7517718   0.0198866   0.0000000
 96.2063865  18.4991616 155.5010765   0.6869895  -0.1284621   0.7152223  -0.0641866   0.0000000
 96.2403795  18.5511638  83.8351333   0.6853222  -0.1281955   0.7168677  -0.0223629   0.0000000
 96.8062618  18.9871819 209.2684403   0.6507736  -0.1231289   0.7492216   0.1614207   0.0000000
 96.4323396  18.4331589   4.9415269   0.6701908  -0.1262374   0.7313743   0.1686842   0.0000000
 96.0724144  19.2531930 125.2433718   0.7055387  -0.1301633   0.6966151  -0.2449603   0.0000000
 96.3103649  17.6631268  10.6974532   0.6679419  -0.1265116   0.7333815  -0.0774082   0.0000000
 96.2283820  19.3411967  53.9043949   0.6965363  -0.1289683   0.7058359  -0.1124798   0.0000000
 96.5723105  18.1931489 -12.2055536   0.6563729  -0.1244715   0.7440977   0.1015594   0.0000000
 96.6502943  17.3531139 -36.9028598   0.6372921  -0.1222326   0.7608666   0.0418085   0.0000000
 96.5223209  17.3951156 -31.5734486   0.6480110  -0.1238098   0.7515004   0.0117804   0.0000000
 96.3543558  19.6612100 365.5539056   0.6925543  -0.1282029   0.7098821   0.0845332   0.0000000
 96.2743724  19.0351839  55.2777807   0.6894887  -0.1283350   0.7128362  -0.4589731   0.0000000
 96.3783508  17.9011367  61.3089580   0.6664513  -0.1261206   0.7348035  -0.3270359   0.0000000
 96.1364011  19.0851860 106.0168116   0.6992891  -0.1295410   0.7030035  -0.0591604   0.0000000
 96.9062411  23.0733520 415.1014891   0.7001951  -0.1261769   0.7027134  -0.2047435   0.0000000
 96.0944098  19.3211958 125.0413196   0.7049797  -0.1300325   0.6972052  -0.1044680   0.0000000
 95.9624372  17.1251044 -39.5092580   0.6849821  -0.1293402   0.7169872   0.0357484   0.0000000
 96.2863699  19.2591932  23.7593260   0.6916189  -0.1284173   0.7107549   0.3442420   0.0000000
 96.0844119  19.4412008 158.3343556   0.7071191  -0.1301828   0.6950073  -0.2937820   0.0000000
 96.2163845  18.3591558 165.9477637   0.6844102  -0.1282353   0.7177314   0.0910608   0.0000000
 96.4163429  17.3491137 -21.9394303   0.6554145  -0.1249346   0.7448645   0.0361188   0.0000000
 96.6023042  18.3311546 -21.1414774   0.6561702  -0.1243445   0.7442977   0.0607921   0.0000000
 96.2863699  19.9832234 144.7833819   0.7010159  -0.1289546   0.7013897   0.1217602   0.0000000
 96.1284027  19.2251918  70.3730256   0.7015707  -0.1296987   0.7006973  -0.0601518   0.0000000
 96.1483986  19.0791857 143.1709445   0.6984621  -0.1294434   0.7038431  -0.3165820   0.0000000
 96.2083861  19.1391882  84.1999365   0.6952580  -0.1289847   0.7070922  -0.0150882   0.0000000
 98.7918491  21.3912820 1192.6274724   0.5174668  -0.1016495   0.8496443  -0.2518515   0.0000000
 96.5103234  17.4371174 -34.5927739   0.6495821  -0.1240136   0.7501091   0.0837426   0.0000000
 96.5423167  16.5810818 -40.4773517   0.6335091  -0.1221501   0.7640324   0.0054487   0.0000000
 96.3403587  17.7771315  35.9748530   0.6674286  -0.1263523   0.7338760  -0.0988332   0.0000000
 96.5083238  16.8030910 -41.2936501   0.6398088  -0.1229741   0.7586317   0.0883684   0.0000000
 96.2443786  19.6172081  34.3645771   0.6990178  -0.1290328   0.7033666   0.2594151   0.0000000
 96.4763304  16.8050911 -41.1834269   0.6423755  -0.1233636   0.7563962  -0.0374364   0.0000000
 96.2823707  18.9171790  14.7357620   0.6873512  -0.1281554   0.7149297  -0.4002637   0.0000000
 96.3083653  17.7191291  11.6439634   0.6689028  -0.1266048   0.7324891  -0.1313051   0.0000000
 96.4803296  17.6891279  18.7909737   0.6557436  -0.1247404   0.7446073   0.0836029   0.0000000
 96.5783092  17.4371174 -35.9703335   0.6443164  -0.1232316   0.7547651   0.1310798   0.0000000
 96.3143641  19.9752230 457.2047201   0.6992736  -0.1287615   0.7031621   0.0745113   0.0000000
 96.4143433  17.3611142 -12.3543411   0.6557662  -0.1249778   0.7445477  -0.0478013   0.0000000
 96.3743516  16.6070828 -40.3296975   0.6472528  -0.1242388   0.7520828   0.0315506   0.0000000
 98.8358400  21.5852901 1034.9397256   0.5170187  -0.1015263   0.8499318  -0.0401695   0.0000000
 96.9022419  23.1933570 1112.4906699   0.7022969  -0.1263209   0.7005871  -0.0797296   0.0000000
 96.5123229  17.9391383  -8.7990748   0.6570680  -0.1247526   0.7434369   0.0843992   0.0000000
 96.4843288  18.4631601  -5.1664847   0.6668546  -0.1257523   0.7345006   0.1042729   0.0000000
 96.4863283  18.6791691 -11.8126795   0.6698003  -0.1259955   0.7317737   0.1637452   0.0000000
 96.2883695  17.9611392 118.6305033   0.6738368  -0.1271117   0.7278644  -0.1350091   0.0000000
 96.1304023  19.6212083  52.9632147   0.7063988  -0.1299264   0.6957872  -0.3178040   0.0000000
 96.4063450  16.7630893 -35.8135716   0.6472040  -0.1241237   0.7521437   0.0010234   0.0000000
 96.6582926  16.9790983 -35.5178481   0.6305887  -0.1214476   0.7665561   0.0173208   0.0000000
 96.5183217  17.8431343  -5.6626726   0.6551747  -0.1245479   0.7451401   0.0812753   0.0000000
 96.2583757  18.5611642 109.5342257   0.6842567  -0.1280464   0.7179115  -0.0113517   0.0000000
 96.2103857  19.3411967  78.2110711   0.6977313  -0.1291183   0.7046272  -0.3607748   0.0000000
 96.2423791  19.7212125  40.6819032   0.7004790  -0.1291195   0.7018955   0.2864527   0.0000000
 96.4443371  18.3451552  -7.0978386   0.6680446  -0.1260068   0.7333749   0.1945668   0.0000000
 96.0884111  19.2651935  95.9275684   0.7046528  -0.1300428   0.6975337  -0.1184441   0.0000000
 96.2423791  20.1912320 114.2537169   0.7064032  -0.1294059   0.6958797   0.1440537   0.0000000
 96.2803712  19.9152205 107.8319128   0.7005185  -0.1289540   0.7018865   0.1072463   0.0000000
 96.3823500  17.8691354  82.7236662   0.6657194  -0.1260418   0.7354801  -0.1792453   0.0000000
 96.3943475  18.1531472 104.7113594   0.6689656  -0.1262841   0.7324870  -0.0506434   0.0000000
 96.3023666  19.6852110  77.1445810   0.6961302  -0.1286184   0.7063004   0.0963747   0.0000000
 96.1903899  18.9411800 163.5517767   0.6939111  -0.1289875   0.7084134  -0.4243358   0.0000000
 96.1823915  18.6351673 148.8983904   0.6904269  -0.1287992   0.7118437   0.2112423   0.0000000
 96.2583757  18.8551764  94.6935953   0.6881897  -0.1283191   0.7140933  -0.2163837   0.0000000
 96.1883903  19.4732021 160.5152783   0.7008826  -0.1293941   0.7014419  -0.4449613   0.0000000
 96.1184048  19.3271961 105.3192960   0.7035248  -0.1298483   0.6987076  -0.1445840   0.0000000
 96.4623333  17.9551390  65.3747669   0.6610823  -0.1253181   0.7397740  -0.1381406   0.0000000
 96.1583965  19.1091870 179.7231222   0.6981987  -0.1293848   0.7041151  -0.2272403   0.0000000
 96.5703109  17.5891237 -35.8359329   0.6472943  -0.1235710   0.7521570   0.0834516   0.0000000
 96.1004086  19.2871944  83.3189353   0.7041560  -0.1299615   0.6980504  -0.1731367   0.0000000
 96.6183009  17.1711063 -38.1019079   0.6369491  -0.1222982   0.7611433   0.1170633   0.0000000
 96.2043869  19.0571848  91.7640834   0.6944632  -0.1289551   0.7078781  -0.0753310   0.0000000
 96.4543350  16.9870987 -39.6966329   0.6469602  -0.1239329   0.7523850  -0.0277873   0.0000000
 96.4223416  19.1691895   7.2744352   0.6811654  -0.1271386   0.7210059   0.1334044   0.0000000
 96.6223001  17.5371216 -35.5410345   0.6424333  -0.1228841   0.7564251   0.1294742   0.0000000
 96.5083238  17.0691021 -38.6998674   0.6440258  -0.1234358   0.7549797   0.0550432   0.0000000
 95.9524393  18.7691728 352.8252047   0.7072401  -0.1308280   0.6947629  -0.1434577   0.0000000
 98.7238633  21.2352755 478.5585837   0.5207818  -0.1022185   0.8475481   0.0099209   0.0000000
 96.4263408  17.4431176 -30.5488916   0.6560732  -0.1249633   0.7442797   0.0044309   0.0000000
 96.3363595  19.7092120 142.0590919   0.6942445  -0.1283658   0.7081997   0.0824557   0.0000000
 96.0564177  19.2671936 108.6440563   0.7067212  -0.1302938   0.6953911  -0.2801391   0.0000000
 96.2943682  19.8132163  93.7134306   0.6983128  -0.1287754   0.7041137   0.1735676   0.0000000
 96.3703525  17.7711313  59.8802381   0.6651537  -0.1260345   0.7359931  -0.1679346   0.0000000
 96.3843495  16.8670937 -40.2178270   0.6505026  -0.1245474   0.7492225  -0.0076939   0.0000000
 96.4823292  17.6511263  20.1802798   0.6550152  -0.1246617   0.7452614   0.1092914   0.0000000
 96.3563554  18.2731522 129.7010427   0.6734216  -0.1268101   0.7283012   0.0340836   0.0000000
 96.4263408  18.9071786   0.2245914   0.6772850  -0.1268331   0.7247058   0.1814954   0.0000000
 96.3483570  18.0031410 121.1989076   0.6701407  -0.1265636   0.7313639  -0.0187736   0.0000000
 96.5863076  17.9031368 -20.4952623   0.6509194  -0.1238875   0.7489699   0.0726019   0.0000000
 96.3283612  17.7571307  47.9606617   0.6680012  -0.1264491   0.7333383   0.1517533   0.0000000
 96.1064073  19.4932030 117.6769650   0.7063622  -0.1300419   0.6958027  -0.2613882   0.0000000
 96.4423375  17.3171124  -4.5878339   0.6529828  -0.1246001   0.7470531   0.0705378   0.0000000
 96.3963470  17.6711271  22.9993074   0.6617645  -0.1256235   0.7391119  -0.2349598   0.0000000
 97.7160727  23.1713561 918.5605420   0.6455938  -0.1197522   0.7542334  -0.0628139   0.0000000
 96.4203421  16.7090871 -38.6025908   0.6452615  -0.1238668   0.7538532   0.0112953   0.0000000
 96.3923479  18.7331713  -2.0288389   0.6772520  -0.1269664   0.7247133   0.4109185   0.0000000
 96.2583757  17.3991158   5.4852624   0.6678881  -0.1267057   0.7333970   0.0378619   0.0000000
 96.3823500  18.2611517 174.0151800   0.6714137  -0.1265432   0.7301989  -0.2347769   0.0000000
 96.4543350  17.8311338  89.6588787   0.6598498  -0.1252327   0.7408881  -0.2151166   0.0000000
 96.2523770  18.5571640 109.6428784   0.6845970  -0.1280949   0.7175783   0.0027805   0.0000000
 96.3543558  16.8610934 -42.4668684   0.6526994  -0.1248801   0.7472540  -0.0183917   0.0000000
 96.2363803  19.3171957  36.3983027   0.6957036  -0.1288843   0.7066721   0.0659794   0.0000000
 96.2523770  20.3952405 194.3963167   0.7083132  -0.1294433   0.6939286   0.1470556   0.0000000
 96.2443786  19.5992074  30.4150659   0.6988045  -0.1290222   0.7035805   0.2524540   0.0000000
 96.2623749  18.7931738  99.5155065   0.6870912  -0.1282277   0.7151667  -0.2729414   0.0000000
 96.5063242  17.8951365  -4.3389241   0.6568765  -0.1247565   0.7436055   0.0711090   0.0000000
 96.4723313  17.7271295   4.6492152   0.6569117  -0.1248823   0.7435533   0.0106812   0.0000000
 96.3363595  19.6312087 110.6871312   0.6932150  -0.1283034   0.7092187   0.1355157   0.0000000
 96.3503566  18.4071578 223.5400736   0.6757691  -0.1270294   0.7260852  -0.2258822   0.0000000
 96.3183633  18.8171748  25.8547269   0.6835551  -0.1277401   0.7186341  -0.1450325   0.0000000
 96.2023874  18.7851735  86.1149838   0.6910300  -0.1287479   0.7112675   0.0204072   0.0000000
 96.5323188  17.8191333 -14.0876359   0.6537533  -0.1243585   0.7464191   0.0447432   0.0000000
 96.4703317  18.8611767  -5.4963694   0.6735287  -0.1263636   0.7282798   0.1437097   0.0000000
 96.3583549  19.4011991  60.4731167   0.6887010  -0.1279261   0.7136707   0.1639073   0.0000000
 96.5923063  17.5231210 -36.7529755   0.6445619  -0.1232106   0.7545589   0.5614641   0.0000000
 96.3023666  18.1411467  73.4610793   0.6753632  -0.1271798   0.7264364   0.4554624   0.0000000
 96.4303400  18.4931614  -0.5870147   0.6711830  -0.1263280   0.7304482   0.1580208   0.0000000
 97.2301737  19.1431884 270.9085321   0.6195517  -0.1184983   0.7759600   0.0314945   0.0000000
 96.3923479  17.6691271   9.8098619   0.6620127  -0.1256602   0.7388834  -0.2398291   0.0000000
 96.3283612  19.5412050  41.4019995   0.6925377  -0.1282934   0.7098820   0.0881986   0.0000000
 96.3183633  18.4371590 121.1385048   0.6784002  -0.1273606   0.7235693  -0.0150431   0.0000000
 97.3861413  19.3511971 467.0767319   0.6100592  -0.1169685   0.7836748  -0.0100544   0.0000000
 96.3723520  18.9791816   6.6180509   0.6820331  -0.1274065   0.7201377   0.3180854   0.0000000
 96.3763512  17.6151248   3.4490324   0.6623965  -0.1257551   0.7385232  -0.3578685   0.0000000
 96.1743932  19.0831859 154.3304669   0.6968063  -0.1292315   0.7055212  -0.2366427   0.0000000
 96.3843495  19.3731980  84.7989915   0.6865777  -0.1276780   0.7157579   0.1710548   0.0000000
 96.4283404  18.5331630  -2.0609650   0.6718981  -0.1263954   0.7297788   0.1259122   0.0000000
 96.1703940  19.3751981 116.0193188   0.7007755  -0.1294671   0.7015355  -0.3049195   0.0000000
 96.2983674  19.5492053  26.6124831   0.6946187  -0.1285468   0.7077999   0.2802387   0.0000000
 96.3923479  17.8411342  90.1587419   0.6645880  -0.1259022   0.7365266  -0.1649016   0.0000000
 96.2003878  19.6032076  49.1676656   0.7017063  -0.1293748   0.7006214   0.3158526   0.0000000
 96.3443579  18.5231626 312.2411183   0.6778609  -0.1272241   0.7240984  -0.0724677   0.0000000
 97.2921608  20.5132454 1159.1924002   0.6373047  -0.1202788   0.7611673  -0.0475165   0.0000000
 96.2963678  17.9291379 100.7625510   0.6728145  -0.1269940   0.7288299   0.0082714   0.0000000
 97.8500449  17.5371216 400.4051301   0.5318426  -0.1051312   0.8402921  -0.0219777   0.0000000
 96.3663533  18.6751689  18.1117179   0.6782732  -0.1271504   0.7237253   0.4535959   0.0000000
 96.5483155  16.8370924 -37.0444822   0.6371727  -0.1225489   0.7609158   0.0012058   0.0000000
 95.8004709  17.4711188 -39.1100268   0.7004137  -0.1311377   0.7015865   0.1187564   0.0000000
 96.6163013  16.8590933 -38.1649539   0.6320441  -0.1217471   0.7653090   0.0454748   0.0000000
 97.0802049  17.3471137   0.6137627   0.6011959  -0.1166378   0.7905436   0.1128816   0.0000000
 96.0864115  19.4472011 140.6924957   0.7070553  -0.1301689   0.6950747  -0.2600438   0.0000000
 96.2203836  19.5492053  38.4504718   0.6997250  -0.1291802   0.7026361   0.3156609   0.0000000
 96.7142810  17.2091079 -36.4844876   0.6298063  -0.1211841   0.7672408   0.0452536   0.0000000
 96.2863699  18.4251585 199.1365076   0.6804995  -0.1276563   0.7215430  -0.1426145   0.0000000
 96.9322357  22.0633100 996.5644312   0.6858491  -0.1254348   0.7168522  -0.0518937   0.0000000
 96.4823292  17.9411384  -1.7461964   0.6593442  -0.1250781   0.7413641   0.0556705   0.0000000
 96.1224040  19.7072119  68.7756330   0.7079633  -0.1300346   0.6941750  -0.3927399   0.0000000
 96.2263824  18.0871445 155.7630780   0.6799958  -0.1278610   0.7219815  -0.0810034   0.0000000
 96.2123853  18.0811442 165.3210145   0.6808932  -0.1279885   0.7211126   0.0769768   0.0000000
 96.3023666  20.0292253 429.3737541   0.7007118  -0.1288862   0.7017059   0.1312835   0.0000000
 96.3723520  17.2811109 -10.3704453   0.6577245  -0.1253222   0.7427602  -0.1393922   0.0000000
 96.2463782  18.9471802  84.5517664   0.6902230  -0.1285053   0.7120944  -0.2473351   0.0000000
 96.1923894  18.5931655  87.4939655   0.6891614  -0.1286675   0.7130928   0.0231445   0.0000000
 96.1364011  18.8291753 204.8909591   0.6960554  -0.1293606   0.7062384  -0.1921977   0.0000000
 96.2963678  18.6991699 220.7370256   0.6835634  -0.1278435   0.7186078  -0.0956173   0.0000000
 96.3883487  18.6151664  19.7232141   0.6758951  -0.1268768   0.7259945   0.3589434   0.0000000
 97.0422128  17.3351132 -13.5228647   0.6043194  -0.1171392   0.7880841   0.0555418   0.0000000
 96.1583965  18.5431634 209.6966150   0.6908395  -0.1289336   0.7114189  -0.0543922   0.0000000
 96.3543558  19.3191957  28.1193566   0.6878595  -0.1278858   0.7144890   0.1654552   0.0000000
 96.2723728  18.7551723 197.6271671   0.6859580  -0.1281132   0.7162741  -0.2473951   0.0000000
 96.3663533  18.4471594 243.2391591   0.6752030  -0.1269211   0.7266306   0.0067752   0.0000000
 96.3383591  18.9871819   8.5799811   0.6844826  -0.1277222   0.7177539   0.3620971   0.0000000
 96.4103441  17.0831027 -37.6914866   0.6518244  -0.1245929   0.7480652  -0.0860109   0.0000000
 96.3163637  18.2971532 143.5312340   0.6765833  -0.1272256   0.7252922  -0.1219467   0.0000000
 96.2923687  19.7412133  37.0839050   0.6974866  -0.1287355   0.7049394   0.1720368   0.0000000
 96.3383591  19.0691853  24.9754441   0.6855910  -0.1278000   0.7166813   0.3092574   0.0000000
 96.6302984  16.8810943 -37.9786259   0.6312785  -0.1216152   0.7659617   0.0043723   0.0000000
 96.4183425  17.1131039 -35.7678449   0.6516734  -0.1245494   0.7482041  -0.0700850   0.0000000
 96.4083446  17.5391216  -9.9054485   0.6588832  -0.1253033   0.7417358  -0.1454091   0.0000000
 96.2903691  17.6951281  11.6503856   0.6698463  -0.1267567   0.7316001  -0.0527629   0.0000000
 97.1601883  19.3911987 932.6814815   0.6297487  -0.1198719   0.7674941   0.1302193   0.0000000
 96.3243620  18.7671728 106.9683778   0.6824957  -0.1276430   0.7196576   0.0767206   0.0000000
 96.1603961  18.0611434 181.4001917   0.6842170  -0.1284570   0.7178760  -0.0029319   0.0000000
 96.6103026  16.9110955 -39.7579775   0.6333802  -0.1219198   0.7641761   0.0823083   0.0000000
 96.0904106  19.5172040 121.1997118   0.7076685  -0.1301772   0.6944488  -0.3251424   0.0000000
 96.3963470  17.3911155   6.0366778   0.6575722  -0.1252206   0.7429123  -0.2435118   0.0000000
 96.3483570  19.2111912  14.1551192   0.6868197  -0.1278414   0.7154966   0.2814973   0.0000000
 96.5963055  17.5031201 -37.6736974   0.6439372  -0.1231309   0.7551051   0.3285668   0.0000000
 96.4783300  18.7511721  -9.7128897   0.6714126  -0.1261610   0.7302661   0.1444071   0.0000000
 97.2081783  21.2232750 807.7244572   0.6544416  -0.1221383   0.7461826  -0.0951109   0.0000000
 96.3423583  18.3291545 195.2427019   0.6752377  -0.1270174   0.7265815  -0.1942864   0.0000000
 96.2883695  19.5412050  28.7616222   0.6951671  -0.1286223   0.7072475   0.2801244   0.0000000
 98.9998059  22.5793314 1130.2697997   0.5215437  -0.1020191   0.8471035   0.2520044   0.0000000
 96.4023458  17.2091079 -31.5301052   0.6543623  -0.1248795   0.7457983   0.0410600   0.0000000
 96.1623957  19.7052118  61.7864864   0.7054156  -0.1297316   0.6968203  -0.4304326   0.0000000
 96.4663325  18.6851693 -14.4001967   0.6713221  -0.1261992   0.7303426   0.1895801   0.0000000
 96.3123645  16.6190833 -43.2501990   0.6522202  -0.1249804   0.7476555  -0.0056572   0.0000000
 96.4183425  18.8311754  -6.8321518   0.6767912  -0.1268267   0.7251680   0.2329323   0.0000000
 96.3583549  18.7651727   8.2022832   0.6800727  -0.1273193   0.7220048   0.4324985   0.0000000
 96.3543558  18.1271461 136.7973170   0.6714897  -0.1266562   0.7301095  -0.0154065   0.0000000
 97.4041376  17.0010992 -25.4735427   0.5649588  -0.1108995   0.8176325   0.1193937   0.0000000
 96.3603545  18.4071578 174.7804043   0.6750392  -0.1269284   0.7267814  -0.2383433   0.0000000
 96.5883071  17.1131039 -34.8250913   0.6384029  -0.1225566   0.7598826   0.0868827   0.0000000
 96.3523562  19.5632059 208.9336255   0.6913250  -0.1281272   0.7110929   0.1873047   0.0000000
 96.2403795  19.3311962  50.9865262   0.6956290  -0.1288632   0.7067493   0.2502595   0.0000000
 96.4863283  18.4051577  -6.7859286   0.6658607  -0.1256575   0.7354181   0.0641275   0.0000000
 97.3061579  22.8673434 567.1875514   0.6708609  -0.1230471   0.7313036  -0.0111305   0.0000000
 96.2443786  19.9712229  75.5825581   0.7035136  -0.1292627   0.6988274   0.1597997   0.0000000
 96.5763096  17.0871028 -37.8801663   0.6389473  -0.1226562   0.7594088   0.0693852   0.0000000
 96.4583342  18.5271628  -2.7912975   0.6696517  -0.1260910   0.7318932   0.0825001   0.0000000
 96.3403587  17.1171041 -38.3028145   0.6576525  -0.1254302   0.7428058  -0.0799131   0.0000000
 96.4023458  19.3411967 127.0589787   0.6849353  -0.1274938   0.7173625   0.0744000   0.0000000
 96.8202589  22.2153163 1185.0148189   0.6953302  -0.1264013   0.7074876  -0.0624867   0.0000000
 96.5463159  17.1771066 -36.6178151   0.6427366  -0.1231692   0.7561210   0.1512263   0.0000000
 96.4563346  18.4831609   1.8721163   0.6691576  -0.1260566   0.7323509   0.0952337   0.0000000
 96.2943682  18.4211584 120.6324180   0.6798519  -0.1275700   0.7221685  -0.1117628   0.0000000
 96.4483362  18.6651685 -12.7896394   0.6723140  -0.1263501   0.7294036   0.2453379   0.0000000
 96.4903275  17.3991158 -33.2066544   0.6505361  -0.1241809   0.7492543   0.0715481   0.0000000
 96.5663117  16.9230960 -37.9136149   0.6371241  -0.1224856   0.7609666   0.0266994   0.0000000
 96.4523354  19.5792066 475.2878076   0.6849185  -0.1273069   0.7174118   0.0599112   0.0000000
 96.3543558  17.3811151 -17.3114802   0.6605560  -0.1256616   0.7401858  -0.0859705   0.0000000
 96.4223416  17.9411384  51.2494417   0.6638194  -0.1257176   0.7372509  -0.0800066   0.0000000
 96.6322980  17.2951115 -36.9125971   0.6378034  -0.1223473   0.7604195  -0.0042638   0.0000000
 96.2643745  19.0271836  39.7306977   0.6900528  -0.1284141   0.7122760  -0.5790589   0.0000000
 97.4961185  21.6212916 1024.3008947   0.6386625  -0.1197898   0.7601057   0.0250065   0.0000000
 96.3943475  17.9551390 122.3453947   0.6661066  -0.1260327   0.7351311  -0.0742720   0.0000000
 96.4303400  19.0551847   3.8727020   0.6790544  -0.1269511   0.7230273   0.1488953   0.0000000
 96.4903275  17.9651394   1.0752016   0.6591052  -0.1250264   0.7415853   0.0471347   0.0000000
 96.3043662  17.4031160   2.6450670   0.6645984  -0.1262302   0.7364611   0.0763299   0.0000000
 96.7282781  17.5311213 -35.0406789   0.6339135  -0.1216081   0.7637835   0.1072815   0.0000000
 96.7022835  16.8970949 -37.2531735   0.6256334  -0.1207315   0.7707183  -0.0263297   0.0000000
 96.2603753  17.7251294  24.4930852   0.6724465  -0.1271001   0.7291510   0.0991972   0.0000000
 96.4783300  17.5951240  25.5029506   0.6544829  -0.1246240   0.7457352   0.1632090   0.0000000
 96.1344015  18.8511763 159.9003381   0.6964496  -0.1293903   0.7058442  -0.0961340   0.0000000
 96.4783300  17.8691354  32.3937099   0.6586002  -0.1250242   0.7420342   0.1273779   0.0000000
 96.4183425  18.8391758  -5.7956523   0.6768836  -0.1268328   0.7250808   0.2563739   0.0000000
 96.5003254  17.2191083 -38.6101262   0.6469973  -0.1237793   0.7523783   0.0463492   0.0000000
 96.5083238  18.3591558 -15.6323975   0.6635829  -0.1253728   0.7375225   0.0420290   0.0000000
 96.4103441  17.2271087 -11.3577256   0.6540399  -0.1248196   0.7460910   0.0588730   0.0000000
 96.4623333  18.4751606  -0.9220118   0.6686175  -0.1259879   0.7328558   0.0985737   0.0000000
 96.5343184  18.9131788   2.1311393   0.6697000  -0.1258043   0.7318984   0.1087968   0.0000000
 96.4543350  17.4651186 -28.6689719   0.6543040  -0.1246887   0.7458814  -0.0046480   0.0000000
 96.2123853  19.7292128  54.5065048   0.7025125  -0.1293598   0.6998158   0.3111125   0.0000000
 96.5183217  17.5231210 -32.5557775   0.6502960  -0.1240592   0.7494828  -0.0478325   0.0000000
 96.5143225  17.6971282 -14.1228967   0.6532776  -0.1243752   0.7468327   0.0767311   0.0000000
 96.6282988  17.6351256 -38.2031825   0.6435147  -0.1229799   0.7554898   0.1017683   0.0000000
 96.4263408  18.6171665 -10.8181238   0.6732037  -0.1265086   0.7285550   0.2300907   0.0000000
 96.4423375  18.2591516  20.6473610   0.6669763  -0.1259234   0.7343609   0.3082935   0.0000000
 96.1483986  19.2071911 109.6000144   0.7000632  -0.1295289   0.7022348  -0.0714349   0.0000000
 96.5223209  16.9870987 -40.5058615   0.6416243  -0.1231279   0.7570719  -0.0393477   0.0000000
 96.1863907  19.9372215  94.2393991   0.7067826  -0.1296829   0.6954429   0.2834059   0.0000000
 96.4683321  17.6931281  20.0712453   0.6567124  -0.1248781   0.7437299  -0.0763387   0.0000000
 96.2223832  18.0051410 120.3185331   0.6791148  -0.1278058   0.7228201   0.1574469   0.0000000
 96.2023874  19.1471886  78.6694378   0.6957619  -0.1290412   0.7065861  -0.1028104   0.0000000
 96.1104065  19.4632017  98.2216875   0.7057183  -0.1299913   0.6964653  -0.2694921   0.0000000
 96.4283404  16.8390925 -41.7679699   0.6466741  -0.1239914   0.7526212   0.0294048   0.0000000
 96.1563969  18.7711729 178.6403612   0.6939625  -0.1291421   0.7083349  -0.1188395   0.0000000
 96.1663948  19.4512012 117.9829747   0.7019981  -0.1295494   0.7002968  -0.2500472   0.0000000
 96.3703525  19.5372048 136.5406432   0.6897299  -0.1279452   0.7126728   0.1423778   0.0000000
 96.4143433  17.9171374  67.0253950   0.6640711  -0.1257715   0.7370149  -0.1037256   0.0000000
 96.2063865  18.3071536 175.5476378   0.6843989  -0.1282773   0.7177347  -0.3166472   0.0000000
 97.3401509  20.3452384 1232.7973683   0.6308478  -0.1194732   0.7666533  -0.0270026   0.0000000
 96.5343184  17.1231043 -40.7837372   0.6428400  -0.1232208   0.7560247  -0.0049366   0.0000000
 96.1943890  19.1151872 113.0153085   0.6958916  -0.1290866   0.7064500  -0.2281171   0.0000000
 96.2083861  19.4892028  62.8148244   0.6997505  -0.1292372   0.7026001   0.1045797   0.0000000
 96.4783300  18.2251502   1.9450926   0.6638385  -0.1255082   0.7372693   0.1607525   0.0000000
 97.7580640  22.2333170 1051.8035693   0.6277338  -0.1179565   0.7694392   0.0529513   0.0000000
 96.4583342  16.7190875 -40.2893917   0.6424437  -0.1234318   0.7563272   0.0196643   0.0000000
 96.5683113  17.7831318 -25.6244565   0.6504564  -0.1239029   0.7493694   0.1081763   0.0000000
 96.6762889  17.2611101 -36.5180004   0.6337303  -0.1217512   0.7639127   0.1210005   0.0000000
 96.3783508  17.8771357  85.3945793   0.6661211  -0.1260927   0.7351077  -0.1833381   0.0000000
 96.1623957  18.8431759  72.2576122   0.6944398  -0.1291375   0.7078679  -0.2147133   0.0000000
 96.1104065  18.8791774  88.7347980   0.6983331  -0.1296031   0.7039416  -0.0372006   0.0000000
 96.3663533  17.2191083 -14.1675889   0.6572470  -0.1252971   0.7431871  -0.0639530   0.0000000
 96.3463574  19.6532096 129.7809741   0.6928477  -0.1282393   0.7095892   0.1091149   0.0000000
 96.1963886  18.4151581 142.7763949   0.6865287  -0.1284711   0.7156630   0.1083532   0.0000000
 96.4363387  18.2391508  18.1871560   0.6671039  -0.1259563   0.7342393   0.2146274   0.0000000
 96.4043454  18.9211792  -0.2601976   0.6790060  -0.1270517   0.7230551   0.1855574   0.0000000
 96.2943682  19.9832234 148.9443214   0.7005030  -0.1288930   0.7019132   0.1075494   0.0000000
 96.5943059  17.5671228 -37.1158589   0.6450986  -0.1232606   0.7540919  -0.0330922   0.0000000
 96.4243412  16.5190792 -40.7770889   0.6419514  -0.1234910   0.7567353   0.0076509   0.0000000
 96.5223209  18.6951698 -12.6863664   0.6674251  -0.1256569   0.7339987   0.1681014   0.0000000
 95.7464821  17.0110997 -45.3674929   0.6979914  -0.1312307   0.7039791  -0.1329240   0.0000000
 96.2863699  20.1612308 119.2511352   0.7032287  -0.1290590   0.6991517   0.1223405   0.0000000
 96.3283612  19.0351839  19.1547242   0.6858245  -0.1278584   0.7164475   0.3376295   0.0000000
 96.1443994  19.4952031  80.0356797   0.7039459  -0.1297463   0.6983022  -0.4019253   0.0000000
 96.4463367  17.2951115 -11.3724883   0.6523260  -0.1245185   0.7476403   0.0655467   0.0000000
 96.5243204  16.7650894 -37.3174952   0.6379466  -0.1227145   0.7602403   0.0001348   0.0000000
 96.5103234  18.1431468  -1.9479299   0.6602595  -0.1250619   0.7405518   0.1010945   0.0000000
 97.3321525  23.1193539 833.9203797   0.6726907  -0.1230901   0.7296136   0.0446107   0.0000000
 96.4743308  18.3691562  -9.7448128   0.6662208  -0.1257345   0.7350786   0.0693491   0.0000000
 96.6322980  17.4091162 -38.4215396   0.6396356  -0.1225494   0.7588465   0.2172584   0.0000000
 96.2323811  18.7531722 134.2792983   0.6886089  -0.1284611   0.7136635   0.0655641   0.0000000
 96.5083238  17.1551057 -31.3522411   0.6453715  -0.1235799   0.7538061  -0.0366045   0.0000000
 96.5323188  17.6271253 -22.8081400   0.6508250  -0.1240650   0.7490225   0.0790124   0.0000000
 96.2363803  18.8331755 116.6941156   0.6893959  -0.1284955   0.7128971  -0.3029310   0.0000000
 96.2483778  19.2051910  33.3339853   0.6934507  -0.1286967   0.7089170  -0.1481667   0.0000000
 96.3583549  19.3851985  83.8033671   0.6884884  -0.1279130   0.7138782   0.1828116   0.0000000
 96.2983674  20.0352255 390.9713503   0.7010193  -0.1289167   0.7013932   0.1243276   0.0000000
 96.5903067  17.8631351 -24.3259094   0.6499938  -0.1237801   0.7497910   0.0030846   0.0000000
 96.4443371  18.9471802   5.5556749   0.6765700  -0.1267059   0.7253956   0.1634521   0.0000000
 97.6960769  17.9951406 519.3056259   0.5567071  -0.1091441   0.8235075   0.1223342   0.0000000
 96.4383383  18.1931489  40.2066031   0.6663128  -0.1258806   0.7349703  -0.0129655   0.0000000
 96.3203628  19.1931905  17.5775492   0.6884736  -0.1280699   0.7138642   0.3695036   0.0000000
 96.2543766  19.3411967  45.4240744   0.6948403  -0.1287551   0.7075445   0.3755772   0.0000000
 96.1863907  19.1691895  56.0954662   0.6970887  -0.1291885   0.7052501  -0.0537592   0.0000000
 96.5043246  17.6711271   5.0475289   0.6536312  -0.1244454   0.7465116   0.0972123   0.0000000
 96.2363803  17.9231376 105.3252556   0.6769822  -0.1275776   0.7248579  -0.0639306   0.0000000
 97.1741854  19.9792232 899.9529205   0.6380083  -0.1206986   0.7605112   0.0006433   0.0000000
 96.6742893  17.2551098 -35.6736744   0.6337902  -0.1217641   0.7638609   0.1028762   0.0000000
 96.3503566  17.0651019 -38.0734527   0.6561152  -0.1252414   0.7441958   0.1374322   0.0000000
 98.3079497  22.4973280 902.4487276   0.5857623  -0.1118969   0.8027214   0.1246050   0.0000000
 96.5443163  18.0951448  -6.7164713   0.6570026  -0.1246315   0.7435150   0.0960819   0.0000000
 96.2603753  19.7572140  40.5199766   0.6997685  -0.1290009   0.7026257   0.2638634   0.0000000
 97.6600844  18.9431801 806.2186743   0.5786386  -0.1123139   0.8078137   0.0808717   0.0000000
 96.7462743  19.6492095 1110.6250560   0.6655440  -0.1247245   0.7358634  -0.0333537   0.0000000
 96.3323603  19.3311962  18.6672451   0.6894948  -0.1280851   0.7128752   0.1964421   0.0000000
 96.7302776  16.7570891 -37.4594392   0.6209634  -0.1200865   0.7745861   0.0287841   0.0000000
 96.5363180  17.7691312 -19.6000980   0.6526833  -0.1242378   0.7473750   0.1917157   0.0000000
 96.1503982  19.4492011 125.5171365   0.7030117  -0.1296754   0.6992559  -0.2942864   0.0000000
 96.4043454  19.2431926  44.0463851   0.6834368  -0.1273769   0.7188110   0.1754850   0.0000000
 96.1244036  19.6392091  51.5077164   0.7069865  -0.1299803   0.6951801  -0.3271390   0.0000000
 96.3563554  18.6451677  79.0533413   0.6785957  -0.1272195   0.7234107   0.2774604   0.0000000
 96.2043869  19.2611933  55.7249843   0.6970796  -0.1291065   0.7052742  -0.2674445   0.0000000
 96.2343807  18.4551598 141.6174309   0.6844620  -0.1281621   0.7176951   0.2080317   0.0000000
 96.7022835  16.8010909 -37.7290719   0.6240361  -0.1205409   0.7720420  -0.0296095   0.0000000
 96.4163429  18.9531805   1.0925154   0.6786192  -0.1269746   0.7234317   0.2237128   0.0000000
 96.3303608  17.4931197  -8.5688836   0.6639941  -0.1260754   0.7370324   0.0333413   0.0000000
 97.4541272  18.2231501 716.8746992   0.5840258  -0.1134893   0.8037624  -0.0152491   0.0000000
 96.4183425  17.0791025 -40.5805204   0.6511489  -0.1244952   0.7486695  -0.1353731   0.0000000
 96.6522938  16.9870987 -37.9862075   0.6312245  -0.1215403   0.7660180   0.0975569   0.0000000
 96.5743101  17.7411301 -24.2521741   0.6493489  -0.1237697   0.7503513   0.0254026   0.0000000
 96.4103441  18.5791649   0.0467153   0.6738172  -0.1266222   0.7279679   0.1949200   0.0000000
 97.8100532  16.4050744 -29.6566550   0.5112948  -0.1019120   0.8533414   0.0743932   0.0000000
 96.2063865  19.7172123  51.1737802   0.7027426  -0.1293984   0.6995776   0.3107520   0.0000000
 96.1883903  19.4392007 108.2729146   0.7004321  -0.1293674   0.7018967  -0.4423808   0.0000000
 96.4343392  19.7032117 457.7361534   0.6877968  -0.1275712   0.7146056  -0.0380915   0.0000000
 96.4783300  17.0871028 -40.0288157   0.6466460  -0.1238172   0.7526740  -0.2912132   0.0000000
 96.1883903  19.5592057  56.7394098   0.7019178  -0.1294405   0.7003974  -0.4485409   0.0000000
 96.4123437  18.9911821   0.1966184   0.6794257  -0.1270516   0.7226608   0.2402675   0.0000000
 96.4823292  17.5751231  10.3854524   0.6538658  -0.1245477   0.7462891   0.1578260   0.0000000
 96.5483155  16.8170916 -39.1506236   0.6368521  -0.1225129   0.7611898   0.0002499   0.0000000
 98.9158234  21.9253042 1684.9919510   0.5164572  -0.1013646   0.8502924  -0.0456857   0.0000000
 96.2763720  17.7471303  49.1913998   0.6716329  -0.1269692   0.7299233  -0.1031005   0.0000000
 97.9160312  18.3231543 263.2669362   0.5414674  -0.1064919   0.8339499   0.0829212   0.0000000
 96.6382968  17.3531139 -35.1938891   0.6382582  -0.1223784   0.7600330   0.0414475   0.0000000
 96.3783508  18.2591516 133.8042552   0.6716449  -0.1265758   0.7299806  -0.1718614   0.0000000
 96.2243828  19.0911862 108.0875852   0.6936020  -0.1288165   0.7087471  -0.1564527   0.0000000
 96.5363180  17.1251044 -36.3286683   0.6427053  -0.1231994   0.7561427   0.1761653   0.0000000
 96.6163013  16.9810984 -38.3000373   0.6340407  -0.1219765   0.7636191   0.1089529   0.0000000
 96.6342976  17.3931156 -35.8269323   0.6392142  -0.1224965   0.7592100   0.0765561   0.0000000
 96.2503774  18.7651727 127.1569518   0.6875449  -0.1283114   0.7147155  -0.0768887   0.0000000
 96.4583342  17.1171041 -31.7332933   0.6486657  -0.1240989   0.7508878  -0.0706235   0.0000000
 96.4723313  18.4191583  -5.0049042   0.6670740  -0.1258159   0.7342905   0.0561185   0.0000000
 96.1304023  18.8851777  82.4718747   0.6970974  -0.1294406   0.7051952  -0.0704306   0.0000000
 96.3223624  17.9231376  89.8913289   0.6708560  -0.1267246   0.7306799  -0.0985938   0.0000000
 96.2843703  20.1632309 120.2736373   0.7033949  -0.1290769   0.6989812   0.1288968   0.0000000
 96.3343599  17.6371257   0.0312891   0.6658016  -0.1262262   0.7353742  -0.0323263   0.0000000
 96.7162805  16.7570891 -38.3140019   0.6221454  -0.1202717   0.7736083   0.0284205   0.0000000
 96.2823707  17.6091246 -12.6150612   0.6691862  -0.1267289   0.7322087  -0.1183422   0.0000000
 96.3803504  17.8611350  90.5374941   0.6657583  -0.1260535   0.7354431  -0.2065084   0.0000000
 96.1583965  19.6872111  50.5921786   0.7054288  -0.1297493   0.6968036  -0.5242913   0.0000000
 96.4263408  20.8012574 866.3895553   0.7026943  -0.1284492   0.6998010  -0.0007889   0.0000000
 96.2883695  19.3891986  21.8316632   0.6932023  -0.1285066   0.7091944   0.2353958   0.0000000
 96.2203836  19.7652143  46.9430575   0.7024510  -0.1293197   0.6998850   0.4038710   0.0000000
 96.1843911  18.8931780 108.8534125   0.6936629  -0.1289956   0.7086550  -0.0155164   0.0000000
 96.1663948  18.9751814 174.9031358   0.6959527  -0.1292187   0.7063657   0.0708854   0.0000000
 96.3043662  19.9232209 468.8749885   0.6992603  -0.1288060   0.7031671   0.0665841   0.0000000
 96.2503774  17.8411342 114.6525585   0.6748415  -0.1273460   0.7268921  -0.3273411   0.0000000
 96.5623126  17.6851277 -27.7071370   0.6494002  -0.1238157   0.7502993   0.1257201   0.0000000
 96.3643537  18.3591558 274.5785943   0.6741306  -0.1268441   0.7276390  -0.0070180   0.0000000
 96.3263616  18.2371507 170.9847095   0.6750684  -0.1270662   0.7267302  -0.2026318   0.0000000
 96.2203836  19.7632142  47.3162912   0.7024308  -0.1293190   0.6999055   0.3938627   0.0000000
 96.6183009  17.1651061 -36.1019275   0.6368440  -0.1222862   0.7612331   0.1323134   0.0000000
 96.4543350  16.8250919 -40.8607884   0.6444139  -0.1236593   0.7546119   0.0315628   0.0000000
 96.1084069  18.5691645 173.2320235   0.6944928  -0.1293861   0.7077705   0.0893200   0.0000000
 96.5963055  17.3331131 -37.2038973   0.6412725  -0.1228454   0.7574157   0.1032789   0.0000000
 97.4141355  20.5152455 1047.7585826   0.6275663  -0.1189038   0.7694299  -0.0233422   0.0000000
 96.4823292  17.2391092 -37.3335472   0.6486940  -0.1240185   0.7508765  -0.0058246   0.0000000
 96.2563761  19.1351881  90.8480561   0.6920282  -0.1285773   0.7103272  -0.4864417   0.0000000
 96.4263408  17.7471303  62.3721466   0.6606627  -0.1254101   0.7401332   0.0986021   0.0000000
 96.3583549  17.4671186 -29.6951618   0.6615211  -0.1257378   0.7393104  -0.0487797   0.0000000
 97.4021380  19.9112204 298.4720918   0.6181493  -0.1178651   0.7771739   0.0189556   0.0000000
 96.2843703  18.1271461  30.6770987   0.6764099  -0.1273339   0.7254349   0.5778484   0.0000000
 96.2683736  20.3952405 332.4704472   0.7073810  -0.1293401   0.6948981   0.1403666   0.0000000
 96.4143433  18.7931738  -7.7874339   0.6765420  -0.1268232   0.7254012   0.2377006   0.0000000
 96.2363803  17.8711355  98.3259125   0.6762569  -0.1275185   0.7255451  -0.1196847   0.0000000
 96.5483155  18.1251460  -8.6446734   0.6571630  -0.1246331   0.7433729   0.0957968   0.0000000
 96.2583757  19.6252085  33.0954024   0.6982266  -0.1289282   0.7041714   0.2309082   0.0000000
 96.3003670  17.5971241  -8.3348703   0.6676919  -0.1265259   0.7336066  -0.1097035   0.0000000
 97.3521484  18.4831609 667.0285308   0.5978705  -0.1155489   0.7932209   0.1185440   0.0000000
 96.3503566  18.7271711  48.4921106   0.6801181  -0.1273570   0.7219553   0.3251996   0.0000000
 96.1823915  19.8792190  81.3028941   0.7063130  -0.1296800   0.6959203   0.4145856   0.0000000
 96.2243828  18.2391508  89.8038598   0.6821814  -0.1280322   0.7198864   0.1450967   0.0000000
 96.3083653  17.2291087 -32.6859330   0.6617169  -0.1259424   0.7391003  -0.2073616   0.0000000
 96.0864115  19.1431884 102.2885243   0.7032538  -0.1299822   0.6989555  -0.1123198   0.0000000
 96.3083653  17.6711271   3.1332262   0.6681997  -0.1265418   0.7331414  -0.0962982   0.0000000
 96.3643537  18.9251793   9.7495121   0.6818456  -0.1274255   0.7203119   0.3379370   0.0000000
 96.6682905  17.1711063 -38.6837432   0.6329313  -0.1216862   0.7645851   0.0058384   0.0000000
 96.5803088  16.9830985 -38.0129681   0.6369588  -0.1224215   0.7611153   0.0841995   0.0000000
 96.2083861  18.8211750  88.1025188   0.6911168  -0.1287285   0.7111868  -0.0026405   0.0000000
 96.2303815  20.1632309 103.2932228   0.7068048  -0.1294783   0.6954585   0.1969661   0.0000000
 97.8460457  19.2591932 549.4131610   0.5671549  -0.1103505   0.8161851   0.0116043   0.0000000
 96.5623126  17.5871236 -33.7219253   0.6478950  -0.1236611   0.7516249   0.0796411   0.0000000
 96.1923894  19.7372131  58.4362386   0.7039040  -0.1295206   0.6983864   0.2765925   0.0000000
 96.2463782  20.1792315 111.1135154   0.7059908  -0.1293684   0.6963051   0.1362021   0.0000000
 97.8780391  20.7432550 1019.6488162   0.5921949  -0.1136135   0.7977451   0.0117300   0.0000000
 96.0504190  19.2951947  98.9407949   0.7074403  -0.1303550   0.6946480  -0.2339896   0.0000000
 96.4763304  18.2471511  -1.4385349   0.6643039  -0.1255573   0.7368417   0.2117032   0.0000000
 96.7142810  16.9290963 -37.9945000   0.6251926  -0.1206436   0.7710898   0.2444701   0.0000000
 96.5343184  17.6551265 -21.3970375   0.6511101  -0.1240875   0.7487710   0.1161315   0.0000000
 96.4183425  17.8031326  57.6592456   0.6620869  -0.1255730   0.7388317  -0.0281788   0.0000000
 96.0944098  19.4592016 159.3855855   0.7067089  -0.1301167   0.6954367  -0.4018148   0.0000000
 96.2303815  18.4691604 188.3983817   0.6849548  -0.1282177   0.7172149   0.1214861   0.0000000
 96.4443371  18.8131747  -9.0988590   0.6746955  -0.1265585   0.7271650   0.1729585   0.0000000
 96.3383591  19.3891986  37.8480279   0.6898623  -0.1280835   0.7125199   0.1990507   0.0000000
 96.1743932  18.5811650 145.7271161   0.6902403  -0.1288209   0.7120208  -0.0470031   0.0000000
 96.1563969  19.8752189 148.1297932   0.7079390  -0.1298785   0.6942290   0.4580293   0.0000000
 96.3123645  19.9672227 501.0312391   0.6993115  -0.1287744   0.7031220   0.0463550   0.0000000
 96.3003670  18.1691479 154.5156290   0.6759320  -0.1272381   0.7258969   0.2074614   0.0000000
 96.4443371  17.9451385  79.4426011   0.6622820  -0.1254966   0.7386698  -0.1880789   0.0000000
 96.4783300  18.2211500   1.0832581   0.6637664  -0.1255010   0.7373355   0.1443962   0.0000000
 96.4863283  18.6271669 -11.8843591   0.6690595  -0.1259334   0.7324618   0.1650227   0.0000000
 96.0524185  19.1191874 164.4351912   0.7051648  -0.1302418   0.6969789  -0.2480582   0.0000000
 96.1823915  17.9731397 131.5556735   0.6814676  -0.1281543   0.7205403  -0.0478677   0.0000000
 96.0724144  19.1931905  84.1057604   0.7047627  -0.1301219   0.6974080  -0.1731131   0.0000000
 96.4923271  18.1751481  -2.5498965   0.6620596  -0.1252939   0.7389036   0.1537389   0.0000000
 96.1144057  19.5912071  52.9854252   0.7070255  -0.1300293   0.6951311  -0.1288616   0.0000000
 96.6063034  17.3811151 -37.0938754   0.6412414  -0.1228089   0.7574480  -0.0127012   0.0000000
 96.3763512  17.1231043 -38.2184761   0.6550216  -0.1250381   0.7451928  -0.1287629   0.0000000
 96.2303815  18.8871778 127.1943723   0.6905182  -0.1285958   0.7117919  -0.0792411   0.0000000
 96.2883695  17.4671186  -6.2781941   0.6666977  -0.1264831   0.7345176  -0.0850163   0.0000000
 96.6023042  16.8650936 -36.2457196   0.6332932  -0.1219358   0.7642456  -0.0209802   0.0000000
 96.5763096  17.1731064 -37.3077992   0.6403121  -0.1228062   0.7582341   0.1180044   0.0000000
 95.7584796  16.3350715 -45.0599384   0.6882184  -0.1304717   0.7136753  -0.0939453   0.0000000
 96.3803504  18.2711521 267.3236419   0.6717377  -0.1265828   0.7298940  -0.2488341   0.0000000
 97.2481700  17.2291087 -32.2792335   0.5839502  -0.1139235   0.8037559   0.0063530   0.0000000
 96.6103026  18.9031784  22.6178202   0.6640616  -0.1250395   0.7371480   0.1414097   0.0000000
 96.6922855  16.9030952 -36.7425779   0.6265598  -0.1208717   0.7699435  -0.0271543   0.0000000
 96.2263824  18.7251710 158.5150248   0.6886614  -0.1284922   0.7136072   0.0483345   0.0000000
 96.3483570  19.4051993  67.1641041   0.6894243  -0.1280153   0.7129560   0.1676093   0.0000000
 96.3743516  18.4531597 245.3111825   0.6747346  -0.1268526   0.7270775   0.0584742   0.0000000
 96.2483778  18.6671686 248.8325376   0.6864338  -0.1282507   0.7157935  -0.1248042   0.0000000
 96.2623749  18.1811484  53.6148296   0.6787243  -0.1276085   0.7232215   0.2326997   0.0000000
 96.2083861  19.5172040  52.2695829   0.7000934  -0.1292543   0.7022553   0.2274970   0.0000000
 96.3063658  18.1991491 346.3601895   0.6760270  -0.1272326   0.7258094   0.0775527   0.0000000
 96.8542519  20.7772564 1180.8206761   0.6738547  -0.1249752   0.7282177   0.0164567   0.0000000
 96.8822461  18.6731688 1084.4548245   0.6405100  -0.1218852   0.7582156   0.0649009   0.0000000
 96.0004293  19.1011867 286.8092953   0.7082925  -0.1306454   0.6937243   0.3292372   0.0000000
 96.1443994  18.7731730 165.4951706   0.6947714  -0.1292439   0.7075229  -0.1264220   0.0000000
 96.5463159  16.8630935 -37.8210063   0.6377534  -0.1226207   0.7604176   0.0523592   0.0000000
 98.7318616  21.5952905 1179.1183156   0.5279562  -0.1033004   0.8429657   0.1040073   0.0000000
 96.1963886  19.8392174  59.2604174   0.7049189  -0.1295498   0.6973566   0.4438760   0.0000000
 96.5163221  16.5310797 -42.2997538   0.6348003  -0.1223821   0.7629228   0.0382038   0.0000000
 96.3163637  18.3651560 167.4453561   0.6775612  -0.1273055   0.7243646  -0.1162417   0.0000000
 96.3863491  18.6851693   3.5883191   0.6769976  -0.1269702   0.7249502   0.4098373   0.0000000
 96.3043662  19.9432217 729.7575983   0.6996465  -0.1288435   0.7027761   0.0716584   0.0000000
 96.3823500  16.7750898 -42.4993319   0.6492424  -0.1244226   0.7503355  -0.0356399   0.0000000
 96.1743932  18.1591474 102.1836474   0.6845371  -0.1284168   0.7175780   0.1142130   0.0000000
 96.1663948  18.4971615 211.1262879   0.6896994  -0.1288231   0.7125443  -0.0982279   0.0000000
 96.2603753  18.5751648  91.0859063   0.6842985  -0.1280398   0.7178727  -0.0946234   0.0000000
 96.2463782  20.3152372 170.6071096   0.7076985  -0.1294452   0.6945551   0.1477424   0.0000000
 96.5563138  18.1111455  -8.5631505   0.6563382  -0.1245249   0.7441195   0.0958976   0.0000000
 96.3883487  16.9230960 -39.5112119   0.6510586  -0.1245913   0.7487321  -0.0603591   0.0000000
 96.3883487  16.7370883 -39.7653792   0.6481851  -0.1242899   0.7512709  -0.0195895   0.0000000
 96.5203213  17.7291296 -10.9180606   0.6532929  -0.1243549   0.7468228   0.1309417   0.0000000
 96.5063242  17.1151040 -27.2652787   0.6449011  -0.1235366   0.7542157  -0.0026383   0.0000000
 96.3303608  17.2671103 -28.4584012   0.6606404  -0.1257577   0.7400941   0.0006339   0.0000000
 96.3763512  18.0531430 237.3994813   0.6688967  -0.1263540   0.7325379  -0.0489028   0.0000000
 96.4443371  17.6651269  58.4633303   0.6581012  -0.1251003   0.7424640  -0.1212012   0.0000000
 97.9740191  19.0611850 502.7883721   0.5509112  -0.1077993   0.8275725   0.0543973   0.0000000
 96.6322980  17.8691354 -27.3227525   0.6468511  -0.1233159   0.7525800   0.0461755   0.0000000
 96.2103857  19.5192041  47.5858842   0.7000019  -0.1292412   0.7023489   0.2411920   0.0000000
 96.2743724  17.9871403 121.9070369   0.6751918  -0.1272792   0.7265783   0.1183745   0.0000000
 96.3743516  19.1991907   9.9029320   0.6848823  -0.1276000   0.7173942   0.1732831   0.0000000
 96.1384007  19.0831859 107.3281188   0.6991479  -0.1295251   0.7031468  -0.1319638   0.0000000
 96.3743516  16.8390925 -39.3240161   0.6508533  -0.1246196   0.7489058  -0.0247710   0.0000000
 96.3623541  19.2751939  22.3425864   0.6867162  -0.1277752   0.7156077   0.1958680   0.0000000
 96.4703317  18.5631643  -9.6529992   0.6692971  -0.1260147   0.7322307   0.1274767   0.0000000
 96.1244036  19.5592057  60.7478421   0.7060133  -0.1299374   0.6961763  -0.2453664   0.0000000
 96.3463574  17.9731397 109.2696684   0.6698496  -0.1265455   0.7316336   0.0347669   0.0000000
 96.3503566  17.1311047 -37.1502942   0.6571018  -0.1253391   0.7433084  -0.0173730   0.0000000
 96.4163429  17.0931031 -39.5483085   0.6515169  -0.1245401   0.7483418  -0.0550061   0.0000000
 96.4963263  18.4231584  -7.7871915   0.6654015  -0.1255798   0.7358469   0.1124823   0.0000000
 96.5663117  18.1051452  -9.1043370   0.6555016  -0.1244092   0.7448758   0.0891937   0.0000000
 96.1324019  19.1431884 122.7921389   0.7003081  -0.1296171   0.7019744  -0.0283792   0.0000000
 96.2443786  18.0511430 128.6432489   0.6782171  -0.1276458   0.7236906  -0.1736157   0.0000000
 96.5303192  17.5611226 -32.0592929   0.6499577  -0.1239832   0.7497888   0.0427067   0.0000000
 96.3943475  18.5391633   6.9925171   0.6743871  -0.1267312   0.7274209   0.2645530   0.0000000
 96.2203836  18.8831776 165.2688846   0.6911617  -0.1286834   0.7111513  -0.1580174   0.0000000
 96.4803296  18.4311588  -9.8699833   0.6666679  -0.1257503   0.7346705   0.0463822   0.0000000
 96.5603130  17.9251377 -18.2156652   0.6532259  -0.1242074   0.7469059   0.0485269   0.0000000
 96.2123853  18.9731813  90.3404035   0.6928439  -0.1288209   0.7094876  -0.0232580   0.0000000
 96.2303815  19.5692061  46.3890567   0.6993240  -0.1291133   0.7030474   0.2985042   0.0000000
 96.3143641  18.6611683 260.1023649   0.6818208  -0.1276437   0.7202968   0.0021986   0.0000000
 96.5923063  17.3851152 -34.1854303   0.6423934  -0.1229791   0.7564436  -0.0278806   0.0000000
 96.4983259  17.4591183 -29.8852931   0.6508594  -0.1241869   0.7489724   0.0624120   0.0000000
 96.1743932  18.5191624 233.4970967   0.6894500  -0.1287722   0.7127948  -0.0764353   0.0000000
 97.5641043  21.5232875 1065.7138396   0.6317956  -0.1189141   0.7659594   0.0516370   0.0000000
 96.2043869  18.4371590 130.2310998   0.6862760  -0.1284187   0.7159147   0.2266260   0.0000000
 96.5523146  20.1712312 619.7006163   0.6861403  -0.1269823   0.7163009   0.0847877   0.0000000
 96.1983882  18.1611475 101.6396540   0.6829168  -0.1281961   0.7191595   0.2110771   0.0000000
 96.1583965  19.2291920  50.5770152   0.6996673  -0.1294580   0.7026423  -0.0875363   0.0000000
 96.2343807  18.9491803 155.3153079   0.6910778  -0.1286160   0.7112450  -0.2616863   0.0000000
 96.0824123  18.4071578 305.4010916   0.6941817  -0.1294909   0.7080564  -0.2539114   0.0000000
 98.3479414  19.8472177 1091.2544995   0.5300539  -0.1041311   0.8415459  -0.3136037   0.0000000
 96.4203421  18.1791483 161.6345471   0.6674890  -0.1260591   0.7338716  -0.1245011   0.0000000
 96.3103649  19.1131872  36.1418917   0.6880893  -0.1280880   0.7142314   0.4259188   0.0000000
 96.3423583  18.5951656 340.9498954   0.6790145  -0.1273231   0.7229994  -0.0013393   0.0000000
 96.2123853  18.9471802 132.0399986   0.6925085  -0.1288014   0.7098184  -0.2453645   0.0000000
 96.1004086  19.4932030 126.0589264   0.7067400  -0.1300877   0.6954105  -0.2616876   0.0000000
 96.1104065  19.5372048  70.0358083   0.7066239  -0.1300314   0.6955391  -0.2951719   0.0000000
 96.3543558  19.4892028  52.5474974   0.6901308  -0.1280339   0.7122688   0.1283037   0.0000000
 96.1963886  19.0651852 116.5662722   0.6951094  -0.1290310   0.7072298  -0.1691647   0.0000000
 96.3223624  19.7652143  34.1736832   0.6958373  -0.1285113   0.7066084   0.1147069   0.0000000
 96.6223001  17.8491345 -26.7358220   0.6473224  -0.1233984   0.7521613   0.0460139   0.0000000
 96.3523562  18.7771732  11.0469578   0.6806620  -0.1273883   0.7214371   0.4298102   0.0000000
 99.0477959  22.9713477 1079.3114442   0.5249988  -0.1024736   0.8449115  -0.0445665   0.0000000
 96.5223209  18.0851444  -1.2393644   0.6585109  -0.1248547   0.7421420   0.1294730   0.0000000
 96.4443371  18.3571557  -4.3575196   0.6682146  -0.1260214   0.7332175   0.1403308   0.0000000
 96.3223624  17.4991200  -2.5204052   0.6646758  -0.1261690   0.7364017   0.0211942   0.0000000
 96.1923894  18.3931572 139.2260752   0.6865068  -0.1284864   0.7156813   0.0164623   0.0000000
 96.2663741  18.7571723 168.3839368   0.6863735  -0.1281655   0.7158667  -0.1868835   0.0000000
 96.3643537  17.2871112 -10.4466861   0.6584209  -0.1254196   0.7421266  -0.2294122   0.0000000
 96.1104065  18.4711604 261.4694854   0.6931263  -0.1292963   0.7091250   0.0740393   0.0000000
 96.4783300  18.4191583  -6.7773402   0.6666518  -0.1257572   0.7346840   0.0369727   0.0000000
 96.5263200  17.4791191 -27.8161430   0.6490052  -0.1238994   0.7506272   0.0921636   0.0000000
 96.2123853  20.1072285 100.6415467   0.7072446  -0.1295812   0.6949919   0.1785600   0.0000000
 98.1619800  19.7792149 1274.4829506   0.5473791  -0.1069897   0.8300176  -0.0615975   0.0000000
 96.6362972  16.9710980 -40.2211349   0.6322492  -0.1217079   0.7651459   0.1104367   0.0000000
 96.5523146  19.0971865 512.6912257   0.6712955  -0.1258948   0.7304196   0.1899707   0.0000000
 96.2023874  18.3671561 182.5273138   0.6854903  -0.1283738   0.7166752   0.0409484   0.0000000
 98.8118450  22.7393381 1567.8311134   0.5438567  -0.1055035   0.8325196  -0.5267956   0.0000000
 96.2123853  19.1131872 109.3843227   0.6946824  -0.1289349   0.7076667  -0.0634199   0.0000000
 96.4383383  17.9951406 160.5073175   0.6634899  -0.1256334   0.7375618  -0.1272310   0.0000000
 95.7104896  16.5290796 -43.6145977   0.6940659  -0.1311240   0.7078694  -0.0388023   0.0000000
 97.7100740  22.8853442 956.9075781   0.6417009  -0.1194286   0.7575994  -0.0748942   0.0000000
 96.3983466  19.8332171 409.5659880   0.6918935  -0.1279757   0.7105671   0.2626287   0.0000000
 96.3163637  18.8571765  33.7135718   0.6842383  -0.1277978   0.7179733   0.2854580   0.0000000
 96.3743516  19.8292170 436.5516730   0.6934584  -0.1281745   0.7090040   0.3210994   0.0000000
 96.6882864  16.8930948 -39.6911522   0.6267338  -0.1209048   0.7697965  -0.0263398   0.0000000
 96.6442955  16.9910988 -34.0567549   0.6319254  -0.1216457   0.7654231   0.1429907   0.0000000
 96.1823915  18.9071786  74.0036263   0.6939686  -0.1290215   0.7083510  -0.2342340   0.0000000
 96.1044077  19.1291878 123.7025744   0.7019334  -0.1298319   0.7003093  -0.1183290   0.0000000
 96.1124061  19.4171998 167.4498949   0.7050614  -0.1299557   0.6971370  -0.0423572   0.0000000
 96.4803296  17.7451302  35.9285463   0.6565950  -0.1248243   0.7438427   0.0351056   0.0000000
 96.2603753  16.6890863 -39.6308636   0.6572362  -0.1256804   0.7431318  -0.0288523   0.0000000
 96.6982843  17.0431010 -38.8442282   0.6283803  -0.1210673   0.7684276   0.0592745   0.0000000
 96.5763096  17.8991366 -19.6760279   0.6516148  -0.1239915   0.7483477   0.0548122   0.0000000
 96.4083446  19.2571932 108.6291568   0.6833873  -0.1273611   0.7188609   0.1920931   0.0000000
 96.2503774  19.0651852  53.5554393   0.6914983  -0.1285681   0.7108448  -0.2918428   0.0000000
 97.1941812  22.8933445 1063.8589660   0.6792217  -0.1240246   0.7233781  -0.0982027   0.0000000
 96.1144057  19.1031867 133.9442173   0.7009658  -0.1297352   0.7012957  -0.0055271   0.0000000
 96.3543558  17.5231210 -24.3143498   0.6626490  -0.1258590   0.7382789  -0.0362719   0.0000000
 96.2323811  18.1311463  66.7005969   0.6801392  -0.1278423   0.7218497  -0.1538311   0.0000000
 96.4463367  18.7971740 -10.5647199   0.6743335  -0.1265219   0.7275071   0.1813074   0.0000000
 97.1481908  22.5153288 748.1188074   0.6770980  -0.1240507   0.7253617   0.0561766   0.0000000
 96.5463159  17.4411176 -31.5360929   0.6468782  -0.1236103   0.7525085   0.0935098   0.0000000
 96.6043038  17.3691146 -35.8466453   0.6412005  -0.1228108   0.7574823  -0.0320624   0.0000000
 96.4083446  17.9251377 105.1049986   0.6646354  -0.1258465   0.7364933  -0.1026552   0.0000000
 96.3503566  19.3031951  32.7956400   0.6879159  -0.1279067   0.7144309   0.1900358   0.0000000
 96.4303400  17.9451385  52.8102643   0.6632907  -0.1256395   0.7377399  -0.1244383   0.0000000
 95.4565424  15.9830569 -43.3709890   0.7036763  -0.1329633   0.6979688  -0.0558949   0.0000000
 96.3023666  18.4851610 195.2575569   0.6802081  -0.1275685   0.7218332  -0.0474047   0.0000000
 96.1723936  19.2131913  59.6470414   0.6985562  -0.1293339   0.7037698  -0.2121752   0.0000000
 96.2223832  18.0191416 159.8434628   0.6793240  -0.1278242   0.7226202   0.1825315   0.0000000
 96.0524185  19.3391966 128.1932583   0.7078696  -0.1303670   0.6942083  -0.2718113   0.0000000
 96.6702901  17.1531056 -27.8089398   0.6324657  -0.1216266   0.7649798   0.0919170   0.0000000
 96.1723936  18.8871778  90.8217767   0.6943632  -0.1290900   0.7079517  -0.0530431   0.0000000
 97.4701239  20.8052576 1008.1993862   0.6277287  -0.1187596   0.7693197  -0.0451483   0.0000000
 96.5063242  18.8011742  -5.8121574   0.6701027  -0.1259443   0.7315055   0.1276161   0.0000000
 96.2723728  19.3291962  21.0797867   0.6934745  -0.1285924   0.7089126   0.3737670   0.0000000
 96.4003462  19.0411842   6.2148819   0.6809410  -0.1272121   0.7212048   0.1893578   0.0000000
 96.9602298  19.2291920 1151.6814634   0.6431326  -0.1219064   0.7559890  -0.0437497   0.0000000
 96.4463367  16.5310797 -39.8448158   0.6404129  -0.1232470   0.7580774   0.0331483   0.0000000
 96.2823707  19.2091912  27.2511125   0.6912419  -0.1284117   0.7111224   0.3168437   0.0000000
 96.6462951  18.2111496 -24.3739514   0.6510355  -0.1236916   0.7489013   0.0557923   0.0000000
 96.0824123  19.4171998 139.7254479   0.7069411  -0.1301827   0.6951883  -0.4024800   0.0000000
 96.7482739  22.6313336 1152.3083347   0.7050904  -0.1271051   0.6976330  -0.0590673   0.0000000
 96.1823915  19.2431926  67.4374810   0.6983001  -0.1292757   0.7040346  -0.1465708   0.0000000
 96.2503774  19.8492178  55.6505581   0.7015965  -0.1291413   0.7007745   0.3743158   0.0000000
 97.5621047  18.4571599 346.5203400   0.5782660  -0.1124576   0.8080605  -0.0074272   0.0000000
 96.2743724  17.6791275  -2.1208456   0.6707623  -0.1268981   0.7307358   0.0307454   0.0000000
 96.2023874  19.4171998 101.7621194   0.6992440  -0.1292399   0.7031037  -0.4567539   0.0000000
 96.5423167  17.8471345 -15.3133691   0.6534233  -0.1242909   0.7467194   0.0549280   0.0000000
 96.3643537  17.7211292  40.9503453   0.6648476  -0.1260280   0.7362708  -0.0818693   0.0000000
 96.2943682  19.3731980  20.1702513   0.6925908  -0.1284430   0.7098030   0.2374811   0.0000000
 96.3163637  18.4511596 141.6244309   0.6787465  -0.1273970   0.7232381   0.0726066   0.0000000
 96.4723313  17.6611267  15.0640337   0.6559128  -0.1247850   0.7444509   0.0658284   0.0000000
 96.6043038  16.8030910 -38.9287056   0.6321013  -0.1217914   0.7652548   0.0187556   0.0000000
 97.8180515  16.3110705 -33.1818383   0.5083453  -0.1014191   0.8551604   0.0284133   0.0000000
 96.0964094  19.5072036 118.2295479   0.7071573  -0.1301250   0.6949791  -0.2790035   0.0000000
 96.3263616  18.0031410 100.6968448   0.6717257  -0.1267844   0.7298701   0.1824088   0.0000000
 96.1963886  18.3831568 154.6356926   0.6861004  -0.1284411   0.7160790   0.0234112   0.0000000
 96.4663325  17.6951281  15.1441189   0.6568876  -0.1249020   0.7435712  -0.1993402   0.0000000
 96.2763720  17.7011284  -2.7245613   0.6709501  -0.1269076   0.7305617  -0.0427982   0.0000000
 96.3883487  19.8112162 307.1099506   0.6922113  -0.1280307   0.7102476   0.1905177   0.0000000
 96.3503566  19.5932071 114.9320066   0.6917932  -0.1281576   0.7106320   0.1834791   0.0000000
 96.5503150  16.9090954 -36.1349816   0.6381601  -0.1226529   0.7600710   0.0699346   0.0000000
 96.3703525  17.4811192 -10.3717154   0.6608560  -0.1256316   0.7399229  -0.0482892   0.0000000
 96.9962224  20.0892278 875.3837658   0.6534075  -0.1227648   0.7469856  -0.0366342   0.0000000
 96.2803712  18.5411634  99.1801945   0.6824583  -0.1278224   0.7196612   0.1257735   0.0000000
 96.5463159  17.2851111 -40.0093529   0.6444285  -0.1233507   0.7546499   0.1142881   0.0000000
 96.3443579  19.1011867  13.4905478   0.6856106  -0.1277757   0.7166669   0.2669081   0.0000000
 96.2103857  20.0352255  92.4342810   0.7064858  -0.1295578   0.6957676   0.1736251   0.0000000
 96.5323188  17.6331256 -18.6108953   0.6509076  -0.1240732   0.7489494   0.1063280   0.0000000
 96.4163429  18.5691645  -3.0639146   0.6732583  -0.1265535   0.7284968   0.1653152   0.0000000
 96.5143225  17.0831027 -26.9746737   0.6437929  -0.1233914   0.7551855   0.0413155   0.0000000
 96.3963470  17.1191042 -39.3436126   0.6534421  -0.1248074   0.7466167  -0.0512387   0.0000000
 96.3003670  19.3111954  20.1741783   0.6913761  -0.1283419   0.7110045   0.4161164   0.0000000
 96.5143225  16.9210959 -39.9098458   0.6412099  -0.1231091   0.7574259  -0.0368387   0.0000000
 97.7180723  20.8552597 979.0674261   0.6080201  -0.1159028   0.7854159   0.0173868   0.0000000
 96.4463367  17.8811359  51.8732494   0.6611621  -0.1253833   0.7396916   0.0615666   0.0000000
 96.2543766  20.1792315 111.4779403   0.7054945  -0.1293100   0.6968188   0.1336136   0.0000000
 96.4043454  18.5871653   0.4056593   0.6743619  -0.1266901   0.7274514   0.2141956   0.0000000
 96.3483570  17.8391341  61.8895697   0.6677424  -0.1263503   0.7335909   0.0557343   0.0000000
 96.3163637  18.9191791  16.8187474   0.6850632  -0.1278546   0.7171761   0.0969922   0.0000000
 96.7062826  17.0150998 -39.0910133   0.6272657  -0.1209124   0.7693620   0.1113987   0.0000000
 96.2803712  19.9752230 125.9835491   0.7012857  -0.1289938   0.7011127   0.1405195   0.0000000
 96.5483155  17.9691395 -11.5724272   0.6548187  -0.1244069   0.7454766   0.0725811   0.0000000
 96.3403587  17.2151082 -15.7775513   0.6591405  -0.1255772   0.7414608  -0.0127642   0.0000000
 96.6223001  16.8570933 -37.2992648   0.6315269  -0.1216687   0.7657483   0.0968781   0.0000000
 96.4763304  18.6611683 -14.0207118   0.6702712  -0.1260738   0.7313289   0.1870789   0.0000000
 96.4943267  16.7610893 -39.0716842   0.6402500  -0.1230693   0.7582439  -0.0094395   0.0000000
 96.4943267  18.0931447   7.4007475   0.6607096  -0.1251625   0.7401332   0.0974854   0.0000000
 96.1004086  19.1631892 104.5762424   0.7026135  -0.1298849   0.6996172  -0.0549029   0.0000000
 96.1843911  18.9931822  82.9999040   0.6949515  -0.1290727   0.7073773   0.1219555   0.0000000
 97.8000553  20.2712354 617.0360107   0.5903596  -0.1135417   0.7991145  -0.1427702   0.0000000
 96.4243412  18.3051535  10.9403172   0.6689224  -0.1261596   0.7325479   0.7522500   0.0000000
 96.3063658  19.2891945  16.7866189   0.6906715  -0.1282707   0.7117019   0.3821914   0.0000000
 96.2163845  19.8172165  48.2859926   0.7033563  -0.1293821   0.6989637   0.2003981   0.0000000
 96.2963678  18.9091787  17.6148456   0.6862954  -0.1280243   0.7159667  -0.3452148   0.0000000
 96.3683529  18.6731688  17.2127687   0.6781071  -0.1271297   0.7238845   0.4503804   0.0000000
 96.5543142  17.5311213 -35.5650089   0.6476467  -0.1236626   0.7518386   0.1409989   0.0000000
 96.2003878  19.5432051  52.4790145   0.7009505  -0.1293363   0.7013847   0.2536637   0.0000000
 96.1224040  16.9950990 -20.1151526   0.6719165  -0.1275969   0.7295527  -0.0970976   0.0000000
 96.6023042  21.4732854 669.5272137   0.6997665  -0.1275168   0.7028985   0.1111139   0.0000000
 96.1843911  18.0971449 186.5360186   0.6830625  -0.1282709   0.7190077   0.0854945   0.0000000
 96.2123853  17.4351173   5.8025150   0.6717408  -0.1272269   0.7297791  -0.1083210   0.0000000
 96.2163845  18.3111538 182.2828290   0.6837618  -0.1281886   0.7183576  -0.2178905   0.0000000
 96.2983674  18.9451802  19.5428433   0.6866470  -0.1280404   0.7156267  -0.2868007   0.0000000
 96.4443371  16.8650936 -39.3345564   0.6458234  -0.1238453   0.7533755   0.0168524   0.0000000
 96.3803504  16.6230835 -44.8753216   0.6470360  -0.1241948   0.7522767   0.0318136   0.0000000
 96.3503566  19.2691937  16.8846664   0.6874579  -0.1278756   0.7148773   0.2162933   0.0000000
 97.8440461  16.8310922 -23.4175787   0.5170353  -0.1027929   0.8497694  -0.0408080   0.0000000
 96.3023666  19.7512137  36.6899133   0.6969671  -0.1286627   0.7054664   0.1564904   0.0000000
 96.6083030  17.4231168 -36.2658133   0.6417352  -0.1228553   0.7570221   0.0499796   0.0000000
 98.2259667  19.2851943 425.5377452   0.5302843  -0.1043249   0.8413768  -0.0273084   0.0000000
 96.3603545  20.2652351 497.0542133   0.6999895  -0.1285932   0.7024803   0.1158727   0.0000000
 96.5263200  18.8931780  13.8089167   0.6699955  -0.1258603   0.7316182   0.1124544   0.0000000
 96.3323603  19.7052118 170.3239443   0.6944728  -0.1283984   0.7079699   0.0823754   0.0000000
 96.2903691  19.3711979  18.7111318   0.6928332  -0.1284754   0.7095606   0.2660705   0.0000000
 96.3883487  17.3431135  13.1310317   0.6574744  -0.1252412   0.7429953  -0.1083924   0.0000000
 96.3643537  18.3751564 306.2566590   0.6743751  -0.1268661   0.7274086  -0.1290706   0.0000000
 96.4723313  16.8270920 -39.2126550   0.6430315  -0.1234485   0.7558246  -0.0497899   0.0000000
 96.3063658  18.6511679 234.1356721   0.6822395  -0.1277072   0.7198890   0.0351639   0.0000000
 96.5463159  18.1591474 -10.5806472   0.6578196  -0.1247025   0.7427804   0.0999205   0.0000000
 96.5163221  18.3951573 -11.6022159   0.6635227  -0.1253378   0.7375825   0.0533167   0.0000000
 96.2263824  19.2631934  67.5908223   0.6956698  -0.1289281   0.7066973  -0.2420438   0.0000000
 96.3703525  18.3531555 224.9183568   0.6735988  -0.1267745   0.7281435  -0.1011651   0.0000000
 96.7722689  19.0331838 464.6170660   0.6541900  -0.1235852   0.7461649   0.0649266   0.0000000
 96.3443579  19.6632101 158.0137984   0.6931242  -0.1282661   0.7093142   0.1212088   0.0000000
 96.3203628  17.8731355  65.8705028   0.6702679  -0.1266800   0.7312272   0.0556875   0.0000000
 96.2583757  19.6172081  32.3432728   0.6981206  -0.1289223   0.7042773   0.2412468   0.0000000
 97.4401301  18.5131622 664.3304158   0.5906146  -0.1143975   0.7988039   0.0514006   0.0000000
 96.6322980  17.4611184 -34.9279766   0.6404606  -0.1226393   0.7581357  -0.0500095   0.0000000
 96.1184048  18.9871819  92.0788974   0.6991943  -0.1296158   0.7030839  -0.2687767   0.0000000
 96.6163013  17.5951240 -38.5910622   0.6438080  -0.1230502   0.7552283   0.1324014   0.0000000
 96.5583134  17.6291254 -34.6749397   0.6488476  -0.1237727   0.7507844   0.0745155   0.0000000
 98.4379227  21.1092702 495.4672190   0.5468163  -0.1064479   0.8304581  -0.2411356   0.0000000
 96.5643121  18.5851652 -15.5555230   0.6627631  -0.1250917   0.7383070   0.0946127   0.0000000
 96.2883695  19.4832026  24.7313518   0.6944199  -0.1285787   0.7079891   0.2622481   0.0000000
 96.4403379  18.6391674  -8.6693348   0.6725237  -0.1263989   0.7292017   0.2095658   0.0000000
 96.4283404  19.0191832  -1.7075152   0.6786855  -0.1269308   0.7233772   0.1118542   0.0000000
 96.7442747  17.8231335 -26.2019575   0.6373319  -0.1219363   0.7608808   0.0716710   0.0000000
 96.2583757  17.9871403 107.9707937   0.6763216  -0.1274353   0.7254994   0.0351900   0.0000000
 96.4423375  18.1651477  48.0714988   0.6656265  -0.1258056   0.7356048  -0.2599911   0.0000000
 97.9680204  19.6332088 1229.3256846   0.5632536  -0.1095948   0.8189837   0.0467874   0.0000000
 96.2123853  19.4532013  98.1278841   0.6990522  -0.1291841   0.7033048   0.0375804   0.0000000
 96.2023874  19.3431967  77.4114407   0.6982806  -0.1291850   0.7040707  -0.3317527   0.0000000
 96.3903483  19.1451885  11.0075532   0.6830524  -0.1274055   0.7191712   0.1461718   0.0000000
 96.6063034  17.5631226 -37.3980970   0.6441018  -0.1231152   0.7549672   0.0286439   0.0000000
 96.3623541  17.6191250  13.1079057   0.6634948  -0.1259101   0.7375101  -0.3548234   0.0000000
 96.3883487  17.9851402 138.7365889   0.6669930  -0.1261357   0.7343093   0.0118558   0.0000000
 96.4643329  18.9971823  -0.9425856   0.6758520  -0.1265703   0.7260882   0.1298591   0.0000000
 96.4203421  18.9711812   6.0901874   0.6785949  -0.1269572   0.7234575   0.2552998   0.0000000
 96.6262993  17.1911072 -36.2025611   0.6366239  -0.1222359   0.7614252   0.0261769   0.0000000
 96.1264032  19.4952031 129.9184322   0.7051201  -0.1298903   0.6970897  -0.3206702   0.0000000
 96.4223416  18.4651602   5.3942944   0.6713527  -0.1263731   0.7302844   0.1609115   0.0000000
 96.2103857  18.1691479 126.8283966   0.6822270  -0.1280968   0.7198317  -0.0030807   0.0000000
 96.5883071  16.8550932 -34.7531801   0.6342498  -0.1220891   0.7634274  -0.0552779   0.0000000
 96.3443579  17.8671353  90.7380465   0.6684610  -0.1264310   0.7329223  -0.0719483   0.0000000
 96.3003670  18.9871819  21.8699686   0.6870700  -0.1280606   0.7152170   0.1858375   0.0000000
 96.5283196  17.2791108 -33.0557229   0.6457487  -0.1235522   0.7534875  -0.0044934   0.0000000
 96.0964094  19.0011825 105.7889730   0.7008154  -0.1298073   0.7014326  -0.2777250   0.0000000
 98.8958275  21.8753021 1502.2481506   0.5173136  -0.1015124   0.8497540   0.0596452   0.0000000
 96.4783300  16.9150957 -38.5674809   0.6439600  -0.1235297   0.7550204  -0.0196705   0.0000000
 96.1963886  20.1032284 103.0805258   0.7081934  -0.1296961   0.6940036   0.1398853   0.0000000
 96.2943682  18.6211667 183.3178493   0.6826230  -0.1277814   0.7195122   0.0592014   0.0000000
 96.6183009  17.7291296 -35.2890720   0.6457576  -0.1232492   0.7535294   0.2070339   0.0000000
 95.5825162  16.4510764 -45.6383524   0.7014991  -0.1322238   0.7002970  -0.0395312   0.0000000
 96.5623126  17.1091037 -38.4825019   0.6403965  -0.1228613   0.7581540   0.0265559   0.0000000
 97.6920777  19.2611933 484.9767047   0.5814592  -0.1126140   0.8057439   0.1231409   0.0000000
 96.5523146  16.9270962 -34.5453008   0.6382941  -0.1226617   0.7599571   0.0683305   0.0000000
 96.3043662  18.8891778  33.8068562   0.6854813  -0.1279347   0.7167622  -0.1719756   0.0000000
 96.4243412  16.7090871 -40.3111663   0.6449571  -0.1238206   0.7541212   0.0134247   0.0000000
 96.3163637  17.8291337  41.3047085   0.6699082  -0.1266629   0.7315597  -0.1112455   0.0000000
 96.4843288  17.1751065 -40.5665283   0.6475511  -0.1238922   0.7518831  -0.0362535   0.0000000
 96.3263616  18.9791816  17.7740841   0.6852034  -0.1278235   0.7170478   0.2798337   0.0000000
 96.4623333  18.3571557  -1.6592463   0.6669137  -0.1258404   0.7344320   0.1075698   0.0000000
 97.9300283  23.0153496 724.5363533   0.6264129  -0.1173403   0.7706089   0.0210790   0.0000000
 96.4543350  17.7971324  47.1662088   0.6593134  -0.1251793   0.7413744  -0.3581786   0.0000000
 96.4583342  17.4951198 -12.0967288   0.6544504  -0.1246893   0.7457527  -0.1442480   0.0000000
 96.5543142  18.1011450  -7.4337944   0.6563415  -0.1245326   0.7441152   0.0934294   0.0000000
 96.3683529  18.8971782   6.0040270   0.6811923  -0.1273617   0.7209411   0.3523767   0.0000000
 96.2943682  18.2031493 284.5555691   0.6769025  -0.1273478   0.7249728   0.2389938   0.0000000
 96.2623749  17.2151082 -29.6722751   0.6649041  -0.1264156   0.7361532  -0.1236668   0.0000000
 96.4343392  18.8291753  -6.7526454   0.6756244  -0.1266713   0.7262824   0.1914405   0.0000000
 96.3183633  17.5611226 -18.2504496   0.6658580  -0.1262913   0.7353120  -0.1965043   0.0000000
 97.4661247  18.1671478 750.6525097   0.5819073  -0.1131768   0.8053415   0.0358244   0.0000000
 96.3583549  17.5471220  -9.5676909   0.6627116  -0.1258506   0.7382243  -0.0291267   0.0000000
 96.2983674  17.2091079 -37.1376351   0.6621509  -0.1260204   0.7386983  -0.1120996   0.0000000
 96.2783716  20.0032242 117.7417863   0.7017670  -0.1290263   0.7006250   0.1384386   0.0000000
 96.3483570  19.6432092 124.0513329   0.6925817  -0.1282143   0.7098532   0.0922487   0.0000000
 96.4223416  17.1551057 -41.6751916   0.6520100  -0.1245696   0.7479073  -0.0581707   0.0000000
 96.3723520  17.1051036 -40.7174518   0.6550488  -0.1250549   0.7451659  -0.2939616   0.0000000
 96.0784131  19.3071952  82.0333366   0.7057986  -0.1301437   0.6963555  -0.2053962   0.0000000
 96.2723728  18.6311671 208.4742600   0.6842848  -0.1279950   0.7178938  -0.1116119   0.0000000
 96.2723728  19.6172081  31.4918613   0.6971960  -0.1288081   0.7052136   0.1667724   0.0000000
 96.3263616  18.9611808  17.6623485   0.6849584  -0.1278061   0.7172849   0.2425654   0.0000000
 96.4743308  16.9350965 -39.5963686   0.6445822  -0.1236101   0.7544762  -0.0162371   0.0000000
 96.1863907  18.6271669 165.0271555   0.6900489  -0.1287571   0.7122177   0.2408067   0.0000000
 96.0424206  16.9570974 -41.8065006   0.6770658  -0.1283636   0.7246411  -0.0815379   0.0000000
 96.2943682  19.8472177 123.4369757   0.6987469  -0.1287994   0.7036785   0.1757874   0.0000000
 96.4903275  17.0070995 -38.8197136   0.6444696  -0.1235444   0.7545831  -0.0445179   0.0000000
 96.6203005  17.4071161 -35.8247722   0.6405390  -0.1226865   0.7580619   0.1060529   0.0000000
 96.1344015  18.7771732 147.3728797   0.6954846  -0.1293315   0.7068058  -0.2188059   0.0000000
 96.1723936  19.9652226 119.4945223   0.7080281  -0.1298048   0.6941520   0.2050175   0.0000000
 96.1563969  19.3551972 108.5851518   0.7014287  -0.1295654   0.7008642  -0.1689065   0.0000000
 96.2023874  18.7731730  69.4110890   0.6908624  -0.1287358   0.7114326   0.0542366   0.0000000
 96.3423583  17.5491221  -7.2920608   0.6639241  -0.1260235   0.7371044  -0.1024491   0.0000000
 96.1583965  19.0111829 120.1190176   0.6969129  -0.1293073   0.7054020   0.1010721   0.0000000
 96.1623957  19.0771857 104.2904649   0.6974939  -0.1293220   0.7048248  -0.2196569   0.0000000
 96.2443786  19.3271961  46.8095000   0.6952973  -0.1288248   0.7070826   0.3056991   0.0000000
 96.3083653  17.4451177 -18.9608148   0.6649044  -0.1262422   0.7361828   0.1262108   0.0000000
 96.3723520  17.3391133  12.6330227   0.6586105  -0.1254100   0.7419600  -0.1649195   0.0000000
 96.5203213  16.9110955 -40.2785373   0.6405737  -0.1230190   0.7579787  -0.0245704   0.0000000
 96.6003047  16.8930948 -38.2558071   0.6339138  -0.1220132   0.7637185   0.0706844   0.0000000
 97.1781845  19.7132121 835.9568346   0.6334342  -0.1202090   0.7644023  -0.0221511   0.0000000
 96.2323811  19.9432217  68.4877749   0.7039248  -0.1293369   0.6983995   0.1754698   0.0000000
 96.5523146  18.2171499 -11.3379898   0.6582358  -0.1247203   0.7424086   0.1419522   0.0000000
 96.5603130  17.9371382 -14.6573181   0.6534097  -0.1242258   0.7467420   0.0628826   0.0000000
 96.2763720  19.1551889  42.4528896   0.6909388  -0.1284194   0.7114155   0.3584911   0.0000000
 98.0060125  20.1212291 947.0859077   0.5689271  -0.1102990   0.8149577  -0.0953223   0.0000000
 96.1743932  18.4031576 223.8661852   0.6879100  -0.1286667   0.7143002   0.1345789   0.0000000
 96.1224040  19.4352006 163.5125074   0.7046401  -0.1298881   0.6975754  -0.1112737   0.0000000
 96.2843703  19.6512096  38.2822191   0.6968581  -0.1287369   0.7055604   0.1769892   0.0000000
 96.3503566  19.2811942  16.1337888   0.6876106  -0.1278851   0.7147287   0.2118110   0.0000000
 96.2163845  20.0892278  94.5359906   0.7067589  -0.1295404   0.6954935   0.1434988   0.0000000
 96.3243620  18.7251710 296.1792077   0.6820344  -0.1276212   0.7200985  -0.2813203   0.0000000
 96.4703317  18.6851693 -14.6630181   0.6710436  -0.1261612   0.7306052   0.1757098   0.0000000
 96.3483570  17.6571266  -0.5201666   0.6650687  -0.1261067   0.7360575  -0.0786790   0.0000000
 96.2203836  17.6871278   3.5889603   0.6747497  -0.1274523   0.7269586  -0.1584097   0.0000000
 96.4283404  17.5031201 -16.6105356   0.6568444  -0.1250330   0.7435873  -0.1686174   0.0000000
 96.6203005  17.3031118 -37.1797943   0.6389029  -0.1225083   0.7594701  -0.0555054   0.0000000
 96.2663741  18.2031493  76.5486525   0.6787550  -0.1275957   0.7231951   0.1603865   0.0000000
 96.4343392  16.8150915 -39.2660475   0.6458334  -0.1238808   0.7533610  -0.0971166   0.0000000
 96.3603545  17.3131122  -4.2614511   0.6591175  -0.1255026   0.7414939   0.0387175   0.0000000
 96.1643953  18.5751648 145.1597379   0.6908376  -0.1289040   0.7114261   0.0194255   0.0000000
 96.4403379  18.3071536   6.9686244   0.6678078  -0.1260028   0.7335912   0.6230556   0.0000000
 96.4003462  17.6231251  26.2333583   0.6607437  -0.1255119   0.7400437  -0.2775655   0.0000000
 96.4323396  17.5111205  -5.0606075   0.6566793  -0.1250035   0.7437382  -0.1896454   0.0000000
 96.3623541  17.4091162 -18.5009860   0.6603881  -0.1256167   0.7403432   0.0602134   0.0000000
 96.0664156  19.2331922 159.6219102   0.7056830  -0.1302004   0.6964622  -0.2519276   0.0000000
 96.6063034  18.1751481 -16.6357281   0.6535378  -0.1240774   0.7466546   0.0887457   0.0000000
 96.2903691  19.3651976  17.5511396   0.6927444  -0.1284692   0.7096483   0.2963387   0.0000000
 96.2223832  18.7331713 137.1415816   0.6890187  -0.1285315   0.7132552  -0.0117828   0.0000000
 96.2103857  19.0591849  61.3311059   0.6940775  -0.1289034   0.7082657  -0.0644813   0.0000000
 96.4003462  17.7831318  63.0974394   0.6631246  -0.1257361   0.7378727  -0.1742756   0.0000000
 97.0022211  22.3453217 1050.0174756   0.6849117  -0.1251047   0.7178055  -0.1150760   0.0000000
 96.1264032  19.4232001 242.3687987   0.7042753  -0.1298571   0.6979495   0.0022525   0.0000000
 96.3303608  19.6932113  70.1737760   0.6944057  -0.1283974   0.7080359   0.0923718   0.0000000
 97.2661663  18.0211417 340.3138626   0.5969570  -0.1156289   0.7938970   0.0148460   0.0000000
 96.4063450  17.9171374 104.8078088   0.6646801  -0.1258589   0.7364509  -0.1277048   0.0000000
 96.3003670  18.5451635 177.5313518   0.6811630  -0.1276478   0.7209182   0.1687123   0.0000000
 96.4163429  17.6951281  51.2661905   0.6606454  -0.1254455   0.7401426   0.0237799   0.0000000
 96.5583134  16.8170916 -40.5864775   0.6360339  -0.1223874   0.7618938  -0.0038817   0.0000000
 96.1264032  19.2611933  57.1993858   0.7021559  -0.1297383   0.7001036  -0.2282953   0.0000000
 96.3603545  19.4692020  76.3569083   0.6894827  -0.1279690   0.7129077   0.1275514   0.0000000
 96.2183840  18.7131705 135.8760415   0.6890270  -0.1285496   0.7132438  -0.0490451   0.0000000
 96.1044077  19.0871861 146.2024236   0.7013993  -0.1298040   0.7008494  -0.0015073   0.0000000
 96.1743932  19.5232042 163.2576972   0.7024269  -0.1295384   0.6998688  -0.4700190   0.0000000
 96.4643329  18.6431676 -14.8792219   0.6708606  -0.1261682   0.7307720   0.1885021   0.0000000
 96.2903691  18.6811692 206.7868170   0.6837336  -0.1278805   0.7184392   0.1164369   0.0000000
 96.3303608  17.9871403 137.3414212   0.6712164  -0.1267267   0.7303484   0.0248130   0.0000000
 96.4883279  17.0391008 -39.0272270   0.6451122  -0.1236197   0.7540215  -0.0056816   0.0000000
 96.2783716  19.1211875  58.9247919   0.6903551  -0.1283738   0.7119902   0.3233969   0.0000000
 96.2623749  18.1931489  69.5705726   0.6788941  -0.1276224   0.7230597   0.0786582   0.0000000
 97.8140524  16.1690646   2.1951810   0.5056072  -0.1009749   0.8568345  -0.0822782   0.0000000
 96.3623541  18.2971532 162.2666349   0.6733361  -0.1267806   0.7283853   0.1232233   0.0000000
 96.3443579  19.7212125 192.8246313   0.6939067  -0.1283151   0.7085398   0.1125416   0.0000000
 98.9018263  22.3813232 976.1311417   0.5272193  -0.1029724   0.8434669   0.1712322   0.0000000
 96.2003878  18.6671686 164.8747881   0.6896355  -0.1286690   0.7126340  -0.1112564   0.0000000
 98.4459210  19.2931947 449.6735806   0.5075022  -0.1004927   0.8557702   0.0509032   0.0000000
 96.2503774  18.9611808  58.6011536   0.6901218  -0.1284795   0.7121972  -0.2747974   0.0000000
 96.2823707  18.1271461  55.8587269   0.6765564  -0.1273548   0.7252945   0.5294860   0.0000000
 96.2003878  18.3431551 196.5816900   0.6853077  -0.1283697   0.7168504  -0.0226369   0.0000000
 96.1603961  19.3731980 123.4511976   0.7014143  -0.1295480   0.7008818  -0.2760461   0.0000000
 96.3083653  20.4672435 359.4583259   0.7057733  -0.1290891   0.6965774   0.0703629   0.0000000
 96.4003462  18.0071411 108.8627506   0.6664231  -0.1260380   0.7348433  -0.1150274   0.0000000
 96.3103649  17.4431176   6.1433793   0.6647364  -0.1262202   0.7363383   0.1326181   0.0000000
 96.3803504  18.4911613  82.4555004   0.6747413  -0.1268190   0.7270771   0.2832392   0.0000000
 98.2239672  22.4573264 1219.6215954   0.5926301  -0.1129209   0.7975202  -0.0570248   0.0000000
 96.0704148  19.0551847 190.4957944   0.7032263  -0.1300618   0.6989683  -0.2475634   0.0000000
 96.6782884  17.0531014 -35.8738166   0.6301737  -0.1213374   0.7669148   0.0538478   0.0000000
 96.1084069  19.2631934  87.6703467   0.7033402  -0.1298834   0.6988869  -0.1683546   0.0000000
 96.5623126  17.3971157 -35.6522633   0.6449466  -0.1233526   0.7542069   0.0428646   0.0000000
 96.5103234  17.7011284  -6.0272191   0.6536314  -0.1244240   0.7465150   0.0934721   0.0000000
 98.2499618  20.2052326 655.3520800   0.5470173  -0.1067778   0.8302834  -0.0480168   0.0000000
 96.5203213  17.9271378  -7.8039373   0.6562859  -0.1246486   0.7441449   0.0712950   0.0000000
 96.1583965  19.8272169  80.7422781   0.7071880  -0.1298317   0.6950028   0.5410678   0.0000000
 96.4703317  18.1371465  13.0326924   0.6631308  -0.1254737   0.7379118   0.0585285   0.0000000
 96.5003254  17.3831151 -28.8626053   0.6495312  -0.1240434   0.7501483  -0.0209526   0.0000000
 96.3783508  17.1131039 -38.5203588   0.6547356  -0.1250031   0.7454500  -0.3654111   0.0000000
 96.3863491  18.0551431 306.6629538   0.6682499  -0.1262636   0.7331436  -0.0619820   0.0000000
 96.2483778  18.4671603 171.2911832   0.6836918  -0.1280501   0.7184488   0.0446594   0.0000000
 96.2963678  17.5191208 -18.5936902   0.6668639  -0.1264669   0.7343696  -0.1335955   0.0000000
 96.1983882  20.0912279  99.1471318   0.7079282  -0.1296759   0.6942779   0.1680644   0.0000000
 96.3003670  19.7852151  99.1884906   0.6975688  -0.1287091   0.7048629   0.1380987   0.0000000
 96.4363387  18.6231668 -11.7897278   0.6725833  -0.1264194   0.7291432   0.2031219   0.0000000
 96.2403795  18.6491678 201.5465535   0.6867071  -0.1283005   0.7155225  -0.0992646   0.0000000
 96.3903483  19.3951989 130.2680869   0.6864905  -0.1276499   0.7158466   0.1875305   0.0000000
 96.2603753  19.9412216 101.6669701   0.7021228  -0.1291240   0.7002504   0.1604389   0.0000000
 96.3363595  19.6912112  96.2199719   0.6939861  -0.1283477   0.7084562   0.0994106   0.0000000
 96.2423791  19.0191832  51.1923286   0.6914219  -0.1285975   0.7109138  -0.3735349   0.0000000
 97.8440461  21.5092869 1042.4545302   0.6086154  -0.1156633   0.7849900  -0.0937344   0.0000000
 96.3903483  18.8131747  -2.0976346   0.6785017  -0.1270705   0.7235250   0.3528420   0.0000000
 96.3923479  16.8770941 -37.5111630   0.6500339  -0.1244703   0.7496420  -0.0169567   0.0000000
 96.2763720  17.5911238 -13.6820143   0.6693628  -0.1267679   0.7320405  -0.1369667   0.0000000
 96.6802880  17.6391258 -40.3940508   0.6394664  -0.1223740   0.7590173   0.0120541   0.0000000
 96.9762265  17.3731147  -8.7767594   0.6106768  -0.1181208   0.7830206  -0.1200293   0.0000000
 96.3183633  20.2272335 195.7389010   0.7020619  -0.1288639   0.7003593   0.0931584   0.0000000
 96.4703317  18.1831484  16.0169313   0.6638266  -0.1255380   0.7372749   0.1189864   0.0000000
 96.4283404  18.2531514  36.6499818   0.6679155  -0.1260595   0.7334834   0.2363428   0.0000000
 96.4943267  19.1311879 133.6621136   0.6756871  -0.1264472   0.7262630   0.2086405   0.0000000
 96.3803504  19.3351964  50.4811727   0.6863229  -0.1276756   0.7160026   0.1159286   0.0000000
 96.3843495  19.4452010 114.9646214   0.6875615  -0.1277453   0.7148010   0.1226839   0.0000000
 96.4803296  18.3051535 -13.9165184   0.6648407  -0.1255892   0.7363519   0.1804169   0.0000000
 96.3583549  18.4431593 373.5460539   0.6758119  -0.1270110   0.7260486  -0.0289069   0.0000000
 96.3443579  19.7332130 510.9717486   0.6942242  -0.1283539   0.7082217   0.1098455   0.0000000
 96.2583757  18.4671603 172.8834185   0.6830049  -0.1279582   0.7191182  -0.0305371   0.0000000
 96.4763304  16.7610893 -41.2667907   0.6416705  -0.1232859   0.7570070  -0.0196790   0.0000000
 98.5618969  21.8993031 782.3356593   0.5507773  -0.1068225   0.8277882   0.1793078   0.0000000
 96.5803088  17.2471095 -38.1624136   0.6411709  -0.1228869   0.7574950   0.2834853   0.0000000
 96.2103857  18.0871445 200.5772060   0.6811261  -0.1280164   0.7208877   0.0823880   0.0000000
 96.3183633  19.2711937  15.7835433   0.6896304  -0.1281528   0.7127319   0.3101056   0.0000000
 96.5623126  17.3231127 -34.2025628   0.6437761  -0.1232275   0.7552267   0.0619506   0.0000000
 96.1004086  18.9931822  96.5096501   0.7004546  -0.1297691   0.7018001  -0.2763350   0.0000000
 96.5123229  18.4191583  -7.5254015   0.6641749  -0.1254114   0.7369829   0.1011068   0.0000000
 96.1463990  19.2651935  59.9022448   0.7009146  -0.1295812   0.7013754  -0.2647418   0.0000000
 96.8402548  20.9472635 1225.1658133   0.6772197  -0.1252711   0.7250383  -0.0384202   0.0000000
 96.3683529  17.0531014 -38.9278327   0.6545762  -0.1250224   0.7455866  -0.0280599   0.0000000
 96.7862660  21.1092702 1017.3293379   0.6830152  -0.1258542   0.7194797   0.0257431   0.0000000
 96.2583757  19.8892195  85.3343458   0.7015979  -0.1291068   0.7007794   0.1790229   0.0000000
 96.4623333  18.3531555  -6.0231828   0.6668530  -0.1258349   0.7344880   0.1235542   0.0000000
 96.2663741  18.7191708 135.7514283   0.6858476  -0.1281268   0.7163774   0.1459506   0.0000000
 96.2183840  18.8211750  90.8078051   0.6904330  -0.1286398   0.7118666  -0.1209037   0.0000000
 97.6420881  22.5233291 765.1694466   0.6412493  -0.1195819   0.7579575   0.0798139   0.0000000
 96.1863907  19.4232001  99.0187032   0.7003526  -0.1293715   0.7019753  -0.4301690   0.0000000
 96.2223832  19.5212041  41.4074576   0.6992334  -0.1291445   0.7031318   0.3030736   0.0000000
 96.2863699  18.6031659 180.4416868   0.6829233  -0.1278361   0.7192174   0.0589301   0.0000000
 96.2523770  17.9471386 139.0424194   0.6762094  -0.1274524   0.7256009  -0.0396105   0.0000000
 96.1024081  19.0271836 142.3737664   0.7007877  -0.1297815   0.7014652  -0.3041807   0.0000000
 96.2523770  20.2992365 169.4138502   0.7071315  -0.1293939   0.6951419   0.1207508   0.0000000
 96.5003254  18.0051410   0.7485896   0.6589593  -0.1249765   0.7417234   0.0436097   0.0000000
 96.3543558  17.4631185 -25.9074137   0.6617606  -0.1257755   0.7390895  -0.0018862   0.0000000
 96.3803504  18.6291670  26.0942493   0.6766474  -0.1269680   0.7252774   0.3685482   0.0000000
 96.2923687  18.6531680 248.2236523   0.6832190  -0.1278364   0.7189364   0.0404162   0.0000000
 96.3123645  17.3751148   7.6213183   0.6635906  -0.1261061   0.7373905  -0.0692013   0.0000000
 96.2723728  19.3731980  24.3988503   0.6940395  -0.1286260   0.7083535   0.3137624   0.0000000
 96.3983466  18.2771524 254.8543190   0.6705276  -0.1264103   0.7310357  -0.2343349   0.0000000
 96.3923479  17.4011159  -0.5954574   0.6580248  -0.1252793   0.7425014  -0.1290386   0.0000000
 96.3443579  17.3411134  -6.7395883   0.6607137  -0.1257142   0.7400360   0.0600275   0.0000000
 96.1723936  18.0251419 135.7195588   0.6828834  -0.1283046   0.7191718  -0.2341475   0.0000000
 96.4343392  16.6970866 -38.8532336   0.6439761  -0.1236797   0.7549822   0.0144391   0.0000000
 96.3283612  18.5491637 270.5016122   0.6793243  -0.1273998   0.7226948  -0.0259783   0.0000000
 96.3363595  17.8871361  80.0652838   0.6693235  -0.1265370   0.7321164   0.0332096   0.0000000
 96.4023458  17.2891112 -12.2749989   0.6555868  -0.1250030   0.7447014   0.0050796   0.0000000
 96.0684152  19.2391924 140.2382845   0.7056181  -0.1301863   0.6965304  -0.2351148   0.0000000
 96.2763720  18.2411509 222.5676395   0.6786608  -0.1275559   0.7232904  -0.0936546   0.0000000
 97.8140524  16.2790692 -30.7672201   0.5080433  -0.1013748   0.8553450   0.0488667   0.0000000
 96.2643745  18.4631601 183.5657766   0.6825396  -0.1278994   0.7195703  -0.0563194   0.0000000
 96.2243828  18.0531430 141.4570378   0.6796604  -0.1278422   0.7223005   0.0476046   0.0000000
 96.1244036  18.8151748 144.4022234   0.6966344  -0.1294451   0.7056518  -0.0502563   0.0000000
 96.3283612  18.8311754  11.0008807   0.6830496  -0.1276615   0.7191285   0.2339674   0.0000000
 96.3043662  19.1931905  18.9481724   0.6895495  -0.1282084   0.7128002   0.4003165   0.0000000
 96.4223416  18.0471428 160.9463447   0.6654272  -0.1258688   0.7357742   0.0681462   0.0000000
 96.3343599  18.6131663 241.7809637   0.6797757  -0.1274083   0.7222687   0.0760918   0.0000000
 98.5059086  21.1732729 533.2613482   0.5414350  -0.1055718   0.8340880   0.0615233   0.0000000
 96.4983259  17.5271211 -26.2466332   0.6518960  -0.1242920   0.7480529  -0.1985653   0.0000000
 96.4503358  19.0611850   1.4429038   0.6777303  -0.1267707   0.7243003   0.1426627   0.0000000
 96.2483778  18.4551598 163.2121017   0.6835226  -0.1280372   0.7186121   0.0874184   0.0000000
 96.0864115  19.0611850 150.0703929   0.7022388  -0.1299322   0.6999846  -0.0407994   0.0000000
 96.3563554  17.5931239   3.0732654   0.6635392  -0.1259357   0.7374659  -0.4238964   0.0000000
 96.2503774  18.6951698 153.7134099   0.6866241  -0.1282496   0.7156113  -0.1477025   0.0000000
 96.2063865  17.5591225   8.1765467   0.6739397  -0.1274401   0.7277117  -0.2597608   0.0000000
 96.2383799  18.7971740  83.4195570   0.6887596  -0.1284421   0.7135215  -0.2355741   0.0000000
 96.2943682  19.3371965  17.7103738   0.6921152  -0.1284135   0.7102721   0.3390828   0.0000000
 96.4143433  18.8531763  -4.9780508   0.6773760  -0.1268878   0.7246110   0.3217764   0.0000000
 96.3503566  18.6591683  96.1218468   0.6792032  -0.1272904   0.7228279  -0.1123334   0.0000000
 96.4523354  17.6211251  70.2756429   0.6568611  -0.1249526   0.7435861  -0.1989891   0.0000000
 96.3263616  16.8410926 -38.7335348   0.6545321  -0.1251678   0.7456010  -0.0514390   0.0000000
 96.4823292  18.4491595  -6.9170601   0.6667894  -0.1257538   0.7345597   0.1060923   0.0000000
 96.1503982  18.6291670 112.8326725   0.6924596  -0.1290684   0.7098176   0.1653382   0.0000000
 96.7342768  18.8791774  99.5120837   0.6545485  -0.1237330   0.7458259   0.0207762   0.0000000
 96.3083653  19.6632101 242.9513713   0.6955506  -0.1285708   0.7068797   0.1410291   0.0000000
 96.1543973  18.6231668  87.2887449   0.6921013  -0.1290262   0.7101746   0.1842500   0.0000000
 96.3723520  19.3171957  42.1186148   0.6866135  -0.1277277   0.7157147   0.1295780   0.0000000
 96.4103441  16.7810901 -41.5888400   0.6471618  -0.1241048   0.7521833  -0.0015425   0.0000000
 95.7524809  16.1550640 -44.5839237   0.6861855  -0.1303371   0.7156546  -0.0416401   0.0000000
 96.5803088  17.9171374 -18.7571407   0.6515819  -0.1239743   0.7483791   0.0615885   0.0000000
 96.1663948  18.6191666  90.2317845   0.6912468  -0.1289184   0.7110260   0.1132067   0.0000000
 96.3363595  17.7191291  14.6143557   0.6668589  -0.1263151   0.7344002  -0.2528107   0.0000000
 96.4203421  18.4451594   3.8089128   0.6712072  -0.1263684   0.7304190   0.2062331   0.0000000
 96.3683529  18.1071453 100.7443662   0.6701719  -0.1264873   0.7313485  -0.2611649   0.0000000
 96.3543558  19.3231959  34.1373626   0.6879109  -0.1278893   0.7144389   0.1631711   0.0000000
 96.2543766  19.0851860  78.6698438   0.6915013  -0.1285523   0.7108448  -0.9924877   0.0000000
 96.3243620  18.7371715 156.4180030   0.6821264  -0.1276199   0.7200116  -0.0274902   0.0000000
 96.5163221  18.2951531 -16.3780137   0.6620494  -0.1252041   0.7389280   0.1294684   0.0000000
 96.2803712  19.8872194  89.4999993   0.7001688  -0.1289357   0.7022387   0.1543256   0.0000000
 96.0804127  19.4852026 102.9416314   0.7078878  -0.1302325   0.6942149  -0.5287182   0.0000000
 96.2663741  18.7171707 105.8479182   0.6858140  -0.1281234   0.7164102   0.1484661   0.0000000
 96.4863283  19.2231917 223.2356750   0.6775699  -0.1266276   0.7244753  -0.0158906   0.0000000
 96.6422959  17.3051119 -37.9045049   0.6371714  -0.1222452   0.7609656   0.0991981   0.0000000
 96.3703525  19.1471886  12.8836146   0.6844538  -0.1275870   0.7178054   0.1898092   0.0000000
 96.3863491  18.3251544 300.3516500   0.6720996  -0.1265919   0.7295592  -0.1935048   0.0000000
 98.4359231  21.4172831 832.7932609   0.5533497  -0.1073836   0.8259982  -0.0796714   0.0000000
 96.1943890  19.7792149  50.6017280   0.7042885  -0.1295285   0.6979972   0.3964030   0.0000000
 96.1404002  19.2691937 122.1385561   0.7013852  -0.1296377   0.7008944  -0.3231601   0.0000000
 96.5163221  17.1051036 -40.3442106   0.6439527  -0.1234005   0.7550479  -0.0013363   0.0000000
 96.5603130  17.5191208 -35.6933856   0.6469992  -0.1235750   0.7524102   0.3584698   0.0000000
 96.2643745  18.3771565 118.3177567   0.6813300  -0.1278053   0.7207325  -0.1511080   0.0000000
 96.2943682  18.6391674 176.1886959   0.6828619  -0.1277982   0.7192824  -0.0273961   0.0000000
 96.2003878  19.5952072  56.6820953   0.7016103  -0.1293706   0.7007183   0.2763321   0.0000000
 96.4743308  17.1971074 -38.8367523   0.6486580  -0.1240422   0.7509037   0.0356550   0.0000000
 96.1483986  18.9131788  98.6656022   0.6962924  -0.1293141   0.7060133  -0.1853958   0.0000000
 96.1324019  18.7791733 170.1424952   0.6956363  -0.1293498   0.7066532  -0.2361179   0.0000000
 96.2063865  18.8111746  64.9824362   0.6910847  -0.1287321   0.7112173   0.0267877   0.0000000
 96.4983259  17.4411176 -32.7659861   0.6505734  -0.1241572   0.7492257   0.0907056   0.0000000
 96.4323396  18.7531722 -10.6313066   0.6746954  -0.1266054   0.7271569   0.2202271   0.0000000
 96.2663741  18.6331672 178.1550327   0.6846997  -0.1280476   0.7174888  -0.2330880   0.0000000
 96.1783924  18.9871819  78.8148935   0.6952727  -0.1291188   0.7070532   0.0769148   0.0000000
 96.3703525  18.7151706  12.6956809   0.6785519  -0.1271557   0.7234631   0.4247231   0.0000000
 96.4643329  18.7251710 -10.9367460   0.6720254  -0.1262645   0.7296843   0.1606095   0.0000000
 96.4023458  18.7351714  -4.7206949   0.6765661  -0.1268723   0.7253701   0.3228602   0.0000000
 96.1843911  18.3411550 151.3476281   0.6863569  -0.1285103   0.7158207   0.1232061   0.0000000
 96.6762889  17.1531056 -37.0480005   0.6319880  -0.1215532   0.7653861   0.0920889   0.0000000
 96.5243204  17.2131081 -39.4352153   0.6450312  -0.1234895   0.7541121  -0.0092335   0.0000000
 96.4883279  18.2231501  -3.7796465   0.6630764  -0.1254020   0.7379729   0.1553021   0.0000000
 96.4003462  17.7371299  58.8549244   0.6624460  -0.1256733   0.7384927  -0.1202036   0.0000000
 96.3623541  18.5651643 154.2435113   0.6770878  -0.1270816   0.7248465   0.1499180   0.0000000
 96.3403587  17.2851111  -7.3638850   0.6601729  -0.1256768   0.7405249  -0.0841103   0.0000000
 96.2463782  18.1991491  80.6435500   0.6800901  -0.1277809   0.7219068   0.1342654   0.0000000
 96.3303608  19.1591891  18.8690561   0.6873401  -0.1279520   0.7149768   0.3161534   0.0000000
 96.4323396  17.8571349  45.0609187   0.6618438  -0.1254980   0.7390623   0.0750483   0.0000000
 96.4683321  18.7131705 -11.1364966   0.6715689  -0.1262116   0.7301136   0.1569301   0.0000000
 96.4183425  17.3651144 -10.2300486   0.6555339  -0.1249408   0.7447584  -0.0482899   0.0000000
 96.4343392  18.7431718  -9.8133549   0.6744187  -0.1265758   0.7274187   0.2196824   0.0000000
 96.4903275  16.9010951 -38.2637040   0.6427817  -0.1233609   0.7560514  -0.0176205   0.0000000
 96.2843703  20.1872319 135.7500536   0.7036980  -0.1290918   0.6986733   0.1202571   0.0000000
 96.5443163  17.8311338 -17.0562853   0.6530315  -0.1242452   0.7470697   0.0498924   0.0000000
 96.5603130  17.7751315 -23.9626374   0.6509436  -0.1239797   0.7489336   0.1326649   0.0000000
 96.2523770  20.1212291  92.8652068   0.7048897  -0.1292909   0.6974341   0.1456380   0.0000000
 96.2283820  19.1511887 126.5606801   0.6941235  -0.1288316   0.7082337  -0.2866607   0.0000000
 96.4103441  17.1451052 -24.5852433   0.6527932  -0.1246932   0.7472032  -0.0659778   0.0000000
 96.4043454  16.4910780 -40.5024509   0.6430904  -0.1236842   0.7557361  -0.0196574   0.0000000
 96.4583342  16.9970991 -41.7759436   0.6467931  -0.1239008   0.7525339  -0.0285691   0.0000000
 96.6143017  17.5011201 -34.3343151   0.6425034  -0.1229184   0.7563601   0.2261077   0.0000000
 96.4163429  16.5630810 -38.8340630   0.6432891  -0.1236658   0.7555699   0.0173970   0.0000000
 96.3863491  18.3271544 289.0331664   0.6721257  -0.1265935   0.7295349  -0.1866692   0.0000000
 96.7822668  17.9871403 -31.4360929   0.6369298  -0.1217714   0.7612439   0.0674093   0.0000000
 96.1963886  18.8931780 142.5685223   0.6928807  -0.1288961   0.7094378  -0.0151818   0.0000000
 96.5103234  18.2611517  -9.7174665   0.6619915  -0.1252210   0.7389769   0.1411256   0.0000000
 96.4443371  18.8571765  -5.9565580   0.6753022  -0.1266061   0.7265933   0.1832316   0.0000000
 96.3283612  17.4451177 -16.9018063   0.6634228  -0.1260289   0.7375547   0.1398610   0.0000000
 96.6123022  17.0251002 -39.7380143   0.6350659  -0.1221053   0.7627462   0.1333387   0.0000000
 96.2623749  18.1131455  62.2941552   0.6777788  -0.1275340   0.7241207   0.0760139   0.0000000
 96.3183633  17.2891112 -10.0141687   0.6618765  -0.1259217   0.7389609   0.0382424   0.0000000
 98.5798932  21.6172914 832.2185585   0.5433664  -0.1057483   0.8328086  -0.0077645   0.0000000
 98.8158441  21.2132746 567.7025109   0.5107490  -0.1005777   0.8538265   0.0189775   0.0000000
 96.2923687  17.4611184  -6.5124869   0.6663112  -0.1264322   0.7348770  -0.0440082   0.0000000
 96.4263408  17.8231335  61.7652273   0.6618033  -0.1255177   0.7390952  -0.1364919   0.0000000
 96.5503150  17.8251335 -18.1441943   0.6524748  -0.1241683   0.7475686   0.0505198   0.0000000
 96.3643537  19.4272002  76.9274474   0.6886450  -0.1278976   0.7137298   0.1278019   0.0000000
 96.2283820  19.4572015  49.9376915   0.6980427  -0.1290540   0.7043306   0.2601531   0.0000000
 96.6522938  17.2531097 -34.4474668   0.6355508  -0.1220331   0.7623537   0.1413198   0.0000000
 96.6382968  16.8870945 -36.7199738   0.6307225  -0.1215257   0.7664337   0.0040410   0.0000000
 96.4483362  18.2711521  13.4154461   0.6666925  -0.1258745   0.7346269   0.3896398   0.0000000
 96.2543766  19.9492220  81.8269876   0.7026015  -0.1291735   0.6997609   0.1487840   0.0000000
 97.9860166  22.4433258 869.5429852   0.6124963  -0.1157425   0.7819540   0.1492307   0.0000000
 96.4143433  18.0391425 159.8303563   0.6659035  -0.1259419   0.7353307  -0.0308082   0.0000000
 96.6163013  17.5931239 -37.7044676   0.6437842  -0.1230479   0.7552491   0.1536049   0.0000000
 96.9882240  20.9352630 1001.0847823   0.6664410  -0.1239055   0.7351896  -0.0476695   0.0000000
 96.2663741  19.1971907  35.6285050   0.6921577  -0.1285391   0.7102079   0.3774748   0.0000000
 97.3041584  21.9653059 787.1562077   0.6582716  -0.1221340   0.7428067  -0.0572330   0.0000000
 97.7740607  20.4292419 1076.0305858   0.5957530  -0.1142941   0.7949938   0.0942864   0.0000000
 96.1723936  18.4271586 185.5615710   0.6883444  -0.1287031   0.7138750   0.0649378   0.0000000
 96.1064073  19.0131830 124.3631810   0.7003248  -0.1297356   0.7019357  -0.2916604   0.0000000
 96.3563554  18.3611559 230.2264712   0.6747173  -0.1269218   0.7270814   0.1020848   0.0000000
 96.4683321  18.3611559  -8.7453335   0.6665260  -0.1257831   0.7347937   0.0894045   0.0000000
 96.2823707  19.5872069  26.6232760   0.6961672  -0.1287066   0.7062477   0.1916506   0.0000000
 96.2663741  19.0711854  82.0145327   0.6905088  -0.1284367   0.7118297  -0.7870890   0.0000000
 96.6662909  17.4731189 -35.9466944   0.6379433  -0.1222532   0.7603173  -0.0045761   0.0000000
 96.1404002  19.6052076  52.0941641   0.7055576  -0.1298399   0.6966564  -0.3336656   0.0000000
 96.1423998  19.6792107  46.9893859   0.7063541  -0.1298676   0.6958436  -0.3400331   0.0000000
 96.2523770  20.1392299  99.2371629   0.7051174  -0.1293017   0.6972019   0.1721776   0.0000000
 97.5801010  20.8452593 1121.2852816   0.6194947  -0.1175705   0.7761467  -0.0167691   0.0000000
 96.4443371  16.9470970 -40.6129959   0.6471121  -0.1239831   0.7522460   0.0222317   0.0000000
 96.2083861  18.1571474  62.3093393   0.6821497  -0.1280945   0.7199052  -0.0269662   0.0000000
 96.4343392  18.8391758  -8.7508467   0.6757616  -0.1266820   0.7261528   0.1956730   0.0000000
 96.3383591  18.5331630 308.0516273   0.6784102  -0.1272902   0.7235723  -0.0093286   0.0000000
 96.6342976  17.3451136 -34.0293882   0.6384537  -0.1224132   0.7598630  -0.0719668   0.0000000
 96.6502943  16.9530972 -39.6847665   0.6308313  -0.1215011   0.7663481   0.0685294   0.0000000
 96.6103026  18.1651477 -23.5208865   0.6530759  -0.1240178   0.7470685   0.0620943   0.0000000
 96.2883695  19.3471969  19.5752415   0.6926422  -0.1284717   0.7097477   0.3184255   0.0000000
 96.5103234  18.1111455   0.4507832   0.6597891  -0.1250183   0.7409782   0.1337983   0.0000000
 96.4463367  17.9051369  72.6484426   0.6615244  -0.1254177   0.7393618  -0.1591653   0.0000000
 96.1983882  19.0211833 173.2438935   0.6944425  -0.1289862   0.7078928  -0.1204129   0.0000000
 96.7242789  17.5811234 -37.8405609   0.6350360  -0.1217459   0.7628284   0.0669228   0.0000000
 96.3643537  19.0191832   8.0593635   0.6831343  -0.1275189   0.7190734   0.2344096   0.0000000
 96.2343807  20.0952280  93.6470761   0.7057084  -0.1294112   0.6965833   0.1375138   0.0000000
 96.3803504  19.3731980  70.1145023   0.6868339  -0.1277104   0.7155063   0.1702479   0.0000000
 96.2883695  17.7491304  22.9062821   0.6707701  -0.1268456   0.7307377  -0.0083284   0.0000000
 96.3363595  17.0991033 -39.9432133   0.6576837  -0.1254479   0.7427752   0.0682197   0.0000000
 96.3423583  19.6372090 216.5071852   0.6929567  -0.1282691   0.7094774   0.0993041   0.0000000
 96.4303400  18.4771607   5.5839776   0.6709534  -0.1263089   0.7306624   0.1194406   0.0000000
 96.3043662  18.6671686 204.7827781   0.6825644  -0.1277365   0.7195756   0.1499230   0.0000000
 96.1503982  19.3491970 129.3864453   0.7017470  -0.1296107   0.7005371  -0.1372413   0.0000000
 96.3863491  18.6471678   8.8457944   0.6764751  -0.1269299   0.7254449   0.3640420   0.0000000
 96.2123853  17.6451261  -3.4226998   0.6747182  -0.1274811   0.7269828  -0.1167493   0.0000000
 96.5823084  17.5771232 -38.5203837   0.6461771  -0.1234138   0.7531429   0.0455616   0.0000000
 96.5943059  17.2011076 -37.0862230   0.6393303  -0.1226396   0.7590892   0.1050202   0.0000000
 96.2903691  19.8772190  82.7310801   0.6993774  -0.1288485   0.7030429   0.1877070   0.0000000
 96.2043869  20.1492303 100.2225905   0.7082592  -0.1296610   0.6939430   0.2156077   0.0000000
 96.1364011  19.2971948 105.7800468   0.7019878  -0.1296864   0.7002818  -0.4580124   0.0000000
 96.5583134  17.2051077 -38.9016075   0.6422481  -0.1230770   0.7565510   0.1035602   0.0000000
 96.3483570  19.5372048  77.0691342   0.6911703  -0.1281255   0.7112436   0.1384534   0.0000000
 96.5863076  16.8590933 -35.7642834   0.6344772  -0.1221216   0.7632332  -0.0601705   0.0000000
 96.6023042  16.9230960 -37.9083384   0.6342229  -0.1220415   0.7634575   0.0825039   0.0000000
 96.4683321  16.7310880 -39.3712700   0.6418280  -0.1233299   0.7568663  -0.0228655   0.0000000
 96.5483155  18.0491429   2.5370013   0.6560119  -0.1245225   0.7444076   0.0775875   0.0000000
 96.7242789  17.2011076 -36.3163133   0.6288614  -0.1210439   0.7680376   0.0299950   0.0000000
 96.3543558  17.8691354  78.7704915   0.6677474  -0.1263285   0.7335901  -0.1647658   0.0000000
 96.2503774  18.3251544 124.1367139   0.6815914  -0.1278832   0.7204714   0.0072972   0.0000000
 96.4463367  17.2251086 -35.6359500   0.6512535  -0.1244085   0.7485930   0.0212251   0.0000000
 96.2203836  18.9011783  83.2555795   0.6913468  -0.1286898   0.7109701  -0.1140415   0.0000000
 96.6043038  17.4191166 -35.7765251   0.6419816  -0.1228949   0.7568067   0.0645631   0.0000000
 96.2823707  18.2791524 197.2659022   0.6787602  -0.1275384   0.7232002  -0.0168386   0.0000000
 96.5143225  17.7731314 -10.8068420   0.6544153  -0.1244872   0.7458174  -0.0601153   0.0000000
 96.2723728  19.0311837  41.7065432   0.6895661  -0.1283479   0.7127591  -0.4933617   0.0000000
 96.3723520  18.8271753  -0.4319807   0.6799508  -0.1272528   0.7221313   0.3771153   0.0000000
 96.2483778  19.3071952  45.1360167   0.6947844  -0.1287775   0.7075952   0.3290142   0.0000000
 96.2163845  18.7511721 112.0932005   0.6896546  -0.1285986   0.7126282  -0.0805300   0.0000000
 96.1064073  19.5872069  64.5033077   0.7074842  -0.1300884   0.6946532  -0.1690955   0.0000000
 96.3403587  19.4392007  57.8129766   0.6904035  -0.1281109   0.7119906   0.1397938   0.0000000
 96.4383383  19.0231834  -0.3353814   0.6780496  -0.1268431   0.7239887   0.1124867   0.0000000
 97.2441708  19.4852026 912.4712227   0.6244485  -0.1190423   0.7719411   0.0212186   0.0000000
 96.5043246  18.4431593  -8.1512838   0.6650980  -0.1255227   0.7361310   0.1116929   0.0000000
 96.1164052  19.2971948 124.8052306   0.7032838  -0.1298467   0.6989504  -0.3126899   0.0000000
 96.3903483  18.0531430 250.2571145   0.6678852  -0.1262125   0.7334847  -0.1241739   0.0000000
 96.2343807  18.6851693 172.9884192   0.6875859  -0.1283851   0.7146627  -0.3042504   0.0000000
 98.5938903  20.6972531 518.0560463   0.5226141  -0.1026593   0.8463660   0.0887051   0.0000000
 96.3683529  18.0331422 124.6641202   0.6691281  -0.1263988   0.7323189   0.1251620   0.0000000
 96.4543350  16.9710980 -37.9632445   0.6467005  -0.1239048   0.7526128   0.0203484   0.0000000
 96.1823915  19.2191916  49.9851796   0.6979874  -0.1292571   0.7043481  -0.2542962   0.0000000
 98.8878292  21.7312961 1247.9462276   0.5152106  -0.1012021   0.8510677   0.0106813   0.0000000
 96.3163637  19.9412216 740.0244375   0.6988452  -0.1287486   0.7035902   0.0611085   0.0000000
 96.3363595  19.8012158 159.1445327   0.6954548  -0.1284368   0.7069983   0.1262525   0.0000000
 96.6962847  17.3071120 -36.7560746   0.6328685  -0.1215908   0.7646523   0.1074635   0.0000000
 96.3303608  17.3711146   4.8110930   0.6622007  -0.1259080   0.7386728  -0.0320729   0.0000000
 96.2703732  19.2451927  29.9115196   0.6925123  -0.1285430   0.7098616   0.2694554   0.0000000
 96.6322980  17.2611101 -35.0183230   0.6372611  -0.1222874   0.7608838  -0.0331148   0.0000000
 98.4759148  21.7932987 584.2518179   0.5568140  -0.1077917   0.8236135  -0.0271981   0.0000000
 96.1903899  19.0211833 167.3658725   0.6949545  -0.1290513   0.7073783  -0.0209145   0.0000000
 96.9102402  18.9611808 597.8595007   0.6425833  -0.1219879   0.7564427   0.2783191   0.0000000
 96.2503774  18.1491470  50.8299092   0.6791164  -0.1276878   0.7228395   0.2452049   0.0000000
 96.6562930  17.3871153 -37.8444102   0.6373582  -0.1222206   0.7608131   0.0886179   0.0000000
 98.0580017  18.7851735 855.3182310   0.5370954  -0.1056204   0.8368828   0.0216973   0.0000000
 97.2481700  23.1093535 890.1773916   0.6783687  -0.1237577   0.7242237  -0.0444002   0.0000000
 96.4923271  17.5031201 -28.0974610   0.6519943  -0.1243231   0.7479620  -0.1178149   0.0000000
 96.5183217  18.0651435  10.9464187   0.6585112  -0.1248694   0.7421392   0.0804269   0.0000000
 96.5343184  16.9490971 -39.8221187   0.6400781  -0.1229185   0.7584136   0.2022398   0.0000000
 96.5463159  18.4371590 -11.7157818   0.6619346  -0.1250840   0.7390512   0.1801845   0.0000000
 96.6662909  17.5931239 -38.7710701   0.6398559  -0.1224622   0.7586749   0.0485420   0.0000000
 96.1144057  19.4832026  97.5527718   0.7057167  -0.1299726   0.6964705  -0.2622407   0.0000000
 96.3903483  18.5751648   8.7723136   0.6751912  -0.1268126   0.7266604   0.3286026   0.0000000
 96.3783508  17.3731147  13.6630407   0.6586558  -0.1253919   0.7419228  -0.0092026   0.0000000
 96.6083030  19.4932030 784.5809655   0.6730418  -0.1258336   0.7288213   0.1919838   0.0000000
 96.4703317  18.5131622  -5.7293233   0.6685837  -0.1259542   0.7328925   0.0830873   0.0000000
 96.2663741  19.6512096  34.2884333   0.6980252  -0.1288806   0.7043795   0.2254834   0.0000000
 96.3543558  18.5531639 268.8354447   0.6775427  -0.1271558   0.7244081   0.0053797   0.0000000
 96.3163637  17.9271378  98.1301786   0.6713319  -0.1267883   0.7302316  -0.1059494   0.0000000
 96.3003670  18.3331547 122.9888297   0.6782005  -0.1274170   0.7237465  -0.0701556   0.0000000
 96.5243204  17.5451219 -31.0276473   0.6501822  -0.1240273   0.7495868  -0.0569266   0.0000000
 96.5123229  18.0531430  -0.3594207   0.6587865  -0.1249172   0.7418868   0.0658524   0.0000000
 96.5443163  17.4591183 -31.3775128   0.6473045  -0.1236613   0.7521334   0.1334893   0.0000000
 96.3943475  18.1651477 132.1253855   0.6691526  -0.1263015   0.7323132  -0.0072320   0.0000000
 96.2203836  18.3091537 189.4594871   0.6834807  -0.1281526   0.7186313  -0.2645242   0.0000000
 96.2623749  19.8552180  63.5532383   0.7009065  -0.1290528   0.7014809   0.3077460   0.0000000
 96.2863699  18.6611683 213.6113150   0.6837234  -0.1278959   0.7184462   0.0930824   0.0000000
 96.3183633  19.0611850  28.8256799   0.6868448  -0.1279699   0.7154494   0.3485680   0.0000000
 96.3923479  16.9150957 -38.3493670   0.6506351  -0.1245337   0.7491097  -0.0223248   0.0000000
 96.6762889  17.0451011 -39.7957477   0.6302228  -0.1213499   0.7668725   0.0792638   0.0000000
 96.4923271  18.2031493   1.9910440   0.6624826  -0.1253331   0.7385178   0.1403768   0.0000000
 98.5838924  20.8612599 765.0285149   0.5272807  -0.1033829   0.8433783   0.1294496   0.0000000
 96.4503358  18.5591641  -5.7725375   0.6706867  -0.1262090   0.7309245   0.1318862   0.0000000
 96.5043246  16.7750898 -40.3251041   0.6396815  -0.1229731   0.7587393  -0.0035378   0.0000000
 96.9942228  21.4672851 743.4251968   0.6733816  -0.1243847   0.7287562  -0.0645088   0.0000000
 96.3703525  18.4371590 226.6272403   0.6747774  -0.1268703   0.7270347  -0.2139835   0.0000000
 96.4463367  18.7071703  -7.3721608   0.6730516  -0.1264182   0.7287111   0.1709485   0.0000000
 96.5103234  18.0271420  -2.6992990   0.6585333  -0.1248997   0.7421145   0.0461137   0.0000000
 96.2163845  19.9712229  93.8030382   0.7053127  -0.1294775   0.6969717   0.1708539   0.0000000
 96.7182801  17.0671020 -38.4873634   0.6271507  -0.1208628   0.7694635   0.0495135   0.0000000
 96.2583757  19.8812191 141.7211689   0.7015193  -0.1291062   0.7008582   0.1799365   0.0000000
 96.2443786  19.8432175  51.5221529   0.7019076  -0.1291841   0.7004550   0.4823013   0.0000000
 96.4503358  18.3431551  -9.9733985   0.6675753  -0.1259429   0.7338131   0.1903673   0.0000000
 96.2783716  20.1872319 124.0567017   0.7040812  -0.1291366   0.6982789   0.1199609   0.0000000
 96.1204044  18.7471719 165.8282527   0.6960117  -0.1294260   0.7062696  -0.1475548   0.0000000
 96.4403379  16.7690896 -38.2426756   0.6446291  -0.1237300   0.7544165  -0.0080910   0.0000000
 97.2181762  22.8493427 969.5568445   0.6769447  -0.1237902   0.7255493   0.0264013   0.0000000
 96.0424206  19.3131955 122.5385181   0.7081752  -0.1304280   0.6938851  -0.3525391   0.0000000
 96.2643745  18.9731813  35.2088302   0.6893306  -0.1283663   0.7129835  -0.4000900   0.0000000
 96.4383383  18.7811733  -9.7700716   0.6746635  -0.1265793   0.7271910   0.2146666   0.0000000
 96.5923063  17.1731064 -37.3161748   0.6390477  -0.1226151   0.7593310   0.1162780   0.0000000
 96.1124061  19.2331922  78.5026173   0.7027086  -0.1298324   0.6995314  -0.1752548   0.0000000
 95.7724767  16.1830652 -42.4109943   0.6851845  -0.1301695   0.7166436  -0.0033799   0.0000000
 98.0020133  22.7173372 1198.3140589   0.6159542  -0.1160924   0.7791810  -0.0277933   0.0000000
 96.3043662  17.5751231 -19.7676707   0.6670936  -0.1264570   0.7341627  -0.1013155   0.0000000
 96.1763928  19.6392091  42.8891301   0.7036961  -0.1295840   0.6985841  -0.4337036   0.0000000
 96.6123022  17.9031368 -21.5385036   0.6489161  -0.1235953   0.7507544   0.1009069   0.0000000
 96.1044077  19.5992074  55.1676022   0.7077560  -0.1301097   0.6943723  -0.1926120   0.0000000
 96.4143433  17.3911155   9.5372767   0.6562252  -0.1250238   0.7441354   0.0599833   0.0000000
 95.5985129  16.8450928 -41.3132285   0.7054864  -0.1323965   0.6962472  -0.1158904   0.0000000
 96.5003254  18.4951614  -9.0331892   0.6661448  -0.1256297   0.7351655   0.0713418   0.0000000
 96.6742893  17.8831360 -27.1399817   0.6438002  -0.1228574   0.7552664   0.0801392   0.0000000
 96.3723520  17.4511180 -25.3972141   0.6602592  -0.1255669   0.7404665  -0.0231368   0.0000000
 96.4883279  16.4810776 -46.2190926   0.6362468  -0.1226383   0.7616757  -0.1323601   0.0000000
 96.1743932  19.3951989  92.9876616   0.7007673  -0.1294475   0.7015473  -0.3578463   0.0000000
 96.6402963  17.4611184 -31.2973900   0.6398179  -0.1225429   0.7586938  -0.0562517   0.0000000
 96.2983674  20.0232250 291.5929901   0.7008231  -0.1289006   0.7015923   0.1414753   0.0000000
 96.2243828  19.8552180  55.5368538   0.7033323  -0.1293451   0.6989946   0.3533281   0.0000000
 96.5983051  16.8070912 -40.0162689   0.6326634  -0.1218755   0.7647767   0.0812857   0.0000000
 96.7262785  16.8730939 -39.2097405   0.6232570  -0.1203760   0.7726968   0.0784031   0.0000000
 96.1304023  19.7672144 103.1697306   0.7082172  -0.1300100   0.6939206  -0.3447827   0.0000000
 97.1621879  20.3392382 917.2459926   0.6445767  -0.1213900   0.7548413  -0.0390666   0.0000000
 96.8902444  20.0272252 1127.3744019   0.6605076  -0.1237761   0.7405465  -0.0023917   0.0000000
 95.5605208  16.2650686 -42.4016574   0.7005279  -0.1322623   0.7012613  -0.0182498   0.0000000
 96.5463159  17.6971282 -23.7799534   0.6508192  -0.1240156   0.7490357   0.0883759   0.0000000
 96.3743516  18.8951781   4.0726797   0.6807500  -0.1273045   0.7213689   0.3772016   0.0000000
 98.4159273  22.9353463 726.9166371   0.5840597  -0.1114655   0.8040209  -0.0152332   0.0000000
 97.5541064  20.2812358 1065.2705324   0.6121054  -0.1167978   0.7821031  -0.0378111   0.0000000
 96.5143225  16.9470970 -42.8845169   0.6416197  -0.1231538   0.7570716  -0.0037053   0.0000000
 96.7142810  16.6910863 -38.7605984   0.6211900  -0.1201612   0.7743928   0.0347815   0.0000000
 97.7000761  22.6153329 514.3355788   0.6380506  -0.1191008   0.7607276  -0.0566471   0.0000000
 96.2803712  18.2691520 181.3104179   0.6787488  -0.1275444   0.7232099  -0.0248189   0.0000000
 96.3643537  19.5172040  86.9013453   0.6898320  -0.1279734   0.7125690   0.1085952   0.0000000
 96.7302776  17.3371132 -34.6622338   0.6306157  -0.1212285   0.7665686   0.0861860   0.0000000
 96.6702901  17.2831110 -36.0172608   0.6345854  -0.1218673   0.7631839   0.3028251   0.0000000
 96.4463367  18.6751689 -12.9023095   0.6725996  -0.1263812   0.7291349   0.2359866   0.0000000
 96.4163429  19.2191916  94.5299211   0.6823239  -0.1272526   0.7198895   0.0939081   0.0000000
 96.2363803  18.1011450 116.4098518   0.6794742  -0.1277771   0.7224873  -0.1271786   0.0000000
 96.2783716  18.0531430 130.3559821   0.6758503  -0.1273182   0.7259590   0.0734639   0.0000000
 96.6962847  17.0611017 -36.5684995   0.6288437  -0.1211277   0.7680389   0.0831737   0.0000000
 96.4043454  18.4291587   5.9494557   0.6721401  -0.1265092   0.7295362   0.2788313   0.0000000
 96.4143433  17.2111080 -16.9366262   0.6534858  -0.1247491   0.7465882   0.1624358   0.0000000
 96.2703732  18.7691728 156.2341482   0.6862620  -0.1281404   0.7159780  -0.2887909   0.0000000
 96.3743516  18.5711646  33.9278754   0.6762731  -0.1269633   0.7256273   0.4103362   0.0000000
 96.3043662  18.3771565 115.6027181   0.6785294  -0.1274263   0.7234364  -0.1079381   0.0000000
 96.3223624  18.8091745  26.2003660   0.6831684  -0.1276956   0.7190096   0.0160598   0.0000000
 96.2883695  18.3311546 114.2116611   0.6790134  -0.1275288   0.7229642  -0.0399567   0.0000000
 96.1583965  18.9951822 131.4802546   0.6967151  -0.1292965   0.7055994   0.2011831   0.0000000
 96.5603130  16.6550848 -38.8224517   0.6332759  -0.1220667   0.7642391   0.1018779   0.0000000
 96.4303400  18.7951739  -7.5541142   0.6754398  -0.1266731   0.7264537   0.2140291   0.0000000
 96.4183425  18.6611683  -5.9748616   0.6743978  -0.1266371   0.7274274   0.2736194   0.0000000
 96.6422959  17.1031035 -36.8391450   0.6339228  -0.1218808   0.7637323   0.0459062   0.0000000
 96.3843495  18.9611808   2.8377004   0.6809566  -0.1272787   0.7211783   0.3233724   0.0000000
 96.4583342  18.8011742 -10.4292098   0.6735471  -0.1264126   0.7282542   0.1615041   0.0000000
 96.2323811  19.2271919  68.1857423   0.6948162  -0.1288516   0.7075505  -0.3337579   0.0000000
 97.4361309  17.7511305  45.0349903   0.5764314  -0.1124664   0.8093690   0.0485014   0.0000000
 96.1703940  18.8691770  48.0073675   0.6942528  -0.1290903   0.7080598  -0.1410985   0.0000000
 96.1344015  19.2251918  87.9803867   0.7011901  -0.1296521   0.7010869  -0.0336102   0.0000000
 96.2383799  20.2012324 116.6629694   0.7067715  -0.1294400   0.6954993   0.1533376   0.0000000
 96.3823500  18.2851527 287.2727669   0.6717999  -0.1265809   0.7298371  -0.2133923   0.0000000
 96.2683736  17.9591391 121.6287645   0.6752309  -0.1273069   0.7265371  -0.0728850   0.0000000
 96.2683736  20.0112245 101.7576890   0.7025014  -0.1291065   0.6998737   0.1208758   0.0000000
 97.3581471  21.8353005 901.1514127   0.6524027  -0.1214700   0.7480747   0.0776112   0.0000000
 96.3083653  19.5192041  25.8407372   0.6935619  -0.1284403   0.7088548   0.2088205   0.0000000
 96.3963470  19.2951947  60.1827758   0.6847023  -0.1274993   0.7175840   0.1129773   0.0000000
 96.3903483  18.4711604  10.8146951   0.6737243  -0.1266939   0.7280414   0.3122711   0.0000000
 97.5181139  22.1713144 724.2143508   0.6453157  -0.1203277   0.7543798   0.0576081   0.0000000
 96.8182594  21.0972697 1147.7166048   0.6807391  -0.1255889   0.7216797  -0.0286394   0.0000000
 96.4283404  18.8551764  -3.8632377   0.6764189  -0.1267579   0.7255273   0.2203577   0.0000000
 96.2803712  19.4252001  21.9603455   0.6941954  -0.1286006   0.7082052   0.3361801   0.0000000
 97.3981388  22.8653433 778.7250422   0.6644127  -0.1222813   0.7372944  -0.0589998   0.0000000
 96.4043454  19.0431842   6.9261752   0.6807007  -0.1271789   0.7214375   0.1890550   0.0000000
 96.2963678  17.7051286  15.7761616   0.6695554  -0.1267080   0.7318748  -0.0688612   0.0000000
 96.4323396  16.9710980 -38.9777943   0.6484076  -0.1241611   0.7511002   0.0196356   0.0000000
 96.5343184  17.8051327 -16.9627194   0.6533862  -0.1243149   0.7467478   0.0330961   0.0000000
 96.3483570  16.5870820 -42.0811264   0.6489478  -0.1245094   0.7505759   0.0078221   0.0000000
 96.2903691  19.3111954  18.1492185   0.6920353  -0.1284256   0.7103477   0.4263154   0.0000000
 96.8582510  22.8713436 1227.7018442   0.7011518  -0.1264819   0.7017040   0.0456329   0.0000000
 96.3283612  19.5272044  41.0156107   0.6923441  -0.1282810   0.7100729   0.0816707   0.0000000
 96.4683321  19.0011825  -0.5686037   0.6756386  -0.1265386   0.7262923   0.1497819   0.0000000
 96.4703317  21.0472677 968.1648316   0.7030038  -0.1282699   0.6995230   0.0262499   0.0000000
 96.2743724  20.3052368 209.1677720   0.7058398  -0.1292392   0.6964822   0.1024125   0.0000000
 96.4103441  18.8331755   0.6502056   0.6773667  -0.1269026   0.7246171   0.2511470   0.0000000
 96.2243828  19.5212041  37.8539092   0.6991001  -0.1291280   0.7032675   0.3066095   0.0000000
 96.4223416  18.3571557   2.3792706   0.6698229  -0.1262446   0.7317101   0.2023643   0.0000000
 96.2723728  17.9191375  74.4981592   0.6743697  -0.1272177   0.7273521   0.2246291   0.0000000
 96.3303608  17.2991117   1.7184180   0.6611304  -0.1258061   0.7396482   0.1886166   0.0000000
 96.4563346  18.4531597  -2.3421838   0.6687298  -0.1260201   0.7327478   0.0920046   0.0000000
 97.2901613  18.2051494 938.3424785   0.5985402  -0.1157980   0.7926793  -0.0829442   0.0000000
 96.5983051  17.5951240 -37.8056342   0.6452097  -0.1232584   0.7539972   0.0462699   0.0000000
 96.2703732  20.1092286 104.0924649   0.7036024  -0.1291497   0.6987590   0.1239624   0.0000000
 96.4543350  18.9551806  -1.6792016   0.6759896  -0.1266216   0.7259512   0.1673686   0.0000000
 96.2683736  19.3571973  24.5916753   0.6941114  -0.1286489   0.7082788   0.3584652   0.0000000
 96.4183425  19.0611850   4.3698491   0.6799666  -0.1270673   0.7221491   0.1625130   0.0000000
 96.5363180  18.0351423  -2.4667329   0.6567156  -0.1246333   0.7437682   0.0428936   0.0000000
 96.4803296  18.9511804  -4.1455154   0.6741006  -0.1263710   0.7277491   0.1272073   0.0000000
 96.3943475  19.2871944  26.9380569   0.6847186  -0.1275070   0.7175670   0.1236361   0.0000000
 96.1224040  19.0191832 129.2917442   0.6993796  -0.1296118   0.7029004  -0.1403064   0.0000000
 98.0380058  20.3032367 838.8030209   0.5693577  -0.1102931   0.8146577   0.0712821   0.0000000
 96.5283196  17.4611184 -33.7079507   0.6485736  -0.1238478   0.7510087   0.0633902   0.0000000
 96.5883071  17.2311088 -36.3539030   0.6402860  -0.1227642   0.7582629   0.3360206   0.0000000
 96.2803712  17.8351340  61.4354210   0.6725987  -0.1270363   0.7290218   0.0382256   0.0000000
 96.4823292  19.2411925 213.7183083   0.6780937  -0.1266822   0.7239755   0.0343861   0.0000000
 96.6762889  17.1551057 -36.6169366   0.6320158  -0.1215563   0.7653627   0.0919165   0.0000000
 98.4219260  22.9653475 1048.3916098   0.5842455  -0.1114882   0.8038828   0.1421102   0.0000000
 96.3223624  19.7492136  85.6428547   0.6956539  -0.1285041   0.7067901   0.1232313   0.0000000
 96.3663533  18.9571807  10.2446376   0.6821498  -0.1274398   0.7200213   0.3007582   0.0000000
 96.2543766  18.4711604 178.2388150   0.6833357  -0.1279995   0.7187966  -0.0222553   0.0000000
 96.4803296  17.9791400  12.5179874   0.6600657  -0.1251539   0.7407090   0.0112129   0.0000000
 96.2483778  20.1592307 104.3266578   0.7056193  -0.1293429   0.6966863   0.1756206   0.0000000
 96.2283820  19.8032159  51.8357293   0.7024249  -0.1292826   0.6999180   0.2642902   0.0000000
 96.4883279  16.7890904 -41.6133458   0.6411868  -0.1231934   0.7574318  -0.0123156   0.0000000
 96.2763720  18.6911696 144.5398308   0.6847952  -0.1280112   0.7174041  -0.0661101   0.0000000
 96.3763512  17.5051202 -11.9030608   0.6607677  -0.1256012   0.7400070  -0.0283905   0.0000000
 96.2863699  18.1931489 202.9310861   0.6772887  -0.1274065   0.7246017   0.2258796   0.0000000
 96.2803712  17.8231335  47.7052550   0.6724223  -0.1270205   0.7291872   0.0622668   0.0000000
 96.6642914  21.1372714 1157.5580434   0.6916649  -0.1268773   0.7109865   0.0067161   0.0000000
 95.7744763  17.4991200 -40.8816760   0.7024577  -0.1313826   0.6994940   0.0519555   0.0000000
 96.3083653  20.0392257 684.9527053   0.7005768  -0.1288693   0.7018439   0.1064325   0.0000000
 96.4943267  18.3071536 -13.4910271   0.6638549  -0.1254494   0.7372646   0.1367113   0.0000000
 98.0180100  17.4411176 331.9160063   0.5121509  -0.1017744   0.8528442  -0.0981985   0.0000000
 96.3863491  16.9550973 -39.4365149   0.6517106  -0.1246661   0.7481522  -0.0018680   0.0000000
 96.3043662  20.4052409 389.4529757   0.7052658  -0.1290872   0.6970916   0.0996495   0.0000000
 96.3983466  17.0571016 -33.1900986   0.6523551  -0.1246903   0.7475861  -0.1946527   0.0000000
 96.1883903  18.1831484 153.8664132   0.6839327  -0.1283167   0.7181719   0.1370347   0.0000000
 96.3403587  17.7511305  37.5889657   0.6670546  -0.1263192   0.7342218   0.0115699   0.0000000
 96.2143849  19.8572181  59.4862947   0.7040024  -0.1294238   0.6983052   0.3920353   0.0000000
 96.6702901  16.8890946 -37.5907010   0.6281319  -0.1211240   0.7686217  -0.0403210   0.0000000
 96.2503774  19.8832192 103.8850573   0.7020392  -0.1291660   0.7003264   0.1756495   0.0000000
 96.5303192  17.2511097 -39.3199499   0.6451516  -0.1234818   0.7540104   0.0275453   0.0000000
 96.2743724  17.6151248  -9.6563649   0.6698490  -0.1268183   0.7315868  -0.0842026   0.0000000
 96.4583342  18.0091412  80.4148873   0.6621866  -0.1254361   0.7387657  -0.1597703   0.0000000
 96.3663533  18.1591474 206.5837586   0.6711204  -0.1265823   0.7304617   0.0442894   0.0000000
 96.3323603  19.3871986  34.9820138   0.6902378  -0.1281330   0.7121472   0.1997456   0.0000000
 96.6662909  17.0911030 -38.1554448   0.6317843  -0.1215610   0.7655531  -0.0458934   0.0000000
 96.4943267  17.1831068 -38.5776272   0.6469054  -0.1237903   0.7524555   0.0378093   0.0000000
 96.2423791  20.0272252  84.1287272   0.7043529  -0.1293124   0.6979723   0.1342427   0.0000000
 96.3703525  18.5251627 173.6247622   0.6759943  -0.1269655   0.7258866   0.1400132   0.0000000
 96.2163845  18.2431509  68.6776464   0.6827726  -0.1281083   0.7193120   0.0150189   0.0000000
 96.4803296  18.2911529 -11.2381704   0.6646479  -0.1255726   0.7365288   0.1894603   0.0000000
 96.1104065  19.6532096  64.9476231   0.7080575  -0.1300956   0.6940675  -0.3102177   0.0000000
 96.3043662  19.1171873  42.8852182   0.6885529  -0.1281448   0.7137743   0.4057480   0.0000000
 96.1563969  18.5831651 143.2774012   0.6914731  -0.1289803   0.7107947  -0.0409993   0.0000000
 96.3563554  17.4871195 -22.5300162   0.6619811  -0.1257894   0.7388897  -0.0884123   0.0000000
 96.3943475  19.7132121 521.0254959   0.6906459  -0.1279243   0.7117891   0.1322642   0.0000000
 95.7824746  16.5890821 -46.3201641   0.6900082  -0.1305033   0.7119393  -0.2225978   0.0000000
 97.1521899  17.8771357 1107.4961138   0.6048985  -0.1169659   0.7876654   0.0032632   0.0000000
 96.2703732  18.6091662 200.3447477   0.6841190  -0.1279909   0.7180526   0.0312502   0.0000000
 96.5003254  18.2371507  -8.5460867   0.6623790  -0.1252933   0.7386174   0.1647797   0.0000000
 96.6322980  16.8870945 -37.7489205   0.6312178  -0.1216021   0.7660137   0.0038714   0.0000000
 96.4323396  18.4811609   8.0417128   0.6708604  -0.1262931   0.7307506   0.1154247   0.0000000
 96.4883279  19.1051868  49.0861202   0.6757085  -0.1264679   0.7262396  -0.0174831   0.0000000
 96.2003878  19.2791941  82.7766736   0.6976008  -0.1291567   0.7047493  -0.3537879   0.0000000
 96.2023874  19.4492011 121.0171366   0.6996627  -0.1292639   0.7026826  -0.2552071   0.0000000
 96.4663325  16.7630893 -37.4739201   0.6425113  -0.1234124   0.7562728  -0.0042936   0.0000000
 96.5183217  17.8651352  -8.5713209   0.6554995  -0.1245791   0.7448493   0.0645137   0.0000000
 97.1121983  21.3292794 756.8633719   0.6630117  -0.1231771   0.7384058   0.0872397   0.0000000
 97.5361101  23.0673517 665.6998099   0.6572847  -0.1212702   0.7438215  -0.1024960   0.0000000
 97.3761434  16.9530972 128.4495017   0.5667897  -0.1112268   0.8163198   0.1425285   0.0000000
 96.1423998  19.4031992 182.0311972   0.7029708  -0.1297139   0.6992899  -0.1762533   0.0000000
 96.4863283  16.8030910 -41.3866795   0.6415661  -0.1232417   0.7571027  -0.0448316   0.0000000
 96.2443786  20.2872360 154.7067580   0.7074634  -0.1294430   0.6947950   0.1291657   0.0000000
 96.4463367  18.9631809  -2.6364889   0.6766501  -0.1267038   0.7253211   0.1658888   0.0000000
 96.2503774  20.2732354 151.5559274   0.7069172  -0.1293922   0.6953601   0.1287206   0.0000000
 96.2903691  20.4352422 264.8972626   0.7064586  -0.1291946   0.6958628   0.0853509   0.0000000
 96.2943682  19.8552180  99.2979601   0.6988497  -0.1288041   0.7035756   0.1827617   0.0000000
 96.3523562  17.7811317  53.8845440   0.6666148  -0.1262345   0.7346356  -0.2237884   0.0000000
 96.2223832  17.9971407 164.2397467   0.6790319  -0.1278021   0.7228985   0.0592017   0.0000000
 96.4403379  18.7431718  -7.6641980   0.6740059  -0.1265199   0.7278109   0.2257057   0.0000000
 96.5583134  17.5611226 -39.5935913   0.6477894  -0.1236632   0.7517157   0.1411561   0.0000000
 96.2743724  18.4191583 110.5942356   0.6811904  -0.1277519   0.7208739  -0.0774364   0.0000000
 96.6242997  17.1651061 -37.8480780   0.6363588  -0.1222123   0.7616506  -0.0296251   0.0000000
 96.4543350  16.7430885 -39.5102251   0.6431256  -0.1235193   0.7557331  -0.0340461   0.0000000
 96.6282988  17.2931114 -36.1250286   0.6380877  -0.1223917   0.7601739  -0.0441342   0.0000000
 96.4223416  18.8591766  -6.0298696   0.6768975  -0.1268189   0.7250701   0.2523760   0.0000000
 96.4143433  19.1471886   5.8537945   0.6814273  -0.1271907   0.7207493   0.1503900   0.0000000
 96.2603753  19.1191874  73.0226430   0.6915477  -0.1285288   0.7108038  -0.7835641   0.0000000
 96.3303608  19.7392132 148.7710534   0.6950324  -0.1284380   0.7074133   0.1211050   0.0000000
 98.1199888  20.7952572 758.8182402   0.5710946  -0.1103694   0.8134307  -0.1852028   0.0000000
 96.4763304  17.4991200 -22.8406961   0.6531420  -0.1244946   0.7469314  -0.1375136   0.0000000
 96.3243620  18.3071536 131.0660898   0.6761621  -0.1271596   0.7256964  -0.3194981   0.0000000
 96.2943682  20.0592265 324.8851152   0.7015532  -0.1289574   0.7008518   0.0931357   0.0000000
 96.0964094  19.2591932 122.7474932   0.7040831  -0.1299794   0.6981205  -0.0873071   0.0000000
 96.4643329  17.6891279  42.4601628   0.6569510  -0.1249162   0.7435129  -0.2553994   0.0000000
 96.2263824  19.1511887 121.5147164   0.6942500  -0.1288475   0.7081068  -0.2751032   0.0000000
 96.5903067  17.3631143 -36.3159944   0.6422043  -0.1229654   0.7566063  -0.0504456   0.0000000
 96.1643953  19.8352172 126.9932940   0.7069316  -0.1297954   0.6952703   0.4919063   0.0000000
 96.3023666  19.1811900  22.8963983   0.6895286  -0.1282159   0.7128190   0.4557603   0.0000000
 96.2903691  18.5371632 114.8542533   0.6817139  -0.1277264   0.7203833   0.1966085   0.0000000
 97.2761642  20.2632350 1122.8019621   0.6345820  -0.1200475   0.7634751  -0.0172906   0.0000000
 96.4923271  18.3611559 -12.6669317   0.6647808  -0.1255391   0.7364146   0.0567639   0.0000000
 96.4063450  19.0071827   5.5668595   0.6800580  -0.1271227   0.7220533   0.2070853   0.0000000
 96.4823292  18.2971532 -14.4243817   0.6645916  -0.1255602   0.7365817   0.1833838   0.0000000
 96.3443579  18.3371549 226.5057051   0.6752225  -0.1270099   0.7265969  -0.2067215   0.0000000
 96.3843495  18.1951489 171.5225322   0.6703268  -0.1264430   0.7312142  -0.0962933   0.0000000
 96.1284027  18.8391758 148.1049762   0.6966760  -0.1294295   0.7056137  -0.1851435   0.0000000
 96.2663741  19.0591849  66.1529370   0.6903434  -0.1284252   0.7119922  -0.5749244   0.0000000
 96.2963678  19.9612225 661.6914269   0.7003620  -0.1289119   0.7020504   0.1069201   0.0000000
 96.5443163  17.5691229 -32.7595036   0.6490120  -0.1238382   0.7506314   0.0586234   0.0000000
 96.4263408  18.1091454 136.0892421   0.6660193  -0.1259051   0.7352321  -0.1412490   0.0000000
 96.3843495  18.1791483 264.0478008   0.6701386  -0.1264317   0.7313886   0.0008956   0.0000000
 96.4223416  18.1171457 167.6570337   0.6664444  -0.1259596   0.7348375  -0.1518771   0.0000000
 96.5323188  18.3251544 -17.3383192   0.6613125  -0.1250782   0.7396089   0.0811633   0.0000000
 98.0540025  18.5251627 619.1921074   0.5319247  -0.1048347   0.8402773  -0.0964818   0.0000000
 98.3819343  19.4111996 744.0924348   0.5170472  -0.1020805   0.8498481  -0.0012423   0.0000000
 96.6802880  17.1711063 -38.8421446   0.6319479  -0.1215357   0.7654220   0.0547347   0.0000000
 96.1284027  18.7151706 198.5482284   0.6950916  -0.1293369   0.7071915   0.0133647   0.0000000
 98.3979310  22.3633224 912.0255906   0.5752169  -0.1103921   0.8105177  -0.0337043   0.0000000
 96.6183009  16.8870945 -37.3610151   0.6323531  -0.1217771   0.7650490   0.0429502   0.0000000
 96.1803919  18.5091620 215.0429540   0.6889220  -0.1287108   0.7133161  -0.0562378   0.0000000
 96.2163845  18.4511596 162.4338973   0.6856529  -0.1283248   0.7165283   0.2458254   0.0000000
 96.4203421  18.0911446  75.6962527   0.6661696  -0.1259382   0.7350903  -0.1460624   0.0000000
 96.1124061  19.3391966 120.4932009   0.7040552  -0.1299029   0.6981630  -0.0879387   0.0000000
 96.4363387  16.5530806 -39.9651270   0.6415462  -0.1234062   0.7570927   0.0337550   0.0000000
 96.1883903  19.3831984 116.8934296   0.6997173  -0.1293292   0.7026163  -0.3706572   0.0000000
 96.4843288  16.7590892 -39.2900351   0.6410189  -0.1231879   0.7575747  -0.0595690   0.0000000
 96.2323811  18.5071619 117.8323780   0.6853006  -0.1282302   0.7168822   0.0045680   0.0000000
 96.2523770  18.3851569 110.0017718   0.6822652  -0.1279245   0.7198260  -0.0665636   0.0000000
 96.6682905  16.9970991 -39.0322894   0.6300779  -0.1213575   0.7669904   0.0856849   0.0000000
 96.2223832  19.8652185  60.3296853   0.7035851  -0.1293665   0.6987362   0.3269851   0.0000000
 96.3203628  18.0331422 113.0619812   0.6725750  -0.1268798   0.7290710   0.1847221   0.0000000
 96.0984090  19.3271961 112.3817969   0.7047969  -0.1300043   0.6973953   0.0146529   0.0000000
 96.2503774  18.9771815  37.5213317   0.6903296  -0.1284923   0.7119935  -0.3110557   0.0000000
 96.3943475  18.0991450  15.8006718   0.6681376  -0.1262069   0.7332557  -0.1640636   0.0000000
 96.4523354  18.1131455  93.6329684   0.6641572  -0.1256386   0.7369601   0.0932022   0.0000000
 96.2423791  20.1212291  92.9854161   0.7055143  -0.1293646   0.6967887   0.1714373   0.0000000
 96.3123645  19.9712229 399.1394671   0.6993104  -0.1287675   0.7031244   0.0631225   0.0000000
 96.3563554  17.7831318  72.7152916   0.6663629  -0.1261976   0.7348705  -0.1919222   0.0000000
 96.5303192  17.9491387 -11.4654505   0.6558788  -0.1245742   0.7445161   0.0704041   0.0000000
 96.4443371  17.5251211   9.4287622   0.6559849  -0.1248926   0.7443693  -0.0821233   0.0000000
 96.3303608  17.3411134   1.2573139   0.6617715  -0.1258680   0.7390641   0.0169777   0.0000000
 96.3723520  17.6591266  33.9253962   0.6633556  -0.1258608   0.7376438  -0.2683236   0.0000000
 96.4983259  18.5371632  -9.7623104   0.6668989  -0.1257029   0.7344690   0.0638087   0.0000000
 97.8700407  21.7032950 1156.1854406   0.6097789  -0.1157360   0.7840758  -0.1774320   0.0000000
 96.3743516  18.9371798   5.7067911   0.6813177  -0.1273459   0.7208254   0.3368736   0.0000000
 96.6582926  20.9312628 1149.1508137   0.6893640  -0.1267720   0.7132364  -0.0407747   0.0000000
 96.1963886  19.6692103  41.8880863   0.7027878  -0.1294468   0.6995233   0.2818551   0.0000000
 96.5203213  17.7191291 -12.7943457   0.6531410  -0.1243398   0.7469582   0.0695920   0.0000000
 96.2783716  19.7412133  37.4110111   0.6984075  -0.1288486   0.7040064   0.1984166   0.0000000
 96.4583342  16.4770774 -45.9796211   0.6385733  -0.1229999   0.7596678  -0.2685291   0.0000000
 96.5883071  17.1751065 -38.2206352   0.6393822  -0.1226644   0.7590414   0.1170640   0.0000000
 96.4943267  17.3991158 -31.9132461   0.6502443  -0.1241378   0.7495146   0.0738087   0.0000000
 97.4961185  21.6192915 1023.3790536   0.6386343  -0.1197870   0.7601297   0.0249568   0.0000000
 96.4303400  19.0811858   3.6470364   0.6794063  -0.1269772   0.7226920   0.1604526   0.0000000
 96.2183840  19.1971907  31.1099730   0.6953237  -0.1289408   0.7070355  -0.3198786   0.0000000
 96.2763720  18.8671769  46.6373334   0.6871141  -0.1281673   0.7151555  -0.1799245   0.0000000
 96.2863699  19.5132038  30.5843508   0.6949393  -0.1286182   0.7074721   0.2312356   0.0000000
 96.5163221  17.9831401  -8.0896347   0.6574335  -0.1247735   0.7431102   0.0737230   0.0000000
 96.7102818  21.5132871 1147.1155794   0.6934323  -0.1267696   0.7092821   0.1796930   0.0000000
 96.6242997  16.8950948 -37.6495025   0.6320016  -0.1217178   0.7653487   0.0081554   0.0000000
 96.1803919  18.9891820 140.7054423   0.6951940  -0.1291088   0.7071324   0.0688172   0.0000000
 96.2923687  18.3971574  87.8202188   0.6796347  -0.1275590   0.7223748  -0.0140330   0.0000000
 96.5283196  16.4850778 -51.3816224   0.6330792  -0.1221448   0.7643895   0.0078216   0.0000000
 96.4063450  18.0771440  96.9871188   0.6669998  -0.1260660   0.7343152  -0.3364016   0.0000000
 96.2623749  18.9891820  52.1366497   0.6896794  -0.1283985   0.7126402  -0.4652568   0.0000000
 96.3023666  17.4351173  -8.1622375   0.6651963  -0.1262920   0.7359105   0.2129159   0.0000000
 95.7284859  16.4550765 -43.3494572   0.6918764  -0.1308834   0.7100539  -0.0592334   0.0000000
 96.4203421  19.1671894   7.4503023   0.6812828  -0.1271557   0.7208920   0.1293575   0.0000000
 96.5703109  17.9351381 -15.9078021   0.6526154  -0.1241119   0.7474553   0.0672054   0.0000000
 96.5363180  17.7771315 -19.7413026   0.6528124  -0.1242510   0.7472601   0.0544001   0.0000000
 96.6782884  17.0511013 -38.4838089   0.6301371  -0.1213330   0.7669455   0.0622364   0.0000000
 96.2003878  19.1071869  81.7992421   0.6953672  -0.1290262   0.7069771  -0.2102793   0.0000000
 96.8882448  21.7732979 1122.7378002   0.6850408  -0.1255744   0.7176003  -0.1321612   0.0000000
 96.4203421  16.8650936 -42.7792731   0.6476923  -0.1241268   0.7517228   0.0097361   0.0000000
 96.3703525  17.3111122 -10.1338809   0.6583353  -0.1253896   0.7422076  -0.2142489   0.0000000
 96.6442955  17.5851236 -35.4717766   0.6414588  -0.1227070   0.7572803   0.1135686   0.0000000
 96.3703525  18.4871611 174.7517882   0.6754586  -0.1269227   0.7263926   0.1978733   0.0000000
 96.5103234  17.6191250 -11.6861267   0.6523888  -0.1243001   0.7476217   0.0057795   0.0000000
 96.2883695  20.5172456 803.8515644   0.7078582  -0.1292994   0.6944195   0.1708702   0.0000000
 96.5103234  17.8791358  -3.7537982   0.6563140  -0.1246869   0.7441136   0.0696369   0.0000000
 96.3223624  18.0031410 106.0968739   0.6719960  -0.1268223   0.7296146   0.1971149   0.0000000
 98.0620008  21.4352838 957.4001828   0.5883582  -0.1127313   0.8007036   0.0179278   0.0000000
 96.3683529  17.5271211 -22.4155375   0.6616848  -0.1257171   0.7391675   0.0370207   0.0000000
 96.1983882  19.2111912  43.5369413   0.6968232  -0.1291178   0.7055253  -0.3559337   0.0000000
 96.7042830  16.6910863 -38.4210714   0.6220329  -0.1202935   0.7736953   0.0345219   0.0000000
 96.3123645  20.4512429 302.2147668   0.7052802  -0.1290444   0.6970849   0.0797256   0.0000000
 96.2503774  19.7352131  47.5320891   0.7001449  -0.1290666   0.7022385   0.2806464   0.0000000
 96.1703940  19.2831942  99.7591698   0.6996010  -0.1294033   0.7027184  -0.3060577   0.0000000
 96.1703940  19.5272044 100.8816697   0.7026889  -0.1295649   0.6996008  -0.4716831   0.0000000
 96.2023874  18.4991616 223.1326216   0.6872940  -0.1285044   0.7149221   0.0326903   0.0000000
 96.3223624  18.4791608 298.4286438   0.6787975  -0.1273856   0.7231922  -0.2021596   0.0000000
 96.1563969  19.6032076  46.7445375   0.7045194  -0.1297164   0.6977292  -0.3720195   0.0000000
 96.0884111  19.4352006 155.7045292   0.7067919  -0.1301487   0.6953463  -0.2709268   0.0000000
 96.4343392  18.9371798   9.2547592   0.6771490  -0.1267913   0.7248401   0.1686834   0.0000000
 96.2943682  19.8992199 113.0420621   0.6994235  -0.1288356   0.7029994   0.0983523   0.0000000
 96.4103441  19.0791857   6.3131151   0.6807770  -0.1271599   0.7213689   0.1953960   0.0000000
 96.7802672  16.9950990 -38.7722694   0.6208034  -0.1199206   0.7747401   0.0187549   0.0000000
 96.2783716  19.0531847  40.8425014   0.6894438  -0.1283136   0.7128835  -0.3802312   0.0000000
 96.2823707  19.4412008  24.5871336   0.6942750  -0.1285969   0.7081279   0.3146849   0.0000000
 96.4843288  17.8311338   7.7942316   0.6575733  -0.1249032   0.7429647   0.0890369   0.0000000
 96.5263200  18.6591683 -10.9662980   0.6666239  -0.1255733   0.7347407   0.1408945   0.0000000
 96.4303400  17.1811067 -16.5349483   0.6518042  -0.1245214   0.7480947  -0.1505014   0.0000000
 96.6163013  17.2411092 -37.2044957   0.6382251  -0.1224462   0.7600497   0.0276044   0.0000000
 96.2543766  17.8271336  58.8583583   0.6743401  -0.1272857   0.7273678  -0.3794197   0.0000000
 97.9360270  22.8513428 666.2537794   0.6232463  -0.1170017   0.7732236  -0.1762370   0.0000000
 96.4383383  16.9790983 -38.4396823   0.6480744  -0.1241055   0.7513970  -0.0260845   0.0000000
 96.5783092  16.9970991 -41.1411783   0.6373451  -0.1224711   0.7607838   0.0828715   0.0000000
 96.1683944  19.9272210 116.7946710   0.7078126  -0.1298144   0.6943699   0.3195091   0.0000000
 96.1264032  19.1451885  84.7401108   0.7006810  -0.1296604   0.7015941  -0.0497903   0.0000000
 96.4883279  17.9851402  -2.2635582   0.6595567  -0.1250765   0.7411753  -0.0793278   0.0000000
 97.3061579  17.9031368  66.5998700   0.5911686  -0.1147656   0.7983412   0.2562780   0.0000000
 96.3703525  16.5410801 -38.9665342   0.6465361  -0.1241756   0.7527094   0.0042961   0.0000000
 96.3903483  18.7911738  -6.3564394   0.6782021  -0.1270477   0.7238099   0.4250493   0.0000000
 96.3023666  18.9791816  21.1810848   0.6868427  -0.1280376   0.7154393   0.1549554   0.0000000
 96.1783924  19.9392215  95.0358471   0.7073143  -0.1297438   0.6948907   0.3111441   0.0000000
 96.1963886  19.8792190  76.0232933   0.7054225  -0.1295740   0.6968427   0.4102308   0.0000000
 96.1064073  19.2491928  74.9235808   0.7032833  -0.1298887   0.6989431  -0.1850022   0.0000000
 96.2383799  18.8811775 131.2611148   0.6898975  -0.1285204   0.7124072  -0.2321124   0.0000000
 96.3923479  17.9911405 127.0370385   0.6667750  -0.1261000   0.7345134   0.1768836   0.0000000
 96.5943059  17.2491096 -37.5976144   0.6400891  -0.1227227   0.7584360   0.3216998   0.0000000
 96.3623541  16.9790983 -38.4016154   0.6538966  -0.1249746   0.7461907  -0.0326710   0.0000000
 96.4743308  17.4271170 -28.7962650   0.6521932  -0.1244057   0.7477748   0.1169739   0.0000000
 96.4063450  17.8911363  90.7364597   0.6642933  -0.1258231   0.7368059   0.1123290   0.0000000
 96.5443163  17.8871361 -12.5882517   0.6538808  -0.1243291   0.7463124   0.0708466   0.0000000
 96.4683321  18.3311546  -9.9411285   0.6661122  -0.1257479   0.7351748   0.1719964   0.0000000
 98.0779975  20.9152622 759.1327489   0.5772020  -0.1112611   0.8089864  -0.0721910   0.0000000
 96.0464198  16.8590933 -41.8360131   0.6753935  -0.1282037   0.7262282  -0.0437164   0.0000000
 97.3701446  21.1792732 1127.3389442   0.6416345  -0.1204645   0.7574916   0.1013619   0.0000000
 96.5783092  17.6891279 -31.6954031   0.6482285  -0.1236406   0.7513406   0.0790888   0.0000000
 96.1523978  19.6212083  46.6909882   0.7049907  -0.1297568   0.6972455  -0.3655916   0.0000000
 96.5223209  19.1071869 160.8557331   0.6733806  -0.1261579   0.7284523   0.3114560   0.0000000
 96.3443579  19.5532055  96.6023688   0.6916524  -0.1281734   0.7107661   0.1379356   0.0000000
 96.4863283  17.8611350   7.6767893   0.6578696  -0.1249243   0.7426988   0.0994165   0.0000000
 97.6860790  22.0593098 1037.3772122   0.6306714  -0.1184528   0.7669567   0.0766651   0.0000000
 96.8482531  18.9431801 436.3710628   0.6470063  -0.1226292   0.7525589   0.1112479   0.0000000
 96.1443994  19.5052035  76.2888592   0.7040610  -0.1297510   0.6981853  -0.4005945   0.0000000
 97.8100532  19.6072077 785.8182191   0.5772826  -0.1118160   0.8088523  -0.2630523   0.0000000
 96.3083653  18.3791566 122.1104314   0.6782753  -0.1273900   0.7236812  -0.1288836   0.0000000
 96.3803504  17.9211375  56.0583237   0.6666118  -0.1261282   0.7346566  -0.2858569   0.0000000
 96.4203421  17.3211126  -8.2383071   0.6547159  -0.1248522   0.7454925   0.1965695   0.0000000
 96.3943475  17.2871112 -15.6713298   0.6561571  -0.1250879   0.7441847   0.0744438   0.0000000
 96.2963678  17.8931364  62.5736551   0.6722702  -0.1269450   0.7293407  -0.0394010   0.0000000
 96.0824123  19.0931863 161.7089328   0.7029084  -0.1299868   0.6993020  -0.0426326   0.0000000
 96.4603337  18.2151498  17.4460160   0.6650209  -0.1256823   0.7361733   0.1185233   0.0000000
 96.2623749  17.5591225  -4.0604707   0.6699001  -0.1268691   0.7315314  -0.1090758   0.0000000
 96.4503358  17.9771399  28.5459290   0.6622757  -0.1254709   0.7386799  -0.0075808   0.0000000
 96.2903691  18.1031451 110.0190320   0.6756923  -0.1272562   0.7261169   0.2603863   0.0000000
 96.5123229  18.2891529 -16.5522346   0.6622708  -0.1252395   0.7387236   0.1305249   0.0000000
 96.3723520  19.5532055 186.9032883   0.6898276  -0.1279456   0.7125782   0.1840257   0.0000000
 96.1983882  19.5752064  43.1181381   0.7014763  -0.1293718   0.7008524   0.2134619   0.0000000
 96.3643537  18.0331422 140.7608582   0.6694233  -0.1264407   0.7320418   0.1305514   0.0000000
 96.2403795  18.3251544 134.3522975   0.6822745  -0.1279756   0.7198082  -0.0327596   0.0000000
 96.0364219  18.9091787 253.1568646   0.7035876  -0.1302417   0.6985711  -0.0689269   0.0000000
 96.3303608  19.3511971  29.1986749   0.6898984  -0.1281200   0.7124783   0.1982924   0.0000000
 96.7622710  16.9610976 -37.3991291   0.6217378  -0.1200865   0.7739647  -0.0536100   0.0000000
 96.3303608  19.8832192 628.9647117   0.6971433  -0.1285880   0.7053059   0.2156141   0.0000000
 98.8918283  22.8133412 872.8182369   0.5371597  -0.1044253   0.8369915   0.1305145   0.0000000
 96.3223624  19.8552180 124.5697424   0.6970372  -0.1285835   0.7054115   0.1976534   0.0000000
 96.4883279  16.8110913 -41.4065764   0.6415375  -0.1232322   0.7571284  -0.0477713   0.0000000
 96.4423375  17.2231085 -33.5284575   0.6515222  -0.1244497   0.7483522   0.0772747   0.0000000
 96.2683736  19.9692228 107.5247507   0.7019767  -0.1290816   0.7004046   0.1370191   0.0000000
 96.6982843  16.9570974 -37.4815440   0.6269718  -0.1209024   0.7696031   0.0795660   0.0000000
 96.5063242  17.2171082 -37.8284039   0.6464956  -0.1237059   0.7528215  -0.0118156   0.0000000
 96.5483155  18.4151581 -14.5363413   0.6614568  -0.1250329   0.7394875   0.1439469   0.0000000
 97.9800179  20.2312337 633.8003288   0.5732768  -0.1109293   0.8118179   0.1044523   0.0000000
 96.4783300  18.1591474  11.4174137   0.6628683  -0.1254204   0.7381567   0.1483363   0.0000000
 96.5883071  17.2011076 -38.2116362   0.6397923  -0.1227094   0.7586885   0.1018442   0.0000000
 96.2343807  18.4091579 145.8442262   0.6838456  -0.1281179   0.7182903   0.2570903   0.0000000
 96.3043662  19.7252126  38.3142642   0.6965032  -0.1286284   0.7059307   0.1378102   0.0000000
 96.4603337  18.6151664 -12.1772650   0.6707544  -0.1261752   0.7308683   0.1702300   0.0000000
 96.2083861  19.0251835 127.7688243   0.6937929  -0.1288984   0.7085454  -0.2040746   0.0000000
 96.0964094  19.3691978 109.5119101   0.7054446  -0.1300445   0.6967326  -0.1150775   0.0000000
 96.3443579  18.7391716  61.2409116   0.6807146  -0.1274273   0.7213806   0.3745047   0.0000000
 96.3503566  17.3591141   1.7614971   0.6605390  -0.1256759   0.7401985   0.1004865   0.0000000
 96.1863907  18.6731688 151.1167775   0.6906607  -0.1287974   0.7116172  -0.0037337   0.0000000
 98.4659169  20.8912612 473.1510725   0.5395590  -0.1053564   0.8353299   0.0594179   0.0000000
 96.2023874  18.4631601 215.3117093   0.6867993  -0.1284686   0.7154037   0.1426670   0.0000000
 96.2663741  17.9371382 117.2791141   0.6750660  -0.1273014   0.7266913   0.0965529   0.0000000
 96.6242997  16.9310963 -37.7161568   0.6325759  -0.1217835   0.7648637   0.0808265   0.0000000
 96.3443579  17.9171374  97.2858603   0.6691859  -0.1264951   0.7322494   0.0876602   0.0000000
 97.4441293  18.3071536 350.0787519   0.5862970  -0.1138053   0.8020625  -0.1248586   0.0000000
 96.3743516  19.0191832   7.8048182   0.6824484  -0.1274288   0.7197403   0.2239866   0.0000000
 96.3083653  17.5871236 -12.9493108   0.6669744  -0.1264312   0.7342754  -0.1984849   0.0000000
 98.1339859  19.0151831 1142.3446746   0.5343503  -0.1050954   0.8387042   0.0470252   0.0000000
 96.4163429  18.2951531  80.8308656   0.6694123  -0.1262372   0.7320870   0.2017112   0.0000000
 97.1341937  21.0872693 813.6935550   0.6579072  -0.1226851   0.7430386  -0.0272111   0.0000000
 96.4023458  18.0591433 324.0953530   0.6671410  -0.1261052   0.7341800  -0.1443128   0.0000000
 96.4023458  18.1091454  52.3909620   0.6677185  -0.1261415   0.7336487  -0.1363686   0.0000000
 96.7182801  16.9570974 -38.3975373   0.6253133  -0.1206453   0.7709916   0.0698988   0.0000000
 96.4323396  18.2631518  21.3439117   0.6677468  -0.1260281   0.7336423   0.3182307   0.0000000
 96.2563761  19.4912029  34.0014887   0.6966397  -0.1288494   0.7057557   0.2754114   0.0000000
 96.3603545  18.9351798   7.9731118   0.6822661  -0.1274730   0.7199053   0.3366057   0.0000000
 96.7562722  16.8410926 -37.9841899   0.6202168  -0.1199197   0.7752099  -0.3399667   0.0000000
 96.2403795  19.4452010  47.4166039   0.6970991  -0.1289473   0.7052839   0.2741531   0.0000000
 97.1081991  18.3671561 840.1128989   0.6169771  -0.1185590   0.7779994   0.0541249   0.0000000
 96.6662909  17.0651019 -40.0298541   0.6313591  -0.1215121   0.7659116   0.0765857   0.0000000
 96.6882864  17.5951240 -36.3620277   0.6381383  -0.1222036   0.7601617   0.0869538   0.0000000
 96.2063865  18.4451594 163.7964912   0.6862694  -0.1284119   0.7159223   0.2084150   0.0000000
 96.2363803  19.2191916  53.3144513   0.6944330  -0.1288098   0.7079343  -0.2824033   0.0000000
 96.2043869  18.8991783  83.4845320   0.6923969  -0.1288267   0.7099227  -0.0709660   0.0000000
 96.5123229  17.7911321 -10.0245126   0.6548495  -0.1245375   0.7454277   0.0177759   0.0000000
 96.1883903  19.3151956  79.1422498   0.6988400  -0.1292795   0.7034981  -0.2973250   0.0000000
 96.3343599  19.5952072  67.5745050   0.6928580  -0.1282881   0.7095702   0.1326215   0.0000000
 96.4743308  17.0231002 -39.1560358   0.6459685  -0.1237592   0.7532651  -0.0046878   0.0000000
 96.3523562  19.2691937  14.0959244   0.6873194  -0.1278577   0.7150136   0.2136827   0.0000000
 96.5443163  17.9291379 -13.1401141   0.6545101  -0.1243906   0.7457502   0.0431755   0.0000000
 96.2583757  18.2191499 109.0445184   0.6795644  -0.1276938   0.7224171   0.0238841   0.0000000
 96.1643953  19.3991991 105.6786886   0.7014749  -0.1295315   0.7008242  -0.2990971   0.0000000
 96.2123853  19.9432217  75.7861587   0.7051938  -0.1294883   0.6970900   0.2040005   0.0000000
 96.4203421  16.9290963 -41.7752059   0.6486931  -0.1242330   0.7508419  -0.0550692   0.0000000
 96.5143225  18.2951531 -14.4910732   0.6621921  -0.1252242   0.7387967   0.1304380   0.0000000
 96.2963678  17.5011201 -25.5961000   0.6665932  -0.1264418   0.7346196  -0.1195058   0.0000000
 96.5443163  17.6731272 -27.5260512   0.6506125  -0.1240019   0.7492175   0.0827421   0.0000000
 96.5763096  20.9472635 1641.1200936   0.6952547  -0.1274780   0.7073685  -0.0276103   0.0000000
 96.5103234  19.0151831  22.8979213   0.6728775  -0.1261575   0.7289171   0.0815942   0.0000000
 96.5203213  17.2651102 -39.1658684   0.6461612  -0.1236232   0.7531222  -0.0226154   0.0000000
 97.8580432  18.7511721 482.9410359   0.5560075  -0.1087437   0.8240330  -0.2030696   0.0000000
 96.0684152  17.2871112  32.6095001   0.6798823  -0.1284944   0.7219759  -0.1398023   0.0000000
 98.3859335  20.2792357 741.1488485   0.5350620  -0.1048185   0.8382850   0.0504927   0.0000000
 96.3963470  17.0130997 -37.3957754   0.6518200  -0.1246417   0.7480608   0.0420271   0.0000000
 96.6402963  16.8950948 -40.5983988   0.6306836  -0.1215147   0.7664675   0.0001246   0.0000000
 96.2943682  16.8370924 -38.1710454   0.6569127  -0.1255245   0.7434443  -0.0470788   0.0000000
 96.0704148  19.0651852 161.5357378   0.7033348  -0.1300653   0.6988585  -0.0730954   0.0000000
 96.4243412  17.1151040 -39.6177177   0.6512401  -0.1244835   0.7485921  -0.0831558   0.0000000
 96.3763512  17.7191291  44.4023822   0.6639497  -0.1259013   0.7371022  -0.0219310   0.0000000
 98.1579809  22.2413174 927.9516006   0.5943780  -0.1132618   0.7961699   0.0253314   0.0000000
 96.5303192  17.2451094 -40.0540576   0.6450564  -0.1234715   0.7540935   0.0195950   0.0000000
 96.5243204  18.3971574 -12.4833849   0.6629660  -0.1252581   0.7380965   0.0596644   0.0000000
 96.2603753  20.2512345 146.8671022   0.7060124  -0.1293065   0.6962947   0.1354712   0.0000000
 96.3363595  19.1951906  13.7079225   0.6874117  -0.1279312   0.7149117   0.3022921   0.0000000
 96.5503150  18.1571474  -9.6178799   0.6574849  -0.1246562   0.7430844   0.0894926   0.0000000
 96.8342560  17.9551390 -32.8145124   0.6322443  -0.1210913   0.7652476  -0.0059315   0.0000000
 98.0600012  23.0493510 770.3391891   0.6164820  -0.1159845   0.7787795   0.0926731   0.0000000
 96.3103649  18.3451552 175.3371353   0.6776974  -0.1273402   0.7242312  -0.1103836   0.0000000
 96.2443786  18.4351589 130.0131551   0.6834959  -0.1280491   0.7186354   0.2074808   0.0000000
 96.1164052  19.4191999 157.7068830   0.7048231  -0.1299248   0.6973836  -0.0549999   0.0000000
 96.5163221  17.0831027 -26.8301346   0.6436232  -0.1233660   0.7553344   0.0413785   0.0000000
 96.1843911  18.4911613 175.4182560   0.6883841  -0.1286537   0.7138456  -0.0592977   0.0000000
 96.4203421  18.2411509 218.5235874   0.6684121  -0.1261428   0.7330165   0.0939236   0.0000000
 96.2843703  19.0451843  43.6780522   0.6889334  -0.1282544   0.7133874   0.1008767   0.0000000
 96.2883695  20.0272252 192.1672178   0.7014675  -0.1289713   0.7009349   0.1111161   0.0000000
 96.4843288  17.1831068 -39.9871706   0.6476623  -0.1239034   0.7517855   0.0063998   0.0000000
 96.4103441  17.6951281  72.9055137   0.6611007  -0.1255115   0.7397248   0.1184021   0.0000000
 98.0600012  22.4453259 866.3102242   0.6063218  -0.1148750   0.7868784   0.0012693   0.0000000
 96.5503150  18.1711479 -10.4620366   0.6576855  -0.1246748   0.7429038   0.1261270   0.0000000
 96.3183633  17.7311296  32.5921301   0.6683618  -0.1265195   0.7329975  -0.1696073   0.0000000
 96.3863491  17.2791108  -7.1334974   0.6566415  -0.1251650   0.7437443   0.0987313   0.0000000
 96.3243620  18.7811733  41.4219474   0.6826675  -0.1276526   0.7194928   0.1488300   0.0000000
 96.6762889  17.0651019 -35.5437362   0.6305469  -0.1213874   0.7666001   0.0360936   0.0000000
 98.9618138  21.9393048 1302.6020949   0.5117416  -0.1005861   0.8532309  -0.0734096   0.0000000
 96.2443786  19.9792232  75.1576489   0.7036123  -0.1292673   0.6987272   0.1608048   0.0000000
 97.3781430  17.6311255 228.3338293   0.5796657  -0.1130478   0.8069745   0.2053973   0.0000000
 96.1463990  18.7611725 183.5875794   0.6944938  -0.1292193   0.7078000   0.1038215   0.0000000
 96.7362764  16.7050869 -51.3160458   0.6195858  -0.1199005   0.7757173   0.0449977   0.0000000
 96.1623957  19.0571848 111.5658999   0.6972427  -0.1293082   0.7050759  -0.1978508   0.0000000
 96.2983674  20.0772273 118.5609942   0.7014092  -0.1289174   0.7010031   0.0898709   0.0000000
 96.3883487  17.9611392 178.3616386   0.6666566  -0.1261073   0.7346196  -0.1763559   0.0000000
 96.5383175  17.2871112 -37.4964867   0.6450813  -0.1234470   0.7540762   0.0828891   0.0000000
 96.6582926  17.1651061 -37.0231652   0.6336334  -0.1217972   0.7639857  -0.0535610   0.0000000
 96.2043869  18.6851693 144.9485387   0.6896031  -0.1286488   0.7126690   0.0185498   0.0000000
 96.3723520  18.0331422 168.6635572   0.6688660  -0.1263632   0.7325644   0.0621891   0.0000000
 96.1923894  18.7091703 174.0682257   0.6907415  -0.1287778   0.7115423  -0.0034575   0.0000000
 96.3063658  19.8252168 114.0273656   0.6976988  -0.1286903   0.7047377   0.1549324   0.0000000
 96.3983466  18.5771648  10.7819023   0.6746427  -0.1267365   0.7271830   0.2607315   0.0000000
 96.3303608  19.2231917  15.5399171   0.6881922  -0.1280085   0.7141466   0.3020458   0.0000000
 96.6702901  17.3331131 -35.9736213   0.6353945  -0.1219582   0.7624959   0.0559990   0.0000000
 96.4083446  17.8191333  77.0005943   0.6630720  -0.1257024   0.7379258  -0.1194786   0.0000000
 96.6982843  17.7231293 -34.7144968   0.6393805  -0.1223066   0.7591006   0.0017926   0.0000000
 96.4963263  17.5351215 -20.9695922   0.6521742  -0.1243273   0.7478045  -0.1442947   0.0000000
 96.1304023  18.9351798 105.0917659   0.6977519  -0.1294802   0.7045404   0.0298734   0.0000000
 96.1683944  19.6172081  47.6368355   0.7039365  -0.1296332   0.6983328  -0.3665328   0.0000000
 96.4883279  17.5451219 -10.8324355   0.6529372  -0.1244324   0.7471209  -0.1072743   0.0000000
 96.3483570  17.0251002 -39.1989265   0.6556607  -0.1252030   0.7446027  -0.0239298   0.0000000
 96.1883903  19.8392174  63.6784586   0.7054209  -0.1296099   0.6968375   0.4395344   0.0000000
 96.6942851  16.9090954 -39.4427486   0.6264971  -0.1208583   0.7699965  -0.0230706   0.0000000
 96.5683113  16.7350882 -42.4137315   0.6339263  -0.1221160   0.7636918   0.0104865   0.0000000
 96.4123437  16.7650894 -38.5149308   0.6467648  -0.1240559   0.7525327  -0.0025718   0.0000000
 96.5603130  17.8711355 -12.6751833   0.6524089  -0.1241268   0.7476330   0.0779138   0.0000000
 96.5783092  17.2591100 -35.3824297   0.6415018  -0.1229288   0.7572079   0.1553040   0.0000000
 96.2023874  18.3831568 192.9605390   0.6857135  -0.1283905   0.7164586   0.0590417   0.0000000
 96.4363387  16.5110789 -39.3294306   0.6408685  -0.1233304   0.7576788  -0.0050018   0.0000000
 96.4903275  17.4291171 -31.0117349   0.6510078  -0.1242296   0.7488363   0.1303455   0.0000000
 96.5663117  19.8352172 418.8282120   0.6805385  -0.1265358   0.7217036  -0.0299060   0.0000000
 96.3043662  18.2131497 308.0138376   0.6763511  -0.1272649   0.7255018  -0.0182351   0.0000000
 96.3363595  18.1711479 151.7525706   0.6734126  -0.1268890   0.7282957  -0.2280895   0.0000000
 97.6520860  22.0993115 1150.7116872   0.6340458  -0.1188887   0.7641017   0.0180093   0.0000000
 96.6123022  17.2311088 -35.5920209   0.6383719  -0.1224750   0.7599218   0.0157071   0.0000000
 96.2303815  17.7291296  35.4502578   0.6746563  -0.1274068   0.7270532  -0.0285402   0.0000000
 96.3703525  18.3611559 287.3574024   0.6737391  -0.1267894   0.7280110  -0.1477155   0.0000000
 96.6702901  17.7531306 -34.6177341   0.6420798  -0.1226886   0.7567570   0.0990479   0.0000000
 97.3061579  17.3871153  32.6737828   0.5816311  -0.1134746   0.8054991  -0.1415266   0.0000000
 96.4023458  17.3211126  -3.9470007   0.6560801  -0.1250526   0.7442586   0.0636483   0.0000000
 96.1244036  19.1251877 104.1372273   0.7005867  -0.1296674   0.7016870  -0.0202284   0.0000000
 96.3163637  18.3711563 115.4725599   0.6776109  -0.1273060   0.7243180  -0.1534016   0.0000000
 96.5063242  18.3451552 -15.0822486   0.6635119  -0.1253730   0.7375863   0.0579236   0.0000000
 96.3763512  19.1851902   8.5336575   0.6845497  -0.1275683   0.7177173   0.1638672   0.0000000
 96.3443579  19.5672061 145.2931854   0.6918610  -0.1281892   0.7105603   0.1442410   0.0000000
 96.3603545  18.7771732   1.7835294   0.6800907  -0.1273118   0.7219892   0.4114264   0.0000000
 96.4063450  18.9771815  -0.5544027   0.6796408  -0.1270913   0.7224516   0.2851556   0.0000000
 96.5323188  17.0130997 -39.3760747   0.6412511  -0.1230542   0.7574000   0.1328526   0.0000000
 96.4323396  18.0651435 170.6547022   0.6649483  -0.1257879   0.7362209   0.0201795   0.0000000
 96.9562307  20.6132496 897.1102680   0.6640849  -0.1238278   0.7373317  -0.0397212   0.0000000
 96.2263824  19.1831901  60.8394095   0.6946342  -0.1288666   0.7077264  -0.3329169   0.0000000
 98.3199472  19.5252043 918.7450245   0.5260139  -0.1035519   0.8441483  -0.0043502   0.0000000
 96.1923894  18.8171748 103.3476166   0.6921242  -0.1288627   0.7101820   0.0126715   0.0000000
 96.3863491  17.3971157 -14.7937593   0.6584098  -0.1253378   0.7421501  -0.2287593   0.0000000
 96.3823500  16.6450844 -37.7823136   0.6472263  -0.1242085   0.7521107   0.0489165   0.0000000
 96.3883487  18.2751523 298.0134303   0.6712418  -0.1265118   0.7303624  -0.3091940   0.0000000
 96.2823707  18.7171707 133.5893512   0.6847321  -0.1279813   0.7174697  -0.5341846   0.0000000
 96.5743101  17.5131206 -39.5744521   0.6458147  -0.1234032   0.7534554   0.6255876   0.0000000
 96.4383383  16.7990908 -38.8090038   0.6452771  -0.1238077   0.7538495  -0.0989919   0.0000000
 96.4743308  17.6311255  32.2800952   0.6553171  -0.1247201   0.7449862   0.0681553   0.0000000
 96.7142810  22.0933112 298.4468724   0.7001482  -0.1270093   0.7026103  -0.0050604   0.0000000
 96.3543558  19.1151872  12.3366620   0.6851143  -0.1276995   0.7171549   0.2505126   0.0000000
 96.5103234  18.1551473  -2.5777304   0.6604336  -0.1250780   0.7403938   0.0927301   0.0000000
 96.7442747  16.7210876 -52.6159529   0.6191827  -0.1198276   0.7760504   0.1862856   0.0000000
 96.2783716  19.3091953  29.9354171   0.6928210  -0.1285273   0.7095631   0.3951686   0.0000000
 96.4263408  17.7971324  34.3653965   0.6613981  -0.1254783   0.7394645  -0.0525540   0.0000000
 96.3483570  17.8951365  53.4658851   0.6685461  -0.1264207   0.7328464   0.0896770   0.0000000
 97.7820590  22.8053408 575.6433725   0.6346798  -0.1185490   0.7636279  -0.1457584   0.0000000
 96.2243828  20.0032242  80.5133480   0.7051819  -0.1294324   0.6971124   0.1531910   0.0000000
 96.5663117  17.5151206 -39.5994440   0.6464584  -0.1234975   0.7528877   0.4348078   0.0000000
 97.8940357  20.3392382 481.5682823   0.5831031  -0.1124005   0.8045849   0.0362496   0.0000000
 96.2303815  19.4892028  52.3869364   0.6983123  -0.1290593   0.7040622   0.2676216   0.0000000
 96.4043454  17.9771399 123.8994599   0.6657068  -0.1259598   0.7355057   0.0223045   0.0000000
 96.4843288  17.4651186 -26.7762528   0.6520109  -0.1243523   0.7479426   0.0350468   0.0000000
 96.0944098  19.5532055  71.5379033   0.7078260  -0.1301610   0.6942914  -0.2443360   0.0000000
 96.3003670  19.2531930  19.0136054   0.6906126  -0.1282938   0.7117549   0.3341120   0.0000000
 96.3743516  18.6871694  10.4901756   0.6778821  -0.1270881   0.7241026   0.4485490   0.0000000
 96.5843080  19.4792024 613.9925528   0.6744766  -0.1260298   0.7274599   0.1282183   0.0000000
 96.5303192  18.0491429   0.6806875   0.6573641  -0.1247166   0.7431811   0.0704421   0.0000000
 96.3323603  17.4891196 -21.2857461   0.6637778  -0.1260471   0.7372321   0.0432397   0.0000000
 96.4143433  17.2291087 -13.5359776   0.6537644  -0.1247775   0.7463394   0.1013773   0.0000000
 96.4403379  18.8691770  -3.6997773   0.6757565  -0.1266578   0.7261618   0.1885770   0.0000000
 96.6642914  21.7172956 1094.8442171   0.6990529  -0.1272397   0.7036584   0.0806604   0.0000000
 96.3663533  18.6811692  16.9602530   0.6783636  -0.1271577   0.7236392   0.4665810   0.0000000
 96.3463574  17.5991241  13.5327823   0.6643835  -0.1260525   0.7366853  -0.4224584   0.0000000
 96.3063658  19.3611975  19.8090317   0.6916243  -0.1283309   0.7107651   0.2423983   0.0000000
 96.2403795  19.4892028  41.3078312   0.6976574  -0.1289777   0.7047261   0.2681040   0.0000000
 96.3563554  18.9411800   9.8160967   0.6826168  -0.1275145   0.7195653   0.3154268   0.0000000
 96.3083653  19.8672185 121.4013065   0.6981017  -0.1287030   0.7043363   0.2147607   0.0000000
 96.4883279  17.8951365   9.9580716   0.6582201  -0.1249503   0.7423838   0.0497154   0.0000000
 97.1861829  19.7832150 1043.8702757   0.6340328  -0.1202574   0.7638983  -0.0129539   0.0000000
 96.9962224  19.3591974 1299.8619622   0.6424630  -0.1217314   0.7565862  -0.2252601   0.0000000
 96.6103026  16.9830985 -38.0030783   0.6345569  -0.1220543   0.7631778   0.0992086   0.0000000
 96.2643745  19.1251877  65.0067386   0.6913590  -0.1284994   0.7109927  -0.5792027   0.0000000
 96.3883487  18.9491803   8.0021093   0.6805280  -0.1272318   0.7215911   0.2705151   0.0000000
 98.9698121  22.2593181 734.6016142   0.5175617  -0.1014481   0.8496106  -0.1403821   0.0000000
 96.4623333  18.8091745  -5.3357569   0.6733564  -0.1263807   0.7284361   0.1571990   0.0000000
 96.2323811  18.6831693 162.9345275   0.6876844  -0.1283994   0.7145655  -0.2998247   0.0000000
 96.7202797  17.5331214 -37.0174272   0.6346040  -0.1217113   0.7631933   0.1248635   0.0000000
 96.6382968  17.4771191 -36.7556707   0.6402221  -0.1225929   0.7583447   0.0111531   0.0000000
 96.2543766  18.8091745  79.2860307   0.6878502  -0.1283132   0.7144213  -0.3051723   0.0000000
 96.2963678  19.9892236 153.3591143   0.7004411  -0.1288804   0.7019773   0.1095201   0.0000000
 97.6920777  18.0991450 162.8526336   0.5589435  -0.1094668   0.8219484   0.0531342   0.0000000
 96.7482739  18.3511554 -22.5728117   0.6453434  -0.1227721   0.7539622   0.0136753   0.0000000
 96.4063450  18.0551431 290.2090870   0.6667790  -0.1260566   0.7345172  -0.0629196   0.0000000
 96.3683529  19.0751856   8.1281993   0.6836192  -0.1275368   0.7186092   0.2668203   0.0000000
 96.4403379  18.4631601   0.4392771   0.6700246  -0.1261915   0.7315345   0.1013262   0.0000000
 96.4803296  17.2011076 -40.3591555   0.6482483  -0.1239784   0.7512680   0.0355073   0.0000000
 96.2503774  19.3671977  34.2768064   0.6954248  -0.1288057   0.7069607   0.3582959   0.0000000
 96.7822668  22.2653184 1017.7298025   0.6983194  -0.1266855   0.7044863  -0.0073647   0.0000000
 96.1184048  18.8311754 187.0975358   0.6972460  -0.1295103   0.7050356   0.1973734   0.0000000
 96.0944098  19.0031826 135.2252124   0.7009832  -0.1298274   0.7012612  -0.2706875   0.0000000
 96.3043662  20.0632267 319.7105852   0.7009627  -0.1288829   0.7014560   0.1017290   0.0000000
 96.3143641  17.9831401 121.1233673   0.6722935  -0.1268796   0.7293305  -0.0916067   0.0000000
 96.2163845  18.3251544 256.9566401   0.6839992  -0.1282108   0.7181274  -0.0764078   0.0000000
 96.1983882  18.5731647 135.0220301   0.6885118  -0.1286003   0.7137321   0.0183456   0.0000000
 96.4183425  19.1511887  15.3284637   0.6812056  -0.1271587   0.7209644   0.1596761   0.0000000
 96.3363595  20.1052285 918.8634807   0.6997424  -0.1287185   0.7027035   0.1889655   0.0000000
 96.2003878  18.2611517 107.5170894   0.6841488  -0.1282798   0.7179726   0.0562641   0.0000000
 96.3463574  18.9651810  11.2258778   0.6836363  -0.1276292   0.7185764   0.2373016   0.0000000
 97.0322149  19.6752106 1196.1113398   0.6445158  -0.1218155   0.7548247  -0.0161182   0.0000000
 96.1943890  18.3671561 184.1103428   0.6860437  -0.1284476   0.7161322   0.0242667   0.0000000
 96.6123022  17.9271378 -18.2885407   0.6492968  -0.1236345   0.7504187   0.1073360   0.0000000
 96.9022419  19.9512220 1271.4198984   0.6585789  -0.1235733   0.7422960  -0.0119957   0.0000000
 96.2543766  19.7012116  38.2220302   0.6994438  -0.1290108   0.7029471   0.2320072   0.0000000
 96.6642914  17.9511388 -19.2901114   0.6456510  -0.1230845   0.7536477   0.0878867   0.0000000
 96.1883903  19.6692103  44.9345702   0.7032926  -0.1295079   0.6990044   0.2136628   0.0000000
 96.4703317  19.1391882  79.2498152   0.6774656  -0.1266759   0.7245645   0.2527456   0.0000000
 96.3683529  19.3311962  31.8797180   0.6870713  -0.1277747   0.7152669   0.1268153   0.0000000
 96.1663948  19.8612183 148.0701061   0.7071312  -0.1297958   0.6950673   0.4181411   0.0000000
 96.4263408  18.1211459 174.9827826   0.6662128  -0.1259243   0.7350535  -0.1415558   0.0000000
 96.3643537  17.8011325  47.3368010   0.6660241  -0.1261353   0.7351882  -0.0647959   0.0000000
 96.5943059  17.3371132 -38.0233667   0.6414930  -0.1228759   0.7572240   0.0953389   0.0000000
 98.1539817  22.2993198 1444.4720335   0.5960424  -0.1134892   0.7948923   0.0216573   0.0000000
 96.2483778  20.0772273  86.9778637   0.7045908  -0.1292954   0.6977352   0.1172288   0.0000000
 96.2443786  19.5772065  30.5252568   0.6985158  -0.1290061   0.7038702   0.2907334   0.0000000
 96.1783924  17.7011284  20.1401069   0.6779187  -0.1278833   0.7239283  -0.1503794   0.0000000
 96.1583965  18.7551723 173.8803931   0.6936087  -0.1291101   0.7086872   0.2054791   0.0000000
 96.3683529  17.0251002 -38.0414957   0.6541421  -0.1249781   0.7459749  -0.0476781   0.0000000
 96.2683736  18.5931655 141.3934519   0.6840058  -0.1279874   0.7181610  -0.1202188   0.0000000
 97.9240295  17.7691312 687.4257224   0.5292944  -0.1046277   0.8419623   0.1601581   0.0000000
 96.1224040  18.7131705 182.4342837   0.6954636  -0.1293859   0.7068166   0.0428064   0.0000000
 96.5403171  17.0931031 -40.9596125   0.6418815  -0.1230963   0.7568590   0.0176216   0.0000000
 96.3663533  19.1311879   9.3604793   0.6845003  -0.1276062   0.7177576   0.2127039   0.0000000
 96.2543766  18.3531555 148.2637663   0.6817054  -0.1278763   0.7203648  -0.0319511   0.0000000
 96.3103649  18.0011409 100.0102477   0.6728388  -0.1269411   0.7288168  -0.0052419   0.0000000
 96.2443786  20.2572348 140.4141075   0.7070877  -0.1294263   0.6951804   0.1520019   0.0000000
 96.2303815  18.8911779  44.2725660   0.6905277  -0.1285912   0.7117835  -0.1374479   0.0000000
 96.4523354  17.8511346  53.2922367   0.6602775  -0.1252785   0.7404991   0.0457494   0.0000000
 96.2663741  18.5731647  91.7716224   0.6838604  -0.1279831   0.7183002  -0.2092747   0.0000000
 96.6542934  16.9490971 -38.1093594   0.6304231  -0.1214407   0.7666935   0.0773477   0.0000000
 96.6582926  17.5131206 -39.6008460   0.6392186  -0.1224188   0.7592188  -0.0565362   0.0000000
 96.2503774  18.9131788  45.9585945   0.6894807  -0.1284370   0.7128257  -0.4648037   0.0000000
 96.3383591  19.2171915  13.9175024   0.6875625  -0.1279324   0.7147665   0.2935968   0.0000000
 96.2723728  17.6071245 -12.3164985   0.6698730  -0.1268279   0.7315633  -0.1161205   0.0000000
 96.3683529  17.4571182 -25.9428098   0.6606387  -0.1256174   0.7401194   0.0033170   0.0000000
 96.2423791  18.4811609 150.3912997   0.6842860  -0.1281173   0.7178709   0.0154946   0.0000000
 96.1404002  19.0531847 158.4475013   0.6986579  -0.1294915   0.7036399  -0.1617873   0.0000000
 96.2723728  17.8591350  46.8982920   0.6734970  -0.1271426   0.7281734  -0.3993314   0.0000000
 96.3863491  18.7271711  -1.0226119   0.6775926  -0.1270170   0.7243859   0.4240545   0.0000000
 96.3383591  18.0151415  90.8054974   0.6710251  -0.1266770   0.7305329   0.1378509   0.0000000
 96.2023874  19.1691895  62.9523995   0.6960404  -0.1290565   0.7063088  -0.2690187   0.0000000
 96.3243620  19.8072160 252.8460069   0.6963560  -0.1285455   0.7060909   0.1387675   0.0000000
 95.6824954  17.1151040 -44.3509851   0.7035122  -0.1318787   0.6983399   0.0661683   0.0000000
 96.2343807  20.2152330 126.3033655   0.7072077  -0.1294784   0.6950486   0.1772445   0.0000000
 97.5521068  17.9811400 385.9037435   0.5701560  -0.1113532   0.8139549   0.1533802   0.0000000
 96.3483570  18.5791649 338.2242180   0.6783894  -0.1272517   0.7235985  -0.1023605   0.0000000
 96.1224040  17.1751065 -28.9372427   0.6744633  -0.1278182   0.7271601  -0.1083417   0.0000000
 96.6043038  17.7991325 -27.5106813   0.6479275  -0.1235214   0.7516199   0.0534287   0.0000000
 97.5940981  16.9470970 -33.2207756   0.5452559  -0.1076077   0.8313342  -0.1403086   0.0000000
 96.2883695  18.4611600 160.2614821   0.6808281  -0.1276704   0.7212304  -0.0618315   0.0000000
 96.1044077  19.1931905  87.8772001   0.7027214  -0.1298706   0.6995114  -0.0692997   0.0000000
 96.5123229  17.8171332 -11.0164801   0.6552302  -0.1245741   0.7450871  -0.0035263   0.0000000
 96.1843911  19.6132080  52.7281739   0.7028588  -0.1295063   0.6994410  -0.0902960   0.0000000
 96.1503982  18.6371673 167.7291669   0.6925855  -0.1290795   0.7096928   0.1574292   0.0000000
 96.2683736  19.7072119  36.6841128   0.6986126  -0.1289037   0.7037928   0.1942511   0.0000000
 95.5665195  16.0230585 -47.2183102   0.6969796  -0.1319887   0.7048393  -0.0147209   0.0000000
 96.5763096  18.5091620 -16.4183111   0.6607771  -0.1248689   0.7401225   0.0497588   0.0000000
 96.4623333  17.1351048 -26.8595872   0.6486301  -0.1240812   0.7509214  -0.1977476   0.0000000
 96.1803919  19.7272127  54.4992495   0.7045332  -0.1296053   0.6977359   0.1148162   0.0000000
 96.2643745  19.8652185  98.7845255   0.7009237  -0.1290471   0.7014647   0.2322799   0.0000000
 98.5898911  22.8073409 747.6125857   0.5654810  -0.1087633   0.8175584   0.1471741   0.0000000
 96.2943682  17.7551306  37.4060989   0.6704431  -0.1267952   0.7310466  -0.0159155   0.0000000
 96.3043662  20.2532346 168.1997636   0.7032576  -0.1289814   0.6991370   0.1157762   0.0000000
 96.5003254  16.8330923 -40.0229604   0.6409166  -0.1231230   0.7576718  -0.0393587   0.0000000
 96.5003254  17.5591225   2.1171891   0.6522477  -0.1243218   0.7477412  -0.0034297   0.0000000
 96.1463990  19.0431842 117.7992857   0.6980891  -0.1294273   0.7042159  -0.1568232   0.0000000
 97.0242165  18.1331464 589.5443287   0.6199181  -0.1191344   0.7755699   0.0484423   0.0000000
 96.2783716  17.7631310  47.2971974   0.6717013  -0.1269663   0.7298609  -0.1531052   0.0000000
 96.4003462  17.3471137  -5.0037130   0.6566182  -0.1251127   0.7437736  -0.0659295   0.0000000
 96.3323603  17.2711105 -18.7845775   0.6605735  -0.1257452   0.7401560  -0.0219860   0.0000000
 96.2723728  19.3391966  20.1501158   0.6936117  -0.1286012   0.7087768   0.3686463   0.0000000
 96.5763096  20.9532638 1401.2316624   0.6952065  -0.1274595   0.7074193  -0.0631025   0.0000000
 96.3503566  17.6971282  22.9705500   0.6655321  -0.1261432   0.7356323   0.0123164   0.0000000
 96.5103234  17.9871403  -1.2037484   0.6579340  -0.1248427   0.7426555   0.1007871   0.0000000
 96.3383591  18.3111538 135.2343520   0.6752378  -0.1270301   0.7265792  -0.1222104   0.0000000
 96.2583757  18.6591683 224.0592035   0.6856323  -0.1281508   0.7165791  -0.0763336   0.0000000
 96.2403795  20.2652351 135.2095460   0.7074491  -0.1294610   0.6948062   0.1561918   0.0000000
 96.4223416  18.0191416  81.7143279   0.6649866  -0.1258255   0.7361799  -0.1837886   0.0000000
 96.3803504  19.2731938  18.6632942   0.6854637  -0.1276148   0.7168361   0.1647218   0.0000000
 96.3423583  18.1511471 132.3709271   0.6726893  -0.1268041   0.7289786   0.0814330   0.0000000
 96.1443994  19.8352172 124.9616405   0.7081877  -0.1299442   0.6939630   0.5289688   0.0000000
 96.2703732  19.1951906  28.1258919   0.6918474  -0.1285011   0.7105172   0.3865443   0.0000000
 97.4681243  22.7613390 428.0702720   0.6576679  -0.1215130   0.7434430  -0.0023743   0.0000000
 96.4483362  16.7310880 -38.6515125   0.6434090  -0.1235705   0.7554834   0.0078097   0.0000000
 96.4163429  16.7110872 -41.8606995   0.6456116  -0.1239184   0.7535449   0.0118952   0.0000000
 96.3423583  17.4311171  -5.4271249   0.6622032  -0.1258635   0.7386782   0.1129022   0.0000000
 96.5803088  18.5691645 -15.4942351   0.6613664  -0.1249081   0.7395894   0.0966061   0.0000000
 96.0844119  19.1811900  88.9708378   0.7038665  -0.1300229   0.6983309  -0.0286556   0.0000000
 96.5003254  18.3651560 -12.6250701   0.6642553  -0.1254627   0.7369016   0.0413845   0.0000000
 96.4003462  17.8291337  68.6476735   0.6638106  -0.1258001   0.7372447  -0.1208414   0.0000000
 96.1104065  18.5211625 291.1082946   0.6938024  -0.1293418   0.7084554   0.0698127   0.0000000
 96.3563554  18.4491595 454.7880908   0.6760700  -0.1270434   0.7258025   0.0062167   0.0000000
 96.5323188  18.2871528 -20.1636063   0.6607430  -0.1250253   0.7401266   0.1132345   0.0000000
 96.3043662  17.7651311  18.5629707   0.6698542  -0.1267040   0.7316020   0.1191743   0.0000000
 96.3423583  17.0871028 -35.7637481   0.6570439  -0.1253625   0.7433556   0.0681526   0.0000000
 96.3083653  18.7891737  56.6039146   0.6838776  -0.1278066   0.7183153  -0.2571580   0.0000000
 98.1679788  20.3452384 858.1513825   0.5578794  -0.1084696   0.8228031  -0.2972665   0.0000000
 96.1364011  18.7551723 191.9053773   0.6950874  -0.1293009   0.7072020   0.0609491   0.0000000
 96.2243828  18.1251460  99.1726498   0.6806301  -0.1279151   0.7213739  -0.1250475   0.0000000
 96.2283820  18.3231543 158.3025621   0.6830888  -0.1280876   0.7190155  -0.2439548   0.0000000
 96.3483570  18.6131663 224.9218006   0.6787934  -0.1272757   0.7232154   0.2418708   0.0000000
 96.1463990  19.4412008 135.1585221   0.7031723  -0.1297027   0.6990894  -0.3188235   0.0000000
 96.1923894  19.3511971  88.1788866   0.6990364  -0.1292722   0.7033043  -0.3521656   0.0000000
 96.5683113  16.7370883 -40.6694834   0.6339540  -0.1221190   0.7636683   0.0102929   0.0000000
 96.2943682  18.3091537 112.6669746   0.6782907  -0.1274482   0.7236564  -0.1919118   0.0000000
 96.1683944  19.7212125  58.1799943   0.7052207  -0.1296935   0.6970246  -0.3721811   0.0000000
 96.2483778  18.6291670 171.2705201   0.6858766  -0.1282065   0.7163354  -0.1455900   0.0000000
 98.3599389  20.9852651 595.5630432   0.5519310  -0.1073006   0.8269575  -0.0781703   0.0000000
 96.4603337  17.3911155 -27.8114415   0.6527098  -0.1245071   0.7473071   0.0630080   0.0000000
 97.0822045  20.0832275 916.0317381   0.6467985  -0.1218622   0.7528621   0.0306968   0.0000000
 96.2243828  19.9012200  62.0265469   0.7039092  -0.1293729   0.6984086   0.2192440   0.0000000
 96.4463367  16.5610809 -39.8132499   0.6408729  -0.1232976   0.7576805   0.0394005   0.0000000
 96.2763720  19.3231959  25.6330028   0.6931411  -0.1285556   0.7092453   0.3808347   0.0000000
 96.6282988  17.3791150 -35.4514115   0.6394558  -0.1225420   0.7589992   0.0153235   0.0000000
 96.7122814  16.7690896 -37.9823527   0.6226614  -0.1203454   0.7731816   0.0271699   0.0000000
 96.1863907  19.4572015 126.9413274   0.7008048  -0.1293976   0.7015190  -0.3292996   0.0000000
 97.8400470  19.5672061 1129.3920573   0.5739403  -0.1113139   0.8112964  -0.2284724   0.0000000
 96.5483155  17.1331047 -41.2688102   0.6418892  -0.1230708   0.7568566   0.1972572   0.0000000
 96.5283196  17.3091121 -35.6946143   0.6462230  -0.1236026   0.7530724   0.0758936   0.0000000
 97.3021588  19.8632184 735.9003102   0.6258224  -0.1190207   0.7708310  -0.0032552   0.0000000
 96.4523354  17.9651394  67.9511888   0.6619686  -0.1254370   0.7389609  -0.0691551   0.0000000
 96.2763720  17.9571390 135.8487376   0.6746515  -0.1272285   0.7270889  -0.0703560   0.0000000
 96.5263200  17.8111330 -18.7559669   0.6540882  -0.1244126   0.7461166   0.0294239   0.0000000
 96.6003047  17.6671270 -35.2254594   0.6461972  -0.1233559   0.7531351   0.0983734   0.0000000
 96.2483778  19.5392049  41.1593930   0.6977701  -0.1289478   0.7046200   0.3303043   0.0000000
 96.6402963  16.9490971 -41.3105676   0.6315593  -0.1216156   0.7657300   0.0934820   0.0000000
 96.1423998  18.7491720 195.0154485   0.6946162  -0.1292457   0.7076750   0.2310038   0.0000000
 96.2823707  18.6111663 191.2386447   0.6833189  -0.1278825   0.7188333   0.0865691   0.0000000
 96.5083238  18.6411675 -15.5921214   0.6676675  -0.1257308   0.7337655   0.1574882   0.0000000
 97.1641874  22.4913278 490.8024941   0.6755306  -0.1238744   0.7268518   0.1082422   0.0000000
 96.4043454  18.6871694   0.9435441   0.6757597  -0.1268014   0.7261337   0.3209910   0.0000000
 96.4423375  18.9831817  -0.3568470   0.6772155  -0.1267636   0.7247828   0.1742649   0.0000000
 96.5623126  18.0031410 -11.1598124   0.6542575  -0.1243020   0.7459867   0.0945159   0.0000000
 96.3363595  17.2631102 -29.9796288   0.6601291  -0.1256861   0.7405624  -0.0411489   0.0000000
 96.3343599  18.2671519 118.2517793   0.6748904  -0.1270165   0.7269042   0.0726873   0.0000000
 96.4103441  17.1231043 -36.1232859   0.6524392  -0.1246560   0.7475185  -0.0181738   0.0000000
 96.0784131  19.0511846 150.9501747   0.7026344  -0.1299902   0.6995766  -0.1827435   0.0000000
 96.1683944  19.8212166 108.0976724   0.7064912  -0.1297554   0.6957253   0.5256547   0.0000000
 96.6083030  16.8630935 -37.9388865   0.6327705  -0.1218565   0.7646911   0.0059424   0.0000000
 96.2483778  20.1412300 102.5114804   0.7053948  -0.1293327   0.6969155   0.1816551   0.0000000
 96.2383799  19.8132163  48.8950791   0.7019079  -0.1292110   0.7004497   0.1510965   0.0000000
 96.3643537  16.6190833 -41.3206150   0.6482055  -0.1243748   0.7512394   0.0081747   0.0000000
 96.5223209  18.2711521 -13.2579130   0.6612662  -0.1251111   0.7396446   0.1151988   0.0000000
 96.3423583  19.2291920  14.3942581   0.6874702  -0.1279104   0.7148592   0.2687627   0.0000000
 96.2863699  19.8892195  98.1271259   0.6997934  -0.1288889   0.7026213   0.1277664   0.0000000
 96.4363387  18.2231501  27.3326238   0.6668797  -0.1259373   0.7344462   0.0719561   0.0000000
 96.1643953  19.0971865 156.4751486   0.6976553  -0.1293264   0.7046642  -0.2478678   0.0000000
 96.2103857  18.5231626 149.6664641   0.6870427  -0.1284488   0.7151736  -0.0502393   0.0000000
 96.4723313  18.5471636  -8.6619651   0.6689239  -0.1259754   0.7325783   0.0941593   0.0000000
 96.2423791  18.9251793  53.9489706   0.6901764  -0.1285170   0.7121375  -0.4080069   0.0000000
 96.2803712  19.9592224 296.2326752   0.7011741  -0.1290002   0.7012231   0.1264629   0.0000000
 98.0000137  18.6511679 903.4984392   0.5401950  -0.1061805   0.8348144   0.0608026   0.0000000
 96.4583342  18.3971574  -2.6612421   0.6677830  -0.1259312   0.7336261   0.0626710   0.0000000
 96.3823500  19.8052160 302.6413025   0.6925377  -0.1280763   0.7099212   0.1037035   0.0000000
 96.4143433  17.3051119 -13.8940488   0.6549241  -0.1248942   0.7453025   0.1075778   0.0000000
 97.9080328  22.6613348 638.4665284   0.6223867  -0.1169858   0.7739180  -0.0215638   0.0000000
 96.9422336  20.0272252 839.8298530   0.6565096  -0.1232282   0.7441840  -0.0333493   0.0000000
 96.6322980  17.5091204 -36.5341542   0.6412190  -0.1227212   0.7574812   0.2332179   0.0000000
 96.5183217  17.8791358  -5.4732839   0.6557313  -0.1246027   0.7446412   0.0702199   0.0000000
 96.1264032  19.4031992 223.5306102   0.7040117  -0.1298426   0.6982180  -0.0716239   0.0000000
 97.7180723  18.8931780 786.6802280   0.5723425  -0.1113331   0.8124217   0.0997402   0.0000000
 96.1344015  18.6751689 140.8653536   0.6941442  -0.1292477   0.7081376   0.0302668   0.0000000
 96.2503774  18.2031493  65.0177381   0.6798706  -0.1277474   0.7221195   0.0662290   0.0000000
 96.2063865  18.5311629 168.9093159   0.6874208  -0.1284925   0.7148023  -0.1029598   0.0000000
 96.3223624  19.1591891  17.8681488   0.6878799  -0.1280219   0.7144450   0.3410158   0.0000000
 96.5043246  17.0090996 -37.9740342   0.6433933  -0.1233809   0.7555277  -0.0463477   0.0000000
 96.6502943  16.9350965 -38.0023839   0.6305203  -0.1214645   0.7666097   0.0828119   0.0000000
 96.2263824  19.4752022  49.0626725   0.6983987  -0.1290822   0.7039723   0.2691604   0.0000000
 96.2743724  18.5291629 113.3184661   0.6827077  -0.1278660   0.7194168  -0.1261861   0.0000000
 96.2443786  19.3411967  47.7690177   0.6954921  -0.1288372   0.7068887   0.3564599   0.0000000
 96.4123437  18.5071619   5.5521869   0.6726657  -0.1265208   0.7290496   0.2152138   0.0000000
 96.3863491  17.2491096 -10.2174938   0.6561810  -0.1251191   0.7441583  -0.0932165   0.0000000
 96.2103857  19.9592224  79.3494060   0.7055258  -0.1295133   0.6967493   0.1782542   0.0000000
 96.2983674  18.6631684 190.8294396   0.6829173  -0.1277865   0.7192320   0.1119046   0.0000000
 96.1803919  19.3691978 119.9373486   0.7000664  -0.1293850   0.7022582  -0.3239956   0.0000000
 96.2083861  19.6052076  46.9498903   0.7012151  -0.1293130   0.7011244   0.3456397   0.0000000
 96.3163637  17.6351256 -13.3555829   0.6670777  -0.1264095   0.7341852  -0.1247342   0.0000000
 96.4143433  17.9251377  84.7258941   0.6642010  -0.1257845   0.7368957  -0.0799821   0.0000000
 96.5723105  17.8671353 -17.7183589   0.6514420  -0.1239887   0.7484986   0.0867375   0.0000000
 96.3783508  17.7131289  37.6378305   0.6637161  -0.1258722   0.7373176   0.0656919   0.0000000
 96.6223001  17.8051327 -32.0528559   0.6466283  -0.1233263   0.7527698   0.0966100   0.0000000
 96.6262993  16.9090954 -36.3669153   0.6320533  -0.1217170   0.7653062   0.0887627   0.0000000
 96.3283612  18.3171540 154.1653526   0.6760203  -0.1271330   0.7258331  -0.2733569   0.0000000
 96.4643329  17.5691229   8.5351647   0.6551300  -0.1247364   0.7451480   0.1009025   0.0000000
 96.2163845  19.8952197  63.5211131   0.7043482  -0.1294308   0.6979551   0.3036723   0.0000000
 96.6342976  17.2591100 -34.5774461   0.6370844  -0.1222618   0.7610358  -0.0328873   0.0000000
 96.3203628  18.6631684 254.5339362   0.6814432  -0.1275915   0.7206633  -0.1949125   0.0000000
 97.9420258  22.9533470 1062.5304945   0.6246306  -0.1171447   0.7720840  -0.0149358   0.0000000
 96.1304023  18.8991783 120.3951790   0.6973159  -0.1294571   0.7049762  -0.0623057   0.0000000
 96.5343184  17.5511221 -26.2814495   0.6495019  -0.1239231   0.7501935  -0.0418093   0.0000000
 96.2243828  17.8211334  54.0172030   0.6763813  -0.1275745   0.7254192  -0.1728828   0.0000000
 97.0882032  18.6611683 1407.7198234   0.6238824  -0.1194459   0.7723364  -0.0401653   0.0000000
 96.3823500  20.1292295 491.9706703   0.6968442  -0.1283333   0.7056478   0.2088962   0.0000000
 96.4863283  18.1251460   9.2928169   0.6617883  -0.1252924   0.7391468   0.0608388   0.0000000
 96.5083238  17.6191250 -10.6271236   0.6525491  -0.1243235   0.7474780   0.0120775   0.0000000
 96.4963263  17.9411384  -9.2575811   0.6583049  -0.1249289   0.7423123   0.0947842   0.0000000
 96.2323811  19.7132121  42.3068862   0.7010339  -0.1291942   0.7013276   0.2893767   0.0000000
 96.3243620  17.9411384 117.0086922   0.6709883  -0.1267299   0.7305574   0.0094768   0.0000000
 96.1384007  19.3771981 201.9318436   0.7029128  -0.1297309   0.6993450  -0.2117817   0.0000000
