***_llt_enu_de
# lon lat elevation(km) e n u displacement(m) error
# Data from ASF (Sentinel-1), processed at USTC by Xin Wang and Xiaohua Xu, April 18, 2025
# Contact: xinw11@mail.ustc.edu.cn, xiaohua-xu@ustc.edu.cn

 96.5103234  16.9530972 -38.9144718  -0.1885000  -0.9821000   0.0000000   0.3698159   0.0000000
 96.1603961  19.4292003 117.5580035  -0.1815000  -0.9834000   0.0000000  -1.4659743   0.0000000
 96.4703317  18.4751606  -1.9491734  -0.1852000  -0.9827000   0.0000000   0.1208930   0.0000000
 96.4303400  16.9850986 -36.4966310  -0.1880000  -0.9822000   0.0000000   0.1053482   0.0000000
 96.4163429  18.3591558   5.1982345  -0.1852000  -0.9827000   0.0000000  -0.2633244   0.0000000
 96.3843495  19.1571890  11.3313263  -0.1833000  -0.9831000   0.0000000   0.5254055   0.0000000
 96.4183425  16.8450928 -39.4915003  -0.1882000  -0.9821000   0.0000000  -0.0945877   0.0000000
 96.3623541  17.8031326  46.7645552  -0.1861000  -0.9825000   0.0000000  -0.9446038   0.0000000
 96.5903067  17.0671020 -39.1848554  -0.1886000  -0.9820000   0.0000000   0.1259816   0.0000000
 96.5083238  16.8070912 -40.9209846  -0.1887000  -0.9820000   0.0000000   0.5801589   0.0000000
 98.4939111  21.9733062 746.9898678  -0.1898000  -0.9818000   0.0000000   0.2950784   0.0000000
 96.2023874  18.4451594 169.0845042  -0.1839000  -0.9829000   0.0000000  -0.9153470   0.0000000
 96.8482531  18.9091787 558.2699514  -0.1863000  -0.9825000   0.0000000  -0.2908074   0.0000000
 96.3703525  18.1231460 175.3190565  -0.1854000  -0.9827000   0.0000000  -0.4041417   0.0000000
 96.2023874  19.8032159  46.8459757  -0.1809000  -0.9835000   0.0000000   1.3635918   0.0000000
 96.3183633  19.1891903  17.7212968  -0.1829000  -0.9831000   0.0000000   0.7203850   0.0000000
 96.5103234  18.5871653 -14.3515153  -0.1852000  -0.9827000   0.0000000   0.2616134   0.0000000
 96.5283196  17.9011367 -12.6353727  -0.1867000  -0.9824000   0.0000000   0.1209674   0.0000000
 96.0944098  19.4252001 176.0055327  -0.1812000  -0.9835000   0.0000000  -0.6388187   0.0000000
 96.3303608  19.6912112  62.5132208  -0.1818000  -0.9833000   0.0000000   0.5595350   0.0000000
 96.4443371  17.7391300  57.3709965  -0.1866000  -0.9824000   0.0000000   0.1771771   0.0000000
 96.2623749  18.9711812  25.4563783  -0.1831000  -0.9831000   0.0000000  -1.4563476   0.0000000
 96.4483362  16.5330798 -39.9506815  -0.1890000  -0.9820000   0.0000000   0.1524775   0.0000000
 96.2203836  19.7552139  47.1002043  -0.1811000  -0.9835000   0.0000000   1.1748453   0.0000000
 96.2883695  18.2691520 188.6247533  -0.1847000  -0.9828000   0.0000000  -0.4740385   0.0000000
 96.5603130  17.9891404 -15.1299331  -0.1867000  -0.9824000   0.0000000   0.3322131   0.0000000
 96.2103857  19.6992116  44.1597428  -0.1812000  -0.9835000   0.0000000   1.1194903   0.0000000
 96.4223416  17.1931072   4.5641411  -0.1876000  -0.9822000   0.0000000  -0.3449351   0.0000000
 96.3383591  17.2671103 -25.5406851  -0.1870000  -0.9824000   0.0000000  -0.2696509   0.0000000
 95.6425037  16.0330590 -44.8670047  -0.1864000  -0.9825000   0.0000000   0.1461688   0.0000000
 98.4719156  19.8652185 976.4310942  -0.1934000  -0.9811000   0.0000000  -0.4145446   0.0000000
 96.1503982  18.8791774 103.2208033  -0.1827000  -0.9832000   0.0000000  -0.7561222   0.0000000
 96.1843911  19.8112162  65.4023120  -0.1808000  -0.9835000   0.0000000   1.2477156   0.0000000
 96.1523978  18.2311504 164.8766210  -0.1841000  -0.9829000   0.0000000  -0.7808411   0.0000000
 96.1543973  18.5511638 161.7890798  -0.1834000  -0.9830000   0.0000000  -0.8579072   0.0000000
 97.3041584  16.9990992 -35.8362999  -0.1921000  -0.9814000   0.0000000   0.1678614   0.0000000
 96.1843911  19.5892070  46.8638875  -0.1813000  -0.9834000   0.0000000  -1.8425915   0.0000000
 98.0140108  21.9393048 867.5732471  -0.1869000  -0.9824000   0.0000000  -0.1719688   0.0000000
 96.2903691  18.2931530 110.7186229  -0.1847000  -0.9828000   0.0000000  -0.9474252   0.0000000
 96.2963678  17.7691312  33.5656058  -0.1858000  -0.9826000   0.0000000   0.1550414   0.0000000
 96.2663741  18.3611559 135.4866665  -0.1844000  -0.9828000   0.0000000   0.1272390   0.0000000
 96.3523562  18.6431676 113.8961763  -0.1842000  -0.9829000   0.0000000  -0.9098415   0.0000000
 96.3103649  18.2911529 131.4669680  -0.1848000  -0.9828000   0.0000000  -0.1898933   0.0000000
 96.2743724  19.4732021  25.1288653  -0.1820000  -0.9833000   0.0000000   1.1821922   0.0000000
 96.4023458  17.3811151   9.2658389  -0.1871000  -0.9823000   0.0000000  -0.0699031   0.0000000
 96.5623126  17.6331256 -31.7947266  -0.1874000  -0.9823000   0.0000000   0.0685277   0.0000000
 96.3523562  19.2631934  15.6983269  -0.1829000  -0.9831000   0.0000000   0.7487731   0.0000000
 96.5383175  18.1531472 -10.1785327  -0.1862000  -0.9825000   0.0000000   0.3323709   0.0000000
 96.2323811  19.5992074  38.0984863  -0.1815000  -0.9834000   0.0000000   1.3733060   0.0000000
 96.5803088  16.6290838 -41.1095972  -0.1894000  -0.9819000   0.0000000   0.1409508   0.0000000
 96.4623333  18.5331630  -3.6508901  -0.1850000  -0.9827000   0.0000000   0.3414450   0.0000000
 96.2103857  19.3371965  92.9549564  -0.1820000  -0.9833000   0.0000000  -1.9310504   0.0000000
 96.4603337  18.9031784  -0.9853568  -0.1843000  -0.9829000   0.0000000   0.3444293   0.0000000
 96.3043662  19.8612183 103.2911483  -0.1813000  -0.9834000   0.0000000   0.3317475   0.0000000
 96.4723313  16.8750940 -39.2722413  -0.1884000  -0.9821000   0.0000000   0.3611034   0.0000000
 96.3503566  19.0031826   4.9897118  -0.1835000  -0.9830000   0.0000000   0.7558700   0.0000000
 96.3063658  18.9891820  26.9523363  -0.1833000  -0.9831000   0.0000000   1.0605155   0.0000000
 96.4363387  18.5071619   4.2105813  -0.1850000  -0.9827000   0.0000000   0.3444574   0.0000000
 96.7662702  16.8530931 -44.3883341  -0.1899000  -0.9818000   0.0000000   0.6617143   0.0000000
 96.3203628  19.7932155 340.7636518  -0.1815000  -0.9834000   0.0000000   0.5780709   0.0000000
 96.2843703  19.7152122  35.9323417  -0.1815000  -0.9834000   0.0000000   0.7551169   0.0000000
 96.4363387  17.6771274  66.5909236  -0.1867000  -0.9824000   0.0000000   0.3653488   0.0000000
 96.2023874  18.8351756  38.5786530  -0.1831000  -0.9831000   0.0000000  -0.8101069   0.0000000
 96.5823084  16.5510805 -38.7717134  -0.1896000  -0.9819000   0.0000000   0.1355219   0.0000000
 96.4443371  16.6270837 -43.5604968  -0.1888000  -0.9820000   0.0000000  -0.2845402   0.0000000
 96.1344015  18.1971490 239.2720941  -0.1841000  -0.9829000   0.0000000  -0.6419373   0.0000000
 96.3863491  18.1031451  32.1077558  -0.1856000  -0.9826000   0.0000000   0.1741123   0.0000000
 96.4823292  17.7991325   9.0733783  -0.1867000  -0.9824000   0.0000000   0.3030680   0.0000000
 96.5323188  16.5330798 -38.9686086  -0.1894000  -0.9819000   0.0000000   0.1453001   0.0000000
 96.4563346  17.7331297  28.9820187  -0.1867000  -0.9824000   0.0000000   0.0810961   0.0000000
 96.3463574  18.3251544 208.4799015  -0.1849000  -0.9828000   0.0000000   0.0643820   0.0000000
 95.8884526  17.0451011 -43.7122481  -0.1854000  -0.9827000   0.0000000  -0.1116663   0.0000000
 96.4403379  18.9031784  -1.7953929  -0.1841000  -0.9829000   0.0000000   0.2720679   0.0000000
 96.1463990  19.1231876 138.4781622  -0.1821000  -0.9833000   0.0000000  -1.0445108   0.0000000
 96.4043454  16.9870987 -43.3478199  -0.1879000  -0.9822000   0.0000000  -0.7047842   0.0000000
 96.3823500  18.6191666  16.0190662  -0.1845000  -0.9828000   0.0000000   0.8304571   0.0000000
 96.2043869  18.8511763  51.0158343  -0.1830000  -0.9831000   0.0000000  -1.1872723   0.0000000
 96.2683736  19.0431842  65.0731198  -0.1829000  -0.9831000   0.0000000  -1.6964985   0.0000000
 96.4763304  18.3471553 -12.7573908  -0.1855000  -0.9826000   0.0000000   0.4016573   0.0000000
 96.4403379  16.9510972 -42.9311561  -0.1881000  -0.9821000   0.0000000  -0.2889812   0.0000000
 97.1221962  17.4471178 317.1311371  -0.1905000  -0.9817000   0.0000000  -0.1940865   0.0000000
 96.3663533  19.2731938  19.6293126  -0.1830000  -0.9831000   0.0000000   0.7413716   0.0000000
 96.3843495  19.4191999 131.3264114  -0.1827000  -0.9832000   0.0000000   0.5339757   0.0000000
 96.2583757  19.6492095  31.7483250  -0.1815000  -0.9834000   0.0000000   0.9812874   0.0000000
 96.2063865  19.3511971  86.5936390  -0.1819000  -0.9833000   0.0000000  -1.6959378   0.0000000
 97.0262161  19.6672102 1053.0023899  -0.1857000  -0.9826000   0.0000000   0.5216298   0.0000000
 96.0064281  16.6190833 -10.1893774  -0.1868000  -0.9824000   0.0000000  -0.8314242   0.0000000
 96.3523562  17.7371299  28.6134909  -0.1862000  -0.9825000   0.0000000  -0.2594048   0.0000000
 96.3503566  18.2191499 111.3788786  -0.1851000  -0.9827000   0.0000000   0.1061561   0.0000000
 96.4363387  16.7510888 -41.7536319  -0.1885000  -0.9821000   0.0000000   0.2859372   0.0000000
 96.5963055  17.3111122 -37.0784697  -0.1882000  -0.9821000   0.0000000   0.1486166   0.0000000
 96.1543973  19.2991949  77.7674249  -0.1818000  -0.9833000   0.0000000  -1.2500540   0.0000000
 96.7282781  16.7430885 -36.6781924  -0.1899000  -0.9818000   0.0000000   0.1462522   0.0000000
 96.3723520  18.5531639  48.1735130  -0.1845000  -0.9828000   0.0000000  -0.3982486   0.0000000
 96.6862868  17.3751148 -34.2993341  -0.1885000  -0.9821000   0.0000000  -0.2539672   0.0000000
 96.5063242  17.1651061 -28.9881945  -0.1880000  -0.9822000   0.0000000  -0.3325005   0.0000000
 96.5063242  17.4551181 -33.7530169  -0.1875000  -0.9823000   0.0000000   0.5319878   0.0000000
 96.2463782  19.3951989  35.3347849  -0.1820000  -0.9833000   0.0000000   1.3812455   0.0000000
 96.3883487  19.0211833   5.1707572  -0.1836000  -0.9830000   0.0000000   0.5559683   0.0000000
 96.3343599  17.2631102 -31.0339179  -0.1870000  -0.9824000   0.0000000  -0.1301389   0.0000000
 96.3543558  17.0971032 -42.1343902  -0.1875000  -0.9823000   0.0000000   0.0473013   0.0000000
 96.1463990  18.6071661 211.1197292  -0.1833000  -0.9831000   0.0000000  -0.7758429   0.0000000
 96.7342768  16.7490888 -38.7877861  -0.1899000  -0.9818000   0.0000000   0.1566026   0.0000000
 96.3843495  19.3391966  49.6121496  -0.1829000  -0.9831000   0.0000000   0.4489073   0.0000000
 96.3783508  16.8390925 -40.7094861  -0.1881000  -0.9822000   0.0000000   0.1394735   0.0000000
 96.3283612  16.9610976 -40.8652962  -0.1876000  -0.9822000   0.0000000  -0.4417538   0.0000000
 96.2443786  20.3132371 166.9253621  -0.1799000  -0.9837000   0.0000000   0.7120594   0.0000000
 96.3563554  17.3591141  12.4088402  -0.1869000  -0.9824000   0.0000000  -0.2446290   0.0000000
 96.5983051  17.6771274 -34.1045446  -0.1875000  -0.9823000   0.0000000   0.1368001   0.0000000
 96.5803088  17.3771149 -34.8200075  -0.1880000  -0.9822000   0.0000000  -0.2029262   0.0000000
 96.1324019  19.5412050  60.2724348  -0.1811000  -0.9835000   0.0000000  -1.2619696   0.0000000
 96.4183425  18.0031410 127.2770874  -0.1859000  -0.9826000   0.0000000  -0.3504680   0.0000000
 96.4383383  18.0191416  86.6030857  -0.1860000  -0.9826000   0.0000000  -0.4592421   0.0000000
 96.4003462  18.4091579  -1.3191117  -0.1850000  -0.9827000   0.0000000  -0.7225106   0.0000000
 96.1523978  18.3951573 218.4472936  -0.1838000  -0.9830000   0.0000000  -0.9532184   0.0000000
 96.5663117  16.9730981 -37.1709575  -0.1887000  -0.9820000   0.0000000  -0.1458143   0.0000000
 96.3403587  18.1251460  89.2122629  -0.1853000  -0.9827000   0.0000000  -0.7174747   0.0000000
 96.5683113  16.6210834 -40.5123911  -0.1894000  -0.9819000   0.0000000   0.1305698   0.0000000
 96.3623541  17.9631393 140.2844981  -0.1857000  -0.9826000   0.0000000  -0.0812369   0.0000000
 97.5561060  20.9692644 1331.5467348  -0.1861000  -0.9825000   0.0000000  -0.4360723   0.0000000
 96.4043454  16.6890863 -37.8870862  -0.1885000  -0.9821000   0.0000000   0.1420295   0.0000000
 96.2583757  18.5031618 111.5699955  -0.1841000  -0.9829000   0.0000000   0.0094367   0.0000000
 96.6242997  17.5631226 -38.4493502  -0.1878000  -0.9822000   0.0000000  -1.3942903   0.0000000
 96.1104065  19.2271919  80.9606003  -0.1817000  -0.9834000   0.0000000  -0.8670776   0.0000000
 96.2543766  20.0952280  90.7574751  -0.1805000  -0.9836000   0.0000000   0.7302539   0.0000000
 97.2901613  20.9272627 1491.6526332  -0.1846000  -0.9828000   0.0000000  -0.2546415   0.0000000
 96.5443163  17.3331131 -36.3051677  -0.1879000  -0.9822000   0.0000000   0.1478187   0.0000000
 96.2063865  19.9592224 103.5461060  -0.1805000  -0.9836000   0.0000000   0.9251339   0.0000000
 96.6143017  17.0371007 -36.1299104  -0.1888000  -0.9820000   0.0000000   0.3445754   0.0000000
 96.4223416  16.5550807 -39.2542490  -0.1888000  -0.9820000   0.0000000   0.1440541   0.0000000
 98.2879539  19.6512096 836.6644421  -0.1928000  -0.9812000   0.0000000   0.2490914   0.0000000
 96.5723105  17.8491345 -21.9601233  -0.1870000  -0.9824000   0.0000000   0.1362127   0.0000000
 96.3383591  18.9711812  15.1015617  -0.1835000  -0.9830000   0.0000000   0.9670322   0.0000000
 96.4603337  17.6151248  24.5380058  -0.1869000  -0.9824000   0.0000000  -0.3335913   0.0000000
 96.3563554  18.7331713  35.9938654  -0.1841000  -0.9829000   0.0000000   0.6896672   0.0000000
 96.4323396  17.4211167 -25.4093875  -0.1872000  -0.9823000   0.0000000  -0.2928120   0.0000000
 96.2263824  19.9572223  72.5155141  -0.1806000  -0.9835000   0.0000000   0.8894199   0.0000000
 96.5563138  18.6511679 -15.4692432  -0.1853000  -0.9827000   0.0000000   0.1321475   0.0000000
 96.5323188  16.4930781 -48.5283956  -0.1894000  -0.9819000   0.0000000  -0.5225582   0.0000000
 98.0420050  17.4331172 112.4999680  -0.1950000  -0.9808000   0.0000000  -0.7053102   0.0000000
 96.7362764  16.8850944 -36.7322984  -0.1897000  -0.9818000   0.0000000   0.3378584   0.0000000
 96.2463782  17.9931405 151.1379664  -0.1851000  -0.9827000   0.0000000  -0.2384974   0.0000000
 96.4783300  18.2771524  -4.6056353  -0.1857000  -0.9826000   0.0000000   0.4396990   0.0000000
 98.2079705  20.3152372 663.7769114  -0.1911000  -0.9816000   0.0000000   0.2428693   0.0000000
 96.6043038  16.8230918 -33.8445563  -0.1892000  -0.9819000   0.0000000  -0.3210251   0.0000000
 97.4181347  21.3612807 1168.5071888  -0.1844000  -0.9828000   0.0000000   0.0696857   0.0000000
 96.6003047  17.5611226 -36.5601813  -0.1877000  -0.9822000   0.0000000  -1.3953450   0.0000000
 96.5523146  18.1691479  -7.6578564  -0.1863000  -0.9825000   0.0000000   0.1299154   0.0000000
 97.8840378  17.1451052   3.0069768  -0.1947000  -0.9809000   0.0000000   0.0891260   0.0000000
 96.2003878  18.1751481 155.1762278  -0.1845000  -0.9828000   0.0000000  -0.4596370   0.0000000
 96.2783716  19.9472219 233.3358890  -0.1810000  -0.9835000   0.0000000   0.9517822   0.0000000
 96.5963055  17.5111205 -35.1594072  -0.1878000  -0.9822000   0.0000000  -1.1887308   0.0000000
 96.6023042  17.3331131 -34.9906289  -0.1882000  -0.9821000   0.0000000  -0.0785624   0.0000000
 95.7784755  17.2811109 -39.2946576  -0.1843000  -0.9829000   0.0000000   0.1136157   0.0000000
 96.2143849  19.8792190  63.4359140  -0.1808000  -0.9835000   0.0000000   1.2102165   0.0000000
 96.3163637  17.9271378  98.1301786  -0.1856000  -0.9826000   0.0000000   0.2749398   0.0000000
 96.5323188  17.5931239 -20.9391838  -0.1873000  -0.9823000   0.0000000   0.1519894   0.0000000
 96.6282988  17.1811067 -39.9682976  -0.1886000  -0.9821000   0.0000000  -0.1638067   0.0000000
 96.3903483  17.6811276  15.7102645  -0.1865000  -0.9825000   0.0000000  -0.3373445   0.0000000
 96.4943267  16.5350799 -40.6285857  -0.1892000  -0.9819000   0.0000000   0.1446480   0.0000000
 96.4103441  18.5711646   0.1493011  -0.1847000  -0.9828000   0.0000000   0.5449550   0.0000000
 96.2123853  19.1971907  40.1553435  -0.1823000  -0.9832000   0.0000000  -1.6640644   0.0000000
 96.4703317  18.3771565  -9.1798916  -0.1854000  -0.9827000   0.0000000   0.3262000   0.0000000
 96.1943890  18.3071536 125.1736107  -0.1842000  -0.9829000   0.0000000  -0.0219816   0.0000000
 96.2283820  18.4671603 159.9964874  -0.1840000  -0.9829000   0.0000000  -0.5150100   0.0000000
 96.3203628  19.2571932  17.6665768  -0.1827000  -0.9832000   0.0000000   0.9372545   0.0000000
 96.1503982  18.8831776 118.0778402  -0.1827000  -0.9832000   0.0000000  -0.7114396   0.0000000
 96.3563554  17.7051286  39.4517711  -0.1862000  -0.9825000   0.0000000   0.2949525   0.0000000
 96.5883071  17.2291087 -37.5839558  -0.1883000  -0.9821000   0.0000000  -0.4771963   0.0000000
 96.1703940  19.6192082  45.1801431  -0.1811000  -0.9835000   0.0000000  -2.5397215   0.0000000
 96.3023666  17.9511388 107.5939856  -0.1855000  -0.9827000   0.0000000   0.3133660   0.0000000
 96.2583757  20.3572389 187.1373900  -0.1799000  -0.9837000   0.0000000   0.4865536   0.0000000
 96.3603545  17.5771232  -5.9705385  -0.1865000  -0.9825000   0.0000000   0.4614506   0.0000000
 96.5743101  17.3111122 -36.2418582  -0.1881000  -0.9822000   0.0000000  -0.0703247   0.0000000
 96.3323603  17.9271378  74.8416232  -0.1857000  -0.9826000   0.0000000  -0.1548461   0.0000000
 96.3783508  18.7331713   4.9431827  -0.1842000  -0.9829000   0.0000000   0.7710340   0.0000000
 96.4663325  18.4911613  -2.8644291  -0.1852000  -0.9827000   0.0000000   0.1462270   0.0000000
 96.3463574  19.3451968  36.9537198  -0.1827000  -0.9832000   0.0000000   0.7456013   0.0000000
 96.5703109  17.5251211 -38.7651682  -0.1876000  -0.9822000   0.0000000  -1.6345277   0.0000000
 96.3983466  17.3491137   6.5227170  -0.1872000  -0.9823000   0.0000000   0.6814637   0.0000000
 98.4959106  19.7672144 1279.2912721  -0.1937000  -0.9811000   0.0000000   0.4666097   0.0000000
 96.6462951  16.9790983 -40.0964819  -0.1891000  -0.9820000   0.0000000  -0.0512864   0.0000000
 96.2763720  20.0012241 105.9544699  -0.1808000  -0.9835000   0.0000000   0.7178394   0.0000000
 96.4263408  17.3791150 -18.9357736  -0.1872000  -0.9823000   0.0000000   0.2252328   0.0000000
 96.4343392  18.0911446 121.6779986  -0.1858000  -0.9826000   0.0000000   0.5623938   0.0000000
 96.4843288  18.6951698 -12.2822207  -0.1848000  -0.9828000   0.0000000   0.3272590   0.0000000
 96.2443786  18.5611642 123.2904490  -0.1839000  -0.9830000   0.0000000  -0.5050654   0.0000000
 96.5043246  16.5770816 -41.1810787  -0.1892000  -0.9819000   0.0000000   0.1446490   0.0000000
 96.3183633  18.5531639 201.1644241  -0.1843000  -0.9829000   0.0000000  -0.9972157   0.0000000
 96.8862452  20.6372506 854.2238507  -0.1828000  -0.9831000   0.0000000   0.3240912   0.0000000
 96.1224040  18.9051785 125.9131444  -0.1825000  -0.9832000   0.0000000  -0.3554447   0.0000000
 96.4283404  18.1111455 175.7815671  -0.1858000  -0.9826000   0.0000000   0.1263296   0.0000000
 96.5583134  17.7151290 -24.3415652  -0.1872000  -0.9823000   0.0000000   0.1019872   0.0000000
 96.4663325  17.6351256   3.0953944  -0.1869000  -0.9824000   0.0000000   0.4290591   0.0000000
 96.2443786  19.8972198  73.8961557  -0.1809000  -0.9835000   0.0000000   1.1578465   0.0000000
 96.7382760  16.8190917 -37.5614628  -0.1898000  -0.9818000   0.0000000  -0.3334606   0.0000000
 96.1483986  19.6352089  48.8307130  -0.1810000  -0.9835000   0.0000000  -1.9040945   0.0000000
 96.6342976  17.6571266 -36.9095351  -0.1877000  -0.9822000   0.0000000  -0.4650977   0.0000000
 96.2303815  17.9971407 158.7592127  -0.1850000  -0.9827000   0.0000000  -0.3616546   0.0000000
 96.2823707  18.6511679 205.5597118  -0.1839000  -0.9830000   0.0000000  -0.8119081   0.0000000
 96.3403587  17.8051327  39.6393923  -0.1860000  -0.9826000   0.0000000  -0.4093352   0.0000000
 96.2203836  18.5151623 150.1091021  -0.1838000  -0.9830000   0.0000000  -0.5233159   0.0000000
 96.1184048  19.2951947 119.8470840  -0.1816000  -0.9834000   0.0000000  -1.2958573   0.0000000
 96.4003462  17.5191208 -24.2432058  -0.1868000  -0.9824000   0.0000000   0.4010627   0.0000000
 96.5043246  17.5671228  29.9707530  -0.1872000  -0.9823000   0.0000000  -0.1026919   0.0000000
 96.0904106  16.9310963 -40.2638250  -0.1865000  -0.9824000   0.0000000  -0.2934455   0.0000000
 96.0904106  19.3131955 125.7355630  -0.1814000  -0.9834000   0.0000000  -1.4568802   0.0000000
 96.2583757  17.7751315  86.5680064  -0.1856000  -0.9826000   0.0000000  -0.2789479   0.0000000
 96.5323188  17.3591141 -36.4575778  -0.1878000  -0.9822000   0.0000000  -0.0498230   0.0000000
 96.4023458  17.9571390 123.1851604  -0.1859000  -0.9826000   0.0000000  -0.9540657   0.0000000
 96.4283404  16.7810901 -37.5968986  -0.1884000  -0.9821000   0.0000000  -0.1542685   0.0000000
 96.6143017  17.0731022 -38.7331488  -0.1887000  -0.9820000   0.0000000   0.1207615   0.0000000
 98.0400054  18.4471594 934.3353770  -0.1934000  -0.9811000   0.0000000  -0.4528212   0.0000000
 96.4083446  18.2491512 260.3816744  -0.1854000  -0.9827000   0.0000000  -0.5623122   0.0000000
 96.6962847  16.8250919 -37.6435231  -0.1896000  -0.9819000   0.0000000   0.3410363   0.0000000
 96.2583757  19.6752106  34.2836291  -0.1815000  -0.9834000   0.0000000   1.1565363   0.0000000
 96.5323188  18.1531472  -8.2073817  -0.1862000  -0.9825000   0.0000000   0.3479208   0.0000000
 96.0824123  19.1531888 123.3693576  -0.1817000  -0.9834000   0.0000000  -0.8031175   0.0000000
 96.5783092  16.6350840 -41.3554465  -0.1894000  -0.9819000   0.0000000   0.2417257   0.0000000
 96.2123853  18.6391674 120.9154348  -0.1835000  -0.9830000   0.0000000  -0.5894362   0.0000000
 96.1324019  18.7091703 223.9681413  -0.1830000  -0.9831000   0.0000000  -0.6023259   0.0000000
 96.1443994  19.6872111  50.4815059  -0.1808000  -0.9835000   0.0000000  -2.0941408   0.0000000
 96.4003462  18.8871778   0.0026392  -0.1840000  -0.9829000   0.0000000   0.9651164   0.0000000
 96.4063450  17.2231085 -23.3635181  -0.1874000  -0.9823000   0.0000000   0.2946146   0.0000000
 96.4163429  18.6811692  -9.7145319  -0.1845000  -0.9828000   0.0000000   0.5148407   0.0000000
 96.1763928  19.8232167  87.3334651  -0.1807000  -0.9835000   0.0000000   1.3422046   0.0000000
 97.6380889  22.6813357 727.6075239  -0.1830000  -0.9831000   0.0000000   0.2314455   0.0000000
 98.2939526  19.5992074 680.9772023  -0.1929000  -0.9812000   0.0000000  -0.2189442   0.0000000
 96.2383799  18.2791524 177.7192248  -0.1844000  -0.9828000   0.0000000   0.5565506   0.0000000
 96.4843288  18.6971698 -13.7526285  -0.1848000  -0.9828000   0.0000000   0.3270440   0.0000000
 96.1104065  19.6072077  56.3714953  -0.1808000  -0.9835000   0.0000000  -1.4717653   0.0000000
 96.1763928  19.8172165  89.0572213  -0.1807000  -0.9835000   0.0000000   1.3184730   0.0000000
 96.1284027  19.7792149  99.5750033  -0.1805000  -0.9836000   0.0000000  -2.1197004   0.0000000
 96.3263616  18.1331464 140.7347591  -0.1852000  -0.9827000   0.0000000  -0.5184466   0.0000000
 96.4203421  18.2571515 112.7550380  -0.1854000  -0.9827000   0.0000000  -1.1847044   0.0000000
 96.4583342  17.6831276  47.8157204  -0.1868000  -0.9824000   0.0000000   0.3514980   0.0000000
 96.4623333  18.6731688 -10.0948715  -0.1848000  -0.9828000   0.0000000   0.3334129   0.0000000
 96.3483570  19.0871861  16.9512171  -0.1833000  -0.9831000   0.0000000   0.7554997   0.0000000
 96.2263824  19.3591974  48.3502000  -0.1820000  -0.9833000   0.0000000  -0.6875220   0.0000000
 96.1324019  19.6292086  50.5013252  -0.1809000  -0.9835000   0.0000000  -1.6233611   0.0000000
 96.4523354  16.9170958 -39.9583518  -0.1883000  -0.9821000   0.0000000   0.1327243   0.0000000
 96.3983466  16.8690938 -41.3113400  -0.1881000  -0.9821000   0.0000000   0.1283680   0.0000000
 96.4443371  17.6291254  62.5094202  -0.1868000  -0.9824000   0.0000000  -0.8811041   0.0000000
 96.5143225  17.4291171 -33.9154414  -0.1876000  -0.9823000   0.0000000   0.5650119   0.0000000
 96.3423583  17.7531306  40.3155970  -0.1861000  -0.9825000   0.0000000  -0.2733291   0.0000000
 96.1663948  19.0391841 134.0314749  -0.1824000  -0.9832000   0.0000000  -0.8825654   0.0000000
 96.4103441  19.2411925  68.6194781  -0.1833000  -0.9831000   0.0000000   0.3210450   0.0000000
 98.0260083  21.2872777 1012.6623029  -0.1882000  -0.9821000   0.0000000  -0.1388958   0.0000000
 96.5183217  18.1131455   0.5977494  -0.1862000  -0.9825000   0.0000000   0.1102666   0.0000000
 96.3683529  19.3011950  33.1586368  -0.1829000  -0.9831000   0.0000000   0.5221373   0.0000000
 96.2243828  19.6092078  37.8793272  -0.1814000  -0.9834000   0.0000000   1.3665141   0.0000000
 96.5303192  16.6550848 -39.4244089  -0.1891000  -0.9820000   0.0000000  -0.2710125   0.0000000
 96.4363387  16.6990867 -41.5101637  -0.1886000  -0.9821000   0.0000000  -0.2760458   0.0000000
 96.2743724  18.7451718 159.2124710  -0.1836000  -0.9830000   0.0000000  -1.5627958   0.0000000
 96.4923271  17.0110997 -38.2413628  -0.1883000  -0.9821000   0.0000000  -0.2825779   0.0000000
 96.3943475  16.5490804 -38.6538666  -0.1887000  -0.9820000   0.0000000   0.1433127   0.0000000
 96.3163637  19.3211958  15.8509507  -0.1826000  -0.9832000   0.0000000   0.7445738   0.0000000
 96.6223001  17.7191291 -33.2807141  -0.1875000  -0.9823000   0.0000000   0.1297367   0.0000000
 96.4303400  18.1831484 189.1670501  -0.1856000  -0.9826000   0.0000000  -0.9426894   0.0000000
 97.7020756  19.7472136 327.1197983  -0.1893000  -0.9819000   0.0000000  -0.2230376   0.0000000
 96.5323188  17.6331256 -18.6108953  -0.1872000  -0.9823000   0.0000000  -0.0971868   0.0000000
 96.7702693  22.7433383 1176.8880975  -0.1773000  -0.9842000   0.0000000   0.0145656   0.0000000
 96.6362972  16.6270837 -38.1486593  -0.1897000  -0.9818000   0.0000000   0.3527193   0.0000000
 96.5963055  17.2151082 -38.0443143  -0.1884000  -0.9821000   0.0000000   0.1022334   0.0000000
 96.4503358  17.8271336  77.0912888  -0.1864000  -0.9825000   0.0000000  -0.3478565   0.0000000
 96.5983051  16.8370924 -33.2996966  -0.1891000  -0.9820000   0.0000000  -0.0919649   0.0000000
 96.3343599  18.4571599 167.0941436  -0.1846000  -0.9828000   0.0000000  -0.5727988   0.0000000
 96.2103857  18.8411758  98.3603500  -0.1831000  -0.9831000   0.0000000  -0.8330559   0.0000000
 96.2543766  18.1871486  47.6242568  -0.1847000  -0.9828000   0.0000000  -0.1055932   0.0000000
 96.8502527  20.7992573 1172.2811333  -0.1823000  -0.9832000   0.0000000   0.0933720   0.0000000
 96.1863907  19.3531971  84.8589113  -0.1818000  -0.9833000   0.0000000  -1.6662432   0.0000000
 96.7462743  17.3751148 -35.3079258  -0.1888000  -0.9820000   0.0000000  -0.9082349   0.0000000
 97.6760810  17.6871278 664.9484307  -0.1928000  -0.9812000   0.0000000   0.3461418   0.0000000
 97.8840378  16.8190917 -32.4776019  -0.1952000  -0.9808000   0.0000000   0.3768618   0.0000000
 96.4703317  18.1911488   5.7359375  -0.1858000  -0.9826000   0.0000000   0.3372121   0.0000000
 97.7180723  21.4432841 984.0791508  -0.1861000  -0.9825000   0.0000000  -0.0289052   0.0000000
 96.4023458  18.9131788   2.3514351  -0.1839000  -0.9829000   0.0000000   0.5326756   0.0000000
 97.5721027  17.3671145 154.8402549  -0.1928000  -0.9812000   0.0000000  -0.7164374   0.0000000
 96.4623333  17.2951115 -18.3351021  -0.1876000  -0.9823000   0.0000000  -0.1742705   0.0000000
 96.0724144  19.4071994 111.3336828  -0.1811000  -0.9835000   0.0000000  -0.5146163   0.0000000
 96.5563138  16.7030868 -40.2324403  -0.1892000  -0.9819000   0.0000000   0.1445999   0.0000000
 96.3323603  18.1871486 240.7943594  -0.1851000  -0.9827000   0.0000000   0.5007035   0.0000000
 96.5843080  16.5670812 -39.6780869  -0.1895000  -0.9819000   0.0000000   0.1551574   0.0000000
 96.4583342  17.1811067 -22.5299905  -0.1878000  -0.9822000   0.0000000  -0.2459252   0.0000000
 96.2303815  19.1671894  69.6222424  -0.1825000  -0.9832000   0.0000000  -2.1293483   0.0000000
 96.5623126  21.1672727 1700.5701506  -0.1798000  -0.9837000   0.0000000   0.4907708   0.0000000
 96.1923894  19.5232042 164.2353738  -0.1815000  -0.9834000   0.0000000  -1.9456928   0.0000000
 96.4403379  18.2611517  24.2124303  -0.1855000  -0.9826000   0.0000000  -1.0806142   0.0000000
 96.5243204  16.7630893 -33.1092464  -0.1889000  -0.9820000   0.0000000   0.1437449   0.0000000
 98.6678749  22.5133287 680.2636418  -0.1899000  -0.9818000   0.0000000  -0.0774580   0.0000000
 96.5023250  18.5731647  -5.5779492  -0.1852000  -0.9827000   0.0000000   0.1348049   0.0000000
 96.5723105  17.6771274 -28.9744343  -0.1874000  -0.9823000   0.0000000  -0.1227746   0.0000000
 96.6023042  17.1011034 -40.1014169  -0.1886000  -0.9821000   0.0000000  -0.0673396   0.0000000
 96.4383383  16.9370966 -38.8557708  -0.1882000  -0.9821000   0.0000000  -0.2649558   0.0000000
 96.3443579  19.6652101 166.8470818  -0.1820000  -0.9833000   0.0000000   0.9034901   0.0000000
 96.5143225  18.7191708 -11.5738924  -0.1849000  -0.9828000   0.0000000   0.3520679   0.0000000
 96.4623333  16.9630977 -39.4714232  -0.1882000  -0.9821000   0.0000000   0.1315102   0.0000000
 96.4603337  17.6391258  11.5216219  -0.1869000  -0.9824000   0.0000000  -0.0778487   0.0000000
 96.2603753  18.4991616 126.4282724  -0.1841000  -0.9829000   0.0000000   0.1047655   0.0000000
 96.3343599  18.7571723  37.5416744  -0.1839000  -0.9829000   0.0000000  -0.9996324   0.0000000
 96.3363595  17.5651227 -10.0262497  -0.1864000  -0.9825000   0.0000000   0.7507997   0.0000000
 96.2163845  18.4891612 225.5018363  -0.1839000  -0.9829000   0.0000000   0.1055721   0.0000000
 96.5343184  17.8251335 -16.6431137  -0.1869000  -0.9824000   0.0000000   0.5197275   0.0000000
 96.4023458  18.0291420 148.7465981  -0.1858000  -0.9826000   0.0000000   0.0623336   0.0000000
 96.4803296  20.7672560 322.5615944  -0.1802000  -0.9836000   0.0000000   0.3142032   0.0000000
 96.1144057  19.5412050  62.7906813  -0.1810000  -0.9835000   0.0000000  -1.2874659   0.0000000
 96.1703940  19.2211917  53.3637797  -0.1820000  -0.9833000   0.0000000  -1.4817147   0.0000000
 96.3443579  17.0971032 -37.1933430  -0.1874000  -0.9823000   0.0000000  -0.3025146   0.0000000
 96.4403379  19.5772065 421.7273614  -0.1827000  -0.9832000   0.0000000   0.3256324   0.0000000
 96.2603753  20.3972406 206.5761303  -0.1798000  -0.9837000   0.0000000   0.6898374   0.0000000
 96.1783924  18.9351798 111.0194949  -0.1827000  -0.9832000   0.0000000  -1.1135027   0.0000000
 96.2023874  18.3711563 194.4489275  -0.1841000  -0.9829000   0.0000000  -0.6634313   0.0000000
 97.3001592  18.9431801 166.3804200  -0.1886000  -0.9821000   0.0000000  -0.2732856   0.0000000
 96.4683321  18.6111663 -12.7882392  -0.1849000  -0.9828000   0.0000000   0.3534284   0.0000000
 96.1723936  19.0791857 137.7587473  -0.1824000  -0.9832000   0.0000000  -1.7748883   0.0000000
 97.4801218  19.2951947 792.8539926  -0.1889000  -0.9820000   0.0000000   0.1194248   0.0000000
 96.0244244  17.2591100  -9.1226342  -0.1856000  -0.9826000   0.0000000  -0.3976657   0.0000000
 96.2323811  19.6092078  39.0577965  -0.1815000  -0.9834000   0.0000000   1.2201349   0.0000000
 96.4763304  16.6750857 -39.6833599  -0.1888000  -0.9820000   0.0000000   0.3440608   0.0000000
 96.3603545  19.1711896  11.2386972  -0.1831000  -0.9831000   0.0000000   0.5663089   0.0000000
 96.4343392  16.8810943 -39.4104973  -0.1883000  -0.9821000   0.0000000   0.3502457   0.0000000
 96.2623749  19.0411842  52.2615528  -0.1829000  -0.9831000   0.0000000  -1.8760778   0.0000000
 96.4343392  19.3431967 140.9183167  -0.1832000  -0.9831000   0.0000000  -0.0583844   0.0000000
 96.2243828  19.1151872 106.5007631  -0.1825000  -0.9832000   0.0000000  -1.3767555   0.0000000
 96.2183840  19.8132163  50.3067127  -0.1809000  -0.9835000   0.0000000   1.3598036   0.0000000
 96.3443579  19.7452135 413.4787216  -0.1818000  -0.9833000   0.0000000   0.3473037   0.0000000
 97.8220507  22.6953363 548.6892643  -0.1841000  -0.9829000   0.0000000  -0.1929511   0.0000000
 96.2083861  19.2671936  60.6420276  -0.1821000  -0.9833000   0.0000000  -2.1309671   0.0000000
 96.3643537  16.8510930 -38.2106573  -0.1880000  -0.9822000   0.0000000  -0.1040021   0.0000000
 96.4983259  17.3251127 -27.2715843  -0.1877000  -0.9822000   0.0000000   0.1210532   0.0000000
 96.2743724  19.6932113  35.5912973  -0.1815000  -0.9834000   0.0000000   0.9373958   0.0000000
 96.2983674  18.7011700 232.2873716  -0.1838000  -0.9830000   0.0000000  -0.9744809   0.0000000
 96.1863907  19.4191999  86.8043659  -0.1817000  -0.9834000   0.0000000  -1.6001050   0.0000000
 97.7600636  18.6611683 842.7890837  -0.1916000  -0.9815000   0.0000000  -0.7380408   0.0000000
 96.2503774  19.3791982  41.4664792  -0.1821000  -0.9833000   0.0000000   1.5600351   0.0000000
 96.3303608  17.7571307  50.7857014  -0.1860000  -0.9825000   0.0000000  -0.0597201   0.0000000
 95.8464613  16.2750690 -45.8198961  -0.1868000  -0.9824000   0.0000000   0.0933231   0.0000000
 96.2623749  19.7012116  36.9533400  -0.1814000  -0.9834000   0.0000000   1.1713855   0.0000000
 96.2703732  19.9712229  99.3287623  -0.1809000  -0.9835000   0.0000000   0.6263256   0.0000000
 96.3723520  17.5871236  -5.4704444  -0.1866000  -0.9824000   0.0000000   0.1014766   0.0000000
 96.4483362  19.5372048 372.6641146  -0.1828000  -0.9831000   0.0000000   0.1828752   0.0000000
 96.1723936  19.0891862 173.4531281  -0.1823000  -0.9832000   0.0000000  -1.6669818   0.0000000
 96.5523146  17.3131122 -39.0311771  -0.1880000  -0.9822000   0.0000000   0.1459300   0.0000000
 96.5083238  16.8230918 -34.5961519  -0.1887000  -0.9820000   0.0000000   0.5781099   0.0000000
 96.7082822  19.5632059 743.9049498  -0.1842000  -0.9829000   0.0000000   0.5286873   0.0000000
 96.3623541  19.5272044 102.0789501  -0.1824000  -0.9832000   0.0000000   0.5244570   0.0000000
 96.4463367  18.5271628  -2.3877549  -0.1850000  -0.9827000   0.0000000   0.3539774   0.0000000
 96.5223209  17.1371049 -39.4426734  -0.1882000  -0.9821000   0.0000000   0.1323586   0.0000000
 96.5463159  16.6990867 -40.6786343  -0.1891000  -0.9820000   0.0000000   0.1447125   0.0000000
 96.4243412  17.5091204   1.8026139  -0.1870000  -0.9824000   0.0000000   0.1222472   0.0000000
 96.5823084  17.0531014 -39.9412363  -0.1886000  -0.9821000   0.0000000   0.1095353   0.0000000
 96.3223624  17.5351215 -24.1589062  -0.1864000  -0.9825000   0.0000000   0.3366991   0.0000000
 96.6822876  17.7091287 -36.1820478  -0.1878000  -0.9822000   0.0000000  -0.3903826   0.0000000
 96.8182594  19.8532180 1458.9536373  -0.1842000  -0.9829000   0.0000000  -0.2625245   0.0000000
 96.5843080  17.9711396 -16.3534909  -0.1868000  -0.9824000   0.0000000  -0.1956108   0.0000000
 96.4923271  17.7791316  -0.2249833  -0.1868000  -0.9824000   0.0000000  -0.7196180   0.0000000
 96.3883487  18.0931447 111.3680581  -0.1856000  -0.9826000   0.0000000  -0.4548429   0.0000000
 96.5823084  17.0711022 -37.2726472  -0.1886000  -0.9821000   0.0000000   0.1409352   0.0000000
 96.6063034  17.1471053 -38.0536542  -0.1886000  -0.9821000   0.0000000   0.1614165   0.0000000
 96.2963678  18.7691728 192.7837621  -0.1837000  -0.9830000   0.0000000  -1.4108208   0.0000000
 95.9204460  17.8931364  43.4371282  -0.1837000  -0.9830000   0.0000000   0.3054940   0.0000000
 96.6063034  17.7211292 -34.2420358  -0.1874000  -0.9823000   0.0000000   0.3635359   0.0000000
 96.3203628  19.3691978  40.9847292  -0.1825000  -0.9832000   0.0000000   0.9495683   0.0000000
 96.4323396  18.1611475 196.0124094  -0.1857000  -0.9826000   0.0000000  -0.7545801   0.0000000
 96.1823915  19.7552139  69.8507700  -0.1809000  -0.9835000   0.0000000   1.4057112   0.0000000
 96.5703109  16.8390925 -40.1414274  -0.1890000  -0.9820000   0.0000000  -0.2611938   0.0000000
 96.3663533  18.5491637 142.8733133  -0.1845000  -0.9828000   0.0000000  -0.5769364   0.0000000
 96.4763304  18.3791566  -9.7214517  -0.1854000  -0.9827000   0.0000000   0.3127834   0.0000000
 96.2103857  19.9132205  71.4340223  -0.1807000  -0.9835000   0.0000000   1.5564607   0.0000000
 96.3043662  19.8432175 140.6040278  -0.1813000  -0.9834000   0.0000000   0.4372139   0.0000000
 98.5259044  20.4312420 761.7724423  -0.1928000  -0.9812000   0.0000000   0.5240082   0.0000000
 96.6602922  16.8750940 -39.3477468  -0.1893000  -0.9819000   0.0000000   0.1455496   0.0000000
 96.4683321  17.9571390  86.2681122  -0.1863000  -0.9825000   0.0000000  -0.6488801   0.0000000
 96.2583757  17.7311296  24.5957913  -0.1857000  -0.9826000   0.0000000  -0.7822185   0.0000000
 96.5143225  18.1991491  -4.5875861  -0.1860000  -0.9825000   0.0000000   0.1365365   0.0000000
 96.0784131  19.3831984  98.2907066  -0.1812000  -0.9835000   0.0000000  -1.2001972   0.0000000
 96.5863076  17.6531264 -32.5220676  -0.1875000  -0.9823000   0.0000000  -0.0216976   0.0000000
 96.2563761  19.0831859  79.3925045  -0.1828000  -0.9832000   0.0000000  -2.1639676   0.0000000
 96.3043662  19.5212041  28.3251304  -0.1821000  -0.9833000   0.0000000   0.7932834   0.0000000
 96.5383175  17.7611309 -18.6430433  -0.1870000  -0.9824000   0.0000000   0.0737496   0.0000000
 96.2203836  19.4452010  91.3368711  -0.1818000  -0.9833000   0.0000000   1.1845412   0.0000000
 96.2063865  19.5592057  40.1754019  -0.1814000  -0.9834000   0.0000000   1.5819112   0.0000000
 96.4603337  17.6171249  45.6764608  -0.1869000  -0.9824000   0.0000000  -0.3336185   0.0000000
 96.1763928  18.8731772  72.2636893  -0.1828000  -0.9831000   0.0000000  -1.2206801   0.0000000
 96.3103649  17.4451177  -8.7126747  -0.1865000  -0.9824000   0.0000000  -0.2588467   0.0000000
 96.1264032  19.3331963 155.5633366  -0.1815000  -0.9834000   0.0000000  -1.3944824   0.0000000
 96.4823292  18.6651685 -13.8175919  -0.1849000  -0.9828000   0.0000000   0.3361380   0.0000000
 96.1423998  19.5092036  72.8613684  -0.1812000  -0.9834000   0.0000000  -1.4184371   0.0000000
 96.3443579  18.9051785   8.9697731  -0.1836000  -0.9830000   0.0000000   0.9640810   0.0000000
 96.5963055  16.7830902 -40.0649530  -0.1892000  -0.9819000   0.0000000   0.1358814   0.0000000
 96.3623541  19.4692020  82.8447396  -0.1825000  -0.9832000   0.0000000   0.5341473   0.0000000
 96.4783300  18.2851527  -9.1979099  -0.1856000  -0.9826000   0.0000000   0.3458740   0.0000000
 96.4723313  18.0571432   4.6785384  -0.1861000  -0.9825000   0.0000000  -0.3108461   0.0000000
 95.9344431  16.6370841 -31.5943876  -0.1864000  -0.9825000   0.0000000   0.4928187   0.0000000
 96.2483778  19.6092078  40.2207984  -0.1816000  -0.9834000   0.0000000   1.2329214   0.0000000
 96.1763928  19.1151872 163.6752988  -0.1823000  -0.9832000   0.0000000  -0.9120129   0.0000000
 96.4003462  16.5310797 -42.7700624  -0.1888000  -0.9820000   0.0000000   0.1435894   0.0000000
 96.5743101  17.0471012 -38.4937372  -0.1886000  -0.9821000   0.0000000   0.1080607   0.0000000
 96.3103649  19.5832067  39.5761846  -0.1820000  -0.9833000   0.0000000   0.5486509   0.0000000
 97.8580432  17.7511305 554.8199444  -0.1936000  -0.9811000   0.0000000   0.6390793   0.0000000
 96.2663741  19.5832067  29.5249519  -0.1817000  -0.9834000   0.0000000   1.0480133   0.0000000
 96.5503150  17.9591391  -9.1313810  -0.1867000  -0.9824000   0.0000000   0.3513163   0.0000000
 96.3023666  18.6411675 190.1201725  -0.1840000  -0.9829000   0.0000000  -1.4227648   0.0000000
 96.3803504  17.4351173 -27.7913786  -0.1869000  -0.9824000   0.0000000   0.0670933   0.0000000
 96.2823707  19.9932238 106.7060812  -0.1809000  -0.9835000   0.0000000   0.6454691   0.0000000
 96.5183217  16.7610893 -35.2824125  -0.1889000  -0.9820000   0.0000000   0.1343835   0.0000000
 96.2323811  19.0971865 101.4437058  -0.1826000  -0.9832000   0.0000000  -1.2071414   0.0000000
 96.3103649  19.7252126  40.5536970  -0.1816000  -0.9834000   0.0000000   0.7291141   0.0000000
 96.5663117  16.8770941 -37.3689085  -0.1889000  -0.9820000   0.0000000  -0.4955272   0.0000000
 96.2263824  17.9951406 145.6279776  -0.1850000  -0.9827000   0.0000000  -0.2855536   0.0000000
 96.6183009  17.6451261 -36.4833698  -0.1876000  -0.9822000   0.0000000  -0.2839392   0.0000000
 96.4823292  17.7411301  17.3189420  -0.1868000  -0.9824000   0.0000000  -0.5081631   0.0000000
 96.2563761  17.7411301  48.1974529  -0.1857000  -0.9826000   0.0000000  -0.7734509   0.0000000
 96.4363387  19.0651852   4.4410701  -0.1838000  -0.9830000   0.0000000   0.5014716   0.0000000
 96.2903691  18.1131455  41.9090979  -0.1851000  -0.9827000   0.0000000  -0.2351830   0.0000000
 96.3723520  18.6851693  21.2501041  -0.1843000  -0.9829000   0.0000000   0.9727439   0.0000000
 96.1603961  18.8571765 108.4672278  -0.1828000  -0.9832000   0.0000000  -0.1669102   0.0000000
 97.3321525  16.8470928 -36.0615864  -0.1925000  -0.9813000   0.0000000   0.3467152   0.0000000
 96.5103234  16.9310963 -39.1157167  -0.1885000  -0.9821000   0.0000000   0.3519399   0.0000000
 96.4303400  17.3211126   0.0714315  -0.1874000  -0.9823000   0.0000000  -0.3102279   0.0000000
 96.4503358  17.2231085 -37.3405084  -0.1877000  -0.9822000   0.0000000  -0.3200971   0.0000000
 96.5163221  16.6150832 -38.7378340  -0.1891000  -0.9819000   0.0000000   0.1358510   0.0000000
 96.4583342  17.6511263  25.0729062  -0.1868000  -0.9824000   0.0000000   0.0872034   0.0000000
 96.2863699  17.8511346  34.7603608  -0.1856000  -0.9826000   0.0000000  -0.3338902   0.0000000
 98.3519406  22.6033324 1064.0750831  -0.1877000  -0.9822000   0.0000000   0.7539048   0.0000000
 96.6862868  17.0010992 -37.5605729  -0.1892000  -0.9819000   0.0000000   0.3926227   0.0000000
 96.2923687  18.3671561 115.6986934  -0.1845000  -0.9828000   0.0000000   0.3510895   0.0000000
 98.6218845  21.4372839 386.8108102  -0.1916000  -0.9815000   0.0000000   0.6412224   0.0000000
 96.6682905  16.8710938 -36.7798895  -0.1894000  -0.9819000   0.0000000   0.1340095   0.0000000
 98.1059917  19.2651935 1049.3151542  -0.1924000  -0.9813000   0.0000000   0.4607182   0.0000000
 96.4383383  17.3251127  -7.0555839  -0.1874000  -0.9823000   0.0000000  -0.2862376   0.0000000
 96.3803504  16.9230960 -39.7589588  -0.1879000  -0.9822000   0.0000000   0.2711934   0.0000000
 96.4143433  18.4871611   5.9411148  -0.1849000  -0.9828000   0.0000000   0.5366132   0.0000000
 97.4721234  22.9213457 524.2066739  -0.1814000  -0.9834000   0.0000000   0.4629104   0.0000000
 96.0844119  19.4031992 124.7210404  -0.1811000  -0.9835000   0.0000000  -0.8786197   0.0000000
 96.1983882  19.5912071  51.0825218  -0.1813000  -0.9834000   0.0000000   1.4242089   0.0000000
 96.0584173  19.1011867 193.4728156  -0.1817000  -0.9834000   0.0000000  -0.6374528   0.0000000
 96.3483570  17.2051077 -36.4025766  -0.1872000  -0.9823000   0.0000000   0.1125836   0.0000000
 96.5163221  18.1651477  -6.7744144  -0.1861000  -0.9825000   0.0000000   0.1332842   0.0000000
 98.0400054  17.1631060 147.5050922  -0.1954000  -0.9807000   0.0000000   0.0512484   0.0000000
 97.0722066  17.2951115 -24.8768134  -0.1905000  -0.9817000   0.0000000   0.3932973   0.0000000
 96.3563554  19.4171998  72.0393762  -0.1826000  -0.9832000   0.0000000   0.5308623   0.0000000
 97.6160935  19.5112037 751.9104180  -0.1893000  -0.9819000   0.0000000   0.3872918   0.0000000
 96.5643121  17.8991366 -18.7991757  -0.1869000  -0.9824000   0.0000000  -0.3124023   0.0000000
 96.5183217  17.4771191 -27.6823978  -0.1875000  -0.9823000   0.0000000  -0.2317573   0.0000000
 96.1983882  19.5412050  58.0594743  -0.1814000  -0.9834000   0.0000000  -1.2535607   0.0000000
 96.6043038  17.5611226 -36.4762670  -0.1877000  -0.9822000   0.0000000  -1.6163762   0.0000000
 96.3743516  18.2231501 110.3397372  -0.1853000  -0.9827000   0.0000000  -1.0252265   0.0000000
 96.5983051  16.6950865 -38.3518988  -0.1894000  -0.9819000   0.0000000   0.1464069   0.0000000
 96.4963263  16.7770899 -38.0730479  -0.1887000  -0.9820000   0.0000000  -0.2964711   0.0000000
 97.5860998  19.3371965 765.2152733  -0.1894000  -0.9819000   0.0000000  -0.2362506   0.0000000
 96.1264032  19.0951864 135.4516700  -0.1821000  -0.9833000   0.0000000  -1.2843177   0.0000000
 96.6262993  16.7910905 -33.8355278  -0.1893000  -0.9819000   0.0000000   0.1536556   0.0000000
 96.4523354  17.2231085 -35.6807099  -0.1877000  -0.9822000   0.0000000  -0.2902575   0.0000000
 98.3039505  22.5053284 931.5703847  -0.1876000  -0.9822000   0.0000000  -0.3275479   0.0000000
 96.1124061  18.6791691 227.4715189  -0.1829000  -0.9831000   0.0000000  -0.4488059   0.0000000
 96.2523770  18.4451594 132.8033995  -0.1842000  -0.9829000   0.0000000   0.0114070   0.0000000
 96.2163845  19.3271961  98.4080086  -0.1820000  -0.9833000   0.0000000  -1.7336158   0.0000000
 96.4603337  18.8371757  -2.2105481  -0.1844000  -0.9829000   0.0000000   0.3378766   0.0000000
 96.3303608  18.2991533 128.7325879  -0.1849000  -0.9828000   0.0000000   0.2360719   0.0000000
 96.1204044  19.5452051  61.1320886  -0.1810000  -0.9835000   0.0000000  -1.2664839   0.0000000
 96.7322772  16.8030910 -39.5454820  -0.1898000  -0.9818000   0.0000000  -0.2977012   0.0000000
 96.7202797  19.9612225 899.2138823  -0.1834000  -0.9830000   0.0000000  -0.3483575   0.0000000
 96.4863283  17.9931405   2.8006116  -0.1863000  -0.9825000   0.0000000   0.1119456   0.0000000
 98.3319447  20.3512387 768.9017055  -0.1918000  -0.9814000   0.0000000  -0.3950256   0.0000000
 96.2343807  19.5012033  52.7735789  -0.1817000  -0.9833000   0.0000000   1.4249408   0.0000000
 96.2763720  19.8392174  81.7628703  -0.1812000  -0.9834000   0.0000000   0.7079180   0.0000000
 96.1803919  18.4171582 144.3336081  -0.1839000  -0.9830000   0.0000000  -0.7379615   0.0000000
 96.3323603  19.1311879  18.5807901  -0.1831000  -0.9831000   0.0000000   0.8117515   0.0000000
 96.4123437  19.2031909  13.5624131  -0.1834000  -0.9830000   0.0000000   0.5004828   0.0000000
 96.2903691  18.6931697 194.6020224  -0.1838000  -0.9830000   0.0000000  -1.0090289   0.0000000
 96.2623749  20.3212374 204.9846201  -0.1800000  -0.9837000   0.0000000   0.5462375   0.0000000
 96.4723313  18.6691687 -11.5783170  -0.1848000  -0.9828000   0.0000000   0.3352718   0.0000000
 96.5823084  17.9231376 -10.2232185  -0.1869000  -0.9824000   0.0000000   0.1395628   0.0000000
 96.3523562  18.5251627 173.6621406  -0.1845000  -0.9828000   0.0000000  -0.7080680   0.0000000
 96.4163429  18.3251544  15.7305821  -0.1852000  -0.9827000   0.0000000   0.1798049   0.0000000
 96.3143641  17.8811359  67.1355381  -0.1857000  -0.9826000   0.0000000  -0.8212190   0.0000000
 97.6220923  21.5732896 1297.1724231  -0.1852000  -0.9827000   0.0000000  -0.5317225   0.0000000
 96.4643329  17.1831068 -28.3379788  -0.1878000  -0.9822000   0.0000000   0.0811720   0.0000000
 96.2503774  19.6232084  33.1495116  -0.1815000  -0.9834000   0.0000000   1.1642439   0.0000000
 96.3743516  18.8951781   4.0726797  -0.1838000  -0.9830000   0.0000000   0.5746009   0.0000000
 96.4363387  18.2711521  24.0710187  -0.1855000  -0.9827000   0.0000000  -0.9731371   0.0000000
 96.1763928  18.2031493  92.1250671  -0.1843000  -0.9829000   0.0000000  -0.2172569   0.0000000
 96.5683113  16.6550848 -38.7272383  -0.1893000  -0.9819000   0.0000000   0.1450668   0.0000000
 96.3803504  18.7171707   5.7606603  -0.1842000  -0.9829000   0.0000000   0.6023195   0.0000000
 96.4183425  17.5271211  31.2056076  -0.1869000  -0.9824000   0.0000000  -0.1702605   0.0000000
 96.5163221  17.1031035 -34.3458458  -0.1882000  -0.9821000   0.0000000  -0.1226289   0.0000000
 96.5423167  16.8750940 -42.6717111  -0.1888000  -0.9820000   0.0000000  -0.3686903   0.0000000
 96.2483778  18.4551598 163.2121017  -0.1841000  -0.9829000   0.0000000   0.0152073   0.0000000
 96.3143641  18.3211542 150.8626407  -0.1847000  -0.9828000   0.0000000  -0.0613577   0.0000000
 96.5503150  16.9910988 -41.1009110  -0.1886000  -0.9821000   0.0000000   0.3538905   0.0000000
 96.1763928  19.8532180  96.2755288  -0.1806000  -0.9836000   0.0000000   1.5161140   0.0000000
 98.1159896  18.1591474 1109.0417731  -0.1943000  -0.9809000   0.0000000  -0.4386334   0.0000000
 96.4563346  17.8291337  90.9110463  -0.1865000  -0.9825000   0.0000000  -0.4059092   0.0000000
 96.4043454  19.2711937  19.2032891  -0.1832000  -0.9831000   0.0000000  -0.1031699   0.0000000
 96.3463574  19.2631934  16.9471106  -0.1829000  -0.9831000   0.0000000   0.7750713   0.0000000
 96.2183840  19.0631851  67.4711306  -0.1826000  -0.9832000   0.0000000  -1.1757853   0.0000000
 96.2303815  20.1772314 107.2457895  -0.1802000  -0.9836000   0.0000000   0.5058832   0.0000000
 98.2759564  21.6672935 565.0980062  -0.1891000  -0.9820000   0.0000000  -0.0968176   0.0000000
 96.2663741  18.2791524 240.9167744  -0.1846000  -0.9828000   0.0000000  -1.0648954   0.0000000
 96.1623957  19.1511887 160.9753118  -0.1821000  -0.9833000   0.0000000  -1.4903867   0.0000000
 96.5123229  18.9831817  26.6009033  -0.1844000  -0.9829000   0.0000000  -0.0013883   0.0000000
 96.3183633  18.3271544 146.3994826  -0.1847000  -0.9828000   0.0000000   0.8053660   0.0000000
 96.4343392  19.0791857   0.4630909  -0.1837000  -0.9830000   0.0000000   0.5336542   0.0000000
 96.6462951  17.4651186 -35.3172018  -0.1881000  -0.9821000   0.0000000  -0.4887176   0.0000000
 96.5403171  16.8310922 -41.1659408  -0.1888000  -0.9820000   0.0000000  -0.3021788   0.0000000
 96.7182801  16.9330964 -36.6329998  -0.1895000  -0.9819000   0.0000000   0.3819266   0.0000000
 98.4479206  21.8092994 1343.5457986  -0.1899000  -0.9818000   0.0000000  -0.4417026   0.0000000
 96.1783924  19.4212000 110.4889751  -0.1816000  -0.9834000   0.0000000  -1.3104053   0.0000000
 96.1643953  19.4332005 137.1222310  -0.1815000  -0.9834000   0.0000000  -1.4590523   0.0000000
 96.3503566  17.3711146  27.4177539  -0.1869000  -0.9824000   0.0000000   0.5179490   0.0000000
 96.2303815  18.8211750 115.8545963  -0.1832000  -0.9831000   0.0000000  -0.8403994   0.0000000
 96.6143017  17.5751231 -39.4736713  -0.1878000  -0.9822000   0.0000000  -1.6752360   0.0000000
 96.4963263  18.4191583  -7.6940794  -0.1855000  -0.9827000   0.0000000   0.0356468   0.0000000
 96.2403795  19.9232209  65.8692410  -0.1808000  -0.9835000   0.0000000   0.9540435   0.0000000
 98.3159480  19.9492220 1119.5464982  -0.1924000  -0.9813000   0.0000000   0.2112077   0.0000000
 96.5543142  17.5091204 -35.8345454  -0.1876000  -0.9822000   0.0000000  -0.5058048   0.0000000
 96.6063034  17.6731272 -35.3044058  -0.1875000  -0.9823000   0.0000000  -0.2458331   0.0000000
 96.3163637  18.4251585 114.1483324  -0.1845000  -0.9828000   0.0000000  -0.5328045   0.0000000
 96.5583134  17.6751273 -24.0735620  -0.1873000  -0.9823000   0.0000000  -0.1215150   0.0000000
 97.5241126  17.0271003 -28.3431828  -0.1932000  -0.9812000   0.0000000  -0.5334026   0.0000000
 96.1963886  18.2911529 103.6795899  -0.1842000  -0.9829000   0.0000000  -0.5628239   0.0000000
 96.4443371  16.5710813 -39.8779077  -0.1889000  -0.9820000   0.0000000   0.1350334   0.0000000
 96.5223209  16.8690938 -40.9850532  -0.1887000  -0.9820000   0.0000000  -0.2838349   0.0000000
 96.5063242  18.5491637 -11.0961445  -0.1852000  -0.9827000   0.0000000   0.3061005   0.0000000
 96.3203628  18.2111496 139.1704728  -0.1850000  -0.9827000   0.0000000   0.1363728   0.0000000
 98.2139692  21.9093035 760.2249654  -0.1882000  -0.9821000   0.0000000   0.4762030   0.0000000
 96.1044077  19.3811983 110.8982210  -0.1813000  -0.9834000   0.0000000  -1.2338763   0.0000000
 96.5603130  17.0931031 -39.7433741  -0.1884000  -0.9821000   0.0000000   0.1345329   0.0000000
 96.2703732  20.3032367 250.7985602  -0.1801000  -0.9837000   0.0000000   0.4883707   0.0000000
 96.3123645  19.2591932  16.6928563  -0.1827000  -0.9832000   0.0000000   0.9555640   0.0000000
 96.1603961  19.0351839 112.1789576  -0.1824000  -0.9832000   0.0000000  -0.7859417   0.0000000
 96.5403171  17.3591141 -37.4157279  -0.1878000  -0.9822000   0.0000000  -0.0495323   0.0000000
 96.3363595  19.7592141 203.5519909  -0.1817000  -0.9834000   0.0000000   0.3459656   0.0000000
 96.4123437  17.5951240  26.9270430  -0.1867000  -0.9824000   0.0000000  -0.7295439   0.0000000
 96.5943059  16.6370841 -39.4450182  -0.1895000  -0.9819000   0.0000000   0.1533401   0.0000000
 96.2463782  18.0911446 139.9447498  -0.1849000  -0.9828000   0.0000000  -0.0191193   0.0000000
 97.2501696  22.6733353 911.8928377  -0.1805000  -0.9836000   0.0000000  -0.2707855   0.0000000
 96.3623541  18.4051577 256.1157134  -0.1848000  -0.9828000   0.0000000  -0.7229878   0.0000000
 96.3503566  18.5011617 120.8662385  -0.1845000  -0.9828000   0.0000000  -0.5220394   0.0000000
 96.4643329  16.5150790 -38.0042492  -0.1891000  -0.9820000   0.0000000   0.1446195   0.0000000
 96.5623126  17.5331214 -38.6158167  -0.1876000  -0.9822000   0.0000000  -1.0667627   0.0000000
 96.4743308  17.8451344  34.0186646  -0.1865000  -0.9824000   0.0000000   0.1082896   0.0000000
 96.1643953  19.5372048  72.7030633  -0.1813000  -0.9834000   0.0000000  -1.4768648   0.0000000
 96.2243828  19.7532138  45.8275960  -0.1811000  -0.9835000   0.0000000   1.1671587   0.0000000
 96.3783508  18.1871486 236.3070348  -0.1853000  -0.9827000   0.0000000  -0.3156784   0.0000000
 96.5023250  16.8790942 -41.3969899  -0.1886000  -0.9821000   0.0000000   0.1440881   0.0000000
 96.5563138  18.0891445  -5.8083064  -0.1864000  -0.9825000   0.0000000   0.1253052   0.0000000
 96.3783508  17.3871153  -3.6932217  -0.1870000  -0.9824000   0.0000000   0.0269052   0.0000000
 96.6382968  17.0351007 -37.1624965  -0.1889000  -0.9820000   0.0000000   0.3461149   0.0000000
 95.7144888  16.8670937 -41.4115770  -0.1849000  -0.9828000   0.0000000  -0.3075564   0.0000000
 96.4583342  18.1751481  10.2568125  -0.1858000  -0.9826000   0.0000000   0.5368091   0.0000000
 96.3043662  18.6731688 219.2530891  -0.1839000  -0.9829000   0.0000000  -1.4365764   0.0000000
 96.2603753  18.7671728 152.6770511  -0.1835000  -0.9830000   0.0000000  -1.2180991   0.0000000
 96.1344015  18.6091662 229.2202326  -0.1832000  -0.9831000   0.0000000  -0.3310764   0.0000000
 96.9002423  22.3913236 1012.1157642  -0.1789000  -0.9839000   0.0000000  -0.5366870   0.0000000
 96.4123437  18.9391799   2.2801479  -0.1839000  -0.9829000   0.0000000   0.5316769   0.0000000
 96.5183217  17.6791275 -12.9607006  -0.1871000  -0.9823000   0.0000000   0.3289822   0.0000000
 96.2203836  19.3391966  69.4507312  -0.1820000  -0.9833000   0.0000000  -1.6902030   0.0000000
 96.4623333  17.5811234  29.6190851  -0.1870000  -0.9824000   0.0000000   0.1392333   0.0000000
 96.3243620  17.8271336  46.3391654  -0.1858000  -0.9826000   0.0000000   0.3372450   0.0000000
 96.1943890  18.3611559 185.9770682  -0.1840000  -0.9829000   0.0000000  -0.7457427   0.0000000
 96.1324019  19.5892070  54.2277340  -0.1810000  -0.9835000   0.0000000  -1.4811521   0.0000000
 96.3423583  18.5431634 356.9002871  -0.1844000  -0.9828000   0.0000000  -0.6987824   0.0000000
 97.7220715  20.1772314 500.1215216  -0.1886000  -0.9821000   0.0000000   0.1570588   0.0000000
 96.3503566  17.9511388 126.4816903  -0.1857000  -0.9826000   0.0000000  -0.2169625   0.0000000
 96.2983674  19.2551931  20.6385150  -0.1826000  -0.9832000   0.0000000   0.9710848   0.0000000
 96.2723728  20.0752272 256.9109193  -0.1806000  -0.9836000   0.0000000   0.7160999   0.0000000
 96.1064073  18.9091787 171.5156435  -0.1824000  -0.9832000   0.0000000   0.0501285   0.0000000
 96.2323811  17.9171374  97.7723613  -0.1852000  -0.9827000   0.0000000  -0.0464243   0.0000000
 96.4883279  18.4451594  -5.0373169  -0.1854000  -0.9827000   0.0000000   0.3105448   0.0000000
 96.3643537  17.3911155  19.2184412  -0.1869000  -0.9824000   0.0000000   0.4241237   0.0000000
 96.4203421  17.6371257  68.7766275  -0.1867000  -0.9824000   0.0000000   0.0682347   0.0000000
 96.2463782  19.5892070  37.6211255  -0.1816000  -0.9834000   0.0000000   1.3683457   0.0000000
 96.5343184  17.1591058 -39.5656132  -0.1882000  -0.9821000   0.0000000  -0.4989878   0.0000000
 96.5083238  16.6170833 -42.2257693  -0.1891000  -0.9820000   0.0000000   0.1431983   0.0000000
 96.3963470  17.2451094 -20.5520851  -0.1874000  -0.9823000   0.0000000  -0.2849924   0.0000000
 96.9262369  22.3813232 940.0028210  -0.1791000  -0.9838000   0.0000000  -0.3663387   0.0000000
 96.1583965  19.5612058  53.5424837  -0.1812000  -0.9834000   0.0000000  -1.4099442   0.0000000
 96.3503566  17.9071370  58.1841895  -0.1858000  -0.9826000   0.0000000  -0.5034968   0.0000000
 96.1983882  18.4411592 148.4622914  -0.1839000  -0.9829000   0.0000000  -0.7935462   0.0000000
 96.7402756  16.7270878 -49.7987171  -0.1900000  -0.9818000   0.0000000  -0.3652357   0.0000000
 96.4083446  17.3891154  14.7176863  -0.1871000  -0.9823000   0.0000000   0.1008882   0.0000000
 96.3443579  18.4751606 364.8184984  -0.1846000  -0.9828000   0.0000000  -0.7195331   0.0000000
 96.4383383  17.8671353  23.2032181  -0.1863000  -0.9825000   0.0000000   0.2503283   0.0000000
 98.1859751  19.1691895 1385.6821666  -0.1930000  -0.9812000   0.0000000   0.2794775   0.0000000
 96.4703317  17.4071161 -33.1580011  -0.1874000  -0.9823000   0.0000000   0.1373091   0.0000000
 96.3023666  17.4911196 -24.9260497  -0.1864000  -0.9825000   0.0000000  -0.3399388   0.0000000
 96.6782884  17.1471053 -37.3807306  -0.1889000  -0.9820000   0.0000000   0.1352669   0.0000000
 96.6862868  16.6830860 -39.8067471  -0.1898000  -0.9818000   0.0000000   0.1529012   0.0000000
 97.2821629  20.0652268 875.0309519  -0.1863000  -0.9825000   0.0000000   0.3920441   0.0000000
 96.5563138  17.6251252 -30.0284251  -0.1874000  -0.9823000   0.0000000   0.1543272   0.0000000
 96.2423791  19.3271961  49.3308623  -0.1822000  -0.9833000   0.0000000   1.5918183   0.0000000
 96.1643953  18.7091703 174.6993593  -0.1831000  -0.9831000   0.0000000  -0.7776268   0.0000000
 96.2363803  19.5812066  36.2914926  -0.1816000  -0.9834000   0.0000000   1.4089059   0.0000000
 96.6722897  16.8350923 -36.9953704  -0.1895000  -0.9819000   0.0000000   0.3817328   0.0000000
 97.4801218  22.2393173 858.9823943  -0.1829000  -0.9831000   0.0000000   0.1495544   0.0000000
 96.1883903  19.8672185  85.8525647  -0.1806000  -0.9835000   0.0000000   1.1673723   0.0000000
 96.3043662  18.3991574 109.5607839  -0.1845000  -0.9828000   0.0000000  -0.5932852   0.0000000
 96.4783300  16.6690854 -40.2062822  -0.1889000  -0.9820000   0.0000000   0.3077300   0.0000000
 96.3983466  18.2411509 161.0500583  -0.1853000  -0.9827000   0.0000000  -0.5003215   0.0000000
 97.9300283  19.7992157 800.9099604  -0.1905000  -0.9817000   0.0000000  -0.3751407   0.0000000
 96.1903899  19.6332088  51.6087452  -0.1812000  -0.9834000   0.0000000   1.2917867   0.0000000
 96.3263616  18.3091537 126.6905745  -0.1848000  -0.9828000   0.0000000   0.1098532   0.0000000
 96.1044077  18.9711812 138.3420955  -0.1822000  -0.9833000   0.0000000   0.1598878   0.0000000
 96.4023458  17.8011325  76.8896509  -0.1863000  -0.9825000   0.0000000   0.4540648   0.0000000
 96.2003878  18.3491554 186.4986221  -0.1841000  -0.9829000   0.0000000  -0.1684963   0.0000000
 96.1284027  19.5412050  62.7259927  -0.1811000  -0.9835000   0.0000000  -1.2678720   0.0000000
 96.3403587  19.2691937  18.7116702  -0.1828000  -0.9831000   0.0000000   0.7649785   0.0000000
 96.4343392  17.1631060 -16.0925404  -0.1877000  -0.9822000   0.0000000  -0.1878478   0.0000000
 96.2563761  19.8112162  50.2786005  -0.1811000  -0.9835000   0.0000000   0.3068627   0.0000000
 96.1763928  19.4051993 108.1100018  -0.1816000  -0.9834000   0.0000000  -1.6053835   0.0000000
 96.6602922  17.1251044 -37.4519663  -0.1889000  -0.9820000   0.0000000  -0.3823419   0.0000000
 96.4663325  16.6210834 -39.9474190  -0.1889000  -0.9820000   0.0000000  -0.3101978   0.0000000
 96.3583549  16.9590975 -38.6574802  -0.1877000  -0.9822000   0.0000000   0.1978693   0.0000000
 96.5743101  17.7891320 -19.3739534  -0.1871000  -0.9823000   0.0000000   0.3933610   0.0000000
 96.4563346  16.4970783 -41.0311941  -0.1891000  -0.9820000   0.0000000  -0.1409870   0.0000000
 97.7320694  20.0432259 372.3936949  -0.1889000  -0.9820000   0.0000000  -0.4360061   0.0000000
 96.4923271  17.7671311  -1.0254403  -0.1868000  -0.9824000   0.0000000  -1.1914152   0.0000000
 96.6163013  16.6770858 -39.1957111  -0.1895000  -0.9819000   0.0000000   0.1455770   0.0000000
 96.4203421  18.3111538  15.2657416  -0.1853000  -0.9827000   0.0000000   0.3140552   0.0000000
 96.3463574  19.6392091 120.0103908  -0.1820000  -0.9833000   0.0000000   0.4515518   0.0000000
 96.1204044  18.5291629 223.8136047  -0.1833000  -0.9831000   0.0000000  -0.7595592   0.0000000
 96.3803504  17.0311005 -40.5323388  -0.1877000  -0.9822000   0.0000000  -0.0634944   0.0000000
 96.2683736  17.8391341  45.6926290  -0.1855000  -0.9826000   0.0000000  -0.7977601   0.0000000
 96.3343599  17.6691271  24.0689984  -0.1862000  -0.9825000   0.0000000  -0.2960643   0.0000000
 96.2123853  19.0171832  87.5400454  -0.1827000  -0.9832000   0.0000000  -1.3425709   0.0000000
 96.5083238  17.1591058 -36.2563086  -0.1881000  -0.9822000   0.0000000  -0.4515414   0.0000000
 96.4943267  17.1871070 -36.0024118  -0.1879000  -0.9822000   0.0000000   0.3585915   0.0000000
 96.3463574  18.2151498 174.2362760  -0.1851000  -0.9827000   0.0000000   0.3311930   0.0000000
 97.9160312  18.1571474 216.1386925  -0.1933000  -0.9811000   0.0000000   0.2313912   0.0000000
 96.4763304  17.4171166 -31.8772049  -0.1874000  -0.9823000   0.0000000   0.3368466   0.0000000
 96.3303608  16.6690854 -41.4717314  -0.1882000  -0.9821000   0.0000000   0.1406720   0.0000000
 96.3363595  17.6431260   7.1508874  -0.1863000  -0.9825000   0.0000000   0.3721021   0.0000000
 96.2303815  18.1131455 144.8317859  -0.1848000  -0.9828000   0.0000000  -0.1846426   0.0000000
 96.2243828  20.1452301  97.8285896  -0.1802000  -0.9836000   0.0000000   0.9444878   0.0000000
 96.6223001  17.2831110 -36.9635160  -0.1884000  -0.9821000   0.0000000   0.3644626   0.0000000
 95.7264863  17.5411217 -38.2686554  -0.1835000  -0.9830000   0.0000000   0.0948166   0.0000000
 97.9720195  20.5272460 1013.0600375  -0.1894000  -0.9819000   0.0000000   0.6710963   0.0000000
 96.3863491  18.7571723   3.3743907  -0.1842000  -0.9829000   0.0000000   0.5550449   0.0000000
 96.2003878  18.1811484 121.3941789  -0.1845000  -0.9828000   0.0000000  -0.4132629   0.0000000
 96.3203628  17.2591100 -18.1831531  -0.1870000  -0.9824000   0.0000000  -0.6278570   0.0000000
 96.4443371  16.5570808 -41.7714536  -0.1889000  -0.9820000   0.0000000   0.1444788   0.0000000
 97.7380682  20.8712603 978.4127379  -0.1873000  -0.9823000   0.0000000  -0.1058554   0.0000000
 96.0684152  19.1691895 138.9768812  -0.1816000  -0.9834000   0.0000000  -0.8415220   0.0000000
 96.5943059  17.6731272 -30.3454152  -0.1875000  -0.9823000   0.0000000  -0.1171308   0.0000000
 96.1563969  18.4711604 176.0395250  -0.1836000  -0.9830000   0.0000000  -1.6209407   0.0000000
 96.4803296  18.6851693 -15.0616393  -0.1848000  -0.9828000   0.0000000   0.3342209   0.0000000
 96.2443786  19.8352172  53.7331390  -0.1810000  -0.9835000   0.0000000   1.2686660   0.0000000
 96.3083653  16.9290963 -38.1558587  -0.1876000  -0.9823000   0.0000000  -0.3364015   0.0000000
 96.5243204  16.6070828 -36.1778028  -0.1892000  -0.9819000   0.0000000   0.1449276   0.0000000
 96.2583757  17.6591266   5.4387457  -0.1859000  -0.9826000   0.0000000   0.5177842   0.0000000
 98.5798932  20.1092286 971.1778397  -0.1937000  -0.9811000   0.0000000   0.2566426   0.0000000
 96.1783924  19.9912237 113.5046682  -0.1803000  -0.9836000   0.0000000   1.3622097   0.0000000
 96.2503774  19.8692186  58.8256915  -0.1810000  -0.9835000   0.0000000   1.2888917   0.0000000
 96.0244244  18.9271794 219.3854912  -0.1819000  -0.9833000   0.0000000  -0.3514238   0.0000000
 96.2903691  18.7611725 270.0406540  -0.1837000  -0.9830000   0.0000000  -1.4366699   0.0000000
 96.4883279  17.2351090 -36.9525161  -0.1878000  -0.9822000   0.0000000   0.2321855   0.0000000
 96.3983466  18.8071744  -5.2747428  -0.1841000  -0.9829000   0.0000000   0.3642518   0.0000000
 96.5363180  17.2951115 -37.0262069  -0.1879000  -0.9822000   0.0000000  -0.2893382   0.0000000
 96.1663948  19.3471969  99.9047206  -0.1817000  -0.9834000   0.0000000  -1.5685955   0.0000000
 96.6462951  17.0571016 -40.2648187  -0.1889000  -0.9820000   0.0000000   0.1521886   0.0000000
 96.4423375  17.1331047 -30.2974307  -0.1878000  -0.9822000   0.0000000  -0.7197316   0.0000000
 96.5163221  16.5790817 -41.8300069  -0.1892000  -0.9819000   0.0000000   0.1276003   0.0000000
 96.1384007  18.8571765 136.8831873  -0.1827000  -0.9832000   0.0000000  -0.9925506   0.0000000
 96.3243620  19.4732021  41.4845634  -0.1823000  -0.9832000   0.0000000   0.7294086   0.0000000
 97.1022003  19.2131913 1000.4384093  -0.1870000  -0.9824000   0.0000000  -0.0675796   0.0000000
 96.3563554  19.1211875  11.8488299  -0.1832000  -0.9831000   0.0000000   0.3614576   0.0000000
 96.5983051  16.7830902 -40.0859166  -0.1892000  -0.9819000   0.0000000   0.1345636   0.0000000
 96.1064073  18.8411758 187.5613571  -0.1825000  -0.9832000   0.0000000  -0.5138262   0.0000000
 96.5403171  19.8792190 378.2428169  -0.1826000  -0.9832000   0.0000000   0.3213558   0.0000000
 96.2483778  19.0551847  50.6696206  -0.1828000  -0.9831000   0.0000000  -2.0461609   0.0000000
 96.1304023  18.2731522 196.4337334  -0.1839000  -0.9829000   0.0000000  -0.0151432   0.0000000
 96.6782884  20.5292461 1370.2816212  -0.1819000  -0.9833000   0.0000000   0.3347845   0.0000000
 96.1963886  18.4031576 135.3152573  -0.1840000  -0.9829000   0.0000000  -0.2919070   0.0000000
 96.6302984  17.2171082 -37.9038307  -0.1885000  -0.9821000   0.0000000   0.1405763   0.0000000
 96.3263616  19.6192082  93.2374085  -0.1820000  -0.9833000   0.0000000   0.9470685   0.0000000
 97.9880162  17.4591183 273.5003382  -0.1947000  -0.9809000   0.0000000  -0.2798770   0.0000000
 96.1763928  19.8512179  92.4540774  -0.1806000  -0.9836000   0.0000000   1.5318000   0.0000000
 96.3443579  18.7871736  12.2880708  -0.1839000  -0.9829000   0.0000000   1.3847997   0.0000000
 98.3419426  22.1313128 867.1818236  -0.1886000  -0.9821000   0.0000000  -0.1171669   0.0000000
 96.3563554  19.7872152 143.2760573  -0.1818000  -0.9833000   0.0000000   0.7202292   0.0000000
 96.5983051  16.7630893 -40.1083598  -0.1892000  -0.9819000   0.0000000  -0.4722680   0.0000000
 96.4043454  18.1471469 161.0019806  -0.1856000  -0.9826000   0.0000000  -0.2505670   0.0000000
 96.5363180  17.3691146 -35.5297823  -0.1878000  -0.9822000   0.0000000  -0.1856763   0.0000000
 96.5283196  16.7450886 -39.2838424  -0.1890000  -0.9820000   0.0000000   0.2937336   0.0000000
 96.1863907  19.2871944 100.8480624  -0.1820000  -0.9833000   0.0000000  -1.9040180   0.0000000
 96.4743308  17.9431385  31.0783922  -0.1863000  -0.9825000   0.0000000  -0.2638874   0.0000000
 96.2903691  18.1571474  64.7236208  -0.1850000  -0.9827000   0.0000000  -1.0064532   0.0000000
 96.1004086  19.2531930 105.1534259  -0.1816000  -0.9834000   0.0000000  -0.7804565   0.0000000
 96.1124061  19.2351922  65.5260107  -0.1817000  -0.9834000   0.0000000  -0.9749978   0.0000000
 97.4901197  17.2351090 -26.8588694  -0.1926000  -0.9813000   0.0000000   0.3658201   0.0000000
 96.3683529  18.1271461 128.5633779  -0.1854000  -0.9827000   0.0000000  -0.3871017   0.0000000
 96.3183633  18.8991783  17.0019988  -0.1835000  -0.9830000   0.0000000   0.6948046   0.0000000
 96.5003254  17.3351132 -26.1902865  -0.1877000  -0.9822000   0.0000000  -0.2721890   0.0000000
 96.1843911  19.7572140  68.1133000  -0.1809000  -0.9835000   0.0000000   1.4204550   0.0000000
 96.2163845  19.1231876 117.8510180  -0.1825000  -0.9832000   0.0000000  -1.4950271   0.0000000
 97.0982012  22.2713186 666.5928951  -0.1805000  -0.9836000   0.0000000  -0.3167550   0.0000000
 96.4783300  18.0951448   6.8568437  -0.1860000  -0.9825000   0.0000000   0.3407272   0.0000000
 97.5880993  21.9953071 1065.4256847  -0.1841000  -0.9829000   0.0000000  -0.6440648   0.0000000
 96.3163637  20.5172456 814.9254811  -0.1798000  -0.9837000   0.0000000   0.5007399   0.0000000
 96.3803504  17.8751356 112.2573162  -0.1860000  -0.9825000   0.0000000  -0.3490472   0.0000000
 96.2883695  17.5951240 -17.8729446  -0.1861000  -0.9825000   0.0000000  -0.0385164   0.0000000
 96.5663117  17.1651061 -38.3315634  -0.1883000  -0.9821000   0.0000000   0.1556929   0.0000000
 96.5823084  17.4931197 -36.6053113  -0.1878000  -0.9822000   0.0000000  -0.1254174   0.0000000
 96.5583134  17.0551015 -40.9486112  -0.1885000  -0.9821000   0.0000000  -0.0152253   0.0000000
 96.1643953  19.0871861 101.0550230  -0.1823000  -0.9832000   0.0000000  -1.4634823   0.0000000
 96.3703525  18.4311588 316.8232851  -0.1848000  -0.9828000   0.0000000  -0.9454339   0.0000000
 96.1463990  19.7312129  64.7923478  -0.1807000  -0.9835000   0.0000000  -2.3143489   0.0000000
 96.5283196  17.4751190 -30.1057645  -0.1875000  -0.9823000   0.0000000   0.1180810   0.0000000
 96.5143225  17.7911321 -11.3440389  -0.1868000  -0.9824000   0.0000000   0.3275324   0.0000000
 96.5403171  16.9190958 -41.3022766  -0.1887000  -0.9820000   0.0000000   0.1516353   0.0000000
 96.5683113  18.5571640 -19.3560350  -0.1855000  -0.9826000   0.0000000   0.1258049   0.0000000
 97.6140939  22.9513469 799.0232544  -0.1822000  -0.9833000   0.0000000  -0.9492042   0.0000000
 96.4123437  18.7191708  -5.9436291  -0.1844000  -0.9829000   0.0000000   0.5506998   0.0000000
 96.5923063  17.3831151 -34.8015120  -0.1880000  -0.9822000   0.0000000  -0.1359326   0.0000000
 96.3503566  16.9030952 -39.0344149  -0.1878000  -0.9822000   0.0000000  -0.2816887   0.0000000
 97.5521068  21.0332671 1306.5073388  -0.1859000  -0.9826000   0.0000000   0.0467078   0.0000000
 96.4283404  17.9051369  92.7210961  -0.1862000  -0.9825000   0.0000000  -0.8056524   0.0000000
 96.2263824  19.8552180  55.4914324  -0.1809000  -0.9835000   0.0000000   1.5783494   0.0000000
 96.4223416  18.4751606   5.1109610  -0.1850000  -0.9827000   0.0000000   0.4928871   0.0000000
 96.4063450  19.6732105 646.8991429  -0.1823000  -0.9832000   0.0000000   0.2290207   0.0000000
 96.4843288  17.6391258  -1.8647810  -0.1870000  -0.9824000   0.0000000   0.5399871   0.0000000
 96.5203213  18.2891529 -16.6257069  -0.1859000  -0.9826000   0.0000000   0.1259358   0.0000000
 95.7924726  16.2070662 -43.3298735  -0.1867000  -0.9824000   0.0000000  -0.8722119   0.0000000
 96.3443579  18.2831526 168.7093001  -0.1850000  -0.9827000   0.0000000  -0.8147202   0.0000000
 98.2539609  20.2492344 1008.0531917  -0.1915000  -0.9815000   0.0000000   0.5101007   0.0000000
 96.1863907  19.8832192  82.1518371  -0.1806000  -0.9836000   0.0000000   1.1661977   0.0000000
 96.5363180  17.9211375 -12.1014543  -0.1867000  -0.9824000   0.0000000  -0.3348103   0.0000000
 96.4283404  18.3571557   3.3804589  -0.1852000  -0.9827000   0.0000000   0.1446679   0.0000000
 96.5443163  16.6470845 -38.9893391  -0.1892000  -0.9819000   0.0000000   0.0371806   0.0000000
 96.4203421  18.7371715 -10.4057378  -0.1844000  -0.9829000   0.0000000   0.4462441   0.0000000
 96.3323603  19.5332046  43.4808522  -0.1822000  -0.9833000   0.0000000   0.8687526   0.0000000
 96.7722689  16.8870945 -36.6705224  -0.1898000  -0.9818000   0.0000000   0.1552752   0.0000000
 96.6143017  17.1571057 -38.1779726  -0.1886000  -0.9821000   0.0000000   0.3423890   0.0000000
 96.3643537  19.2991949  27.1186430  -0.1829000  -0.9831000   0.0000000   0.5304908   0.0000000
 96.5563138  17.0271003 -37.9916328  -0.1885000  -0.9821000   0.0000000   0.2043303   0.0000000
 96.3783508  19.3991991 105.3039719  -0.1827000  -0.9832000   0.0000000   0.7440185   0.0000000
 96.4523354  16.7550890 -39.1513165  -0.1886000  -0.9821000   0.0000000   0.1609621   0.0000000
 96.4263408  16.7630893 -39.8773398  -0.1884000  -0.9821000   0.0000000   0.2833310   0.0000000
 96.3143641  17.6891279  26.9294160  -0.1861000  -0.9825000   0.0000000  -0.8083942   0.0000000
 96.3983466  16.9310963 -39.5444494  -0.1880000  -0.9822000   0.0000000   0.5674490   0.0000000
 96.0404210  19.1971907 158.7243552  -0.1814000  -0.9834000   0.0000000   0.2808056   0.0000000
 98.2499618  18.8591766 957.5271390  -0.1939000  -0.9810000   0.0000000  -0.6416791   0.0000000
 96.3503566  17.1911072 -33.4884455  -0.1872000  -0.9823000   0.0000000   0.1118422   0.0000000
 96.2203836  20.0752272  94.7816394  -0.1803000  -0.9836000   0.0000000   0.7267816   0.0000000
 96.5143225  18.3551556 -11.0535030  -0.1857000  -0.9826000   0.0000000   0.2161716   0.0000000
 96.4503358  17.0931031 -41.6011292  -0.1879000  -0.9822000   0.0000000  -0.2987275   0.0000000
 96.6502943  17.5711230 -36.3665454  -0.1879000  -0.9822000   0.0000000  -0.5055689   0.0000000
 98.1539817  21.3192790 947.6546894  -0.1890000  -0.9820000   0.0000000   0.6857539   0.0000000
 96.4043454  17.0971032 -36.2913363  -0.1877000  -0.9822000   0.0000000  -0.4769406   0.0000000
 96.6782884  17.2231085 -35.8065051  -0.1887000  -0.9820000   0.0000000  -0.2441110   0.0000000
 96.4743308  17.9891404  24.1140558  -0.1862000  -0.9825000   0.0000000  -0.7242253   0.0000000
 96.2703732  18.5931655 140.0583827  -0.1839000  -0.9829000   0.0000000  -0.3326361   0.0000000
 97.8940357  20.1552305 262.5986719  -0.1896000  -0.9819000   0.0000000  -0.0549412   0.0000000
 96.3803504  17.3811151  -3.8916009  -0.1870000  -0.9824000   0.0000000  -0.3997051   0.0000000
 98.2319655  20.6212499 958.3983004  -0.1907000  -0.9816000   0.0000000   0.5055829   0.0000000
 96.4823292  18.4211584  -6.7908198  -0.1854000  -0.9827000   0.0000000   0.2150542   0.0000000
 96.7302776  19.0811858 717.2164247  -0.1853000  -0.9827000   0.0000000  -0.2561885   0.0000000
 96.2883695  17.8211334  41.1688052  -0.1857000  -0.9826000   0.0000000  -0.3588058   0.0000000
 96.2243828  19.6552097  38.9696636  -0.1813000  -0.9834000   0.0000000   1.3827882   0.0000000
 97.2401717  18.6591683 629.4326505  -0.1888000  -0.9820000   0.0000000   1.2908862   0.0000000
 96.3883487  19.3391966  70.5609052  -0.1829000  -0.9831000   0.0000000   0.5200772   0.0000000
 96.3903483  18.8131747  -2.0976346  -0.1841000  -0.9829000   0.0000000   0.5961060   0.0000000
 96.3703525  17.7951323  64.7126317  -0.1861000  -0.9825000   0.0000000  -0.7398638   0.0000000
 96.9822253  17.9811400  52.1450675  -0.1888000  -0.9820000   0.0000000   0.2013148   0.0000000
 96.2483778  19.6032076  32.8334639  -0.1816000  -0.9834000   0.0000000   1.3098578   0.0000000
 96.5683113  17.8931364 -17.5451395  -0.1869000  -0.9824000   0.0000000  -0.4637843   0.0000000
 96.6003047  17.0271003 -39.4056953  -0.1888000  -0.9820000   0.0000000  -0.2304822   0.0000000
 96.2843703  18.7571723 267.9733098  -0.1836000  -0.9830000   0.0000000  -1.4916744   0.0000000
 96.3823500  19.2531930  15.9784530  -0.1831000  -0.9831000   0.0000000   0.7584008   0.0000000
 96.3843495  18.8031743  -2.6852666  -0.1841000  -0.9829000   0.0000000   0.3516833   0.0000000
 96.4043454  18.5811650   1.8518942  -0.1846000  -0.9828000   0.0000000   0.5564181   0.0000000
 96.2483778  17.8031326  70.8360756  -0.1855000  -0.9826000   0.0000000  -0.2918193   0.0000000
 96.1643953  19.4752022 114.7783022  -0.1814000  -0.9834000   0.0000000  -1.6659386   0.0000000
 96.2683736  18.4531597 172.2056570  -0.1842000  -0.9829000   0.0000000  -0.4345594   0.0000000
 96.2663741  20.3612391 194.3802494  -0.1799000  -0.9837000   0.0000000   0.4969099   0.0000000
 96.5723105  16.8630935 -41.4458585  -0.1889000  -0.9820000   0.0000000  -0.3068996   0.0000000
 96.1483986  19.7512137  64.8284964  -0.1807000  -0.9835000   0.0000000  -2.1325157   0.0000000
 96.4743308  17.5791233  14.4350574  -0.1871000  -0.9823000   0.0000000  -0.0966912   0.0000000
 96.3923479  18.1931489 216.8630185  -0.1854000  -0.9827000   0.0000000  -0.6955152   0.0000000
 97.5860998  21.7552971 1039.7754678  -0.1846000  -0.9828000   0.0000000  -0.2469755   0.0000000
 96.6143017  17.4931197 -35.2239098  -0.1879000  -0.9822000   0.0000000  -1.1913642   0.0000000
 96.1523978  19.3731980 164.6005799  -0.1816000  -0.9834000   0.0000000  -1.4433931   0.0000000
 96.4403379  18.9191791   3.4685447  -0.1841000  -0.9829000   0.0000000   0.5378314   0.0000000
 96.4103441  18.1331464 171.2910356  -0.1856000  -0.9826000   0.0000000  -0.2499243   0.0000000
 96.5283196  17.4951198 -26.4924286  -0.1875000  -0.9823000   0.0000000  -0.2853270   0.0000000
 96.4323396  17.7771315  58.3812611  -0.1865000  -0.9825000   0.0000000  -0.5574613   0.0000000
 96.2303815  18.8671769 176.8722815  -0.1831000  -0.9831000   0.0000000  -0.9067089   0.0000000
 96.2563761  18.6531680 201.9766137  -0.1837000  -0.9830000   0.0000000  -0.6188589   0.0000000
 96.1803919  19.1251877 162.5811060  -0.1823000  -0.9832000   0.0000000  -1.0376149   0.0000000
 96.2123853  18.4451594 175.7525853  -0.1840000  -0.9829000   0.0000000  -0.7354563   0.0000000
 96.2143849  18.9011783  36.2681559  -0.1830000  -0.9831000   0.0000000  -0.7986158   0.0000000
 96.6362972  19.0251835 771.4170056  -0.1849000  -0.9828000   0.0000000   0.2233542   0.0000000
 96.4103441  17.5711230   5.4903021  -0.1868000  -0.9824000   0.0000000   0.1246902   0.0000000
 96.5003254  16.8330923 -40.0229604  -0.1887000  -0.9820000   0.0000000   0.3947208   0.0000000
 96.2803712  18.0991450  75.0043711  -0.1850000  -0.9827000   0.0000000   0.0799420   0.0000000
 96.3443579  18.7571723  43.6084949  -0.1840000  -0.9829000   0.0000000   1.0203184   0.0000000
 96.4363387  18.3031534   5.1014075  -0.1854000  -0.9827000   0.0000000   0.3444788   0.0000000
 96.2303815  18.4651602 151.5042357  -0.1840000  -0.9829000   0.0000000  -0.5060226   0.0000000
 96.3983466  18.5411634   3.1133795  -0.1847000  -0.9828000   0.0000000   0.1494412   0.0000000
 96.5223209  17.1511055 -38.8439028  -0.1881000  -0.9821000   0.0000000  -0.5173996   0.0000000
 96.4063450  18.6291670  -2.0162904  -0.1846000  -0.9828000   0.0000000   0.5352169   0.0000000
 97.9900158  20.1912320 1185.8294644  -0.1901000  -0.9818000   0.0000000   0.2168225   0.0000000
 96.2063865  19.5472052  38.1114888  -0.1815000  -0.9834000   0.0000000   1.4740453   0.0000000
 96.3443579  18.4371590 340.5607213  -0.1846000  -0.9828000   0.0000000  -0.9478050   0.0000000
 96.6003047  16.8930948 -38.2558071  -0.1890000  -0.9820000   0.0000000   0.1636257   0.0000000
 96.6802880  17.6811276 -36.3094695  -0.1879000  -0.9822000   0.0000000  -0.5690432   0.0000000
 96.4443371  18.2531514  10.6565077  -0.1855000  -0.9826000   0.0000000  -0.7193304   0.0000000
 96.4183425  17.9731397 109.2479960  -0.1860000  -0.9826000   0.0000000  -0.6875873   0.0000000
 96.5163221  17.5011201 -31.5703782  -0.1874000  -0.9823000   0.0000000  -0.4252136   0.0000000
 96.4763304  18.7291712 -13.9605517  -0.1847000  -0.9828000   0.0000000   0.1412861   0.0000000
 98.2099701  19.1211875 1228.7830376  -0.1932000  -0.9812000   0.0000000  -0.0366908   0.0000000
 96.3823500  18.8451760   2.5742618  -0.1840000  -0.9829000   0.0000000   0.8837754   0.0000000
 96.5463159  16.9390967 -39.0254125  -0.1887000  -0.9820000   0.0000000  -0.0168234   0.0000000
 96.3863491  17.5311213  -3.2635436  -0.1867000  -0.9824000   0.0000000  -0.2435365   0.0000000
 96.3203628  17.2471095 -30.6572328  -0.1870000  -0.9824000   0.0000000  -0.0876662   0.0000000
 96.6362972  17.2311088 -38.0280382  -0.1885000  -0.9821000   0.0000000   0.1471688   0.0000000
 96.1903899  19.8932196  86.2672193  -0.1806000  -0.9836000   0.0000000   1.1501193   0.0000000
 96.4903275  17.1011034 -40.8926621  -0.1881000  -0.9822000   0.0000000  -0.1100463   0.0000000
 96.2883695  19.5992074  29.7346597  -0.1818000  -0.9833000   0.0000000   0.6711315   0.0000000
 96.1284027  19.1471886  91.7592511  -0.1820000  -0.9833000   0.0000000  -0.6235051   0.0000000
 96.3343599  17.4751190   6.4276882  -0.1866000  -0.9824000   0.0000000   0.3260263   0.0000000
 96.4783300  18.7571723 -11.8095593  -0.1847000  -0.9828000   0.0000000   0.3421735   0.0000000
 96.5483155  17.7811317 -22.6358771  -0.1870000  -0.9824000   0.0000000  -0.5315474   0.0000000
 96.4203421  17.2231085  -8.3868270  -0.1875000  -0.9823000   0.0000000  -0.4489901   0.0000000
 96.3043662  17.7771315  30.0317573  -0.1858000  -0.9826000   0.0000000  -0.1736816   0.0000000
 96.4723313  16.6790858 -39.8870188  -0.1888000  -0.9820000   0.0000000   0.3462326   0.0000000
 96.0904106  19.1591891 101.4831973  -0.1817000  -0.9833000   0.0000000  -0.8613249   0.0000000
 97.6900781  19.6592099 762.5396437  -0.1894000  -0.9819000   0.0000000  -0.6760165   0.0000000
 96.1883903  19.5832067  44.6364580  -0.1813000  -0.9834000   0.0000000  -1.5407975   0.0000000
 96.4363387  18.0751440 161.4153729  -0.1859000  -0.9826000   0.0000000   0.3084635   0.0000000
 96.2523770  19.3071952  43.1999058  -0.1823000  -0.9832000   0.0000000   1.8219597   0.0000000
 96.3803504  18.4271586 224.2128699  -0.1849000  -0.9828000   0.0000000  -0.7644920   0.0000000
 96.2343807  18.8011742 125.0384497  -0.1833000  -0.9831000   0.0000000  -1.0390213   0.0000000
 96.3443579  19.0251835  12.0789213  -0.1834000  -0.9830000   0.0000000   0.9368762   0.0000000
 95.9484401  17.4351173 -14.9662765  -0.1848000  -0.9828000   0.0000000  -0.1061456   0.0000000
 96.0484194  18.0471428 238.9448886  -0.1840000  -0.9829000   0.0000000  -0.4805486   0.0000000
 96.4323396  18.1411467  98.2890541  -0.1857000  -0.9826000   0.0000000  -0.3076006   0.0000000
 96.4423375  18.3151539   5.6869264  -0.1854000  -0.9827000   0.0000000   0.5411534   0.0000000
 96.4743308  16.4890779 -38.7895593  -0.1892000  -0.9819000   0.0000000  -0.2952842   0.0000000
 96.3583549  17.8531347  66.0815673  -0.1859000  -0.9826000   0.0000000   0.0993662   0.0000000
 96.5963055  17.5851236 -39.5287841  -0.1877000  -0.9822000   0.0000000  -0.5363622   0.0000000
 96.4643329  17.4391175 -30.0843763  -0.1873000  -0.9823000   0.0000000   0.3793665   0.0000000
 96.4423375  18.5151623  -0.9987776  -0.1850000  -0.9827000   0.0000000   0.3448804   0.0000000
 99.0118034  22.8013407 976.7742442  -0.1916000  -0.9815000   0.0000000   0.7534673   0.0000000
 96.1503982  18.5651643 135.3007045  -0.1834000  -0.9830000   0.0000000  -0.9464463   0.0000000
 96.2963678  18.9191791  12.8234895  -0.1834000  -0.9830000   0.0000000  -1.6681260   0.0000000
 96.2183840  18.3171540 198.7023427  -0.1843000  -0.9829000   0.0000000   0.1560556   0.0000000
 96.4723313  16.9850986 -38.4798667  -0.1882000  -0.9821000   0.0000000   0.1494052   0.0000000
 96.2803712  19.5172040  26.1245969  -0.1819000  -0.9833000   0.0000000   0.9361889   0.0000000
 96.3483570  17.4991200 -27.3840813  -0.1866000  -0.9824000   0.0000000   0.1397828   0.0000000
 96.2983674  19.6632101  62.5329628  -0.1817000  -0.9834000   0.0000000   0.7337208   0.0000000
 96.3823500  16.5070787 -41.9980111  -0.1887000  -0.9820000   0.0000000  -0.2923056   0.0000000
 96.3143641  19.7792149 116.5127362  -0.1815000  -0.9834000   0.0000000   0.5386833   0.0000000
 96.1344015  19.0511846 121.8464389  -0.1822000  -0.9833000   0.0000000  -0.4274187   0.0000000
 96.3963470  19.0671852  10.1568009  -0.1836000  -0.9830000   0.0000000   0.5557878   0.0000000
 96.5843080  17.4751190 -35.9546902  -0.1878000  -0.9822000   0.0000000   0.3414118   0.0000000
 96.3383591  19.1251877  15.9531825  -0.1831000  -0.9831000   0.0000000   0.2437229   0.0000000
 96.6862868  16.8630935 -38.9877386  -0.1895000  -0.9819000   0.0000000   0.1216696   0.0000000
 96.5423167  17.6411259 -25.6345479  -0.1873000  -0.9823000   0.0000000  -0.2773876   0.0000000
 96.3343599  17.8171332  33.1251821  -0.1859000  -0.9826000   0.0000000   0.1731424   0.0000000
 96.5503150  16.7730898 -38.1770012  -0.1890000  -0.9820000   0.0000000   0.4559012   0.0000000
 96.4943267  17.6911280   9.4666653  -0.1869000  -0.9824000   0.0000000   0.6011554   0.0000000
 96.2883695  19.8932196  91.4783352  -0.1811000  -0.9835000   0.0000000   0.7211626   0.0000000
 96.5583134  16.9650977 -38.3123329  -0.1887000  -0.9820000   0.0000000  -0.0516096   0.0000000
 96.3003670  20.3312379 428.1969565  -0.1802000  -0.9836000   0.0000000   0.4729127   0.0000000
 96.9902236  20.6112495 1465.0004456  -0.1835000  -0.9830000   0.0000000   0.0506336   0.0000000
 96.2283820  17.9931405 157.3795280  -0.1850000  -0.9827000   0.0000000  -0.2591801   0.0000000
 96.4383383  18.2071494  16.6974063  -0.1856000  -0.9826000   0.0000000   0.1964611   0.0000000
 96.4223416  17.0191000 -38.7710273  -0.1879000  -0.9822000   0.0000000   0.3379004   0.0000000
 96.4583342  17.7171291  63.5109404  -0.1867000  -0.9824000   0.0000000  -0.3358662   0.0000000
 96.5943059  21.6512928 713.8486616  -0.1788000  -0.9839000   0.0000000  -0.7906443   0.0000000
 96.1863907  18.6431676 177.2160088  -0.1834000  -0.9830000   0.0000000  -0.6159960   0.0000000
 96.0744140  18.5871653 212.4935702  -0.1829000  -0.9831000   0.0000000   0.0891088   0.0000000
 96.3023666  20.1172290 163.5274564  -0.1807000  -0.9835000   0.0000000   0.4917152   0.0000000
 96.3003670  17.9671395 116.7061741  -0.1854000  -0.9827000   0.0000000   0.5201717   0.0000000
 96.2303815  19.0271836  90.7031487  -0.1828000  -0.9832000   0.0000000  -1.5729542   0.0000000
 96.2583757  19.8552180  56.6463138  -0.1811000  -0.9835000   0.0000000   1.1140847   0.0000000
 96.3203628  17.3851152   9.5938498  -0.1867000  -0.9824000   0.0000000   0.3414564   0.0000000
 96.2463782  19.3651976  51.6442807  -0.1821000  -0.9833000   0.0000000   1.5289347   0.0000000
 96.5543142  17.3871153 -31.8702315  -0.1878000  -0.9822000   0.0000000  -0.1047983   0.0000000
 96.4303400  18.8791774  -6.9215810  -0.1841000  -0.9829000   0.0000000   0.7178093   0.0000000
 96.5903067  17.5051202 -36.4112859  -0.1878000  -0.9822000   0.0000000  -1.1785990   0.0000000
 96.2923687  16.9650977 -38.5495969  -0.1874000  -0.9823000   0.0000000  -0.3084786   0.0000000
 96.2643745  17.6631268   9.9090201  -0.1859000  -0.9826000   0.0000000   0.4191975   0.0000000
 96.1683944  18.6131663 156.2796858  -0.1834000  -0.9830000   0.0000000  -0.7311320   0.0000000
 96.3563554  17.9631393 112.9977628  -0.1857000  -0.9826000   0.0000000   0.1510539   0.0000000
 96.6982843  16.9510972 -34.8155570  -0.1894000  -0.9819000   0.0000000   0.5743245   0.0000000
 96.6822876  16.8210918 -36.8841413  -0.1895000  -0.9819000   0.0000000   0.1774061   0.0000000
 96.3223624  18.6451677 304.1742691  -0.1841000  -0.9829000   0.0000000  -1.3497246   0.0000000
 97.8900366  17.6571266 333.9942081  -0.1939000  -0.9810000   0.0000000  -0.0352968   0.0000000
 96.2443786  18.2031493  78.4307033  -0.1846000  -0.9828000   0.0000000  -0.4287075   0.0000000
 98.1419842  18.0111413 972.0270625  -0.1947000  -0.9809000   0.0000000  -0.2847234   0.0000000
 96.3263616  17.6531264   5.4097255  -0.1862000  -0.9825000   0.0000000   0.6249805   0.0000000
 96.1723936  18.4831609 169.1934706  -0.1837000  -0.9830000   0.0000000  -0.9977105   0.0000000
 96.1304023  18.8911779  85.8033625  -0.1825000  -0.9832000   0.0000000  -0.7395495   0.0000000
 96.1084069  18.9851818 129.1919692  -0.1822000  -0.9833000   0.0000000   0.2625624   0.0000000
 96.2223832  18.2991533 161.0762086  -0.1843000  -0.9829000   0.0000000   0.0924036   0.0000000
 96.4463367  17.2611101 -30.9113116  -0.1876000  -0.9823000   0.0000000  -0.5213478   0.0000000
 97.9520237  22.3653225 803.4792743  -0.1856000  -0.9826000   0.0000000   0.2979354   0.0000000
 96.3803504  18.6211667  21.3126105  -0.1844000  -0.9828000   0.0000000   0.8285043   0.0000000
 96.8422544  20.1992324 1353.2267209  -0.1835000  -0.9830000   0.0000000   0.1402699   0.0000000
 96.4543350  18.8731772  -5.5297325  -0.1843000  -0.9829000   0.0000000   0.3294560   0.0000000
 96.1843911  18.4791608 184.1365061  -0.1837000  -0.9830000   0.0000000  -1.1035585   0.0000000
 96.2143849  20.1032284 102.4002282  -0.1802000  -0.9836000   0.0000000   0.7230236   0.0000000
 96.2363803  20.0652268  88.6873337  -0.1805000  -0.9836000   0.0000000   0.7012612   0.0000000
 96.7802672  16.7490888 -52.0258609  -0.1901000  -0.9818000   0.0000000  -0.9641677   0.0000000
 96.6562930  16.7490888 -41.8113345  -0.1895000  -0.9819000   0.0000000   0.2667539   0.0000000
 96.5223209  16.5170791 -40.5755331  -0.1894000  -0.9819000   0.0000000  -0.2914882   0.0000000
 96.1663948  18.4491595 171.1871854  -0.1837000  -0.9830000   0.0000000  -1.0841131   0.0000000
 96.4883279  19.3191957 534.4905453  -0.1835000  -0.9830000   0.0000000   0.5375837   0.0000000
 96.7002839  16.8230918 -35.8807712  -0.1896000  -0.9819000   0.0000000   0.1549030   0.0000000
 96.3263616  18.9011783  14.7882055  -0.1836000  -0.9830000   0.0000000   0.7406428   0.0000000
 98.4199264  21.0052659 399.2300233  -0.1912000  -0.9816000   0.0000000  -0.8999225   0.0000000
 96.3363595  18.6611683 275.2852829  -0.1841000  -0.9829000   0.0000000  -1.3932457   0.0000000
 96.1543973  19.3391966 121.7274832  -0.1817000  -0.9834000   0.0000000  -1.6956924   0.0000000
 96.3323603  17.8951365 109.8504038  -0.1857000  -0.9826000   0.0000000  -0.7803465   0.0000000
 96.5223209  18.4431593  -9.9994865  -0.1855000  -0.9826000   0.0000000  -0.1556358   0.0000000
 96.3223624  19.1271877  26.9594328  -0.1830000  -0.9831000   0.0000000   0.9632252   0.0000000
 96.5103234  16.7950907 -37.6662608  -0.1888000  -0.9820000   0.0000000   0.4813860   0.0000000
 96.4163429  18.0631435 153.7356146  -0.1858000  -0.9826000   0.0000000   0.4107618   0.0000000
 96.5223209  18.2331505  -9.6164963  -0.1860000  -0.9826000   0.0000000   0.3192060   0.0000000
 96.3623541  19.2091912  10.2295831  -0.1831000  -0.9831000   0.0000000   0.5490980   0.0000000
 96.4903275  17.0751023 -40.3665311  -0.1881000  -0.9821000   0.0000000   0.3524788   0.0000000
 96.5023250  17.2931114 -37.8014840  -0.1878000  -0.9822000   0.0000000   0.1815720   0.0000000
 96.1304023  19.5112037  74.5957597  -0.1811000  -0.9835000   0.0000000  -1.2877688   0.0000000
 96.2043869  20.1232292  99.6926741  -0.1801000  -0.9836000   0.0000000   0.9226588   0.0000000
 96.3383591  17.3491137   2.7657111  -0.1869000  -0.9824000   0.0000000  -0.1264808   0.0000000
 97.5621047  18.5911654 538.8804559  -0.1907000  -0.9817000   0.0000000   0.2017179   0.0000000
 96.1503982  19.4372006 129.9485808  -0.1814000  -0.9834000   0.0000000  -1.5044913   0.0000000
 96.2023874  19.6912112  43.8116474  -0.1811000  -0.9835000   0.0000000   1.3498935   0.0000000
 96.2443786  18.4571599 172.5024838  -0.1841000  -0.9829000   0.0000000   0.0013315   0.0000000
 96.6262993  17.2651102 -36.6983717  -0.1884000  -0.9821000   0.0000000   0.3608233   0.0000000
 96.3803504  19.1351881  13.7929354  -0.1833000  -0.9831000   0.0000000   0.5277844   0.0000000
 96.4603337  18.2591516   1.9529340  -0.1856000  -0.9826000   0.0000000   0.2601527   0.0000000
 96.5923063  17.0010992 -38.8748041  -0.1888000  -0.9820000   0.0000000  -0.2947653   0.0000000
 96.8222585  22.7553388 980.3150038  -0.1776000  -0.9841000   0.0000000  -0.6187434   0.0000000
 97.3861413  18.2571515 402.5208228  -0.1903000  -0.9817000   0.0000000  -0.3689736   0.0000000
 96.1344015  19.3591974 234.9150022  -0.1815000  -0.9834000   0.0000000  -1.4386549   0.0000000
 96.3283612  18.3951573 124.5179489  -0.1847000  -0.9828000   0.0000000  -0.9585912   0.0000000
 96.8602506  20.5252459 846.2921734  -0.1829000  -0.9831000   0.0000000   0.3081309   0.0000000
 96.1523978  18.5591641 131.4235126  -0.1834000  -0.9830000   0.0000000  -0.9433821   0.0000000
 96.4183425  18.3271544  25.7429724  -0.1853000  -0.9827000   0.0000000   0.2981803   0.0000000
 96.5203213  18.2151498  -4.7692983  -0.1860000  -0.9825000   0.0000000   0.2584378   0.0000000
 96.2623749  18.2711521 186.2093155  -0.1846000  -0.9828000   0.0000000  -0.9074249   0.0000000
 96.1583965  19.4011991 110.3067061  -0.1816000  -0.9834000   0.0000000  -1.4361821   0.0000000
 96.6203005  17.4431176 -34.2393810  -0.1880000  -0.9822000   0.0000000  -0.0769884   0.0000000
 96.4503358  18.7651727  -1.7683239  -0.1845000  -0.9828000   0.0000000   0.5591650   0.0000000
 96.4603337  18.8431759  -1.4282000  -0.1844000  -0.9829000   0.0000000   0.3401076   0.0000000
 96.1683944  19.9812233 123.9034618  -0.1803000  -0.9836000   0.0000000   1.7795438   0.0000000
 96.3583549  16.9810984 -39.6922932  -0.1877000  -0.9822000   0.0000000  -0.2046312   0.0000000
 96.4303400  16.6210834 -44.8402577  -0.1887000  -0.9820000   0.0000000   0.1257951   0.0000000
 96.3163637  20.1872319 159.8440749  -0.1806000  -0.9836000   0.0000000   0.5063748   0.0000000
 96.2783716  19.1991907  24.6684634  -0.1826000  -0.9832000   0.0000000   1.3735156   0.0000000
 96.1344015  19.1291878 105.1811493  -0.1820000  -0.9833000   0.0000000  -0.6068767   0.0000000
 96.7422751  19.6352089 1063.8625734  -0.1842000  -0.9829000   0.0000000   0.3033432   0.0000000
 96.4083446  17.4251169 -19.1938084  -0.1871000  -0.9823000   0.0000000   0.1425406   0.0000000
 96.2483778  18.1071453  91.2371062  -0.1849000  -0.9828000   0.0000000   0.3134251   0.0000000
 96.2043869  18.1411467  96.5750502  -0.1846000  -0.9828000   0.0000000  -0.9323558   0.0000000
 96.7582718  17.1531056 -39.7002303  -0.1893000  -0.9819000   0.0000000  -0.3059796   0.0000000
 96.5423167  18.0631435   1.0363472  -0.1864000  -0.9825000   0.0000000   0.1482989   0.0000000
 96.1423998  19.1311879 144.1650269  -0.1821000  -0.9833000   0.0000000  -0.9577611   0.0000000
 96.2823707  17.9451385 117.2882240  -0.1854000  -0.9827000   0.0000000  -0.3948604   0.0000000
 96.3623541  17.7471303  47.7165635  -0.1862000  -0.9825000   0.0000000  -0.7742030   0.0000000
 96.1104065  19.1231876 130.4809722  -0.1819000  -0.9833000   0.0000000  -0.9992063   0.0000000
 98.4939111  20.5692478 1209.0174823  -0.1924000  -0.9813000   0.0000000   0.7149725   0.0000000
 96.4123437  19.3051952  87.5882808  -0.1831000  -0.9831000   0.0000000   0.3160995   0.0000000
 96.2443786  18.2131497  80.2295876  -0.1846000  -0.9828000   0.0000000  -0.4908763   0.0000000
 96.5243204  17.2231085 -36.8984498  -0.1880000  -0.9822000   0.0000000   0.1243802   0.0000000
 97.2541687  16.8470928 -34.7760389  -0.1922000  -0.9814000   0.0000000   0.1111229   0.0000000
 96.3803504  17.9851402 176.4284309  -0.1858000  -0.9826000   0.0000000   0.3421844   0.0000000
 96.2203836  18.5351631 154.4486889  -0.1838000  -0.9830000   0.0000000  -0.8464297   0.0000000
 96.6103026  17.9771399 -16.9061085  -0.1869000  -0.9824000   0.0000000  -0.0506995   0.0000000
 96.5583134  17.8071328 -20.2406110  -0.1870000  -0.9824000   0.0000000  -0.3368311   0.0000000
 96.3883487  17.6631268  28.2411456  -0.1865000  -0.9825000   0.0000000  -0.4158378   0.0000000
 96.1703940  18.4491595 166.1083850  -0.1837000  -0.9830000   0.0000000  -0.8680496   0.0000000
 96.5523146  17.1791067 -38.1635458  -0.1882000  -0.9821000   0.0000000   0.1738908   0.0000000
 96.4563346  17.0110997 -36.5553342  -0.1881000  -0.9821000   0.0000000   0.3346441   0.0000000
 96.3863491  18.3591558 278.1804236  -0.1850000  -0.9827000   0.0000000  -1.0599225   0.0000000
 96.4463367  16.6670853 -37.8591142  -0.1887000  -0.9820000   0.0000000  -0.1368480   0.0000000
 96.4623333  17.9231376  73.4075154  -0.1863000  -0.9825000   0.0000000  -0.0731565   0.0000000
 96.2003878  18.5251627 117.8106215  -0.1837000  -0.9830000   0.0000000  -1.1136388   0.0000000
 96.2123853  18.3551556 169.1564043  -0.1841000  -0.9829000   0.0000000  -0.1621471   0.0000000
 96.1384007  18.6791691 115.2198557  -0.1831000  -0.9831000   0.0000000  -0.6265785   0.0000000
 96.2383799  18.2331505  83.5449757  -0.1845000  -0.9828000   0.0000000  -0.2086638   0.0000000
 96.3223624  18.5951656 342.7800793  -0.1842000  -0.9829000   0.0000000  -0.6011931   0.0000000
 96.2783716  19.0551847  41.9671290  -0.1830000  -0.9831000   0.0000000  -1.1868588   0.0000000
 96.3883487  16.9350965 -36.7468091  -0.1879000  -0.9822000   0.0000000   0.5656784   0.0000000
 96.1164052  19.3571973 122.6144801  -0.1814000  -0.9834000   0.0000000  -0.9491724   0.0000000
 96.3983466  17.7191291  32.9828925  -0.1864000  -0.9825000   0.0000000   0.2395663   0.0000000
 96.3963470  17.6931281  49.2502957  -0.1865000  -0.9825000   0.0000000  -0.1114304   0.0000000
 98.7598558  20.9212624 356.0670061  -0.1934000  -0.9811000   0.0000000  -0.1335959   0.0000000
 96.2803712  18.9391799  18.4124698  -0.1832000  -0.9831000   0.0000000  -1.8661643   0.0000000
 96.2863699  18.2931530 117.8534769  -0.1847000  -0.9828000   0.0000000  -0.7588258   0.0000000
 96.5603130  17.5911238 -33.5839607  -0.1875000  -0.9823000   0.0000000   0.1911793   0.0000000
 96.2863699  18.1671478 135.5712825  -0.1849000  -0.9828000   0.0000000  -0.9554678   0.0000000
 96.2923687  19.1651893  34.0019914  -0.1828000  -0.9832000   0.0000000   1.6264086   0.0000000
 95.9704356  17.2751107 -32.9141250  -0.1853000  -0.9827000   0.0000000  -0.2798409   0.0000000
 97.6560852  16.9830985 -27.4120996  -0.1939000  -0.9810000   0.0000000   0.3086757   0.0000000
 96.2583757  18.1171457  40.6076937  -0.1849000  -0.9828000   0.0000000   0.2485271   0.0000000
 96.5303192  17.3091121 -37.4790087  -0.1879000  -0.9822000   0.0000000   0.1426864   0.0000000
 96.4283404  18.3651560   3.1225536  -0.1852000  -0.9827000   0.0000000   0.2815190   0.0000000
 96.4323396  17.2351090 -32.9764896  -0.1875000  -0.9823000   0.0000000  -0.4930653   0.0000000
 96.1463990  18.9131788 101.6331173  -0.1826000  -0.9832000   0.0000000  -1.0215368   0.0000000
 96.5963055  17.8211334 -26.9897009  -0.1872000  -0.9823000   0.0000000   0.0673250   0.0000000
 96.2763720  19.6912112  33.5791341  -0.1815000  -0.9834000   0.0000000   0.9231466   0.0000000
 96.4343392  17.2311088 -32.4569417  -0.1876000  -0.9823000   0.0000000  -0.4755962   0.0000000
 96.3623541  20.2992365 291.7830200  -0.1806000  -0.9836000   0.0000000   0.6919896   0.0000000
 96.3763512  18.0411425 207.1917040  -0.1856000  -0.9826000   0.0000000   0.1066529   0.0000000
 96.2283820  18.5131622 121.6329633  -0.1839000  -0.9829000   0.0000000  -0.3367984   0.0000000
 96.4663325  17.4271170 -33.4100177  -0.1873000  -0.9823000   0.0000000   0.3620436   0.0000000
 96.4343392  18.5931655  -6.1155372  -0.1848000  -0.9828000   0.0000000   0.3502451   0.0000000
 96.3063658  18.8851777  28.8746782  -0.1835000  -0.9830000   0.0000000  -0.6637862   0.0000000
 96.1643953  19.6732105  53.7143201  -0.1810000  -0.9835000   0.0000000  -1.9324372   0.0000000
 96.5123229  17.6291254 -13.8786350  -0.1872000  -0.9823000   0.0000000   0.1863649   0.0000000
 96.2483778  19.0431842  44.1866890  -0.1828000  -0.9831000   0.0000000  -1.8883733   0.0000000
 96.5083238  18.4551598  -8.6854763  -0.1854000  -0.9827000   0.0000000   0.3203260   0.0000000
 96.2363803  18.1891487  54.3430099  -0.1846000  -0.9828000   0.0000000  -0.3488608   0.0000000
 96.3143641  18.7891737  34.7625002  -0.1837000  -0.9830000   0.0000000  -0.7660663   0.0000000
 96.1384007  19.2431926  56.5885730  -0.1818000  -0.9833000   0.0000000  -0.8097397   0.0000000
 96.4183425  17.4511180 -20.0730492  -0.1871000  -0.9823000   0.0000000  -0.1010514   0.0000000
 96.2343807  18.9231793  91.9028776  -0.1830000  -0.9831000   0.0000000  -1.6651114   0.0000000
 96.9042415  22.0113078 939.4357156  -0.1799000  -0.9837000   0.0000000  -0.0827570   0.0000000
 96.1004086  18.4471594 257.4689563  -0.1834000  -0.9830000   0.0000000  -0.0473276   0.0000000
 97.6420881  20.4492428 1082.2747818  -0.1876000  -0.9822000   0.0000000  -0.4781367   0.0000000
 96.1823915  19.1111871 137.0695508  -0.1823000  -0.9832000   0.0000000  -1.0753696   0.0000000
 96.3883487  19.1951906   9.9093877  -0.1832000  -0.9831000   0.0000000   0.5346085   0.0000000
 96.1903899  19.8392174  62.8000506  -0.1807000  -0.9835000   0.0000000   1.4099141   0.0000000
 97.4221338  20.4392424 1786.6849599  -0.1864000  -0.9825000   0.0000000   0.4021627   0.0000000
 96.2363803  20.2432342 126.6668137  -0.1800000  -0.9837000   0.0000000   0.6971792   0.0000000
 96.6322980  17.2211084 -38.1320656  -0.1885000  -0.9821000   0.0000000   0.1516531   0.0000000
 96.4843288  16.5950823 -41.4570422  -0.1890000  -0.9820000   0.0000000   0.1445052   0.0000000
 96.3883487  19.0271836   8.2758189  -0.1836000  -0.9830000   0.0000000   0.5429510   0.0000000
 96.3543558  18.0631435 151.9911941  -0.1855000  -0.9826000   0.0000000   0.2557349   0.0000000
 96.3523562  17.2451094 -31.0345286  -0.1871000  -0.9823000   0.0000000  -0.1652990   0.0000000
 96.5203213  18.2631518 -10.7558495  -0.1859000  -0.9826000   0.0000000   0.1352785   0.0000000
 96.4183425  18.9071786   3.3684113  -0.1840000  -0.9829000   0.0000000   0.4704496   0.0000000
 96.2523770  17.7831318  59.5476941  -0.1856000  -0.9826000   0.0000000   0.1359908   0.0000000
 96.1883903  19.5932071  44.7525652  -0.1813000  -0.9834000   0.0000000  -1.4750645   0.0000000
 96.6982843  16.8470928 -35.6764172  -0.1896000  -0.9819000   0.0000000   0.3480840   0.0000000
 96.4163429  18.5071619   2.9155415  -0.1849000  -0.9828000   0.0000000   0.3410562   0.0000000
 96.2983674  17.4271170  -0.3430409  -0.1865000  -0.9825000   0.0000000  -0.2344898   0.0000000
 98.7298620  20.9072618 341.2438212  -0.1932000  -0.9812000   0.0000000  -0.5676584   0.0000000
 96.4523354  18.3751564  -4.9802603  -0.1853000  -0.9827000   0.0000000   0.4103633   0.0000000
 96.3843495  16.8850944 -40.2584990  -0.1880000  -0.9822000   0.0000000  -0.0965558   0.0000000
 98.7278624  21.4972864 641.4599602  -0.1922000  -0.9814000   0.0000000   0.6901970   0.0000000
 96.6602922  17.0431010 -32.7162713  -0.1890000  -0.9820000   0.0000000   0.1368127   0.0000000
 96.9782261  18.8091745 1060.4732349  -0.1872000  -0.9823000   0.0000000  -0.2025264   0.0000000
 96.4543350  18.8131747 -10.8476351  -0.1844000  -0.9828000   0.0000000   0.3591275   0.0000000
 96.2803712  17.9271378  95.6223210  -0.1854000  -0.9827000   0.0000000  -0.4068645   0.0000000
 96.4583342  16.9410967 -39.3384505  -0.1883000  -0.9821000   0.0000000   0.5739209   0.0000000
 96.4683321  18.6531680 -12.8447624  -0.1848000  -0.9828000   0.0000000   0.3241149   0.0000000
 96.3283612  19.2051910  15.2952268  -0.1829000  -0.9831000   0.0000000   0.7477813   0.0000000
 96.2183840  18.7351714 109.1739745  -0.1834000  -0.9830000   0.0000000  -0.5038581   0.0000000
 96.3043662  20.1892319 153.9975954  -0.1805000  -0.9836000   0.0000000   0.5046080   0.0000000
 96.2503774  17.6011242 -10.0163688  -0.1859000  -0.9826000   0.0000000  -0.3930014   0.0000000
 96.3683529  18.3531555 243.1106792  -0.1849000  -0.9827000   0.0000000  -0.7799326   0.0000000
 96.2743724  19.6972115  37.6840118  -0.1815000  -0.9834000   0.0000000   0.9351288   0.0000000
 96.5283196  17.5551223 -27.6089479  -0.1874000  -0.9823000   0.0000000   0.1263997   0.0000000
 98.1399846  18.4171582 1045.9810387  -0.1940000  -0.9810000   0.0000000  -0.2391017   0.0000000
 96.2823707  20.1932321 133.6074193  -0.1804000  -0.9836000   0.0000000   0.4950549   0.0000000
 96.1004086  18.9831817 134.1173684  -0.1822000  -0.9833000   0.0000000   0.0819440   0.0000000
 96.4983259  18.0231418  -0.6597867  -0.1863000  -0.9825000   0.0000000   0.1434174   0.0000000
 96.2183840  18.3151539 209.1605981  -0.1843000  -0.9829000   0.0000000   0.1398652   0.0000000
 96.3223624  17.7491304  28.0102652  -0.1860000  -0.9826000   0.0000000  -0.6999236   0.0000000
 96.0664156  19.1451885 123.8530520  -0.1816000  -0.9834000   0.0000000  -0.7686517   0.0000000
 96.3303608  18.4751606 346.6385367  -0.1845000  -0.9828000   0.0000000  -0.7478920   0.0000000
 96.5883071  17.2871112 -36.7238686  -0.1882000  -0.9821000   0.0000000   0.3224787   0.0000000
 97.0462120  20.9612641 1116.9289031  -0.1831000  -0.9831000   0.0000000   0.3599228   0.0000000
 96.4143433  18.7251710  -6.0328208  -0.1844000  -0.9829000   0.0000000   0.5419514   0.0000000
 96.5163221  17.8691354  -7.9999495  -0.1867000  -0.9824000   0.0000000  -0.2818226   0.0000000
 96.4203421  17.7391300  67.7327023  -0.1865000  -0.9825000   0.0000000   0.1234208   0.0000000
 96.2163845  18.7211708 154.3264043  -0.1834000  -0.9830000   0.0000000   0.4969034   0.0000000
 96.4863283  17.7151290   3.1661047  -0.1869000  -0.9824000   0.0000000   0.2845989   0.0000000
 96.1943890  18.8271753  83.7573244  -0.1830000  -0.9831000   0.0000000  -0.5877701   0.0000000
 96.4263408  18.7111704 -10.9819329  -0.1845000  -0.9828000   0.0000000   0.3771859   0.0000000
 96.2383799  18.7391716 139.6100689  -0.1835000  -0.9830000   0.0000000  -0.7986344   0.0000000
 96.2023874  19.4372006  90.1310142  -0.1817000  -0.9834000   0.0000000  -1.8458358   0.0000000
 96.6462951  16.9490971 -36.5094048  -0.1891000  -0.9820000   0.0000000   0.1509630   0.0000000
 96.2323811  19.4372006  48.5129395  -0.1819000  -0.9833000   0.0000000   1.3966297   0.0000000
 96.3903483  17.4031160  -6.0490876  -0.1870000  -0.9824000   0.0000000   0.1710467   0.0000000
 96.5323188  18.1351465  -7.5388121  -0.1862000  -0.9825000   0.0000000   0.3389903   0.0000000
 98.7958483  22.6373338 1150.7916121  -0.1905000  -0.9817000   0.0000000  -0.4374797   0.0000000
 96.0944098  18.4871611 168.0093928  -0.1833000  -0.9831000   0.0000000  -1.2423528   0.0000000
 96.2343807  19.2151914  35.5900552  -0.1824000  -0.9832000   0.0000000  -1.8085229   0.0000000
 96.4163429  19.1271877   8.5237702  -0.1835000  -0.9830000   0.0000000   0.5410770   0.0000000
 96.6063034  17.7871320 -29.8565295  -0.1873000  -0.9823000   0.0000000   0.3933754   0.0000000
 96.3803504  16.6150832 -41.6973538  -0.1885000  -0.9821000   0.0000000   0.1924638   0.0000000
 96.4463367  16.9670978 -37.2502151  -0.1881000  -0.9821000   0.0000000  -0.2898815   0.0000000
 96.2143849  19.0271836  92.6803129  -0.1827000  -0.9832000   0.0000000  -1.2626828   0.0000000
 96.6143017  17.5451219 -35.6968971  -0.1878000  -0.9822000   0.0000000  -0.6374581   0.0000000
 96.4803296  18.0131414  16.9387474  -0.1862000  -0.9825000   0.0000000  -0.1035986   0.0000000
 96.4663325  17.7691312  38.1865001  -0.1866000  -0.9824000   0.0000000   0.1415159   0.0000000
 96.2983674  19.7012116  40.9585324  -0.1816000  -0.9834000   0.0000000   0.5287158   0.0000000
 96.3143641  18.0911446  76.3432010  -0.1852000  -0.9827000   0.0000000  -0.3428795   0.0000000
 96.4103441  17.1571057 -37.7985801  -0.1876000  -0.9822000   0.0000000   0.1116826   0.0000000
 96.4163429  18.3131539  31.4565248  -0.1853000  -0.9827000   0.0000000   0.2956882   0.0000000
 96.6322980  17.4911196 -36.2921162  -0.1880000  -0.9822000   0.0000000  -0.9350098   0.0000000
 96.7442747  20.7232542 1190.5921107  -0.1818000  -0.9833000   0.0000000   0.3090181   0.0000000
 96.3423583  18.7091703  77.8933519  -0.1841000  -0.9829000   0.0000000  -1.7552959   0.0000000
 96.3803504  18.8691770  -0.7688773  -0.1839000  -0.9829000   0.0000000   0.6020513   0.0000000
 96.4043454  16.7490888 -39.3673941  -0.1884000  -0.9821000   0.0000000  -0.5094753   0.0000000
 96.1304023  18.7331713 237.8169400  -0.1829000  -0.9831000   0.0000000  -0.7519966   0.0000000
 96.8902444  21.5332879 608.3074449  -0.1809000  -0.9835000   0.0000000   0.3253813   0.0000000
 96.1923894  18.2211500 144.6543697  -0.1843000  -0.9829000   0.0000000  -0.0749220   0.0000000
 96.0784131  19.3791982  96.1946799  -0.1812000  -0.9835000   0.0000000  -1.2388941   0.0000000
 96.5823084  17.1971074 -38.5796404  -0.1883000  -0.9821000   0.0000000  -0.7185723   0.0000000
 96.3223624  17.4331172  -3.8917674  -0.1866000  -0.9824000   0.0000000  -0.4926410   0.0000000
 96.3543558  19.5672061 183.2678319  -0.1822000  -0.9833000   0.0000000   0.4095917   0.0000000
 96.4583342  17.6171249  49.3947106  -0.1869000  -0.9824000   0.0000000  -0.3459849   0.0000000
 96.4923271  18.5731647 -10.9898158  -0.1851000  -0.9827000   0.0000000   0.1374223   0.0000000
 96.1923894  19.4812025 197.5483262  -0.1816000  -0.9834000   0.0000000  -2.1149077   0.0000000
 96.3723520  18.4351589 246.9148016  -0.1848000  -0.9828000   0.0000000  -0.8483375   0.0000000
 96.4663325  18.9051785  -1.7090372  -0.1843000  -0.9829000   0.0000000   0.3258340   0.0000000
 96.3443579  19.3271961  25.0633054  -0.1827000  -0.9832000   0.0000000   0.7107798   0.0000000
 96.4463367  16.5570808 -42.2617694  -0.1889000  -0.9820000   0.0000000   0.1445080   0.0000000
 96.0984090  19.3951989 113.3968513  -0.1812000  -0.9834000   0.0000000  -1.0244132   0.0000000
 96.1384007  18.7891737 101.2358604  -0.1828000  -0.9831000   0.0000000  -0.0358591   0.0000000
 96.2583757  18.8971782  30.0487504  -0.1832000  -0.9831000   0.0000000  -1.6767097   0.0000000
 96.4563346  19.1031867  41.5039211  -0.1838000  -0.9830000   0.0000000   0.5423767   0.0000000
 96.5203213  17.8971365 -10.7662840  -0.1867000  -0.9824000   0.0000000  -0.0909669   0.0000000
 96.2563761  18.4771607 172.5715984  -0.1841000  -0.9829000   0.0000000  -0.2787611   0.0000000
 96.2483778  17.6671270   0.5162545  -0.1858000  -0.9826000   0.0000000  -0.2894937   0.0000000
 98.6138861  22.9233458 731.6294887  -0.1888000  -0.9820000   0.0000000  -0.4582574   0.0000000
 96.5663117  17.3291129 -38.4115308  -0.1880000  -0.9822000   0.0000000  -0.1058849   0.0000000
 96.2383799  17.8451344 108.1176335  -0.1854000  -0.9827000   0.0000000  -0.7922891   0.0000000
 96.8902444  20.8912612 870.2203409  -0.1823000  -0.9832000   0.0000000  -0.2737494   0.0000000
 97.6760810  22.1393131 1599.0583483  -0.1844000  -0.9829000   0.0000000  -0.2575387   0.0000000
 96.1883903  18.9391799 137.5592501  -0.1827000  -0.9832000   0.0000000  -1.2701095   0.0000000
 96.3943475  18.0711438 159.5452057  -0.1857000  -0.9826000   0.0000000  -0.2951268   0.0000000
 96.0704148  19.1851902 130.5389328  -0.1816000  -0.9834000   0.0000000  -1.0393211   0.0000000
 96.4523354  18.6571682 -13.1086508  -0.1847000  -0.9828000   0.0000000   0.3304518   0.0000000
 96.1583965  19.7312129  61.0722225  -0.1808000  -0.9835000   0.0000000  -2.1391618   0.0000000
 96.1563969  19.8872194 153.0426324  -0.1804000  -0.9836000   0.0000000   1.5479143   0.0000000
 96.4503358  17.0110997 -40.2671368  -0.1881000  -0.9822000   0.0000000   0.3153926   0.0000000
 96.5883071  16.7830902 -41.1146115  -0.1892000  -0.9819000   0.0000000   0.3322536   0.0000000
 96.1843911  19.4232001  90.1885544  -0.1816000  -0.9834000   0.0000000  -1.5036794   0.0000000
 96.4343392  16.5950823 -39.8100087  -0.1888000  -0.9820000   0.0000000  -0.2855055   0.0000000
 96.4223416  17.6691271  60.3470130  -0.1866000  -0.9824000   0.0000000   0.1286135   0.0000000
 96.5643121  17.6751273 -30.1674504  -0.1873000  -0.9823000   0.0000000  -0.1235847   0.0000000
 96.0604169  19.2211917 128.5944668  -0.1814000  -0.9834000   0.0000000  -1.0786489   0.0000000
 96.2123853  18.1471469  68.7899973  -0.1846000  -0.9828000   0.0000000  -0.5223782   0.0000000
 96.2623749  19.2831942  37.7204809  -0.1824000  -0.9832000   0.0000000   1.6007568   0.0000000
 96.4203421  18.6931697  -8.2148240  -0.1845000  -0.9828000   0.0000000   0.5318093   0.0000000
 96.5003254  17.3571141 -29.9084139  -0.1876000  -0.9822000   0.0000000  -0.0551649   0.0000000
 96.4043454  17.8771357  65.3457859  -0.1861000  -0.9825000   0.0000000  -0.3390218   0.0000000
 96.2423791  18.9531805  92.4074806  -0.1830000  -0.9831000   0.0000000  -1.4679914   0.0000000
 96.3183633  17.5811234   0.6497140  -0.1863000  -0.9825000   0.0000000   0.4232883   0.0000000
 96.3503566  17.5431218 -14.4926791  -0.1865000  -0.9824000   0.0000000   0.3716011   0.0000000
 96.2903691  17.5291212 -11.6881245  -0.1863000  -0.9825000   0.0000000  -0.5222275   0.0000000
 96.5223209  16.7370883 -34.1178917  -0.1889000  -0.9820000   0.0000000   0.2897967   0.0000000
 96.3363595  19.7632142 165.1641301  -0.1817000  -0.9834000   0.0000000   0.3231421   0.0000000
 96.5983051  17.2351090 -37.0703521  -0.1883000  -0.9821000   0.0000000  -0.2741296   0.0000000
 96.5943059  17.3131122 -35.7075055  -0.1882000  -0.9821000   0.0000000  -0.0241458   0.0000000
 96.2603753  19.6872111  35.5434750  -0.1815000  -0.9834000   0.0000000   1.1730782   0.0000000
 96.4803296  16.4850778 -39.2279155  -0.1892000  -0.9819000   0.0000000  -0.3006750   0.0000000
 96.3263616  19.6252085 116.7386491  -0.1820000  -0.9833000   0.0000000   0.7543701   0.0000000
 96.0484194  19.2011908 137.7090302  -0.1814000  -0.9834000   0.0000000   0.1156677   0.0000000
 96.4403379  18.5211625  -0.9575112  -0.1850000  -0.9827000   0.0000000   0.3605559   0.0000000
 97.7760603  21.2912778 961.5927463  -0.1867000  -0.9824000   0.0000000  -0.3797698   0.0000000
 96.1863907  18.3351548 136.1418222  -0.1841000  -0.9829000   0.0000000  -0.5615870   0.0000000
 96.2263824  18.5591641 134.5209035  -0.1838000  -0.9830000   0.0000000  -0.7215484   0.0000000
 96.2363803  18.9091787  50.3189584  -0.1831000  -0.9831000   0.0000000  -1.3304297   0.0000000
 96.4023458  18.9491803   1.1026065  -0.1839000  -0.9830000   0.0000000   0.7365640   0.0000000
 96.0944098  19.1271877 130.1982215  -0.1818000  -0.9833000   0.0000000  -0.9048867   0.0000000
 96.4343392  18.1331464 148.4396984  -0.1857000  -0.9826000   0.0000000  -0.1162862   0.0000000
 96.3123645  18.5891653 234.6093668  -0.1842000  -0.9829000   0.0000000  -0.5219529   0.0000000
 96.4043454  16.9050953 -39.7620413  -0.1881000  -0.9822000   0.0000000   0.1396068   0.0000000
 96.5203213  17.0891029 -38.2929461  -0.1883000  -0.9821000   0.0000000   0.0037031   0.0000000
 96.3023666  19.6672102 212.3357660  -0.1817000  -0.9833000   0.0000000   0.7062701   0.0000000
 96.9482323  18.6731688 1313.9808966  -0.1873000  -0.9823000   0.0000000  -0.3357096   0.0000000
 97.5021172  18.1151456 295.8258701  -0.1912000  -0.9816000   0.0000000   0.1401035   0.0000000
 96.3283612  18.1691479 174.3953965  -0.1851000  -0.9827000   0.0000000  -0.7932773   0.0000000
 96.3743516  17.9011367  73.0480220  -0.1859000  -0.9826000   0.0000000  -0.7681806   0.0000000
 96.5463159  17.3671145 -34.6381731  -0.1878000  -0.9822000   0.0000000  -0.3982829   0.0000000
 97.0642082  19.5612058 970.5498807  -0.1861000  -0.9825000   0.0000000   0.3649685   0.0000000
 96.4863283  17.6931281  27.6583416  -0.1869000  -0.9824000   0.0000000   0.5770707   0.0000000
 96.2903691  18.5351631  96.8412509  -0.1842000  -0.9829000   0.0000000  -0.7095883   0.0000000
 96.4603337  17.9791400  25.7880915  -0.1862000  -0.9825000   0.0000000  -0.9158809   0.0000000
 96.6163013  17.6551265 -37.9948770  -0.1876000  -0.9822000   0.0000000  -0.0829252   0.0000000
 96.3203628  19.4292003  29.5535618  -0.1824000  -0.9832000   0.0000000   0.6938181   0.0000000
 96.4123437  16.8550932 -40.0518894  -0.1882000  -0.9821000   0.0000000  -0.2840038   0.0000000
 96.5203213  16.9690979 -39.4685407  -0.1885000  -0.9821000   0.0000000   0.1685167   0.0000000
 96.2823707  17.7351298  29.0094950  -0.1858000  -0.9826000   0.0000000  -0.5371872   0.0000000
 96.3363595  17.4991200 -21.2449644  -0.1866000  -0.9824000   0.0000000   0.3758412   0.0000000
 97.8480453  17.7971324 388.2410872  -0.1935000  -0.9811000   0.0000000   0.4031534   0.0000000
 96.2743724  19.8892195  98.0764909  -0.1811000  -0.9835000   0.0000000   1.0405315   0.0000000
 96.6582926  16.9510972 -38.7385271  -0.1892000  -0.9819000   0.0000000   0.2750538   0.0000000
 96.2003878  18.1331464 115.5656364  -0.1846000  -0.9828000   0.0000000  -1.3081180   0.0000000
 96.3563554  18.1391466 124.9381095  -0.1853000  -0.9827000   0.0000000  -0.0775165   0.0000000
 96.4143433  17.6871278  36.6899507  -0.1866000  -0.9824000   0.0000000  -0.4502963   0.0000000
 96.0404210  18.7191708 238.1544572  -0.1825000  -0.9832000   0.0000000  -0.0281625   0.0000000
 96.5183217  17.5011201 -34.8397814  -0.1874000  -0.9823000   0.0000000  -0.4689478   0.0000000
 97.4881201  16.5750815 -35.3900614  -0.1937000  -0.9811000   0.0000000   0.3496999   0.0000000
 96.3283612  17.3471137   4.8830675  -0.1868000  -0.9824000   0.0000000  -0.0943028   0.0000000
 96.2523770  19.9952239  79.8354627  -0.1807000  -0.9835000   0.0000000   0.9097623   0.0000000
 96.2623749  18.9791816  38.5524069  -0.1830000  -0.9831000   0.0000000  -1.6401141   0.0000000
 96.2603753  20.1852318 120.3189779  -0.1803000  -0.9836000   0.0000000   0.4182273   0.0000000
 96.4323396  18.5391633   0.5933860  -0.1849000  -0.9828000   0.0000000   0.3675262   0.0000000
 96.7062826  16.8210918 -33.9349663  -0.1896000  -0.9819000   0.0000000   0.2426770   0.0000000
 96.4303400  16.5890821 -40.6023097  -0.1888000  -0.9820000   0.0000000  -0.2498340   0.0000000
 96.3243620  17.3891154   4.5281181  -0.1867000  -0.9824000   0.0000000   0.1585871   0.0000000
 96.5463159  16.6130831 -39.3440146  -0.1893000  -0.9819000   0.0000000   0.1472411   0.0000000
 96.3523562  17.3131122  -0.4525461  -0.1870000  -0.9824000   0.0000000  -0.1118982   0.0000000
 96.3283612  18.4431593 133.9648788  -0.1846000  -0.9828000   0.0000000  -0.5200423   0.0000000
 96.3103649  17.4531181  -3.3218432  -0.1865000  -0.9824000   0.0000000  -0.0901411   0.0000000
 96.3343599  18.9791816  13.9835746  -0.1834000  -0.9830000   0.0000000   0.9659225   0.0000000
 96.2863699  17.7291296   6.6011650  -0.1858000  -0.9826000   0.0000000  -0.5525518   0.0000000
 96.3883487  18.8611767  -1.7546040  -0.1840000  -0.9829000   0.0000000   0.7275403   0.0000000
 96.1224040  19.5972073  55.5221753  -0.1809000  -0.9835000   0.0000000  -1.4848899   0.0000000
 96.3023666  18.9991824  44.6747455  -0.1832000  -0.9831000   0.0000000   1.1645275   0.0000000
 96.5663117  17.0090996 -40.4052296  -0.1886000  -0.9820000   0.0000000   0.1653875   0.0000000
 96.5343184  17.5411217 -31.3610297  -0.1874000  -0.9823000   0.0000000   0.3390360   0.0000000
 96.6962847  17.0771024 -36.2068457  -0.1891000  -0.9820000   0.0000000  -0.4178239   0.0000000
 96.5043246  16.9690979 -39.4052131  -0.1884000  -0.9821000   0.0000000   0.3603391   0.0000000
 96.1883903  18.9591808 157.1452505  -0.1827000  -0.9832000   0.0000000  -1.2681822   0.0000000
 97.0202174  21.9933070 598.5232379  -0.1806000  -0.9836000   0.0000000   0.3029552   0.0000000
 98.2799555  20.6012491 530.8278849  -0.1911000  -0.9816000   0.0000000   0.3878998   0.0000000
 96.3003670  19.2651935  16.5301680  -0.1826000  -0.9832000   0.0000000   0.9886181   0.0000000
 96.9722273  17.3171124 -44.1984620  -0.1900000  -0.9818000   0.0000000   0.1510867   0.0000000
 96.3943475  19.0991866   9.0611207  -0.1835000  -0.9830000   0.0000000   0.3619559   0.0000000
 96.4483362  17.5451219  13.4492123  -0.1870000  -0.9824000   0.0000000  -1.1638072   0.0000000
 96.3263616  18.9851818  17.9275306  -0.1834000  -0.9830000   0.0000000   1.1994171   0.0000000
 96.5363180  17.8211334 -13.6383468  -0.1869000  -0.9824000   0.0000000   0.5175331   0.0000000
 97.7780599  21.5112870 967.2207597  -0.1863000  -0.9825000   0.0000000  -0.1611088   0.0000000
 96.5383175  18.2851527 -20.6272620  -0.1860000  -0.9826000   0.0000000   0.3494235   0.0000000
 96.5803088  16.8290921 -39.0273885  -0.1890000  -0.9820000   0.0000000  -0.2023550   0.0000000
 96.4623333  17.7371299  43.5752097  -0.1867000  -0.9824000   0.0000000  -0.2369922   0.0000000
 96.4143433  17.6331256  41.5471105  -0.1867000  -0.9824000   0.0000000   0.1104081   0.0000000
 96.4703317  17.1131039 -39.7523898  -0.1880000  -0.9822000   0.0000000   0.0672368   0.0000000
 96.4283404  18.2231501 130.1820369  -0.1855000  -0.9826000   0.0000000   0.1417350   0.0000000
 96.2943682  17.4471178  -3.3070862  -0.1865000  -0.9825000   0.0000000  -0.5440143   0.0000000
 96.2983674  18.0591433 133.0730880  -0.1852000  -0.9827000   0.0000000  -0.8822736   0.0000000
 97.5481076  18.4031576 352.7788422  -0.1909000  -0.9816000   0.0000000  -0.5248380   0.0000000
 96.3583549  17.2591100 -27.0968916  -0.1871000  -0.9823000   0.0000000   0.1568660   0.0000000
 96.4723313  18.8291753  -4.0631792  -0.1845000  -0.9828000   0.0000000   0.3321019   0.0000000
 96.5603130  16.6230835 -39.4000164  -0.1893000  -0.9819000   0.0000000  -0.0776463   0.0000000
 96.1723936  18.5551639 121.8880893  -0.1835000  -0.9830000   0.0000000  -0.7748612   0.0000000
 96.3543558  19.1231876   9.2303254  -0.1832000  -0.9831000   0.0000000   0.5077658   0.0000000
 96.5263200  18.0291420  -1.6983344  -0.1864000  -0.9825000   0.0000000  -0.3038296   0.0000000
 96.5623126  17.5531222 -39.6249828  -0.1875000  -0.9823000   0.0000000  -0.5078272   0.0000000
 96.2183840  18.7711729 151.1828322  -0.1833000  -0.9831000   0.0000000  -1.2322609   0.0000000
 96.2183840  19.7092120  44.2372112  -0.1812000  -0.9835000   0.0000000   1.1495599   0.0000000
 96.2783716  20.0532263 174.5330425  -0.1807000  -0.9835000   0.0000000   0.4938605   0.0000000
 96.1603961  18.6611683 155.4685589  -0.1832000  -0.9831000   0.0000000  -0.3859960   0.0000000
 96.6442955  17.2391092 -39.4226167  -0.1886000  -0.9821000   0.0000000  -0.0456037   0.0000000
 96.2723728  18.8571765  58.5998486  -0.1834000  -0.9830000   0.0000000  -1.1821816   0.0000000
 96.5663117  16.8690938 -39.6027941  -0.1889000  -0.9820000   0.0000000  -0.4939492   0.0000000
 96.2783716  19.8492178  81.6715439  -0.1812000  -0.9834000   0.0000000   0.7001072   0.0000000
 96.3623541  17.0170999 -39.2965979  -0.1876000  -0.9822000   0.0000000  -0.2460523   0.0000000
 96.5623126  17.2231085 -41.0887060  -0.1882000  -0.9821000   0.0000000  -0.5347404   0.0000000
 97.1581887  17.3011117  -2.2358950  -0.1909000  -0.9816000   0.0000000  -0.2204543   0.0000000
 98.5059086  20.3532388 953.5335290  -0.1928000  -0.9812000   0.0000000   0.1902266   0.0000000
 96.6302984  17.1411051 -36.9536061  -0.1887000  -0.9820000   0.0000000   0.1023111   0.0000000
 96.3083653  20.2252334 167.4004635  -0.1805000  -0.9836000   0.0000000   0.4923269   0.0000000
 96.6123022  17.3271128 -38.0470883  -0.1882000  -0.9821000   0.0000000   0.3166968   0.0000000
 96.1683944  19.4111996 107.9155784  -0.1816000  -0.9834000   0.0000000  -1.4458368   0.0000000
 96.3643537  18.6151664  43.2934362  -0.1844000  -0.9829000   0.0000000   0.7227961   0.0000000
 96.0444202  19.1191874 141.7450251  -0.1816000  -0.9834000   0.0000000  -0.4211802   0.0000000
 96.5183217  18.4311588  -9.9089699  -0.1856000  -0.9826000   0.0000000   0.0443974   0.0000000
 96.5683113  17.2611101 -37.3629378  -0.1881000  -0.9821000   0.0000000   0.3174174   0.0000000
 96.2443786  18.5671644 134.5324934  -0.1839000  -0.9830000   0.0000000  -0.3647519   0.0000000
 97.2281741  18.9151789 462.9720939  -0.1883000  -0.9821000   0.0000000  -0.4711692   0.0000000
 96.1324019  19.4912029  89.0622026  -0.1812000  -0.9834000   0.0000000  -1.2594351   0.0000000
 96.2723728  18.0791441 139.1288352  -0.1850000  -0.9827000   0.0000000  -0.2542722   0.0000000
 96.4703317  18.1511471  11.1241469  -0.1859000  -0.9826000   0.0000000   0.0689012   0.0000000
 96.4423375  16.7910905 -38.9415835  -0.1885000  -0.9821000   0.0000000   0.1002030   0.0000000
 96.4543350  17.0671020 -37.3883189  -0.1880000  -0.9822000   0.0000000  -0.0694332   0.0000000
 96.6103026  16.8670937 -37.2621998  -0.1891000  -0.9820000   0.0000000   0.1572035   0.0000000
 96.1124061  19.0631851 104.2537284  -0.1821000  -0.9833000   0.0000000  -0.5771565   0.0000000
 96.2563761  18.3651560 149.4764761  -0.1844000  -0.9829000   0.0000000  -0.2048100   0.0000000
 96.5543142  16.9250961 -38.2903224  -0.1887000  -0.9820000   0.0000000  -0.0479965   0.0000000
 96.3443579  17.5111205 -22.5235451  -0.1866000  -0.9824000   0.0000000   0.3722772   0.0000000
 98.4739152  21.5332879 564.1041134  -0.1905000  -0.9817000   0.0000000   0.7082651   0.0000000
 96.5683113  17.2791108 -38.4357804  -0.1881000  -0.9821000   0.0000000   0.1467994   0.0000000
 96.6482947  16.8750940 -35.3801752  -0.1893000  -0.9819000   0.0000000   0.2592303   0.0000000
 96.1963886  19.6772106  44.0376418  -0.1811000  -0.9835000   0.0000000   1.5868489   0.0000000
 96.2543766  17.7291296  15.6652684  -0.1857000  -0.9826000   0.0000000  -0.7363945   0.0000000
 96.4543350  17.0471012 -38.9359957  -0.1880000  -0.9822000   0.0000000  -0.0848616   0.0000000
 96.1843911  18.2811525 131.3767814  -0.1842000  -0.9829000   0.0000000  -0.7713832   0.0000000
 97.8780391  20.2052326 244.9041665  -0.1894000  -0.9819000   0.0000000  -0.2029609   0.0000000
 96.3823500  19.4772023 102.5049348  -0.1826000  -0.9832000   0.0000000   0.5359759   0.0000000
 96.5423167  16.7190875 -39.8004159  -0.1891000  -0.9820000   0.0000000   0.1455311   0.0000000
 96.3903483  19.1471886  14.4614568  -0.1834000  -0.9830000   0.0000000   0.5456400   0.0000000
 96.4883279  18.5331630  -9.3804650  -0.1852000  -0.9827000   0.0000000   0.3016294   0.0000000
 96.4403379  18.5691645  -5.9143811  -0.1849000  -0.9828000   0.0000000   0.3346358   0.0000000
 96.1024081  19.3651976 116.6583581  -0.1813000  -0.9834000   0.0000000  -0.9910976   0.0000000
 96.6023042  17.2891112 -37.7885714  -0.1883000  -0.9821000   0.0000000   0.5310786   0.0000000
 96.2683736  18.6911696 132.0156646  -0.1837000  -0.9830000   0.0000000  -0.8099352   0.0000000
 96.7002839  17.1711063 -40.7549695  -0.1890000  -0.9820000   0.0000000   0.3739637   0.0000000
 96.3723520  17.7111288  38.6279887  -0.1863000  -0.9825000   0.0000000   0.9095782   0.0000000
 96.7102818  17.2871112 -35.8519395  -0.1888000  -0.9820000   0.0000000  -0.4082612   0.0000000
 96.4143433  19.6772106 516.9886051  -0.1823000  -0.9832000   0.0000000   0.0690434   0.0000000
 96.2383799  19.1211875 136.3930630  -0.1826000  -0.9832000   0.0000000  -1.3071017   0.0000000
 96.6422959  16.7050869 -39.5012621  -0.1896000  -0.9819000   0.0000000   0.1494854   0.0000000
 96.1284027  19.2131913 104.0404878  -0.1818000  -0.9833000   0.0000000  -0.8148201   0.0000000
 96.4483362  17.8571349  15.0977444  -0.1864000  -0.9825000   0.0000000  -0.2946791   0.0000000
 96.5383175  18.3071536 -18.8016471  -0.1859000  -0.9826000   0.0000000   0.1310896   0.0000000
 96.5623126  18.9491803  37.5173665  -0.1847000  -0.9828000   0.0000000   0.7536580   0.0000000
 96.5443163  17.7591308 -23.7465523  -0.1871000  -0.9823000   0.0000000   0.1984263   0.0000000
 96.3063658  19.6652101 316.4247874  -0.1818000  -0.9833000   0.0000000   0.7079121   0.0000000
 96.2203836  18.6231668 106.9804533  -0.1836000  -0.9830000   0.0000000  -0.5794746   0.0000000
 97.2621671  20.3352380 1043.0334432  -0.1856000  -0.9826000   0.0000000   0.1685948   0.0000000
 97.8440461  20.1052285 678.1105625  -0.1895000  -0.9819000   0.0000000   0.2188193   0.0000000
 96.3663533  19.2971948  28.9518513  -0.1829000  -0.9831000   0.0000000   0.5306895   0.0000000
 96.6203005  16.9910988 -41.8280620  -0.1889000  -0.9820000   0.0000000   0.1256825   0.0000000
 96.6063034  16.9270962 -36.6452230  -0.1890000  -0.9820000   0.0000000   0.1811776   0.0000000
 96.4503358  18.7311713  -8.9769115  -0.1846000  -0.9828000   0.0000000   0.5256844   0.0000000
 96.5443163  17.3771149 -35.1450498  -0.1878000  -0.9822000   0.0000000  -0.2980213   0.0000000
 96.2883695  18.2511513 294.5251523  -0.1848000  -0.9828000   0.0000000  -0.4736389   0.0000000
 96.3143641  18.8471761  23.4641131  -0.1836000  -0.9830000   0.0000000  -1.2070596   0.0000000
 96.1463990  19.3271961  78.2802239  -0.1817000  -0.9834000   0.0000000  -1.4886385   0.0000000
 98.9298204  22.8713436 756.6226681  -0.1910000  -0.9816000   0.0000000   0.1763618   0.0000000
 96.5863076  16.7530889 -41.4404770  -0.1892000  -0.9819000   0.0000000  -0.4883670   0.0000000
 96.4743308  18.0031410  53.7878518  -0.1862000  -0.9825000   0.0000000  -0.5028266   0.0000000
 96.1483986  19.8892195 128.9216120  -0.1804000  -0.9836000   0.0000000   0.2450897   0.0000000
 96.3683529  18.4931614 207.6401504  -0.1847000  -0.9828000   0.0000000  -0.5176621   0.0000000
 96.1543973  19.3431967  95.5444701  -0.1817000  -0.9834000   0.0000000  -1.6476080   0.0000000
 97.9780183  17.8491345 200.1126849  -0.1941000  -0.9810000   0.0000000  -0.2820596   0.0000000
 96.3523562  17.1771066 -34.5680575  -0.1873000  -0.9823000   0.0000000  -0.2911128   0.0000000
 96.5003254  16.7470887 -39.4682481  -0.1888000  -0.9820000   0.0000000  -0.0577715   0.0000000
 96.2443786  20.3812399 178.8186497  -0.1798000  -0.9837000   0.0000000   0.4958703   0.0000000
 96.3063658  19.8232167 131.2902096  -0.1814000  -0.9834000   0.0000000   0.5448025   0.0000000
 96.6742893  16.7790900 -36.7763323  -0.1896000  -0.9819000   0.0000000   0.1459426   0.0000000
 96.2903691  19.5892070  30.8166384  -0.1818000  -0.9833000   0.0000000   0.5225705   0.0000000
 96.3483570  17.6031243  20.9333613  -0.1864000  -0.9825000   0.0000000  -0.6893694   0.0000000
 96.4483362  17.8851360  73.9894504  -0.1863000  -0.9825000   0.0000000   0.1052141   0.0000000
 96.4803296  17.5371216  -1.6879073  -0.1872000  -0.9823000   0.0000000  -0.5725081   0.0000000
 96.4503358  17.5771232   9.5039157  -0.1870000  -0.9824000   0.0000000   0.1702964   0.0000000
 97.4881201  16.4570766  58.2264795  -0.1939000  -0.9810000   0.0000000   0.3223360   0.0000000
 97.5841002  21.2412757 1176.4141861  -0.1857000  -0.9826000   0.0000000   0.4273246   0.0000000
 96.1903899  19.9472219  94.8991277  -0.1805000  -0.9836000   0.0000000   1.2912992   0.0000000
 95.8324643  17.1071037 -41.3712153  -0.1850000  -0.9827000   0.0000000  -0.5467877   0.0000000
 96.5923063  17.4651186 -37.8030839  -0.1879000  -0.9822000   0.0000000   0.1934505   0.0000000
 96.0584173  19.2591932 121.0325742  -0.1813000  -0.9834000   0.0000000  -1.2395585   0.0000000
 96.5083238  18.0771440   3.6839613  -0.1862000  -0.9825000   0.0000000   0.0946832   0.0000000
 96.4343392  18.7591724  -8.8678603  -0.1844000  -0.9828000   0.0000000   0.5469694   0.0000000
 96.5363180  16.7150873 -39.2390312  -0.1890000  -0.9820000   0.0000000   0.1506143   0.0000000
 96.2783716  20.1832317 127.6480061  -0.1804000  -0.9836000   0.0000000   0.4810534   0.0000000
 96.4363387  17.3971157 -14.9858577  -0.1872000  -0.9823000   0.0000000  -0.3320363   0.0000000
 96.3103649  18.1231460  47.8971749  -0.1851000  -0.9827000   0.0000000  -0.4840802   0.0000000
 96.5743101  17.7591308 -26.0561096  -0.1872000  -0.9823000   0.0000000   0.2326832   0.0000000
 96.6962847  17.8111330 -31.3088702  -0.1877000  -0.9822000   0.0000000   0.1228405   0.0000000
 96.5723105  17.1671062 -39.6177840  -0.1883000  -0.9821000   0.0000000   0.3637633   0.0000000
 96.2463782  18.7231709 131.7082137  -0.1835000  -0.9830000   0.0000000  -1.0615978   0.0000000
 98.5898911  21.5312878 559.2874006  -0.1913000  -0.9815000   0.0000000  -0.1791621   0.0000000
 96.3663533  16.9210959 -38.6695861  -0.1879000  -0.9822000   0.0000000   0.1428654   0.0000000
 96.3303608  17.2071078 -35.3134838  -0.1871000  -0.9823000   0.0000000   0.3354943   0.0000000
 95.6884942  17.1891071 -38.3727954  -0.1841000  -0.9829000   0.0000000   0.0705589   0.0000000
 96.4843288  17.5231210  -4.7298636  -0.1872000  -0.9823000   0.0000000  -0.4767712   0.0000000
 96.3323603  19.1891903  15.9629395  -0.1830000  -0.9831000   0.0000000   0.5312691   0.0000000
 96.3663533  18.4111579 325.9026836  -0.1848000  -0.9828000   0.0000000  -0.7405485   0.0000000
 97.1181970  18.2531514 601.1425103  -0.1890000  -0.9820000   0.0000000  -0.5416280   0.0000000
 96.1623957  18.6111663 113.5165838  -0.1833000  -0.9831000   0.0000000  -0.5709792   0.0000000
 96.2823707  19.9212208 130.3762369  -0.1810000  -0.9835000   0.0000000   0.8993484   0.0000000
 98.6918699  21.0192665 603.9301274  -0.1928000  -0.9812000   0.0000000  -0.3683248   0.0000000
 96.5563138  17.2251086 -34.9918478  -0.1882000  -0.9821000   0.0000000  -0.5438977   0.0000000
 96.5883071  17.6631268 -35.6725211  -0.1875000  -0.9823000   0.0000000  -0.2642715   0.0000000
 96.5763096  17.3311130 -35.5330578  -0.1881000  -0.9822000   0.0000000   0.1018314   0.0000000
 97.7640628  22.0313086 1005.9150452  -0.1851000  -0.9827000   0.0000000   0.3962620   0.0000000
 96.2243828  19.7092120  44.5209570  -0.1812000  -0.9834000   0.0000000   1.0878452   0.0000000
 96.6422959  17.4191166 -32.9210286  -0.1882000  -0.9821000   0.0000000  -0.2655971   0.0000000
 96.3023666  17.5991241  -4.1602787  -0.1862000  -0.9825000   0.0000000   0.2511997   0.0000000
 96.3723520  18.9451802   7.2457315  -0.1837000  -0.9830000   0.0000000   0.5517812   0.0000000
 96.3943475  17.0411009 -42.6475177  -0.1878000  -0.9822000   0.0000000  -0.1811367   0.0000000
 97.0062203  18.0791441 264.0129379  -0.1887000  -0.9820000   0.0000000   0.2046369   0.0000000
 96.2183840  19.7412133  48.8056056  -0.1811000  -0.9835000   0.0000000   1.3537350   0.0000000
 96.5463159  17.3531139 -38.5815917  -0.1879000  -0.9822000   0.0000000   0.1234996   0.0000000
 96.4083446  18.9551806   0.8628744  -0.1839000  -0.9830000   0.0000000   0.7362196   0.0000000
 96.5063242  16.7950907 -37.2824014  -0.1888000  -0.9820000   0.0000000   0.3786255   0.0000000
 96.2943682  19.9912237 148.2579243  -0.1809000  -0.9835000   0.0000000   0.5208378   0.0000000
 96.5003254  16.6470845 -40.5460993  -0.1890000  -0.9820000   0.0000000   0.0018834   0.0000000
 98.4219260  20.6292503 742.2426579  -0.1918000  -0.9814000   0.0000000   0.5263689   0.0000000
 96.2323811  18.2171499  80.0178323  -0.1845000  -0.9828000   0.0000000  -0.5649700   0.0000000
 96.3523562  19.4472011  61.5270895  -0.1825000  -0.9832000   0.0000000   0.5497649   0.0000000
 96.4543350  18.8511763  -8.5941683  -0.1843000  -0.9829000   0.0000000   0.3388495   0.0000000
 97.3021588  18.2931530 820.0994970  -0.1898000  -0.9818000   0.0000000  -0.3271334   0.0000000
 96.4123437  17.8811359  27.1219004  -0.1862000  -0.9825000   0.0000000  -0.0590678   0.0000000
 96.3203628  19.4672019  33.9104327  -0.1823000  -0.9832000   0.0000000   0.7404432   0.0000000
 96.7102818  16.8050911 -38.7384516  -0.1897000  -0.9818000   0.0000000  -0.2955769   0.0000000
 96.3203628  17.6411259  -9.5675037  -0.1862000  -0.9825000   0.0000000   0.4505174   0.0000000
 96.4423375  19.4071994 764.6472391  -0.1831000  -0.9831000   0.0000000   0.4555898   0.0000000
 96.3163637  19.1631892  19.4163360  -0.1829000  -0.9831000   0.0000000   0.2999791   0.0000000
 96.2543766  19.8072160  45.9539900  -0.1811000  -0.9835000   0.0000000   1.0439376   0.0000000
 96.3563554  17.1691062 -38.8894764  -0.1873000  -0.9823000   0.0000000  -0.3199460   0.0000000
 97.3441500  22.2693185 427.0459455  -0.1820000  -0.9833000   0.0000000   0.3871502   0.0000000
 96.3043662  19.0291837  37.7158918  -0.1832000  -0.9831000   0.0000000   1.2269744   0.0000000
 96.5123229  16.9850986 -38.4846914  -0.1884000  -0.9821000   0.0000000   0.1461908   0.0000000
 96.4823292  17.6231251   8.5320790  -0.1870000  -0.9824000   0.0000000   0.3328533   0.0000000
 97.3601467  20.0832275 931.6325859  -0.1867000  -0.9824000   0.0000000   0.3674073   0.0000000
 96.2503774  19.5712062  32.2344817  -0.1817000  -0.9834000   0.0000000   1.3819040   0.0000000
 96.5203213  17.5871236 -19.9660969  -0.1873000  -0.9823000   0.0000000   0.1338143   0.0000000
 96.3943475  19.3331963 105.3991623  -0.1830000  -0.9831000   0.0000000   0.1138548   0.0000000
 96.1244036  19.3491970 113.4228422  -0.1815000  -0.9834000   0.0000000  -1.2452208   0.0000000
 96.2663741  18.2311504 144.8003534  -0.1847000  -0.9828000   0.0000000  -0.3555756   0.0000000
 96.1823915  18.6891695 189.1448480  -0.1833000  -0.9831000   0.0000000  -0.5654558   0.0000000
 96.4183425  17.3851152  -6.6195852  -0.1872000  -0.9823000   0.0000000   0.3810505   0.0000000
 96.2463782  17.8351340  93.8968613  -0.1854000  -0.9827000   0.0000000  -1.0227188   0.0000000
 96.5223209  17.2451094 -38.9088691  -0.1880000  -0.9822000   0.0000000   0.5298852   0.0000000
 97.2421712  21.3552805 907.9046457  -0.1834000  -0.9830000   0.0000000  -0.3540087   0.0000000
 96.2383799  18.3671561 179.6928396  -0.1843000  -0.9829000   0.0000000  -0.5359089   0.0000000
 96.3643537  17.3131122   2.9616665  -0.1871000  -0.9823000   0.0000000  -0.2620565   0.0000000
 96.4383383  17.3371132 -28.9334930  -0.1874000  -0.9823000   0.0000000  -0.2702066   0.0000000
 96.4623333  18.3471553 -10.5098055  -0.1854000  -0.9827000   0.0000000   0.5457413   0.0000000
 96.3103649  20.5112454 746.7812560  -0.1798000  -0.9837000   0.0000000   0.4181659   0.0000000
 96.3323603  18.8451760   9.5336049  -0.1837000  -0.9830000   0.0000000   0.9911246   0.0000000
 96.4503358  18.9851818   0.7053594  -0.1840000  -0.9829000   0.0000000   0.7167672   0.0000000
 96.5803088  17.2351090 -35.8176358  -0.1883000  -0.9821000   0.0000000  -0.3969498   0.0000000
 96.4963263  16.8790942 -40.8342132  -0.1885000  -0.9821000   0.0000000   0.1557604   0.0000000
 98.1219884  22.9253458 1505.4197295  -0.1856000  -0.9826000   0.0000000   0.2939707   0.0000000
 96.4663325  16.8130914 -40.5682542  -0.1885000  -0.9821000   0.0000000   0.2618596   0.0000000
 96.4023458  19.0691853   8.1844543  -0.1836000  -0.9830000   0.0000000   0.5948374   0.0000000
 96.5003254  17.9531389  -4.9041935  -0.1864000  -0.9825000   0.0000000   0.0396830   0.0000000
 96.2703732  17.9731397 131.9672894  -0.1853000  -0.9827000   0.0000000   0.3507006   0.0000000
 96.2203836  18.2631518 131.3696497  -0.1844000  -0.9829000   0.0000000   0.0990170   0.0000000
 96.3663533  18.7811733   0.1794566  -0.1840000  -0.9829000   0.0000000   1.1586037   0.0000000
 98.0979933  19.9612225 724.7374228  -0.1911000  -0.9816000   0.0000000   0.0707759   0.0000000
 96.3103649  17.7691312  28.9465645  -0.1859000  -0.9826000   0.0000000  -0.0235107   0.0000000
 95.9064489  17.5191208 -24.1585527  -0.1844000  -0.9828000   0.0000000  -0.0235708   0.0000000
 96.4163429  19.0671852   5.1041100  -0.1837000  -0.9830000   0.0000000   0.3601153   0.0000000
 96.3343599  17.9111371  72.2374060  -0.1857000  -0.9826000   0.0000000  -0.4196379   0.0000000
 96.1763928  18.8351756 130.3094233  -0.1829000  -0.9831000   0.0000000  -0.5332324   0.0000000
 96.2783716  19.0291837  51.3012753  -0.1830000  -0.9831000   0.0000000  -1.2889985   0.0000000
 96.5363180  17.8691354 -14.1485054  -0.1868000  -0.9824000   0.0000000   0.3455113   0.0000000
 96.1543973  19.6772106  47.6596754  -0.1809000  -0.9835000   0.0000000  -2.1288722   0.0000000
 96.5063242  17.1211042 -28.1747928  -0.1881000  -0.9821000   0.0000000   0.1390835   0.0000000
 96.2803712  19.8632184  90.2618446  -0.1812000  -0.9835000   0.0000000   0.7114280   0.0000000
 96.4723313  16.7490888 -39.4299880  -0.1887000  -0.9820000   0.0000000   0.1395800   0.0000000
 96.5023250  17.6271253 -11.1407533  -0.1871000  -0.9823000   0.0000000   0.5193191   0.0000000
 96.5383175  18.7651727  -9.3850337  -0.1850000  -0.9827000   0.0000000   0.3224922   0.0000000
 96.3083653  19.6652101 326.3686904  -0.1818000  -0.9833000   0.0000000   0.6822635   0.0000000
 96.2923687  19.0591849  39.1800804  -0.1830000  -0.9831000   0.0000000   1.4189543   0.0000000
 97.7760603  16.6950865 -34.8746031  -0.1949000  -0.9808000   0.0000000  -0.9423882   0.0000000
 96.4183425  17.2131081  -5.8808131  -0.1875000  -0.9823000   0.0000000  -0.4354502   0.0000000
 96.5623126  16.9930989 -41.3090697  -0.1886000  -0.9820000   0.0000000   0.3183655   0.0000000
 96.3123645  17.8331339  49.6128842  -0.1858000  -0.9826000   0.0000000  -0.3295899   0.0000000
 96.5083238  16.8770941 -39.1435806  -0.1886000  -0.9821000   0.0000000   0.1420837   0.0000000
 96.2483778  17.8051327  75.1091811  -0.1855000  -0.9826000   0.0000000  -0.2876104   0.0000000
 95.5365258  16.1210626 -43.2393539  -0.1857000  -0.9826000   0.0000000   0.3266489   0.0000000
 96.2563761  19.9092203  75.4648856  -0.1809000  -0.9835000   0.0000000   0.9431869   0.0000000
 96.1963886  19.2311921  74.6367264  -0.1821000  -0.9833000   0.0000000  -1.4184790   0.0000000
 96.4083446  19.2051910   5.5489889  -0.1833000  -0.9831000   0.0000000   0.3287451   0.0000000
 96.4563346  18.0691437  73.0609103  -0.1860000  -0.9826000   0.0000000  -0.0813980   0.0000000
 96.3183633  17.5351215 -17.9612165  -0.1864000  -0.9825000   0.0000000   0.3212703   0.0000000
 95.7904730  17.9611392  -8.1810890  -0.1829000  -0.9831000   0.0000000  -0.4729487   0.0000000
 96.5823084  18.2891529 -20.4163159  -0.1862000  -0.9825000   0.0000000   0.1047114   0.0000000
 96.4683321  17.1771066 -28.8911631  -0.1878000  -0.9822000   0.0000000   0.1388384   0.0000000
 96.3903483  16.9250961 -38.4986939  -0.1880000  -0.9822000   0.0000000   0.3351269   0.0000000
 96.5723105  16.8730939 -39.9179651  -0.1889000  -0.9820000   0.0000000  -0.4208926   0.0000000
 96.1483986  19.5312046  70.8794403  -0.1812000  -0.9834000   0.0000000  -1.4760598   0.0000000
 97.1581887  20.8592598 1185.0134796  -0.1839000  -0.9829000   0.0000000  -0.2757564   0.0000000
 96.2323811  19.3711979  46.7561561  -0.1820000  -0.9833000   0.0000000   1.4602953   0.0000000
 96.6882864  17.1311047 -37.6982822  -0.1890000  -0.9820000   0.0000000   0.1556355   0.0000000
 96.2603753  19.9112204  85.8717488  -0.1809000  -0.9835000   0.0000000   0.9477643   0.0000000
 96.4243412  16.6230835 -40.3379957  -0.1887000  -0.9820000   0.0000000   0.1430776   0.0000000
 96.6482947  17.7491304 -34.2542002  -0.1876000  -0.9822000   0.0000000  -0.2675559   0.0000000
 96.1583965  19.1191874 200.4567734  -0.1822000  -0.9833000   0.0000000  -0.9387603   0.0000000
 96.3163637  19.6512096 247.3820468  -0.1818000  -0.9833000   0.0000000   0.7034383   0.0000000
 96.9802257  20.5752480 1404.8945765  -0.1835000  -0.9830000   0.0000000  -0.4548015   0.0000000
 96.4563346  17.4751190 -31.4730212  -0.1872000  -0.9823000   0.0000000  -0.5233977   0.0000000
 95.8144680  16.6730856 -39.5102442  -0.1858000  -0.9826000   0.0000000   0.2012857   0.0000000
 96.3283612  18.1951489 195.8568609  -0.1851000  -0.9827000   0.0000000   0.3633522   0.0000000
 96.2683736  17.8671353  56.4280786  -0.1855000  -0.9827000   0.0000000  -0.0037952   0.0000000
 96.1763928  18.3031534  88.2723829  -0.1841000  -0.9829000   0.0000000   0.2992672   0.0000000
 96.4583342  18.4511596  -3.7332299  -0.1852000  -0.9827000   0.0000000   0.3116134   0.0000000
 96.6902860  16.8570933 -35.5482457  -0.1895000  -0.9819000   0.0000000   0.1116410   0.0000000
 96.2883695  18.7131705 142.8589153  -0.1838000  -0.9830000   0.0000000  -1.2217481   0.0000000
 96.2283820  19.7832150  44.2979953  -0.1811000  -0.9835000   0.0000000   1.1405908   0.0000000
 96.2903691  19.6592099  37.7504898  -0.1817000  -0.9834000   0.0000000   0.6333508   0.0000000
 96.4363387  17.6291254  64.7530298  -0.1868000  -0.9824000   0.0000000  -0.9573499   0.0000000
 96.4303400  18.8551764  -6.8870345  -0.1842000  -0.9829000   0.0000000   0.3686214   0.0000000
 96.2703732  19.1331880  52.4473352  -0.1828000  -0.9832000   0.0000000   0.3210917   0.0000000
 96.3903483  19.3491970  69.6391732  -0.1829000  -0.9831000   0.0000000   0.4488583   0.0000000
 97.2601675  20.3112370 1085.6523867  -0.1857000  -0.9826000   0.0000000   0.1037153   0.0000000
 96.6362972  17.4231168 -36.9520862  -0.1882000  -0.9821000   0.0000000  -0.2392753   0.0000000
 96.6083030  17.7811317 -31.5341633  -0.1873000  -0.9823000   0.0000000   0.5422217   0.0000000
 96.7422751  16.7230877 -51.4631675  -0.1900000  -0.9818000   0.0000000  -0.8276069   0.0000000
 96.1803919  18.4111579 152.4257307  -0.1839000  -0.9830000   0.0000000  -0.9505160   0.0000000
 95.6944929  16.9810984 -48.5081883  -0.1846000  -0.9828000   0.0000000   0.1096581   0.0000000
 96.4743308  17.2371091 -38.1157900  -0.1877000  -0.9822000   0.0000000  -0.0312341   0.0000000
 96.5043246  18.9791816  13.3414085  -0.1843000  -0.9829000   0.0000000   0.3323554   0.0000000
 96.5463159  17.2671103 -38.3770774  -0.1880000  -0.9822000   0.0000000   0.1518137   0.0000000
 96.2863699  19.9292211 207.2848002  -0.1810000  -0.9835000   0.0000000   0.9284448   0.0000000
 96.3683529  18.8171748  -0.9844186  -0.1840000  -0.9829000   0.0000000   1.0039246   0.0000000
 97.6640835  22.8333420 916.8568400  -0.1828000  -0.9832000   0.0000000  -0.4040103   0.0000000
 96.3523562  18.0531430 244.5814426  -0.1855000  -0.9826000   0.0000000   0.2447306   0.0000000
 96.6762889  16.9690979 -39.2533093  -0.1892000  -0.9819000   0.0000000   0.3638461   0.0000000
 96.4543350  18.7571723  -7.7923741  -0.1845000  -0.9828000   0.0000000   0.5508965   0.0000000
 97.2581679  21.5312878 778.3070522  -0.1831000  -0.9831000   0.0000000  -0.0428447   0.0000000
 96.1923894  18.7131705 180.1350599  -0.1833000  -0.9831000   0.0000000   0.1319565   0.0000000
 96.4283404  18.4271586   0.6223758  -0.1851000  -0.9827000   0.0000000   0.3330093   0.0000000
 96.3063658  19.7232126  41.4547995  -0.1816000  -0.9834000   0.0000000   0.7073054   0.0000000
 96.2043869  19.5512054  39.8848139  -0.1815000  -0.9834000   0.0000000   1.4074309   0.0000000
 96.1743932  19.4792024 106.7629537  -0.1815000  -0.9834000   0.0000000  -1.8403124   0.0000000
 96.2383799  17.9071370  84.5423007  -0.1852000  -0.9827000   0.0000000   0.0621211   0.0000000
 96.3763512  17.4811192 -16.8343946  -0.1868000  -0.9824000   0.0000000  -0.5617803   0.0000000
 96.4223416  17.2711105 -16.8422273  -0.1874000  -0.9823000   0.0000000  -0.2823497   0.0000000
 96.3083653  18.9851818  31.4253582  -0.1833000  -0.9831000   0.0000000   1.0162586   0.0000000
 97.4401301  21.5672893 1342.9665526  -0.1841000  -0.9829000   0.0000000  -1.3100798   0.0000000
 96.4623333  18.3231543 -11.1212605  -0.1855000  -0.9826000   0.0000000   0.5512509   0.0000000
 96.3883487  19.2251918  14.9686015  -0.1832000  -0.9831000   0.0000000   0.3236684   0.0000000
 96.2943682  19.5452051  29.4743279  -0.1820000  -0.9833000   0.0000000   0.9799803   0.0000000
 96.4883279  17.9691395  -9.7630215  -0.1863000  -0.9825000   0.0000000  -0.2863968   0.0000000
 96.3583549  19.5392049  90.0674121  -0.1823000  -0.9832000   0.0000000   0.5270045   0.0000000
 96.2563761  19.4171998  38.4484019  -0.1820000  -0.9833000   0.0000000   1.1417844   0.0000000
 96.3903483  17.0110997 -37.4761292  -0.1878000  -0.9822000   0.0000000   0.1353326   0.0000000
 96.3723520  17.2411092 -12.4070054  -0.1873000  -0.9823000   0.0000000   0.2257408   0.0000000
 96.3683529  19.2031909  13.1116742  -0.1831000  -0.9831000   0.0000000   0.5357100   0.0000000
 96.3963470  16.5810818 -42.9246095  -0.1887000  -0.9820000   0.0000000  -0.2714168   0.0000000
 96.3023666  19.1811900  22.8963983  -0.1828000  -0.9831000   0.0000000   1.3774637   0.0000000
 96.4023458  16.7770899 -41.0637737  -0.1883000  -0.9821000   0.0000000  -0.0704880   0.0000000
 96.4003462  19.1791899   9.0054755  -0.1833000  -0.9830000   0.0000000   0.5368797   0.0000000
 96.4483362  17.6011242  36.2387316  -0.1869000  -0.9824000   0.0000000  -0.3598974   0.0000000
 96.0704148  18.7911738 282.3290463  -0.1825000  -0.9832000   0.0000000   0.0842667   0.0000000
 97.5980973  18.5311629 647.0182758  -0.1910000  -0.9816000   0.0000000   0.4929928   0.0000000
 96.3943475  16.7470887 -40.2504578  -0.1883000  -0.9821000   0.0000000  -0.5096757   0.0000000
 96.6362972  16.7970908 -37.1433870  -0.1894000  -0.9819000   0.0000000   0.1449870   0.0000000
 97.6720819  21.0352672 1055.9744613  -0.1866000  -0.9824000   0.0000000   0.6580918   0.0000000
 96.3683529  17.4371174 -30.9757535  -0.1868000  -0.9824000   0.0000000   0.0530885   0.0000000
 96.4703317  17.8511346   7.4830243  -0.1865000  -0.9825000   0.0000000  -0.1172230   0.0000000
 96.4423375  16.9730981 -38.8639907  -0.1881000  -0.9821000   0.0000000  -0.2904162   0.0000000
 97.7600636  20.2912362 539.8668410  -0.1886000  -0.9821000   0.0000000  -0.6621438   0.0000000
 96.6622918  16.7790900 -39.0860680  -0.1895000  -0.9819000   0.0000000   0.1457813   0.0000000
 96.3483570  17.5391216 -18.2757089  -0.1865000  -0.9824000   0.0000000   0.3722805   0.0000000
 96.2003878  18.1351465 106.5809283  -0.1846000  -0.9828000   0.0000000  -1.3081666   0.0000000
 95.9164468  16.3450719 -43.9859678  -0.1869000  -0.9824000   0.0000000   1.0354878   0.0000000
 96.5443163  17.7391300 -22.9445225  -0.1871000  -0.9823000   0.0000000   0.3338269   0.0000000
 96.3483570  17.7111288  34.6740125  -0.1862000  -0.9825000   0.0000000   0.3184650   0.0000000
 96.4043454  16.7450886 -39.5697112  -0.1884000  -0.9821000   0.0000000  -0.5094315   0.0000000
 96.3803504  18.4651602 150.2618160  -0.1848000  -0.9828000   0.0000000  -0.4744034   0.0000000
 96.4803296  18.2411509  -7.2015467  -0.1858000  -0.9826000   0.0000000   0.1352015   0.0000000
 96.7522731  18.1011450 -26.5311607  -0.1874000  -0.9823000   0.0000000  -0.0761798   0.0000000
 96.1903899  19.2911946  57.4254717  -0.1820000  -0.9833000   0.0000000  -1.6924422   0.0000000
 98.1939734  21.4672851 1042.8346477  -0.1889000  -0.9820000   0.0000000   0.0958813   0.0000000
 96.1863907  18.7611725  97.5649347  -0.1831000  -0.9831000   0.0000000  -1.0197992   0.0000000
 96.1483986  19.6452093  47.3130049  -0.1809000  -0.9835000   0.0000000  -1.7854178   0.0000000
 96.0084277  19.1151872 188.2635962  -0.1814000  -0.9834000   0.0000000   0.5219429   0.0000000
 96.4143433  19.0671852   7.8256912  -0.1837000  -0.9830000   0.0000000   0.4817302   0.0000000
 96.3363595  17.9951406 125.7580446  -0.1855000  -0.9826000   0.0000000   0.1532711   0.0000000
 96.5803088  17.1291046 -38.3483759  -0.1885000  -0.9821000   0.0000000   0.1513530   0.0000000
 96.3323603  19.2471927  15.8864664  -0.1828000  -0.9831000   0.0000000   0.7475162   0.0000000
 96.1104065  19.2031909  83.7069094  -0.1817000  -0.9833000   0.0000000  -0.8974515   0.0000000
 96.2583757  19.2971948  34.5290468  -0.1823000  -0.9832000   0.0000000   1.6304804   0.0000000
 96.2183840  18.1031451 143.2090948  -0.1847000  -0.9828000   0.0000000  -0.3979915   0.0000000
 96.3023666  18.0711438 138.8638783  -0.1852000  -0.9827000   0.0000000  -0.8398654   0.0000000
 96.3523562  17.7111288  27.4503389  -0.1862000  -0.9825000   0.0000000   0.1706629   0.0000000
 96.3843495  16.9570974 -38.1773929  -0.1879000  -0.9822000   0.0000000   0.1627788   0.0000000
 98.4359231  21.7592973 1047.9551667  -0.1899000  -0.9818000   0.0000000  -0.4903506   0.0000000
 96.2943682  20.2532346 165.4434161  -0.1803000  -0.9836000   0.0000000   0.3042006   0.0000000
 96.5703109  17.1871070 -39.9374438  -0.1883000  -0.9821000   0.0000000   0.2293745   0.0000000
 96.6043038  17.4411176 -34.2968633  -0.1880000  -0.9822000   0.0000000   0.1067056   0.0000000
 96.1324019  19.6072077  60.8678286  -0.1809000  -0.9835000   0.0000000  -1.6405982   0.0000000
 96.2463782  17.9571390 145.9371833  -0.1852000  -0.9827000   0.0000000   0.3364481   0.0000000
 96.6462951  16.6270837 -37.8337413  -0.1897000  -0.9818000   0.0000000   0.3492822   0.0000000
 96.3343599  18.7851735  36.2060677  -0.1838000  -0.9830000   0.0000000   0.9952267   0.0000000
 96.5863076  17.2851111 -36.5054576  -0.1882000  -0.9821000   0.0000000   0.1935486   0.0000000
 96.3703525  19.4972031  66.3438699  -0.1825000  -0.9832000   0.0000000   0.5695309   0.0000000
 96.1643953  18.9371798 143.6190126  -0.1826000  -0.9832000   0.0000000  -1.0036097   0.0000000
 96.3803504  16.8310922 -39.6673467  -0.1881000  -0.9822000   0.0000000   0.1389835   0.0000000
 96.4663325  16.9390967 -39.3445891  -0.1883000  -0.9821000   0.0000000   0.5697985   0.0000000
 96.6242997  17.0971032 -38.1226349  -0.1887000  -0.9820000   0.0000000  -0.0643251   0.0000000
 96.6103026  17.7511305 -30.4449243  -0.1874000  -0.9823000   0.0000000   0.0688818   0.0000000
 96.3963470  18.3271544 328.1605206  -0.1851000  -0.9827000   0.0000000  -0.7461052   0.0000000
 96.3763512  19.0011825   2.3020838  -0.1836000  -0.9830000   0.0000000   0.5573233   0.0000000
 96.5643121  18.0671436  -5.8967670  -0.1865000  -0.9824000   0.0000000   0.5361040   0.0000000
 96.2463782  18.5591641 102.1493828  -0.1839000  -0.9829000   0.0000000  -0.5488649   0.0000000
 96.5783092  17.0551015 -37.6629695  -0.1886000  -0.9821000   0.0000000   0.1107360   0.0000000
 96.4203421  18.5571640  -0.6572939  -0.1848000  -0.9828000   0.0000000   0.3507160   0.0000000
 96.3443579  19.0511846  20.0435913  -0.1833000  -0.9831000   0.0000000   0.7626315   0.0000000
 96.6143017  16.8630935 -33.0063294  -0.1891000  -0.9820000   0.0000000   0.1158687   0.0000000
 96.6962847  17.0991033 -37.9658602  -0.1891000  -0.9820000   0.0000000  -0.5108250   0.0000000
 96.3243620  19.3951989  45.6296876  -0.1825000  -0.9832000   0.0000000   0.7888424   0.0000000
 96.5843080  17.5051202 -37.6909455  -0.1878000  -0.9822000   0.0000000  -1.0175129   0.0000000
 96.5123229  17.1491054 -35.6602149  -0.1881000  -0.9821000   0.0000000  -0.2344497   0.0000000
 96.3323603  17.7551306  36.5843759  -0.1860000  -0.9825000   0.0000000  -0.0072437   0.0000000
 96.2063865  18.7131705 148.0398478  -0.1833000  -0.9830000   0.0000000   0.7501487   0.0000000
 96.6802880  16.9830985 -37.0482381  -0.1892000  -0.9819000   0.0000000   0.3556462   0.0000000
 96.2283820  18.5291629 101.6727832  -0.1839000  -0.9830000   0.0000000  -0.5108239   0.0000000
 96.4083446  19.2271919  39.5012681  -0.1833000  -0.9831000   0.0000000   0.3346005   0.0000000
 96.4263408  17.6891279  49.6007552  -0.1866000  -0.9824000   0.0000000  -0.2981690   0.0000000
 96.4623333  17.1991075 -36.9049720  -0.1878000  -0.9822000   0.0000000  -0.0647666   0.0000000
 96.4543350  16.7690896 -39.8518820  -0.1886000  -0.9821000   0.0000000   0.2353792   0.0000000
 96.1783924  19.9492220  98.7533999  -0.1804000  -0.9836000   0.0000000   1.3747840   0.0000000
 96.1943890  20.0472260 102.2645745  -0.1803000  -0.9836000   0.0000000   0.8591756   0.0000000
 98.1099909  19.2491928 1062.6041298  -0.1925000  -0.9813000   0.0000000  -0.0339546   0.0000000
 96.2963678  19.5032034  24.7051086  -0.1821000  -0.9833000   0.0000000   0.9292409   0.0000000
 96.1264032  18.8991783 124.8915447  -0.1825000  -0.9832000   0.0000000  -0.3863033   0.0000000
 96.1703940  18.5611642 162.0470790  -0.1835000  -0.9830000   0.0000000  -0.7295094   0.0000000
 96.4923271  18.2311504  -2.8417601  -0.1858000  -0.9826000   0.0000000   0.1324455   0.0000000
 96.2303815  18.2971532 159.1037398  -0.1844000  -0.9829000   0.0000000   0.5526879   0.0000000
 96.0424206  17.0571016 -37.4703593  -0.1861000  -0.9825000   0.0000000  -0.2814585   0.0000000
 96.4343392  17.5311213  17.8518016  -0.1870000  -0.9824000   0.0000000  -1.1725527   0.0000000
 96.3183633  17.3071120 -20.8930972  -0.1869000  -0.9824000   0.0000000  -0.2517117   0.0000000
 97.0022211  19.0911862 628.8555062  -0.1867000  -0.9824000   0.0000000  -0.1845601   0.0000000
 96.4603337  16.9190958 -39.2728369  -0.1883000  -0.9821000   0.0000000   0.1685112   0.0000000
 96.2103857  18.8531763  60.5552931  -0.1831000  -0.9831000   0.0000000  -1.0499237   0.0000000
 96.4583342  18.2571515   7.3856185  -0.1856000  -0.9826000   0.0000000   0.0869122   0.0000000
 96.5523146  16.5310797 -39.5831583  -0.1895000  -0.9819000   0.0000000   0.1455188   0.0000000
 96.2923687  17.6451261   3.8981340  -0.1860000  -0.9825000   0.0000000  -0.2361921   0.0000000
 96.1983882  19.1171873  86.5388571  -0.1824000  -0.9832000   0.0000000  -1.4369502   0.0000000
 96.1563969  18.8311754  96.6705943  -0.1828000  -0.9831000   0.0000000  -0.2978070   0.0000000
 96.2003878  19.8432175  59.3633234  -0.1808000  -0.9835000   0.0000000   1.4076040   0.0000000
 96.1943890  19.5092036 131.3894398  -0.1815000  -0.9834000   0.0000000  -1.9397323   0.0000000
 96.2243828  17.4131164  -3.5731492  -0.1862000  -0.9825000   0.0000000  -0.3295836   0.0000000
 96.3623541  17.6831276  16.5634878  -0.1863000  -0.9825000   0.0000000   0.5022014   0.0000000
 96.3963470  17.3751148  18.6481300  -0.1871000  -0.9823000   0.0000000  -0.5048122   0.0000000
 96.3023666  19.4071994  21.7719413  -0.1823000  -0.9832000   0.0000000   0.8008650   0.0000000
 96.6183009  17.2131081 -37.3210004  -0.1885000  -0.9821000   0.0000000   0.1346760   0.0000000
 98.9678126  22.6273334 1258.8804669  -0.1917000  -0.9815000   0.0000000   0.3617612   0.0000000
 96.8462535  18.8851777 1039.8503038  -0.1863000  -0.9825000   0.0000000  -0.7503461   0.0000000
 96.5943059  17.1051036 -37.9539301  -0.1886000  -0.9821000   0.0000000   0.2380308   0.0000000
 96.7882656  18.2151498 -24.5000794  -0.1874000  -0.9823000   0.0000000   0.1411900   0.0000000
 96.5363180  16.8370924 -40.1185055  -0.1888000  -0.9820000   0.0000000  -0.2981684   0.0000000
 96.2903691  17.6291254 -13.9663336  -0.1861000  -0.9825000   0.0000000  -0.1224152   0.0000000
 96.7382760  21.3832816 1379.6982544  -0.1803000  -0.9836000   0.0000000  -0.3354549   0.0000000
 96.1104065  19.3651976 132.8804588  -0.1814000  -0.9834000   0.0000000  -1.0108178   0.0000000
 96.4543350  17.2591100 -19.4589354  -0.1876000  -0.9822000   0.0000000  -0.4869846   0.0000000
 96.4403379  17.5071203  -1.2237764  -0.1870000  -0.9824000   0.0000000  -0.5413525   0.0000000
 96.4323396  16.9930989 -39.7204800  -0.1880000  -0.9822000   0.0000000   0.1763148   0.0000000
 96.3583549  17.2131081 -24.7909591  -0.1872000  -0.9823000   0.0000000   0.3037762   0.0000000
 96.5063242  17.6211251 -10.0613906  -0.1871000  -0.9823000   0.0000000   0.3346873   0.0000000
 96.5303192  16.7150873 -37.5411459  -0.1890000  -0.9820000   0.0000000   0.1530266   0.0000000
 96.6542934  16.6870862 -38.6951846  -0.1896000  -0.9819000   0.0000000   0.0607437   0.0000000
 96.5303192  18.2451510 -13.5566492  -0.1860000  -0.9826000   0.0000000   0.3387433   0.0000000
 96.4103441  20.4172414 899.2642565  -0.1806000  -0.9836000   0.0000000   0.7221769   0.0000000
 96.3523562  19.4352006  50.1417669  -0.1825000  -0.9832000   0.0000000   0.5565467   0.0000000
 96.2303815  18.2931530 152.0996995  -0.1844000  -0.9829000   0.0000000   0.5380516   0.0000000
 96.2963678  19.5412050  24.6044777  -0.1820000  -0.9833000   0.0000000   1.0062683   0.0000000
 96.1743932  18.7571723 159.7754169  -0.1831000  -0.9831000   0.0000000  -0.9481138   0.0000000
 96.4563346  16.5130789 -39.0599992  -0.1891000  -0.9820000   0.0000000   0.1445459   0.0000000
 96.1623957  19.1711896 167.7376798  -0.1821000  -0.9833000   0.0000000  -1.0296593   0.0000000
 96.1783924  18.6471678 145.2208398  -0.1833000  -0.9830000   0.0000000  -0.8346620   0.0000000
 96.3223624  19.6292086 295.3150070  -0.1819000  -0.9833000   0.0000000   0.7473367   0.0000000
 96.1703940  19.0091828 101.9260299  -0.1825000  -0.9832000   0.0000000  -0.8314278   0.0000000
 96.3323603  18.7551723  80.9355979  -0.1839000  -0.9829000   0.0000000  -1.2310843   0.0000000
 96.4423375  16.4890779 -41.4669020  -0.1890000  -0.9820000   0.0000000   0.1317934   0.0000000
 96.2243828  18.8431759 110.2815641  -0.1831000  -0.9831000   0.0000000  -0.5989378   0.0000000
 96.1563969  18.6111663 143.3270816  -0.1833000  -0.9831000   0.0000000  -0.3938071   0.0000000
 96.2263824  18.0071411 115.3988569  -0.1850000  -0.9827000   0.0000000  -0.3430162   0.0000000
 98.1559813  22.7073368 1013.5496725  -0.1862000  -0.9825000   0.0000000   0.6981749   0.0000000
 96.5603130  18.0391425   1.4571103  -0.1866000  -0.9824000   0.0000000   0.3850021   0.0000000
 96.4583342  17.9391383  64.7579652  -0.1863000  -0.9825000   0.0000000  -0.5810461   0.0000000
 96.5603130  16.8770941 -39.0747859  -0.1889000  -0.9820000   0.0000000  -0.4956491   0.0000000
 96.3423583  19.6992116 179.0534338  -0.1819000  -0.9833000   0.0000000   0.7234772   0.0000000
 96.6083030  17.2151082 -36.8922827  -0.1884000  -0.9821000   0.0000000   0.1423721   0.0000000
 96.3163637  17.7531306  14.2119178  -0.1859000  -0.9826000   0.0000000  -0.7529331   0.0000000
 96.2963678  19.2251918  25.7924533  -0.1827000  -0.9832000   0.0000000   1.1321790   0.0000000
 96.4943267  16.8170916 -41.2110222  -0.1887000  -0.9820000   0.0000000   0.3798012   0.0000000
 96.2283820  19.5292045  34.3740469  -0.1816000  -0.9834000   0.0000000   1.4034268   0.0000000
 96.6083030  16.6690854 -39.2176165  -0.1895000  -0.9819000   0.0000000   0.1454847   0.0000000
 96.6822876  17.0591017 -37.5256167  -0.1891000  -0.9820000   0.0000000  -0.4744540   0.0000000
 96.2583757  17.6991283  -0.7687614  -0.1858000  -0.9826000   0.0000000  -0.4591304   0.0000000
 96.4043454  17.1131039 -40.0967128  -0.1877000  -0.9822000   0.0000000   0.0888845   0.0000000
 96.3923479  16.8910947 -41.6887262  -0.1880000  -0.9822000   0.0000000   0.1394491   0.0000000
 96.6083030  17.0090996 -37.2022712  -0.1888000  -0.9820000   0.0000000  -0.2937355   0.0000000
 96.3063658  17.7451302  19.2034444  -0.1859000  -0.9826000   0.0000000  -0.7480713   0.0000000
 96.2263824  20.1152289  96.5021956  -0.1803000  -0.9836000   0.0000000   0.9267613   0.0000000
 96.3283612  19.8572181 165.9619011  -0.1814000  -0.9834000   0.0000000   0.0744020   0.0000000
 96.3303608  17.6911280  23.2293570  -0.1861000  -0.9825000   0.0000000  -0.8500693   0.0000000
 96.5163221  18.1831484  -4.6855402  -0.1861000  -0.9825000   0.0000000   0.1433271   0.0000000
 96.5223209  16.9170958 -37.9430654  -0.1886000  -0.9821000   0.0000000   0.2321424   0.0000000
 96.5463159  16.9090954 -39.6579092  -0.1887000  -0.9820000   0.0000000   0.1440990   0.0000000
 96.6123022  17.0511013 -39.9648715  -0.1888000  -0.9820000   0.0000000  -0.0272057   0.0000000
 96.2323811  19.9092203  61.3420221  -0.1808000  -0.9835000   0.0000000   1.3317759   0.0000000
 96.0804127  19.4472011 144.6929303  -0.1810000  -0.9835000   0.0000000  -1.3038383   0.0000000
 97.2481700  17.2431093 -34.3851032  -0.1915000  -0.9815000   0.0000000   0.5755632   0.0000000
 96.5083238  17.7511305 -12.7805635  -0.1869000  -0.9824000   0.0000000  -0.3731439   0.0000000
 98.2519613  22.1633141 1010.0749927  -0.1879000  -0.9822000   0.0000000  -0.1385051   0.0000000
 96.3983466  17.7871320  52.2265769  -0.1863000  -0.9825000   0.0000000   0.2368804   0.0000000
 96.3363595  18.2831526 153.2288540  -0.1849000  -0.9828000   0.0000000   0.0915417   0.0000000
 96.4243412  16.7030868 -39.2386117  -0.1886000  -0.9821000   0.0000000   0.1418913   0.0000000
 96.3803504  17.2611101   1.5158282  -0.1873000  -0.9823000   0.0000000   0.3798103   0.0000000
 96.6322980  17.5271211 -37.1220405  -0.1879000  -0.9822000   0.0000000  -0.5545374   0.0000000
 96.3703525  17.4351173 -27.4532422  -0.1869000  -0.9824000   0.0000000   0.0880306   0.0000000
 96.6282988  17.4991200 -38.2348545  -0.1880000  -0.9822000   0.0000000  -1.2061727   0.0000000
 98.2899534  19.0051827 957.1514058  -0.1938000  -0.9810000   0.0000000   0.2359365   0.0000000
 96.2123853  18.1251460 110.6816802  -0.1846000  -0.9828000   0.0000000  -0.6989184   0.0000000
 96.2763720  17.9391383 128.9177234  -0.1854000  -0.9827000   0.0000000   0.0624378   0.0000000
 96.5623126  17.7331297 -25.5285084  -0.1872000  -0.9823000   0.0000000  -0.0817297   0.0000000
 96.5103234  17.4871195 -33.9231195  -0.1874000  -0.9823000   0.0000000  -0.3005839   0.0000000
 96.1104065  19.5432051  64.9795056  -0.1810000  -0.9835000   0.0000000  -1.2716914   0.0000000
 96.2923687  17.8211334  33.4401567  -0.1857000  -0.9826000   0.0000000  -0.7351559   0.0000000
 96.5803088  16.7030868 -39.2284940  -0.1893000  -0.9819000   0.0000000   0.1467676   0.0000000
 96.1543973  19.7292128  63.0527740  -0.1808000  -0.9835000   0.0000000  -2.1705959   0.0000000
 96.4223416  19.8152164 352.7502798  -0.1821000  -0.9833000   0.0000000   0.0943387   0.0000000
 96.7442747  17.1111038 -37.9648447  -0.1893000  -0.9819000   0.0000000  -0.3255379   0.0000000
 96.2903691  19.5832067  29.6544344  -0.1819000  -0.9833000   0.0000000   0.6565305   0.0000000
 96.3683529  18.9331797   6.9653741  -0.1837000  -0.9830000   0.0000000   0.5422382   0.0000000
 96.3543558  18.0031410  94.1514013  -0.1856000  -0.9826000   0.0000000   0.3699123   0.0000000
 96.6203005  17.4031160 -37.1066759  -0.1881000  -0.9821000   0.0000000  -0.0386883   0.0000000
 96.2383799  18.0191416 109.2781727  -0.1850000  -0.9827000   0.0000000  -0.3424751   0.0000000
 96.2203836  19.7992157  46.7955425  -0.1810000  -0.9835000   0.0000000   1.3987452   0.0000000
 96.4523354  17.9451385  96.1192984  -0.1862000  -0.9825000   0.0000000  -0.6941993   0.0000000
 96.5963055  16.8030910 -38.0046950  -0.1892000  -0.9819000   0.0000000  -0.3104022   0.0000000
 96.3383591  17.5931239  12.1152782  -0.1864000  -0.9825000   0.0000000   0.1079389   0.0000000
 96.2723728  20.3092369 194.7334220  -0.1801000  -0.9837000   0.0000000   0.5082443   0.0000000
 96.5623126  16.9830985 -41.1094795  -0.1887000  -0.9820000   0.0000000   0.1433067   0.0000000
 96.4163429  18.7691728  -7.8522320  -0.1843000  -0.9829000   0.0000000   0.5389707   0.0000000
 96.3563554  17.4791191 -21.8151249  -0.1867000  -0.9824000   0.0000000  -0.0648092   0.0000000
 96.0644160  16.6430843 -42.6942993  -0.1870000  -0.9824000   0.0000000   0.2137207   0.0000000
 96.5803088  18.1191458 -13.3492541  -0.1865000  -0.9825000   0.0000000  -0.3130129   0.0000000
 96.3963470  17.3571141  -9.0910464  -0.1871000  -0.9823000   0.0000000  -0.0063454   0.0000000
 96.6262993  17.2611101 -37.8833423  -0.1884000  -0.9821000   0.0000000   0.3586447   0.0000000
 96.3583549  17.7531306  39.2453133  -0.1861000  -0.9825000   0.0000000  -0.5343845   0.0000000
 96.4363387  17.8771357  49.0488632  -0.1863000  -0.9825000   0.0000000   0.3429152   0.0000000
 97.0402132  18.5971657 1068.6594252  -0.1879000  -0.9822000   0.0000000  -1.1027133   0.0000000
 96.3003670  18.6431676 179.9556948  -0.1840000  -0.9829000   0.0000000  -1.4228611   0.0000000
 96.5883071  17.1451052 -37.5653827  -0.1885000  -0.9821000   0.0000000   0.3312787   0.0000000
 96.2823707  17.8731355  35.0325818  -0.1855000  -0.9826000   0.0000000   0.1464064   0.0000000
 96.1204044  19.3331963 151.8725372  -0.1815000  -0.9834000   0.0000000  -1.1584795   0.0000000
 96.1883903  18.5471636 180.1676548  -0.1836000  -0.9830000   0.0000000  -0.5348339   0.0000000
 96.6282988  17.5431218 -38.4535559  -0.1879000  -0.9822000   0.0000000  -0.1326602   0.0000000
 96.4983259  16.8370924 -39.8309754  -0.1886000  -0.9820000   0.0000000   0.3537277   0.0000000
 96.5323188  17.9871403  -7.5551120  -0.1865000  -0.9824000   0.0000000   0.1319566   0.0000000
 96.4463367  18.4391591  -0.7432762  -0.1852000  -0.9827000   0.0000000   0.3372628   0.0000000
 96.2003878  19.2851943  60.6053067  -0.1820000  -0.9833000   0.0000000  -2.0962362   0.0000000
 96.6922855  16.8770941 -39.2527463  -0.1895000  -0.9819000   0.0000000   0.1417564   0.0000000
 96.3303608  18.2791524 114.3467624  -0.1849000  -0.9828000   0.0000000   0.4703094   0.0000000
 96.1344015  19.7412133  69.0016805  -0.1806000  -0.9835000   0.0000000  -2.1333127   0.0000000
 96.2063865  19.3931988  95.6324402  -0.1818000  -0.9833000   0.0000000  -1.4840437   0.0000000
 96.4623333  18.5571640  -4.8766503  -0.1850000  -0.9827000   0.0000000   0.3202649   0.0000000
 96.2583757  17.9431385 121.4157015  -0.1853000  -0.9827000   0.0000000  -0.4273114   0.0000000
 96.4323396  21.1712728 1205.6461654  -0.1790000  -0.9839000   0.0000000   0.2741950   0.0000000
 97.5301114  22.6693352 463.4785030  -0.1823000  -0.9832000   0.0000000   0.1863076   0.0000000
 96.6682905  16.7610893 -40.5946397  -0.1896000  -0.9819000   0.0000000   0.2750751   0.0000000
 96.4363387  17.7011284  59.5631713  -0.1866000  -0.9824000   0.0000000   0.3005817   0.0000000
 96.1963886  20.0792274 100.4193946  -0.1802000  -0.9836000   0.0000000   0.6969983   0.0000000
 96.7022835  17.4171166 -37.0872523  -0.1885000  -0.9821000   0.0000000   0.1367939   0.0000000
 96.5283196  17.2291087 -39.4235394  -0.1880000  -0.9822000   0.0000000   0.1678626   0.0000000
 96.4203421  17.7671311  63.4473352  -0.1864000  -0.9825000   0.0000000  -0.4672160   0.0000000
 96.6342976  17.3511138 -33.5320540  -0.1883000  -0.9821000   0.0000000  -0.4353296   0.0000000
 96.3683529  17.1831068 -30.5560506  -0.1873000  -0.9823000   0.0000000   0.0130287   0.0000000
 96.3223624  17.4771191 -25.6145951  -0.1865000  -0.9824000   0.0000000  -0.0746314   0.0000000
 96.4723313  17.1931072 -38.8517604  -0.1878000  -0.9822000   0.0000000   0.1045407   0.0000000
 96.5663117  16.6330839 -41.1600876  -0.1893000  -0.9819000   0.0000000   0.1407585   0.0000000
 96.2943682  17.4451177  -3.8754481  -0.1865000  -0.9825000   0.0000000  -0.5150502   0.0000000
 96.4423375  16.5630810 -40.9122898  -0.1889000  -0.9820000   0.0000000   0.1439466   0.0000000
 96.2763720  18.2791524 170.8285318  -0.1846000  -0.9828000   0.0000000  -0.9474021   0.0000000
 96.6522938  16.7530889 -39.9079858  -0.1895000  -0.9819000   0.0000000   0.1624435   0.0000000
 96.4703317  16.7630893 -37.5280174  -0.1886000  -0.9820000   0.0000000  -0.0908830   0.0000000
 96.5563138  16.7850903 -39.7262144  -0.1890000  -0.9820000   0.0000000   0.3307243   0.0000000
 98.4299244  20.5212458 860.4429720  -0.1921000  -0.9814000   0.0000000   0.2908244   0.0000000
 96.4363387  17.3011117  -6.7798310  -0.1874000  -0.9823000   0.0000000  -0.1522297   0.0000000
 96.2503774  19.7792149  45.0317245  -0.1812000  -0.9834000   0.0000000   0.7056037   0.0000000
 96.2503774  18.3891570 107.6270573  -0.1843000  -0.9829000   0.0000000  -0.7449898   0.0000000
 96.5963055  18.3331547 -25.2567847  -0.1862000  -0.9825000   0.0000000   0.3354424   0.0000000
 96.2583757  17.9151373 113.8652470  -0.1853000  -0.9827000   0.0000000   0.0016992   0.0000000
 97.1301945  21.7452967 674.8982582  -0.1818000  -0.9833000   0.0000000  -0.6104049   0.0000000
 96.3643537  18.2471511 108.6054035  -0.1852000  -0.9827000   0.0000000  -0.6313246   0.0000000
 96.1224040  18.8651768  86.9451054  -0.1826000  -0.9832000   0.0000000  -0.5729848   0.0000000
 96.0804127  19.5172040 119.3300941  -0.1809000  -0.9835000   0.0000000   0.3004618   0.0000000
 96.0564177  19.3551972 137.8845188  -0.1811000  -0.9835000   0.0000000  -1.2811745   0.0000000
 96.5183217  16.8290921 -42.0560153  -0.1887000  -0.9820000   0.0000000   0.5991760   0.0000000
 96.2743724  19.4432009  23.6343178  -0.1821000  -0.9833000   0.0000000   0.9390818   0.0000000
 96.4203421  17.2951115  -0.4167347  -0.1874000  -0.9823000   0.0000000   0.1296187   0.0000000
 96.4223416  18.1771482 140.6302934  -0.1856000  -0.9826000   0.0000000  -0.9837689   0.0000000
 96.4263408  19.1111871   6.5265842  -0.1836000  -0.9830000   0.0000000   0.5325444   0.0000000
 96.5463159  17.1331047 -36.9176544  -0.1883000  -0.9821000   0.0000000   0.1405959   0.0000000
 98.1559813  19.6312087 604.8656046  -0.1921000  -0.9814000   0.0000000  -0.6434376   0.0000000
 96.4323396  17.7431301  42.1581890  -0.1865000  -0.9824000   0.0000000   0.1493975   0.0000000
 96.9922232  22.4653267 926.1252946  -0.1793000  -0.9838000   0.0000000   0.3129331   0.0000000
 96.2983674  18.8391758  40.7573813  -0.1835000  -0.9830000   0.0000000  -2.0728791   0.0000000
 96.3563554  18.6611683  51.1343512  -0.1842000  -0.9829000   0.0000000  -0.8953343   0.0000000
 96.2503774  19.6432092  34.1911367  -0.1815000  -0.9834000   0.0000000   0.9630246   0.0000000
 96.4983259  17.6671270  28.8147479  -0.1870000  -0.9824000   0.0000000   0.7621073   0.0000000
 98.1179892  22.8573430 596.1234993  -0.1857000  -0.9826000   0.0000000  -0.5142497   0.0000000
 96.3803504  18.0811442  53.1614611  -0.1856000  -0.9826000   0.0000000  -0.5685689   0.0000000
 96.4603337  16.5430802 -40.5973140  -0.1890000  -0.9820000   0.0000000  -0.2702021   0.0000000
 96.2403795  18.3971574 104.1858737  -0.1842000  -0.9829000   0.0000000  -0.9743993   0.0000000
 96.1903899  18.5991658  94.0898967  -0.1835000  -0.9830000   0.0000000  -0.5963430   0.0000000
 96.3863491  17.4031160 -12.8777807  -0.1870000  -0.9824000   0.0000000   0.1645931   0.0000000
 96.6103026  16.8930948 -36.7875222  -0.1891000  -0.9820000   0.0000000   0.3623317   0.0000000
 96.2623749  19.9592224  86.4941728  -0.1808000  -0.9835000   0.0000000   0.7016292   0.0000000
 98.8458379  21.4972864 543.4120345  -0.1929000  -0.9812000   0.0000000  -0.4534958   0.0000000
 96.6502943  17.3191125 -36.1879966  -0.1884000  -0.9821000   0.0000000  -0.2954277   0.0000000
 96.2743724  19.1311879  68.5231001  -0.1828000  -0.9832000   0.0000000   0.6939145   0.0000000
 96.5443163  17.0471012 -38.9701045  -0.1884000  -0.9821000   0.0000000   0.3430968   0.0000000
 96.1703940  19.5012033 113.7465137  -0.1814000  -0.9834000   0.0000000  -1.7107208   0.0000000
 96.3763512  17.5171207   0.5753097  -0.1867000  -0.9824000   0.0000000  -0.1328920   0.0000000
 96.0004293  19.1171873 234.3926252  -0.1814000  -0.9834000   0.0000000   0.4669125   0.0000000
 96.5183217  18.5191624 -10.5344163  -0.1854000  -0.9827000   0.0000000   0.3244400   0.0000000
 96.8082614  19.4832026 1151.0852235  -0.1849000  -0.9828000   0.0000000   0.2300406   0.0000000
 97.2101779  17.0611017 -36.1055092  -0.1916000  -0.9815000   0.0000000   0.1557736   0.0000000
 96.3803504  17.7071286  22.3208907  -0.1863000  -0.9825000   0.0000000   0.5385055   0.0000000
 96.1004086  19.3631976 110.4196150  -0.1813000  -0.9834000   0.0000000  -1.0015464   0.0000000
 96.5663117  16.5790817 -38.7107954  -0.1894000  -0.9819000   0.0000000  -0.3608415   0.0000000
 96.5203213  18.1351465  -4.3477796  -0.1862000  -0.9825000   0.0000000   0.3347960   0.0000000
 96.5763096  17.8831360 -18.7705983  -0.1870000  -0.9824000   0.0000000  -0.2929729   0.0000000
 97.1861829  22.6513344 1005.9717686  -0.1801000  -0.9836000   0.0000000  -0.2961445   0.0000000
 98.8418387  21.3072785 778.0630294  -0.1932000  -0.9812000   0.0000000  -0.5492303   0.0000000
 97.9120320  19.3291962 253.7701671  -0.1912000  -0.9815000   0.0000000   0.6883544   0.0000000
 96.4603337  16.8370924 -40.9988718  -0.1885000  -0.9821000   0.0000000   0.1073757   0.0000000
 99.1117826  22.5593306 1018.0876573  -0.1927000  -0.9812000   0.0000000  -0.2096587   0.0000000
 96.2803712  17.8631351  68.8177300  -0.1855000  -0.9826000   0.0000000  -0.1904898   0.0000000
 96.4703317  17.6011242  13.6289598  -0.1870000  -0.9824000   0.0000000   0.1391589   0.0000000
 97.3501488  20.5752480 1596.6277643  -0.1857000  -0.9826000   0.0000000  -0.0270272   0.0000000
 96.1783924  19.1131872 176.0609197  -0.1823000  -0.9832000   0.0000000  -0.9955107   0.0000000
 96.2703732  17.9931405 116.1029706  -0.1852000  -0.9827000   0.0000000   0.0740419   0.0000000
 96.6482947  17.4811192 -33.2902095  -0.1881000  -0.9821000   0.0000000  -0.7163773   0.0000000
 96.5843080  17.3111122 -36.9144464  -0.1881000  -0.9821000   0.0000000  -0.1559126   0.0000000
 96.4923271  18.0831443   9.9991371  -0.1861000  -0.9825000   0.0000000   0.3555751   0.0000000
 96.3203628  18.7051702 332.2388790  -0.1839000  -0.9829000   0.0000000  -1.9544480   0.0000000
 96.4223416  16.6190833 -41.7588657  -0.1887000  -0.9820000   0.0000000   0.1432506   0.0000000
 96.4303400  18.4671603   4.4798418  -0.1850000  -0.9827000   0.0000000   0.3304946   0.0000000
 96.5443163  17.1491054 -33.8230292  -0.1883000  -0.9821000   0.0000000  -0.3779524   0.0000000
 96.5103234  17.6271253 -13.4072032  -0.1871000  -0.9823000   0.0000000   0.1869383   0.0000000
 96.5043246  18.0531430   2.5855674  -0.1863000  -0.9825000   0.0000000   0.2924756   0.0000000
 96.3783508  18.5351631  25.8767897  -0.1846000  -0.9828000   0.0000000  -0.3100554   0.0000000
 96.5763096  18.0331422  -9.7777304  -0.1867000  -0.9824000   0.0000000   0.2052169   0.0000000
 95.9924310  19.0831859 311.7764158  -0.1814000  -0.9834000   0.0000000   0.4648733   0.0000000
 96.5783092  17.1311047 -35.1601597  -0.1884000  -0.9821000   0.0000000   0.1424229   0.0000000
 96.0904106  19.3991991 100.6681037  -0.1812000  -0.9834000   0.0000000  -1.0587902   0.0000000
 96.5183217  16.9010951 -39.2553309  -0.1886000  -0.9821000   0.0000000   0.3453321   0.0000000
 96.2103857  19.2751939  45.9985710  -0.1821000  -0.9833000   0.0000000  -2.3265357   0.0000000
 96.5243204  16.4950782 -47.1394009  -0.1894000  -0.9819000   0.0000000  -0.5226470   0.0000000
 96.4763304  18.7851735 -13.3420077  -0.1846000  -0.9828000   0.0000000   0.3422571   0.0000000
 96.2303815  19.3911987  53.7815058  -0.1820000  -0.9833000   0.0000000   1.3811433   0.0000000
 96.3083653  19.3071952  15.6267282  -0.1826000  -0.9832000   0.0000000   1.2349945   0.0000000
 96.5443163  16.5430802 -39.5936229  -0.1894000  -0.9819000   0.0000000   0.1453891   0.0000000
 96.5523146  17.1551057 -38.0854920  -0.1883000  -0.9821000   0.0000000  -0.3130780   0.0000000
 96.4403379  17.1851069 -23.1708628  -0.1877000  -0.9822000   0.0000000  -0.0817626   0.0000000
 96.0684152  19.1851902 120.6784362  -0.1816000  -0.9834000   0.0000000  -0.9869704   0.0000000
 96.1743932  19.2551931  91.5540046  -0.1820000  -0.9833000   0.0000000  -1.9175277   0.0000000
 96.6143017  17.0571016 -41.4350218  -0.1888000  -0.9820000   0.0000000   0.0940296   0.0000000
 96.6143017  16.7090871 -37.9805542  -0.1894000  -0.9819000   0.0000000   0.1583297   0.0000000
 96.5483155  16.5990825 -40.0607247  -0.1893000  -0.9819000   0.0000000  -0.2838375   0.0000000
 96.3423583  19.0251835  15.2724266  -0.1834000  -0.9830000   0.0000000   0.9461555   0.0000000
 97.0462120  20.1712312 980.0246511  -0.1848000  -0.9828000   0.0000000   0.5768259   0.0000000
 96.5743101  17.8291337 -22.0732565  -0.1871000  -0.9823000   0.0000000   0.1167420   0.0000000
 96.3823500  18.3031534 234.8044515  -0.1851000  -0.9827000   0.0000000   0.3398401   0.0000000
 96.6362972  17.4311171 -35.7733685  -0.1881000  -0.9821000   0.0000000  -0.2708354   0.0000000
 96.4143433  19.1691895   6.6276832  -0.1834000  -0.9830000   0.0000000   0.5592901   0.0000000
 96.4743308  16.6250836 -40.3901079  -0.1889000  -0.9820000   0.0000000  -0.2917604   0.0000000
 96.5503150  18.0831443  -2.0409651  -0.1864000  -0.9825000   0.0000000   0.1301143   0.0000000
 96.2483778  18.4631601 175.0249197  -0.1841000  -0.9829000   0.0000000  -0.0193781   0.0000000
 96.7182801  16.8310922 -39.5882507  -0.1897000  -0.9818000   0.0000000   0.2428191   0.0000000
 96.2463782  18.7831734 126.6433956  -0.1834000  -0.9830000   0.0000000  -1.2458681   0.0000000
 96.1324019  19.7292128  69.3817435  -0.1807000  -0.9835000   0.0000000  -2.1402802   0.0000000
 96.5503150  17.7251294 -23.7492645  -0.1871000  -0.9823000   0.0000000   0.0703953   0.0000000
 96.2023874  20.1652310 100.2200889  -0.1800000  -0.9837000   0.0000000   1.1497749   0.0000000
 96.6582926  17.3711146 -37.3630831  -0.1884000  -0.9821000   0.0000000  -0.1178242   0.0000000
 96.0744140  19.1671894  90.9868654  -0.1816000  -0.9834000   0.0000000  -0.8590220   0.0000000
 96.4423375  17.2731106 -19.5931876  -0.1875000  -0.9823000   0.0000000  -0.2789997   0.0000000
 96.4363387  17.3131122 -13.0247686  -0.1874000  -0.9823000   0.0000000  -0.0376190   0.0000000
 96.4983259  16.9390967 -36.0061781  -0.1884000  -0.9821000   0.0000000   0.1546959   0.0000000
 97.6460873  17.6151248 161.7296944  -0.1928000  -0.9812000   0.0000000  -0.5373986   0.0000000
 96.9662286  21.9093035 674.8170645  -0.1805000  -0.9836000   0.0000000   0.0562059   0.0000000
 96.5303192  17.3231127 -36.0948932  -0.1878000  -0.9822000   0.0000000   0.1476626   0.0000000
 96.1064073  19.6092078  55.4577802  -0.1808000  -0.9835000   0.0000000  -1.4545871   0.0000000
 96.0844119  19.0291837 120.3146599  -0.1820000  -0.9833000   0.0000000  -0.5090151   0.0000000
 96.5923063  17.5831235 -39.5405573  -0.1876000  -0.9822000   0.0000000  -0.6392499   0.0000000
 96.3883487  18.8351756  -3.5247638  -0.1840000  -0.9829000   0.0000000   0.7454289   0.0000000
 96.2723728  17.5951240 -18.0237955  -0.1861000  -0.9825000   0.0000000  -0.2967875   0.0000000
 96.1483986  19.4892028  80.7355790  -0.1813000  -0.9834000   0.0000000  -1.4380689   0.0000000
 95.7404834  16.8510930 -43.4475722  -0.1851000  -0.9827000   0.0000000   0.3380277   0.0000000
 96.7422751  17.4091162 -31.8520838  -0.1887000  -0.9820000   0.0000000   0.1562866   0.0000000
 96.3603545  18.8151748  -0.2217383  -0.1839000  -0.9829000   0.0000000   1.2121074   0.0000000
 96.4023458  17.1571057 -38.7099018  -0.1876000  -0.9823000   0.0000000  -0.2257648   0.0000000
 96.3703525  19.4131996 100.9633071  -0.1827000  -0.9832000   0.0000000   0.5366920   0.0000000
 96.2383799  19.6312087  41.5789275  -0.1815000  -0.9834000   0.0000000   1.1613626   0.0000000
 96.5023250  18.3391549 -15.5330100  -0.1857000  -0.9826000   0.0000000   0.1401709   0.0000000
 96.4303400  18.9991824  -1.5521788  -0.1839000  -0.9829000   0.0000000   0.6116515   0.0000000
 96.2083861  18.4391591 154.0208807  -0.1839000  -0.9829000   0.0000000  -0.5398934   0.0000000
 96.3683529  19.0191832   7.0650150  -0.1835000  -0.9830000   0.0000000   0.5423284   0.0000000
 96.0804127  19.5092036  92.2640410  -0.1809000  -0.9835000   0.0000000   0.2558235   0.0000000
 96.1883903  18.8131747 117.9626844  -0.1830000  -0.9831000   0.0000000  -0.5925602   0.0000000
 96.3723520  18.5691645  44.6701412  -0.1845000  -0.9828000   0.0000000  -1.0001665   0.0000000
 96.4303400  18.5731647  -2.3036812  -0.1848000  -0.9828000   0.0000000   0.3423797   0.0000000
 96.5323188  16.6710855 -39.6962888  -0.1891000  -0.9820000   0.0000000  -0.2760229   0.0000000
 96.5243204  18.7971740  -9.0831392  -0.1848000  -0.9828000   0.0000000   0.3283170   0.0000000
 99.0997851  22.3853234 992.6715433  -0.1930000  -0.9812000   0.0000000  -0.4423921   0.0000000
 96.6442955  16.9730981 -37.7853419  -0.1891000  -0.9820000   0.0000000   0.1044513   0.0000000
 96.2003878  20.1232292 103.3706541  -0.1801000  -0.9836000   0.0000000   0.9125963   0.0000000
 96.5363180  16.6310838 -38.0322585  -0.1892000  -0.9819000   0.0000000   0.3236364   0.0000000
 96.5143225  17.5471220 -21.3803106  -0.1873000  -0.9823000   0.0000000   0.1974508   0.0000000
 96.5643121  18.5171624 -18.0015834  -0.1856000  -0.9826000   0.0000000   0.1429702   0.0000000
 96.2403795  19.0391841  56.3081727  -0.1828000  -0.9832000   0.0000000  -1.8204516   0.0000000
 96.2363803  20.3132371 159.7234321  -0.1799000  -0.9837000   0.0000000   0.3184407   0.0000000
 96.2483778  19.9992240  81.3708665  -0.1807000  -0.9835000   0.0000000   0.9254949   0.0000000
 96.2903691  18.2231501 251.9519155  -0.1848000  -0.9828000   0.0000000  -0.4161989   0.0000000
 96.5663117  17.7591308 -24.6247182  -0.1872000  -0.9823000   0.0000000   0.1289770   0.0000000
 96.1264032  18.9351798  96.7378505  -0.1824000  -0.9832000   0.0000000  -0.6486852   0.0000000
 96.1743932  18.5851652 146.4942520  -0.1835000  -0.9830000   0.0000000  -0.5554716   0.0000000
 96.5363180  17.5231210 -31.3456704  -0.1875000  -0.9823000   0.0000000   0.0010090   0.0000000
 96.5083238  16.5090788 -39.6306403  -0.1893000  -0.9819000   0.0000000  -0.2957588   0.0000000
 96.5063242  17.9131372 -11.0072756  -0.1866000  -0.9824000   0.0000000  -0.5049691   0.0000000
 96.3663533  18.2111496 137.4914605  -0.1852000  -0.9827000   0.0000000   0.0369179   0.0000000
 96.5443163  17.4591183 -31.3775128  -0.1876000  -0.9822000   0.0000000   0.3225392   0.0000000
 96.5283196  18.3491554 -14.5022090  -0.1858000  -0.9826000   0.0000000   0.3164941   0.0000000
 96.3823500  19.4131996  84.6288208  -0.1827000  -0.9832000   0.0000000   0.7234831   0.0000000
 96.1823915  19.4712021 113.8039140  -0.1815000  -0.9834000   0.0000000  -2.0207853   0.0000000
 96.2243828  17.9671395 159.4235915  -0.1850000  -0.9827000   0.0000000  -0.1274814   0.0000000
 96.2323811  18.6711688 145.7251832  -0.1836000  -0.9830000   0.0000000  -1.2443546   0.0000000
 96.4683321  17.4651186 -30.7096511  -0.1873000  -0.9823000   0.0000000  -0.2849419   0.0000000
 96.6462951  17.0591017 -37.6550679  -0.1889000  -0.9820000   0.0000000   0.1486456   0.0000000
 96.3283612  18.7271711 194.5170722  -0.1839000  -0.9829000   0.0000000  -1.7238672   0.0000000
 96.5483155  17.5751231 -30.7418934  -0.1874000  -0.9823000   0.0000000   0.1371696   0.0000000
 96.2223832  19.6472094  38.6332601  -0.1813000  -0.9834000   0.0000000   1.3533466   0.0000000
 96.2163845  19.8832192  59.7383526  -0.1808000  -0.9835000   0.0000000   1.1854485   0.0000000
 96.2163845  19.7172123  54.1174882  -0.1811000  -0.9835000   0.0000000   1.1838682   0.0000000
 96.5103234  18.2631518 -12.6484963  -0.1859000  -0.9826000   0.0000000   0.1348699   0.0000000
 97.1741854  20.3152372 885.7594068  -0.1852000  -0.9827000   0.0000000  -0.2734818   0.0000000
 96.4083446  17.7791316  51.9734910  -0.1863000  -0.9825000   0.0000000   0.1615835   0.0000000
 96.3543558  19.2391924  13.2661490  -0.1830000  -0.9831000   0.0000000   0.7137487   0.0000000
 96.6163013  17.3491137 -35.8742413  -0.1882000  -0.9821000   0.0000000   0.1092984   0.0000000
 96.8442539  22.9313461 1096.3504377  -0.1773000  -0.9842000   0.0000000   0.0861023   0.0000000
 96.3443579  18.9031784  11.9720540  -0.1836000  -0.9830000   0.0000000   0.9578627   0.0000000
 96.1983882  18.9151789  80.0270615  -0.1829000  -0.9831000   0.0000000  -1.0836548   0.0000000
 96.4983259  17.2051077 -39.7067985  -0.1879000  -0.9822000   0.0000000   0.1671188   0.0000000
 96.4123437  17.1311047 -41.7197134  -0.1877000  -0.9822000   0.0000000   0.1448469   0.0000000
 98.9018263  22.4433258 1203.1019713  -0.1916000  -0.9815000   0.0000000  -0.6637012   0.0000000
 96.2223832  18.6571682 145.4928583  -0.1835000  -0.9830000   0.0000000  -0.5301649   0.0000000
 96.4663325  17.3631143 -31.7806767  -0.1875000  -0.9823000   0.0000000  -0.2376125   0.0000000
 96.1044077  19.2471927  72.9878155  -0.1816000  -0.9834000   0.0000000  -0.9762757   0.0000000
 96.1663948  18.8871778  81.5712560  -0.1827000  -0.9832000   0.0000000  -0.9843388   0.0000000
 96.7442747  16.7410884 -43.6899116  -0.1900000  -0.9818000   0.0000000   0.8202279   0.0000000
 96.3123645  17.8931364  99.8531983  -0.1856000  -0.9826000   0.0000000  -0.6394514   0.0000000
 96.2883695  17.8991366  63.7634004  -0.1855000  -0.9826000   0.0000000  -0.2917432   0.0000000
 96.4143433  18.2591516 155.1024140  -0.1854000  -0.9827000   0.0000000  -0.5995804   0.0000000
 96.2943682  18.6931697 169.4945451  -0.1838000  -0.9830000   0.0000000  -1.1159981   0.0000000
 96.5243204  16.7330881 -38.9274755  -0.1890000  -0.9820000   0.0000000   0.1915182   0.0000000
 96.3903483  17.4331172 -14.9124402  -0.1870000  -0.9824000   0.0000000  -0.2744433   0.0000000
 96.5863076  16.6130831 -38.7908182  -0.1895000  -0.9819000   0.0000000   0.1290914   0.0000000
 96.4243412  16.8750940 -40.1919765  -0.1882000  -0.9821000   0.0000000   0.3268499   0.0000000
 96.2863699  18.0291420 106.3238720  -0.1852000  -0.9827000   0.0000000   0.1236463   0.0000000
 96.5423167  17.4231168 -35.5894024  -0.1877000  -0.9822000   0.0000000   0.3120441   0.0000000
 96.0464198  19.3471969 124.0430596  -0.1811000  -0.9835000   0.0000000   0.0503140   0.0000000
 96.4783300  17.6211251  18.8895676  -0.1870000  -0.9824000   0.0000000   0.1661179   0.0000000
 96.4883279  18.3311546 -11.6320590  -0.1856000  -0.9826000   0.0000000   0.3630240   0.0000000
 98.3479414  21.2752772 914.3784047  -0.1902000  -0.9817000   0.0000000  -0.8272772   0.0000000
 96.2503774  18.2571515 116.8215062  -0.1846000  -0.9828000   0.0000000  -0.2696052   0.0000000
 96.3823500  18.4491595 117.4655283  -0.1848000  -0.9828000   0.0000000  -0.4911849   0.0000000
 96.4083446  16.8790942 -40.5388989  -0.1881000  -0.9821000   0.0000000   0.1554453   0.0000000
 97.4221338  17.4011159 -24.2696777  -0.1920000  -0.9814000   0.0000000   0.1398101   0.0000000
 96.5143225  17.0170999 -40.3264092  -0.1884000  -0.9821000   0.0000000   0.1498689   0.0000000
 96.0504190  18.9511804 214.5157692  -0.1820000  -0.9833000   0.0000000  -0.5227428   0.0000000
 96.5543142  17.9471386 -12.9814786  -0.1867000  -0.9824000   0.0000000   0.1373267   0.0000000
 96.5463159  17.0150998 -38.7741456  -0.1885000  -0.9821000   0.0000000   0.3454187   0.0000000
 96.4163429  17.2491096 -25.7767680  -0.1874000  -0.9823000   0.0000000  -0.2786264   0.0000000
 96.7642706  16.8490929 -44.3986838  -0.1899000  -0.9818000   0.0000000   0.5750037   0.0000000
 96.3623541  19.6412091 287.3255887  -0.1821000  -0.9833000   0.0000000   0.7159474   0.0000000
 97.3101571  22.2833191 783.1329056  -0.1818000  -0.9833000   0.0000000  -0.1852348   0.0000000
 98.1779767  22.1453134 839.5499414  -0.1875000  -0.9823000   0.0000000   0.2521454   0.0000000
 96.4863283  16.5890821 -40.5407927  -0.1891000  -0.9820000   0.0000000   0.1443564   0.0000000
 96.4923271  17.1811067 -38.4868646  -0.1879000  -0.9822000   0.0000000   0.3542675   0.0000000
 96.4823292  16.7830902 -39.4227575  -0.1887000  -0.9820000   0.0000000  -0.1431961   0.0000000
 96.5703109  18.2491512 -18.3994060  -0.1862000  -0.9825000   0.0000000   0.2640004   0.0000000
 97.3841417  17.4151165  -1.4113115  -0.1918000  -0.9814000   0.0000000  -0.2945237   0.0000000
 96.9042415  18.3631559 797.2525229  -0.1877000  -0.9822000   0.0000000  -0.2110229   0.0000000
 96.5483155  18.7451718 -10.8727563  -0.1851000  -0.9827000   0.0000000   0.1342234   0.0000000
 96.2563761  19.0931863  71.2573715  -0.1828000  -0.9832000   0.0000000  -1.9802489   0.0000000
 97.5801010  17.0271003 -24.2500837  -0.1934000  -0.9811000   0.0000000  -0.4821039   0.0000000
 96.2623749  17.5411217 -10.7510405  -0.1861000  -0.9825000   0.0000000  -0.3119258   0.0000000
 96.3043662  19.4672019  22.7834066  -0.1822000  -0.9833000   0.0000000   0.9558789   0.0000000
 96.5143225  17.4271170 -32.1476374  -0.1876000  -0.9823000   0.0000000   0.5555150   0.0000000
 96.3983466  16.6890863 -40.7367653  -0.1885000  -0.9821000   0.0000000   0.1468686   0.0000000
 96.1563969  18.6311671  94.8451959  -0.1833000  -0.9831000   0.0000000  -0.7326286   0.0000000
 96.1863907  19.9912237 115.0358035  -0.1803000  -0.9836000   0.0000000   0.9495496   0.0000000
 98.4519198  19.9512220 1288.8526684  -0.1932000  -0.9812000   0.0000000  -0.2780713   0.0000000
 96.6003047  17.6791275 -37.2047863  -0.1875000  -0.9823000   0.0000000   0.1368690   0.0000000
 96.3703525  18.1971490 196.7245272  -0.1853000  -0.9827000   0.0000000  -0.1275826   0.0000000
 96.3583549  17.4571182 -27.2294817  -0.1868000  -0.9824000   0.0000000   0.1223583   0.0000000
 96.3543558  18.9751814   8.7511749  -0.1835000  -0.9830000   0.0000000   0.8463073   0.0000000
 96.5683113  17.7711313 -26.3481296  -0.1871000  -0.9823000   0.0000000   0.2695723   0.0000000
 96.1903899  18.7251710 187.2551578  -0.1832000  -0.9831000   0.0000000  -0.0154865   0.0000000
 97.2521692  17.5451219  49.6661679  -0.1909000  -0.9816000   0.0000000  -0.5162423   0.0000000
 96.4263408  17.4771191 -28.8823315  -0.1870000  -0.9824000   0.0000000   0.0409842   0.0000000
 96.6602922  18.8531763 163.4158809  -0.1854000  -0.9827000   0.0000000  -0.4748577   0.0000000
 97.1701862  20.8332588 1103.5349923  -0.1841000  -0.9829000   0.0000000   0.1671174   0.0000000
 96.4403379  18.5971657 -10.9692999  -0.1848000  -0.9828000   0.0000000   0.3598827   0.0000000
 96.6742893  17.2291087 -38.7549938  -0.1887000  -0.9820000   0.0000000  -0.0913489   0.0000000
 96.4003462  18.9831817   4.3241710  -0.1838000  -0.9830000   0.0000000   0.4442512   0.0000000
 96.2723728  20.0912279 107.3632464  -0.1806000  -0.9836000   0.0000000   0.7188406   0.0000000
 96.1364011  19.6712104  46.8395410  -0.1808000  -0.9835000   0.0000000  -1.9126825   0.0000000
 96.4543350  18.1171457  33.2814835  -0.1859000  -0.9826000   0.0000000   0.2079453   0.0000000
 96.2163845  18.1071453  99.3413296  -0.1847000  -0.9828000   0.0000000  -0.3269674   0.0000000
 96.3923479  16.8050911 -39.7697461  -0.1882000  -0.9821000   0.0000000  -0.2970308   0.0000000
 96.1603961  18.7211708 178.0345657  -0.1831000  -0.9831000   0.0000000  -0.8719702   0.0000000
 96.2283820  20.0612266  90.3335635  -0.1804000  -0.9836000   0.0000000   0.7462262   0.0000000
 96.6542934  17.1151040 -36.6967768  -0.1888000  -0.9820000   0.0000000  -0.0459474   0.0000000
 96.4323396  18.0571432 152.3848686  -0.1859000  -0.9826000   0.0000000   0.1249334   0.0000000
 96.1483986  19.6012075  51.0498789  -0.1810000  -0.9835000   0.0000000  -2.0857797   0.0000000
 97.7880578  18.7991741 683.7896600  -0.1915000  -0.9815000   0.0000000  -0.3811890   0.0000000
 96.3683529  19.0971865  11.3277159  -0.1833000  -0.9830000   0.0000000   0.5370777   0.0000000
 96.3383591  17.7351298  38.1820081  -0.1861000  -0.9825000   0.0000000  -0.0030196   0.0000000
 98.6418803  20.5932488 547.0392283  -0.1932000  -0.9812000   0.0000000  -0.3864475   0.0000000
 96.6942851  16.7250878 -38.8938552  -0.1898000  -0.9818000   0.0000000   0.1504458   0.0000000
 96.6282988  17.1531056 -38.0846607  -0.1886000  -0.9820000   0.0000000  -0.0723635   0.0000000
 96.5323188  16.8970949 -38.7637510  -0.1887000  -0.9820000   0.0000000   0.1420287   0.0000000
 96.6442955  17.3491137 -37.6170902  -0.1883000  -0.9821000   0.0000000  -0.5134135   0.0000000
 96.2403795  17.7851319  23.7212424  -0.1855000  -0.9826000   0.0000000  -0.4112562   0.0000000
 96.2703732  20.0632267 189.9659583  -0.1806000  -0.9835000   0.0000000   0.6250357   0.0000000
 96.5963055  16.5590809 -37.7514627  -0.1896000  -0.9819000   0.0000000   0.1284215   0.0000000
 96.5663117  16.5550807 -37.4186250  -0.1895000  -0.9819000   0.0000000   0.1368878   0.0000000
 96.3023666  17.7731314  43.6780469  -0.1858000  -0.9826000   0.0000000  -0.0500533   0.0000000
 96.1523978  19.2331922  81.3341038  -0.1819000  -0.9833000   0.0000000  -0.8050663   0.0000000
 96.5163221  16.4830777 -47.3438065  -0.1894000  -0.9819000   0.0000000  -0.5579495   0.0000000
 96.2483778  19.8932196  89.7382817  -0.1809000  -0.9835000   0.0000000   1.1530063   0.0000000
 96.2663741  17.6591266  15.6003274  -0.1859000  -0.9826000   0.0000000   0.5701448   0.0000000
 96.3383591  18.0191416 106.7640895  -0.1855000  -0.9826000   0.0000000   0.2855296   0.0000000
 96.3183633  18.2211500 165.7853308  -0.1850000  -0.9827000   0.0000000  -0.4776619   0.0000000
 96.5543142  17.1431052 -38.7240777  -0.1883000  -0.9821000   0.0000000  -0.3096735   0.0000000
 96.3463574  17.2771107 -22.7068084  -0.1871000  -0.9823000   0.0000000  -0.7752027   0.0000000
 96.4023458  16.8950948 -39.0045675  -0.1881000  -0.9822000   0.0000000   0.1396703   0.0000000
 96.1923894  18.3891570 138.2681639  -0.1840000  -0.9829000   0.0000000  -0.5995138   0.0000000
 96.5903067  16.9310963 -38.9146131  -0.1889000  -0.9820000   0.0000000   0.1279279   0.0000000
 96.6382968  17.0391008 -38.7002978  -0.1889000  -0.9820000   0.0000000   0.3246484   0.0000000
 96.3663533  19.3771981  87.1072846  -0.1827000  -0.9832000   0.0000000   0.7116185   0.0000000
 96.4783300  17.1131039 -37.5212588  -0.1880000  -0.9822000   0.0000000   0.1380474   0.0000000
 96.5263200  18.0191416  -4.2282951  -0.1864000  -0.9825000   0.0000000  -0.5787224   0.0000000
 96.2003878  19.1231876 140.0917419  -0.1824000  -0.9832000   0.0000000  -1.4460390   0.0000000
 96.3343599  17.3491137  -3.0426481  -0.1869000  -0.9824000   0.0000000  -0.3607082   0.0000000
 96.4143433  17.9851402 100.9516927  -0.1859000  -0.9826000   0.0000000  -0.7206475   0.0000000
 96.5243204  17.6671270 -14.6549663  -0.1871000  -0.9823000   0.0000000   0.2640800   0.0000000
 96.4503358  17.9751398  56.9743478  -0.1861000  -0.9825000   0.0000000  -0.7626389   0.0000000
 96.1064073  19.0851860 135.8192069  -0.1820000  -0.9833000   0.0000000  -0.6716602   0.0000000
 96.4003462  17.0150998 -39.8685985  -0.1878000  -0.9822000   0.0000000   0.1385585   0.0000000
 96.4063450  17.1091037 -39.8224143  -0.1877000  -0.9822000   0.0000000  -0.0868523   0.0000000
 96.1783924  19.6832109  45.9952135  -0.1810000  -0.9835000   0.0000000  -0.1737879   0.0000000
 96.4243412  17.8751356  24.4310306  -0.1862000  -0.9825000   0.0000000   0.1480173   0.0000000
 97.6220923  16.1250628 -36.7836770  -0.1950000  -0.9808000   0.0000000   0.0893495   0.0000000
 96.3723520  19.3131955  41.9229552  -0.1829000  -0.9831000   0.0000000   0.5204608   0.0000000
 96.5503150  18.0611434  -5.5155427  -0.1865000  -0.9825000   0.0000000   0.3518018   0.0000000
 96.2803712  19.8912195  96.6046176  -0.1811000  -0.9835000   0.0000000   0.9595410   0.0000000
 96.3123645  18.0911446  71.7846497  -0.1852000  -0.9827000   0.0000000  -0.3873057   0.0000000
 96.4243412  18.3991574   3.2125701  -0.1851000  -0.9827000   0.0000000   0.0928894   0.0000000
 96.8722481  20.4432425 840.7831378  -0.1832000  -0.9831000   0.0000000   0.1348593   0.0000000
 96.2083861  19.3351964  78.1130162  -0.1820000  -0.9833000   0.0000000  -1.9196242   0.0000000
 96.3183633  19.4091995  41.9021374  -0.1824000  -0.9832000   0.0000000   0.6208440   0.0000000
 96.4283404  17.4571182 -26.3297873  -0.1871000  -0.9823000   0.0000000  -0.0756873   0.0000000
 96.2103857  19.5352047  40.0318062  -0.1815000  -0.9834000   0.0000000   1.6071880   0.0000000
 96.5063242  16.4670770 -50.6555033  -0.1894000  -0.9819000   0.0000000   0.3267766   0.0000000
 96.3503566  17.2471095 -28.6598099  -0.1871000  -0.9823000   0.0000000  -0.3048267   0.0000000
 96.2123853  18.5491637 104.2021429  -0.1837000  -0.9830000   0.0000000  -0.7688473   0.0000000
 96.4863283  17.9391383  -6.9855954  -0.1864000  -0.9825000   0.0000000   0.3012061   0.0000000
 96.7262785  16.8370924 -36.4119415  -0.1897000  -0.9818000   0.0000000   0.1377577   0.0000000
 96.3383591  18.3131539 163.0720793  -0.1849000  -0.9828000   0.0000000   0.1239728   0.0000000
 96.1883903  18.3371549 160.0235188  -0.1841000  -0.9829000   0.0000000  -0.4884714   0.0000000
 98.6758732  21.7212957 856.3087684  -0.1914000  -0.9815000   0.0000000   0.2907873   0.0000000
 96.1883903  19.3351964  93.5756163  -0.1819000  -0.9833000   0.0000000  -1.6851803   0.0000000
 96.5283196  17.0191000 -40.2050655  -0.1884000  -0.9821000   0.0000000   0.1507212   0.0000000
 98.2539609  22.3913236 1660.2217511  -0.1875000  -0.9823000   0.0000000   0.1589570   0.0000000
 96.2283820  19.2011908  35.0725717  -0.1824000  -0.9832000   0.0000000  -1.9125663   0.0000000
 96.3203628  17.0611017 -38.7010741  -0.1874000  -0.9823000   0.0000000  -0.2896168   0.0000000
 96.0544181  19.2311921 174.2266556  -0.1814000  -0.9834000   0.0000000  -0.9982970   0.0000000
 96.6183009  17.6491262 -35.5269545  -0.1876000  -0.9822000   0.0000000  -0.2806811   0.0000000
 96.2623749  18.1211459  45.2040421  -0.1849000  -0.9828000   0.0000000   0.0832817   0.0000000
 96.5183217  17.8991366 -12.5954950  -0.1866000  -0.9824000   0.0000000  -0.1509660   0.0000000
 96.4983259  16.5670812 -41.8034441  -0.1892000  -0.9819000   0.0000000   0.1230648   0.0000000
 96.4303400  17.3431135 -21.8847821  -0.1873000  -0.9823000   0.0000000   0.0829866   0.0000000
 96.4143433  18.8431759  -6.1888612  -0.1841000  -0.9829000   0.0000000   0.3605858   0.0000000
 96.2183840  19.1191874 126.8142660  -0.1825000  -0.9832000   0.0000000  -1.4313073   0.0000000
 96.3563554  18.5371632 290.4942676  -0.1845000  -0.9828000   0.0000000  -0.7719098   0.0000000
 96.6063034  16.8210918 -37.9597433  -0.1892000  -0.9819000   0.0000000  -0.3103257   0.0000000
