***_llt_enu_de
# lon lat elevation(km) e n u displacement(m) error
# Data from ASF (Sentinel-1), processed at USTC by Xin Wang and Xiaohua Xu, April 18, 2025
# Contact: xinw11@mail.ustc.edu.cn, xiaohua-xu@ustc.edu.cn

 95.9446808  22.3723411  38.6669102  -0.1908000   0.9816000   0.0000000   1.3720621   0.0000000
 95.7447139  22.8503082 126.0818856  -0.1912000   0.9815000   0.0000000   0.3080339   0.0000000
 96.2566291  19.6945255  36.5428282  -0.1936000   0.9811000   0.0000000  -0.7916053   0.0000000
 95.8506964  21.5483979 139.8155637  -0.1929000   0.9812000   0.0000000   0.8233628   0.0000000
 95.7647106  22.8563078 131.8085193  -0.1911000   0.9816000   0.0000000   0.3067517   0.0000000
 96.1726430  21.1324265 126.8368474  -0.1916000   0.9815000   0.0000000  -0.4484764   0.0000000
 95.4047703  24.1382196 208.9737944  -0.1911000   0.9816000   0.0000000  -0.1540709   0.0000000
 95.6487298  23.1482877 155.4377453  -0.1913000   0.9815000   0.0000000   0.0247373   0.0000000
 95.7787083  22.2483497  36.8323875  -0.1921000   0.9814000   0.0000000   0.5282478   0.0000000
 96.1846410  20.7924499 110.6010157  -0.1922000   0.9814000   0.0000000  -0.6129414   0.0000000
 95.8127027  21.3224134 130.3024865  -0.1935000   0.9811000   0.0000000   0.8594027   0.0000000
 96.2566291  19.2705547  43.6500843  -0.1943000   0.9809000   0.0000000  -1.4620664   0.0000000
 95.6067368  24.1322200 494.5366742  -0.1897000   0.9818000   0.0000000   0.2918888   0.0000000
 95.6467302  23.6322544 137.0444991  -0.1904000   0.9817000   0.0000000   0.0497818   0.0000000
 96.0786586  20.9644381 103.2109762  -0.1925000   0.9813000   0.0000000  -1.5033672   0.0000000
 95.9306831  22.0663622  37.6586314  -0.1915000   0.9815000   0.0000000   1.5939400   0.0000000
 95.9646775  21.5943947  54.7891485  -0.1921000   0.9814000   0.0000000   1.0353732   0.0000000
 96.2586288  20.2784853 249.3429458  -0.1926000   0.9813000   0.0000000  -0.5808872   0.0000000
 96.0386652  20.5664655 155.0046150  -0.1934000   0.9811000   0.0000000   2.2515876   0.0000000
 96.2406318  20.3904776 183.9730922  -0.1925000   0.9813000   0.0000000  -0.3841490   0.0000000
 95.7167186  23.0542942 166.3911207  -0.1910000   0.9816000   0.0000000   0.2464319   0.0000000
 96.0786586  21.3504115  54.5428002  -0.1918000   0.9814000   0.0000000  -0.8957005   0.0000000
 96.6745599  17.3266885 -36.7108014  -0.1952000   0.9808000   0.0000000  -0.0239323   0.0000000
 95.9126861  23.5682588 276.7770825  -0.1887000   0.9820000   0.0000000  -0.3161207   0.0000000
 95.8646941  21.5723962 126.4187413  -0.1927000   0.9812000   0.0000000   0.8202859   0.0000000
 95.7427143  21.9103730  19.2140144  -0.1929000   0.9812000   0.0000000   0.5385175   0.0000000
 95.8586951  22.3043458  66.5969630  -0.1915000   0.9815000   0.0000000   0.6722822   0.0000000
 95.7267169  22.6343231  91.9040788  -0.1917000   0.9814000   0.0000000   0.3679609   0.0000000
 95.5627441  23.3542735 139.7632794  -0.1915000   0.9815000   0.0000000   0.3632441   0.0000000
 95.4767583  24.1122214 246.1058302  -0.1907000   0.9817000   0.0000000  -0.5808927   0.0000000
 95.9046874  20.7644518 158.5032065   0.0000000  -1.0000000   0.0000000   1.1436512   0.0000000
 96.0706599  21.5144002  40.5618931  -0.1916000   0.9815000   0.0000000  -1.3580298   0.0000000
 96.1346493  20.1484943 123.5096497  -0.1935000   0.9811000   0.0000000  -1.8854723   0.0000000
 95.9306831  20.8964428 150.2874400  -0.1935000   0.9811000   0.0000000   1.1304924   0.0000000
 96.0166689  21.7603833  25.6348589  -0.1915000   0.9815000   0.0000000  -1.8375669   0.0000000
 95.7127192  22.9303027 121.0559645  -0.1913000   0.9815000   0.0000000   0.2838181   0.0000000
 98.3542815  16.9527143 393.3711144  -0.1877000   0.9822000   0.0000000  -0.7350273   0.0000000
 95.4647603  23.3242756 126.5096442  -0.1922000   0.9813000   0.0000000   0.3699073   0.0000000
 95.9126861  21.7743823  41.9350235  -0.1921000   0.9814000   0.0000000   1.0034039   0.0000000
 96.5045880  18.2606242 -10.8995524  -0.1946000   0.9809000   0.0000000   0.0508556   0.0000000
 95.8406980  22.9683001 140.8957290  -0.1904000   0.9817000   0.0000000   0.3109271   0.0000000
 95.9526795  21.6163932  54.9625296  -0.1921000   0.9814000   0.0000000   1.0316496   0.0000000
 96.1386487  20.1804920 150.0155072  -0.1935000   0.9811000   0.0000000  -1.6678528   0.0000000
 96.1126530  19.9145104 316.1713870  -0.1941000   0.9810000   0.0000000   1.2618628   0.0000000
 95.7967053  22.8023115 148.0745013  -0.1910000   0.9816000   0.0000000  -0.0558878   0.0000000
 95.8786917  23.0742928  89.6896627  -0.1899000   0.9818000   0.0000000   0.2441880   0.0000000
 95.6747255  23.4122696 186.9173900  -0.1906000   0.9817000   0.0000000   0.1284852   0.0000000
 95.9406815  20.6004631 191.4674242   0.0000000  -1.0000000   0.0000000   1.3764883   0.0000000
 96.5165860  18.5886016 -14.6661396  -0.1940000   0.9810000   0.0000000  -0.0031494   0.0000000
 95.5167517  23.9762307 301.7100976  -0.1907000   0.9817000   0.0000000   0.0380330   0.0000000
 95.7067202  23.2902780 196.0027736  -0.1907000   0.9817000   0.0000000   0.1705927   0.0000000
 96.2186354  19.7145241  44.7499801  -0.1938000   0.9810000   0.0000000  -1.0087895   0.0000000
 96.0866573  21.4544043  43.5824163  -0.1916000   0.9815000   0.0000000  -1.3342928   0.0000000
 95.8127027  22.2203516  47.3920462  -0.1919000   0.9814000   0.0000000   0.6912844   0.0000000
 95.7307163  24.1742171 1568.0693867  -0.1888000   0.9820000   0.0000000   0.4987244   0.0000000
 95.8926894  23.1262892 172.5738974  -0.1897000   0.9818000   0.0000000   0.2283612   0.0000000
 95.7827076  21.8743754  59.7793327  -0.1927000   0.9812000   0.0000000   0.7647777   0.0000000
 95.8686934  21.5463980 123.4303612  -0.1928000   0.9812000   0.0000000   0.8246225   0.0000000
 95.7987050  23.6502532 148.3748388  -0.1894000   0.9819000   0.0000000   0.0486732   0.0000000
 95.7727093  23.4022702 253.7969862  -0.1900000   0.9818000   0.0000000   0.3537302   0.0000000
 96.3326165  19.8625139 406.6118659  -0.1929000   0.9812000   0.0000000  -0.5356871   0.0000000
 96.0826579  21.7263856  31.8708588  -0.1911000   0.9816000   0.0000000  -1.3071072   0.0000000
 96.0526629  21.6383917  33.8484074  -0.1915000   0.9815000   0.0000000  -1.3753120   0.0000000
 96.5205854  18.3506180 -16.5277272  -0.1944000   0.9809000   0.0000000  -0.0348423   0.0000000
 96.0446642  22.0183655  15.7367999  -0.1908000   0.9816000   0.0000000  -1.8878186   0.0000000
 95.7887066  23.1722861 164.1540486  -0.1903000   0.9817000   0.0000000   0.2112453   0.0000000
 96.2426314  20.1584936 104.4718870  -0.1929000   0.9812000   0.0000000  -0.5761919   0.0000000
 96.4186023  19.7285232 455.6016087  -0.1926000   0.9813000   0.0000000  -0.1424827   0.0000000
 95.6627275  23.6442536 141.2012401  -0.1903000   0.9817000   0.0000000   0.0459929   0.0000000
 95.5987381  22.9263030  84.7507056  -0.1921000   0.9814000   0.0000000   0.2820317   0.0000000
 95.9746758  21.8123797  31.6433401  -0.1916000   0.9815000   0.0000000   1.4339559   0.0000000
 96.4705937  18.5786023 -11.5347680  -0.1943000   0.9810000   0.0000000  -0.0017349   0.0000000
 96.3626116  19.0225718   9.5195099  -0.1941000   0.9810000   0.0000000  -0.6080935   0.0000000
 95.6887232  23.1482877 171.1316926  -0.1910000   0.9816000   0.0000000   0.4348814   0.0000000
 95.8306997  21.5723962 155.6912039  -0.1930000   0.9812000   0.0000000   0.6014774   0.0000000
 95.5447471  22.9882987  85.8650094  -0.1923000   0.9813000   0.0000000   0.2617825   0.0000000
 95.7827076  22.4883332  50.3860265  -0.1916000   0.9815000   0.0000000   0.6259944   0.0000000
 96.2106367  19.7365226  56.0943838  -0.1938000   0.9810000   0.0000000  -1.2270442   0.0000000
 96.3646112  19.2865536  26.4866269  -0.1937000   0.9811000   0.0000000  -0.3720687   0.0000000
 96.0766589  21.2104211  59.4754858  -0.1921000   0.9814000   0.0000000  -1.5173842   0.0000000
 95.8946891  22.0303647  33.8979382  -0.1918000   0.9814000   0.0000000   1.6088197   0.0000000
 96.0346659  20.6124623 151.0997530  -0.1934000   0.9811000   0.0000000   2.0295336   0.0000000
 95.7887066  22.0223652  65.7594979  -0.1924000   0.9813000   0.0000000   0.7346135   0.0000000
 95.6167351  22.8163106  77.7907088  -0.1921000   0.9814000   0.0000000  -0.3414949   0.0000000
 96.3926066  18.8745820  -1.9356917  -0.1942000   0.9810000   0.0000000  -0.6260457   0.0000000
 95.8546957  22.9463016 133.4110362  -0.1903000   0.9817000   0.0000000   0.5011103   0.0000000
 96.1206516  20.9204411  95.2860788  -0.1923000   0.9813000   0.0000000  -1.0617909   0.0000000
 95.9846742  22.3003461  24.3915097  -0.1907000   0.9817000   0.0000000  -2.3187323   0.0000000
 95.6307328  22.4263374  34.5876875  -0.1927000   0.9812000   0.0000000   0.4201881   0.0000000
 95.8646941  22.6763202  80.6570428  -0.1908000   0.9816000   0.0000000   0.3592048   0.0000000
 96.5685774  17.8506525 -17.4699726  -0.1949000   0.9808000   0.0000000   0.0972298   0.0000000
 95.9506798  21.7523838  27.7446177  -0.1919000   0.9814000   0.0000000   1.0075667   0.0000000
 95.7247173  21.7763822  96.2450700  -0.1933000   0.9811000   0.0000000   0.5503418   0.0000000
 96.0286669  21.9103730  15.7949710  -0.1911000   0.9816000   0.0000000  -2.5148957   0.0000000
 95.9486801  22.1483566  35.3251099  -0.1912000   0.9816000   0.0000000   1.6254592   0.0000000
 96.4825917  18.0926358   6.5773366  -0.1950000   0.9808000   0.0000000   0.1462593   0.0000000
 95.6247338  22.5343300  51.2687198  -0.1926000   0.9813000   0.0000000   0.0774329   0.0000000
 96.4705937  18.2886223  -6.5794120  -0.1947000   0.9809000   0.0000000  -0.0665614   0.0000000
 96.2586288  20.2224892 131.7930822  -0.1927000   0.9813000   0.0000000  -0.5787392   0.0000000
 95.8087033  23.7582457 148.4675654  -0.1891000   0.9820000   0.0000000   0.0508586   0.0000000
 98.6682295  17.9106483 233.8742070  -0.1842000   0.9829000   0.0000000   0.3494310   0.0000000
 96.4565960  18.2906222   0.7549219  -0.1948000   0.9808000   0.0000000  -0.2584383   0.0000000
 95.6667269  22.5923260  62.0619497  -0.1922000   0.9814000   0.0000000   0.3779736   0.0000000
 95.7687100  21.6683896 162.5881757  -0.1932000   0.9812000   0.0000000   0.7562250   0.0000000
 95.9746758  20.4804714 223.9925775  -0.1939000   0.9810000   0.0000000   1.1647549   0.0000000
 95.9146858  21.1464255 115.3421794  -0.1932000   0.9812000   0.0000000   1.1017671   0.0000000
 96.2406318  19.7365226  42.4635898  -0.1936000   0.9811000   0.0000000  -0.9943786   0.0000000
 95.8346990  22.6063250 100.5414505  -0.1911000   0.9816000   0.0000000   0.5962042   0.0000000
 96.0926563  20.4884708 163.0679222  -0.1932000   0.9812000   0.0000000  -1.9004319   0.0000000
 95.9846742  22.3343438  19.1418774  -0.1906000   0.9817000   0.0000000  -2.3959513   0.0000000
 95.9226844  21.3944085  86.4012748  -0.1927000   0.9813000   0.0000000   0.8485686   0.0000000
 97.1704777  20.3464806 931.7669371  -0.1872000   0.9823000   0.0000000  -0.1798902   0.0000000
 96.1006550  20.6384605 131.7795279  -0.1929000   0.9812000   0.0000000  -1.2548350   0.0000000
 96.1926397  20.5204686 148.6284800  -0.1926000   0.9813000   0.0000000  -0.5920546   0.0000000
 96.3546129  18.7905877   5.9600224  -0.1945000   0.9809000   0.0000000  -1.0658302   0.0000000
 95.9326828  21.2824162  92.2961498  -0.1928000   0.9812000   0.0000000   0.8647742   0.0000000
 96.2226347  20.4884708 214.0190015  -0.1925000   0.9813000   0.0000000  -0.8094622   0.0000000
 96.3506135  18.8805815   7.1146237  -0.1944000   0.9809000   0.0000000  -1.0554929   0.0000000
 95.6687265  23.3802718 179.8104956  -0.1907000   0.9816000   0.0000000   0.3579625   0.0000000
 96.0286669  21.6943878  28.7165392  -0.1915000   0.9815000   0.0000000  -1.6069387   0.0000000
 95.9966722  21.3464118  82.9836005  -0.1923000   0.9813000   0.0000000   1.5116171   0.0000000
 96.2566291  19.5985321  31.3922140  -0.1938000   0.9810000   0.0000000  -0.7933511   0.0000000
 96.5405821  18.0846363  -6.4521613  -0.1947000   0.9809000   0.0000000   0.1411647   0.0000000
 95.6447305  22.5143314  43.2427168  -0.1925000   0.9813000   0.0000000   0.3980089   0.0000000
 95.6547288  23.8682382 146.1790698  -0.1899000   0.9818000   0.0000000   0.3991247   0.0000000
 96.7085542  17.0447079 -37.6503931  -0.1954000   0.9807000   0.0000000  -0.0882032   0.0000000
 96.5225850  18.2686237 -12.5769029  -0.1945000   0.9809000   0.0000000   0.1717146   0.0000000
 96.0326662  21.6103936  34.4236358  -0.1916000   0.9815000   0.0000000  -1.5501349   0.0000000
 96.2406318  21.0704308 639.1633211  -0.1913000   0.9815000   0.0000000  -0.4299109   0.0000000
 95.6727259  23.7662452 131.5491166  -0.1900000   0.9818000   0.0000000   0.0011786   0.0000000
 96.0166689  22.2083524  17.3743956  -0.1906000   0.9817000   0.0000000  -1.9371378   0.0000000
 96.0986553  20.6004631 137.2661927  -0.1930000   0.9812000   0.0000000  -1.2519429   0.0000000
 96.2106367  19.7945186  43.6473650  -0.1937000   0.9811000   0.0000000  -1.2266772   0.0000000
 96.0706599  21.4484048  38.0987828  -0.1917000   0.9815000   0.0000000  -1.3051978   0.0000000
 95.9486801  22.5483290  40.2948687  -0.1904000   0.9817000   0.0000000   0.8318748   0.0000000
 95.8107030  22.5483290  77.5043583  -0.1913000   0.9815000   0.0000000   0.6110217   0.0000000
 96.0246676  20.6944567 135.8688646  -0.1933000   0.9811000   0.0000000   1.8044337   0.0000000
 96.0426646  20.3684791 213.1623045  -0.1937000   0.9811000   0.0000000   2.0450034   0.0000000
 95.8546957  23.4422675 229.6007462  -0.1894000   0.9819000   0.0000000   0.5443913   0.0000000
 96.3026215  20.4364744 271.6677210  -0.1921000   0.9814000   0.0000000  -0.1521311   0.0000000
 95.6927226  23.8282409 140.9094003  -0.1897000   0.9818000   0.0000000  -0.0215416   0.0000000
 95.9886735  22.0463636 282.5359688  -0.1911000   0.9816000   0.0000000  -2.7684555   0.0000000
 95.8566954  21.0724306 141.6948312  -0.1937000   0.9811000   0.0000000   0.8925475   0.0000000
 97.3324509  18.3866156 748.0194311  -0.1900000   0.9818000   0.0000000  -0.0467102   0.0000000
 98.7782113  17.4326812 906.5920049  -0.1847000   0.9828000   0.0000000   0.6367151   0.0000000
 96.7245516  16.8287228 -38.2686388   0.0000000  -1.0000000   0.0000000  -0.1601520   0.0000000
 95.8906898  21.0084350 139.7055238  -0.1936000   0.9811000   0.0000000   0.8998675   0.0000000
 95.6547288  23.5702587 181.4202880  -0.1905000   0.9817000   0.0000000   0.5095412   0.0000000
 95.5307494  23.5302614 149.7930355  -0.1914000   0.9815000   0.0000000   0.0821745   0.0000000
 96.2486304  19.9525077  72.7196523  -0.1932000   0.9812000   0.0000000  -0.5895039   0.0000000
 95.6467302  23.3482740 164.6657088  -0.1910000   0.9816000   0.0000000   0.1493371   0.0000000
 95.9846742  21.7723825  24.2187752  -0.1916000   0.9815000   0.0000000   0.1508116   0.0000000
 95.6647272  23.3522737 179.7974486  -0.1908000   0.9816000   0.0000000   0.3384626   0.0000000
 95.9006881  20.8864434 166.5490871  -0.1937000   0.9811000   0.0000000   1.3505669   0.0000000
 95.8826911  22.7303165  54.0870914  -0.1905000   0.9817000   0.0000000   0.5634983   0.0000000
 96.6325668  17.4086829 -37.1508349  -0.1952000   0.9808000   0.0000000  -0.2142823   0.0000000
 95.6707262  23.2982774 236.1013591  -0.1909000   0.9816000   0.0000000   0.1668359   0.0000000
 96.0206682  20.6744580 144.3351100  -0.1933000   0.9811000   0.0000000   1.8061421   0.0000000
 95.6147355  23.8762376 416.5808046  -0.1902000   0.9818000   0.0000000   0.2771306   0.0000000
 95.5087530  23.8342405 203.8444621  -0.1910000   0.9816000   0.0000000  -0.4688015   0.0000000
 95.9186851  20.7244546 150.2991860   0.0000000  -1.0000000   0.0000000   0.9976155   0.0000000
 95.6027375  22.6683208  52.7164579  -0.1925000   0.9813000   0.0000000   0.5705908   0.0000000
 95.9706765  22.5503289  27.3781479  -0.1903000   0.9817000   0.0000000   0.6129024   0.0000000
 95.7687100  21.7643830 124.0756670  -0.1930000   0.9812000   0.0000000   0.6548756   0.0000000
 95.4907560  24.0802236 385.6448631  -0.1907000   0.9817000   0.0000000  -0.3704465   0.0000000
 97.9443495  19.4825401 853.6787692  -0.1846000   0.9828000   0.0000000   0.1983643   0.0000000
 95.8267004  23.5702587 191.7268735  -0.1893000   0.9819000   0.0000000   0.2969409   0.0000000
 96.0786586  20.4904707 165.5376823  -0.1933000   0.9811000   0.0000000  -1.4970182   0.0000000
 95.8586951  23.3442742 181.9197545  -0.1895000   0.9819000   0.0000000   0.3757604   0.0000000
 96.0486636  21.4964015  39.6494288  -0.1917000   0.9814000   0.0000000  -1.3550795   0.0000000
 95.9706765  22.2643486  61.6107938  -0.1908000   0.9816000   0.0000000   1.0094073   0.0000000
 95.6067368  22.6263237  50.2376109  -0.1925000   0.9813000   0.0000000  -0.5074632   0.0000000
 95.7627110  22.7223171  98.0683944  -0.1913000   0.9815000   0.0000000   0.3446606   0.0000000
 95.8606947  22.6763202  89.0940171  -0.1908000   0.9816000   0.0000000   0.3591128   0.0000000
 95.8566954  23.5962569 213.6614423  -0.1891000   0.9820000   0.0000000   0.2886131   0.0000000
 96.5625784  17.7566589 -26.6926573  -0.1951000   0.9808000   0.0000000  -0.1394430   0.0000000
 95.9446808  20.6684585 150.5562285  -0.1938000   0.9810000   0.0000000   1.1516006   0.0000000
 95.7547123  22.8423088 128.8696807  -0.1912000   0.9816000   0.0000000   0.3105707   0.0000000
 96.2746261  20.0684998 216.5054191  -0.1929000   0.9812000   0.0000000  -0.5748293   0.0000000
 96.3566125  19.3345503  28.9921445  -0.1936000   0.9811000   0.0000000  -0.3692673   0.0000000
 96.1566457  19.8425153  88.9947485  -0.1939000   0.9810000   0.0000000  -1.4035354   0.0000000
 96.0166689  21.5263994  45.1434668  -0.1919000   0.9814000   0.0000000  -1.3931017   0.0000000
 95.8067037  21.6163932 184.8343601  -0.1930000   0.9812000   0.0000000   0.5939046   0.0000000
 96.3586122  20.6364607 725.8697888  -0.1914000   0.9815000   0.0000000  -0.3850832   0.0000000
 96.5785758  17.9886430 -13.1803602  -0.1946000   0.9809000   0.0000000  -0.0967514   0.0000000
 95.8247007  21.1944222 136.2253153  -0.1937000   0.9811000   0.0000000   0.6584352   0.0000000
 96.0506632  20.8404466 117.0840576  -0.1929000   0.9812000   0.0000000  -1.9278259   0.0000000
 95.7447139  22.8643073 135.9050061  -0.1912000   0.9816000   0.0000000   0.3039758   0.0000000
 95.7087199  22.6543217  75.0967922  -0.1918000   0.9814000   0.0000000   0.3621856   0.0000000
 96.1486470  19.6685273  46.0194818  -0.1943000   0.9809000   0.0000000   2.4929698   0.0000000
 95.6867235  22.2643486  31.1048697  -0.1927000   0.9813000   0.0000000   0.4605666   0.0000000
 95.9446808  21.5963946  65.6724371  -0.1922000   0.9814000   0.0000000   0.8164977   0.0000000
 96.2766258  20.0545007 184.1350705  -0.1929000   0.9812000   0.0000000  -0.5746032   0.0000000
 95.6047371  22.8723067  82.7539053  -0.1921000   0.9814000   0.0000000   0.2981718   0.0000000
 96.4985890  18.0846363  15.5163064  -0.1949000   0.9808000   0.0000000   0.1438965   0.0000000
 95.4647603  23.6402539 146.9152284  -0.1916000   0.9815000   0.0000000   0.2585439   0.0000000
 95.8826911  22.9882987 120.6208085  -0.1901000   0.9818000   0.0000000   0.2764129   0.0000000
 95.8866904  22.2543493  58.2993788  -0.1914000   0.9815000   0.0000000   0.9032186   0.0000000
 96.4186023  22.8203103 694.0069010  -0.1868000   0.9824000   0.0000000  -0.7740489   0.0000000
 96.0466639  20.2524871 283.0332521  -0.1939000   0.9810000   0.0000000   2.0503798   0.0000000
 95.8666937  22.4863333  87.3859669  -0.1911000   0.9816000   0.0000000   0.6364970   0.0000000
 96.0326662  21.6863884  31.5093168  -0.1915000   0.9815000   0.0000000  -1.3867781   0.0000000
 95.5687431  23.6062562 137.7948570  -0.1910000   0.9816000   0.0000000   0.2750621   0.0000000
 95.9646775  22.1583559  41.5528677  -0.1911000   0.9816000   0.0000000   1.5817380   0.0000000
 95.6507295  23.3202759 167.3355795  -0.1910000   0.9816000   0.0000000   0.1588714   0.0000000
 96.9745102  17.7166617  32.2668121  -0.1930000   0.9812000   0.0000000   1.3511922   0.0000000
 96.0626613  20.5084695 164.1093848  -0.1934000   0.9811000   0.0000000   2.2513099   0.0000000
 96.1606450  19.6825263  50.2678006  -0.1942000   0.9810000   0.0000000   2.4927664   0.0000000
 96.1786420  19.6705272  41.9359055  -0.1941000   0.9810000   0.0000000   0.1734850   0.0000000
 96.0706599  20.7284543 117.1916529  -0.1930000   0.9812000   0.0000000  -2.0170825   0.0000000
 96.2346328  19.6245303  35.0205415  -0.1938000   0.9810000   0.0000000  -0.7920022   0.0000000
 96.4825917  18.7145930 -10.5855107  -0.1940000   0.9810000   0.0000000   0.0132328   0.0000000
 95.8446974  22.9303027 134.4359077  -0.1904000   0.9817000   0.0000000   0.2868805   0.0000000
 96.1226513  20.2104900 165.9948264  -0.1935000   0.9811000   0.0000000  -1.8872536   0.0000000
 95.9666772  21.0144346 120.6773327  -0.1931000   0.9812000   0.0000000   1.3360510   0.0000000
 95.8267004  23.2882781 174.1854965  -0.1898000   0.9818000   0.0000000  -0.2328423   0.0000000
 96.1746427  19.8125174 108.9678953  -0.1939000   0.9810000   0.0000000  -2.1004705   0.0000000
 95.5027540  23.4922640 127.8684914  -0.1917000   0.9815000   0.0000000   0.0945804   0.0000000
 95.6227342  23.2142832 140.9319796  -0.1914000   0.9815000   0.0000000   0.1929496   0.0000000
 95.7567120  22.3363436  38.2788430  -0.1921000   0.9814000   0.0000000   0.6632539   0.0000000
 95.7187182  22.5323301  51.5772318  -0.1920000   0.9814000   0.0000000   0.9418725   0.0000000
 96.0366656  21.5463980  38.3287469  -0.1917000   0.9815000   0.0000000  -1.5818082   0.0000000
 95.9746758  21.8523769  28.9201978  -0.1916000   0.9815000   0.0000000   1.2075778   0.0000000
 96.4365993  20.8944429 399.3157841  -0.1905000   0.9817000   0.0000000  -0.3305944   0.0000000
 95.5727424  22.8803062  73.6984581  -0.1923000   0.9813000   0.0000000   0.2845895   0.0000000
 96.0906566  20.5944635 142.4918218  -0.1931000   0.9812000   0.0000000  -1.4701056   0.0000000
 95.9066871  21.9503702  26.1193679  -0.1918000   0.9814000   0.0000000   1.1867961   0.0000000
 95.8866904  20.8664448 169.0753084   0.0000000  -1.0000000   0.0000000   1.3527430   0.0000000
 95.5347487  22.6643210  53.1318126  -0.1930000   0.9812000   0.0000000  -0.0820486   0.0000000
 95.5427474  23.9222344 369.5458368  -0.1906000   0.9817000   0.0000000  -0.0640478   0.0000000
 95.6967219  23.2102835 223.1724012  -0.1909000   0.9816000   0.0000000   0.4152221   0.0000000
 95.9626778  22.1283579  47.7969528  -0.1911000   0.9816000   0.0000000   1.8191744   0.0000000
 96.1406483  20.0545007 145.6696105  -0.1937000   0.9811000   0.0000000  -1.2269229   0.0000000
 95.6867235  22.9223033 106.9818842  -0.1915000   0.9815000   0.0000000  -0.1519590   0.0000000
 96.4925900  18.6106001 -13.8124779  -0.1941000   0.9810000   0.0000000   0.0008567   0.0000000
 96.0406649  22.0323646  20.3027630  -0.1908000   0.9816000   0.0000000  -1.8913264   0.0000000
 96.2106367  20.0365020  92.0942769  -0.1933000   0.9811000   0.0000000  -1.0097848   0.0000000
 95.7647106  23.1342887 227.5400843  -0.1906000   0.9817000   0.0000000   0.2226580   0.0000000
 98.5942418  19.5905327 725.6151842  -0.1809000   0.9835000   0.0000000   0.1285765   0.0000000
 96.1366490  20.3324816 162.3058244  -0.1932000   0.9812000   0.0000000  -1.3487341   0.0000000
 95.9646775  21.8303785  23.0297098  -0.1917000   0.9815000   0.0000000   1.4305161   0.0000000
 96.0906566  21.2244202  61.7799753  -0.1920000   0.9814000   0.0000000  -1.3159158   0.0000000
 96.2626281  19.3465495  35.3954748  -0.1941000   0.9810000   0.0000000  -1.2183394   0.0000000
 95.8566954  22.8983049 106.3772940  -0.1904000   0.9817000   0.0000000  -0.1399520   0.0000000
 95.9746758  22.8743066  43.7650260  -0.1897000   0.9818000   0.0000000   0.3057764   0.0000000
 95.8207013  22.5883263 102.2712276  -0.1912000   0.9816000   0.0000000   0.4200466   0.0000000
 96.6505638  17.2486939 -35.0634265  -0.1954000   0.9807000   0.0000000   0.3819563   0.0000000
 96.0626613  20.1284956 286.5151767  -0.1940000   0.9810000   0.0000000   1.8356849   0.0000000
 95.8027043  23.4402676 201.8897066  -0.1897000   0.9818000   0.0000000   0.1778131   0.0000000
 96.1226513  19.7345228  66.0498896   0.0000000  -1.0000000   0.0000000   2.2758002   0.0000000
 98.4562646  16.9187166 218.6065790  -0.1873000   0.9823000   0.0000000  -0.5395170   0.0000000
 96.2666275  20.5304680 347.0884490  -0.1921000   0.9814000   0.0000000  -0.3756188   0.0000000
 95.8646941  21.7603833  59.0185139  -0.1924000   0.9813000   0.0000000   0.7870824   0.0000000
 95.5227507  23.3482740 129.2251565  -0.1918000   0.9814000   0.0000000   0.1451300   0.0000000
 95.9086868  21.2124210  96.2682197  -0.1931000   0.9812000   0.0000000   1.0930384   0.0000000
 95.6927226  23.5182623 152.7667733  -0.1903000   0.9817000   0.0000000   0.0922301   0.0000000
 96.3406152  19.9945049 1136.5899319  -0.1926000   0.9813000   0.0000000  -0.5756476   0.0000000
 95.8446974  23.2002841 139.4067330  -0.1899000   0.9818000   0.0000000   0.4225016   0.0000000
 95.8886901  23.8162417 151.7078404  -0.1884000   0.9821000   0.0000000   0.1990617   0.0000000
 96.7425486  17.2246955 -34.0135417  -0.1950000   0.9808000   0.0000000  -0.2732602   0.0000000
 96.3966059  19.2605554  47.5526667  -0.1935000   0.9811000   0.0000000  -0.3300345   0.0000000
 96.9365165  21.8863746 819.4954862  -0.1855000   0.9826000   0.0000000  -0.1193514   0.0000000
 95.7367153  23.1622868 179.2474191  -0.1907000   0.9816000   0.0000000   0.4257525   0.0000000
 96.2206351  20.1084970 100.0255305  -0.1931000   0.9812000   0.0000000  -0.5807899   0.0000000
 95.8766921  22.5103316  80.6387449  -0.1910000   0.9816000   0.0000000   0.6258988   0.0000000
 95.9946725  20.9204411 132.9146348  -0.1931000   0.9812000   0.0000000   1.5648091   0.0000000
 96.2086371  19.6925256  44.1190209  -0.1939000   0.9810000   0.0000000  -1.1269810   0.0000000
 95.8866904  22.2683483  64.7533472  -0.1914000   0.9815000   0.0000000   0.9006342   0.0000000
 96.3026215  19.1425635  27.6300669  -0.1943000   0.9810000   0.0000000  -1.2210531   0.0000000
 96.6125701  17.5206752 -35.2579021  -0.1952000   0.9808000   0.0000000  -0.7479439   0.0000000
 95.7967053  23.5942570 170.7961921  -0.1895000   0.9819000   0.0000000   0.0686721   0.0000000
 96.0706599  22.3883400  65.3636872  -0.1900000   0.9818000   0.0000000  -1.0956030   0.0000000
 95.8087033  22.4883332  74.1098163  -0.1915000   0.9815000   0.0000000   0.6264207   0.0000000
 95.7807080  23.9802304 173.9771641  -0.1888000   0.9820000   0.0000000   0.0515842   0.0000000
 96.0426646  21.4864021  41.4093029  -0.1918000   0.9814000   0.0000000  -1.3534795   0.0000000
 95.8546957  22.3483428  54.4628263  -0.1914000   0.9815000   0.0000000   0.6644142   0.0000000
 96.0286669  21.3664104  62.3367942  -0.1921000   0.9814000   0.0000000  -1.5539613   0.0000000
 96.2566291  19.6605278  35.3566882  -0.1937000   0.9811000   0.0000000  -0.5733758   0.0000000
 96.1526463  20.4204755 146.4085857  -0.1930000   0.9812000   0.0000000  -1.2326270   0.0000000
 98.9921758  17.6746646 511.8677931  -0.1832000   0.9831000   0.0000000  -0.0527863   0.0000000
 96.3066208  20.0285025 678.7495268  -0.1928000   0.9812000   0.0000000  -0.1396585   0.0000000
 95.9966722  20.6184619 155.9109657  -0.1936000   0.9811000   0.0000000   1.5921915   0.0000000
 96.2266341  20.9704377 157.2829858  -0.1916000   0.9815000   0.0000000  -0.6311234   0.0000000
 95.7607113  21.5443981 191.8253333  -0.1934000   0.9811000   0.0000000   0.7540987   0.0000000
 96.2446311  19.7145241  40.4092563  -0.1937000   0.9811000   0.0000000  -0.8112273   0.0000000
 95.8287000  23.1222895 149.2381470  -0.1902000   0.9818000   0.0000000   0.2280737   0.0000000
 95.8087033  22.2903468  71.5916454  -0.1918000   0.9814000   0.0000000   0.6749545   0.0000000
 95.7107196  23.6602525 178.6780540  -0.1899000   0.9818000   0.0000000   0.2606226   0.0000000
 95.6087365  23.2342818 155.4851888  -0.1914000   0.9815000   0.0000000   0.1859890   0.0000000
 96.2046377  20.8004494 123.4871206  -0.1920000   0.9814000   0.0000000  -0.4949224   0.0000000
 98.1323183  20.5024699 847.9054913  -0.1814000   0.9834000   0.0000000   0.3618061   0.0000000
 95.5567451  23.5942570 134.3068830  -0.1911000   0.9816000   0.0000000   0.2789495   0.0000000
 95.7667103  21.4664035 184.4093662  -0.1935000   0.9811000   0.0000000   0.1812012   0.0000000
 96.3626116  18.9705753   9.1073275  -0.1942000   0.9810000   0.0000000  -0.8310373   0.0000000
 96.1946394  20.1944911 106.3998716  -0.1931000   0.9812000   0.0000000  -1.0135293   0.0000000
 95.6067368  23.1522874 126.4264924  -0.1916000   0.9815000   0.0000000   0.4311867   0.0000000
 96.2326331  19.5425360  33.7547041  -0.1940000   0.9810000   0.0000000  -1.2313704   0.0000000
 96.1746427  19.7265233  57.3549594  -0.1940000   0.9810000   0.0000000  -1.2259409   0.0000000
 95.8346990  22.1023597  57.9285887  -0.1920000   0.9814000   0.0000000   0.7359095   0.0000000
 96.6145698  17.6346673 -39.1833010  -0.1950000   0.9808000   0.0000000   0.4879568   0.0000000
 96.2386321  19.7525215  44.4398324  -0.1936000   0.9811000   0.0000000  -0.9961126   0.0000000
 96.2086371  19.6705272  43.0151990  -0.1939000   0.9810000   0.0000000  -1.0090269   0.0000000
 96.4405986  19.1125656   5.4416293  -0.1935000   0.9811000   0.0000000  -0.1676248   0.0000000
 95.7647106  21.5443981 194.3796981  -0.1934000   0.9811000   0.0000000   0.8189681   0.0000000
 95.7867070  22.0383641  82.3279158  -0.1924000   0.9813000   0.0000000   0.7312049   0.0000000
 96.1066540  19.8725133 182.9087043  -0.1942000   0.9810000   0.0000000   3.1477103   0.0000000
 95.9826745  20.5904638 165.3828812  -0.1937000   0.9811000   0.0000000   1.3757738   0.0000000
 95.4307660  23.0942914  78.1840244  -0.1929000   0.9812000   0.0000000  -0.4310354   0.0000000
 95.9086868  22.4363367  70.1834602  -0.1909000   0.9816000   0.0000000   1.0784330   0.0000000
 95.8027043  21.5683965 202.5118687  -0.1931000   0.9812000   0.0000000   0.6020789   0.0000000
 95.7827076  21.8823749  60.2122489  -0.1927000   0.9813000   0.0000000   0.7631968   0.0000000
 96.2926231  19.1785610  23.7206240  -0.1943000   0.9810000   0.0000000  -1.0314403   0.0000000
 96.5605788  18.0046418 -12.3693024  -0.1947000   0.9809000   0.0000000  -0.0905532   0.0000000
 96.3246178  18.9105795  14.7841495  -0.1945000   0.9809000   0.0000000  -1.0530696   0.0000000
 96.4106036  19.4045455 162.9048516  -0.1932000   0.9812000   0.0000000  -0.1496292   0.0000000
 95.9906732  20.8284474 130.4137456  -0.1933000   0.9811000   0.0000000   1.5381069   0.0000000
 96.1086536  20.4684722 157.8637203  -0.1932000   0.9812000   0.0000000  -1.4620179   0.0000000
 95.5387481  23.8462397 228.7055810  -0.1908000   0.9816000   0.0000000  -0.4838774   0.0000000
 95.7647106  22.2223515  38.1598984  -0.1922000   0.9813000   0.0000000   0.4714688   0.0000000
 95.7847073  23.7962431 154.9597326  -0.1892000   0.9819000   0.0000000   0.2127487   0.0000000
 95.4967550  23.4422675 128.8663772  -0.1918000   0.9814000   0.0000000   0.1630267   0.0000000
 96.3246178  18.9345778  11.1052465  -0.1945000   0.9809000   0.0000000  -0.7115209   0.0000000
 95.7047206  22.1083593  39.0929243  -0.1928000   0.9812000   0.0000000   0.4963573   0.0000000
 95.9326828  21.3964083  84.2642223  -0.1926000   0.9813000   0.0000000   0.8482394   0.0000000
 96.4166026  19.5285369 177.7209148  -0.1930000   0.9812000   0.0000000  -0.3640043   0.0000000
 96.0826579  20.8324472 108.4507850  -0.1927000   0.9813000   0.0000000  -1.4900122   0.0000000
 96.6385658  17.2486939 -38.6163537   0.0000000  -1.0000000   0.0000000   3.0223405   0.0000000
 95.5487464  23.8122420 411.9082803  -0.1908000   0.9816000   0.0000000   0.0087827   0.0000000
 96.1026546  19.9905051 304.1241733  -0.1940000   0.9810000   0.0000000   2.2715511   0.0000000
 95.8546957  22.2963464  61.3030653  -0.1915000   0.9815000   0.0000000   0.6741229   0.0000000
 95.8366987  22.4383366  45.3577930  -0.1914000   0.9815000   0.0000000   0.4211724   0.0000000
 96.4585956  18.8905809  -2.6141547  -0.1938000   0.9810000   0.0000000  -0.1865861   0.0000000
 96.0186685  20.9324403 130.0880020  -0.1929000   0.9812000   0.0000000   1.7119293   0.0000000
 95.7027209  23.7822441 130.2184786  -0.1897000   0.9818000   0.0000000  -0.0037163   0.0000000
 95.8806914  23.1662865 136.8306821  -0.1897000   0.9818000   0.0000000   0.2154819   0.0000000
 95.8546957  21.5643968 122.9587936  -0.1928000   0.9812000   0.0000000   0.8216116   0.0000000
 96.3026215  19.6505285  44.1063883  -0.1934000   0.9811000   0.0000000  -0.5752258   0.0000000
 96.4106036  18.5146067   6.6060514  -0.1947000   0.9809000   0.0000000  -0.2250242   0.0000000
 96.3706102  19.1305643  12.1659985  -0.1939000   0.9810000   0.0000000  -0.3818229   0.0000000
 95.8566954  21.8403778  33.8907674  -0.1923000   0.9813000   0.0000000   0.7719043   0.0000000
 95.9306831  21.9123728  18.8967281  -0.1917000   0.9814000   0.0000000   1.5006154   0.0000000
 96.4286006  18.5386051   5.0819772  -0.1945000   0.9809000   0.0000000  -0.0896861   0.0000000
 95.6867235  22.6963188  87.1730366  -0.1919000   0.9814000   0.0000000   0.3502267   0.0000000
 95.7507129  23.9842302 223.9755871  -0.1890000   0.9820000   0.0000000   0.6059564   0.0000000
 95.8686934  21.9943672  65.8071395  -0.1920000   0.9814000   0.0000000   0.9599063   0.0000000
 96.3646112  18.6825952  20.3570709  -0.1946000   0.9809000   0.0000000  -0.4214219   0.0000000
 95.7327159  21.6563904 156.3978770  -0.1934000   0.9811000   0.0000000   0.5865561   0.0000000
 96.2866241  19.6005320  32.9089257  -0.1936000   0.9811000   0.0000000  -0.7350861   0.0000000
 95.6047371  22.7603144  66.0533966  -0.1923000   0.9813000   0.0000000   0.0369897   0.0000000
 95.8047040  21.9103730  12.5115599  -0.1925000   0.9813000   0.0000000   0.7703844   0.0000000
 96.4365993  18.7545902  -7.4064718  -0.1941000   0.9810000   0.0000000  -0.1987686   0.0000000
 95.7287166  23.2082836 191.1088676  -0.1907000   0.9817000   0.0000000   0.1188262   0.0000000
 95.8107030  22.8663071 156.8953902  -0.1908000   0.9816000   0.0000000   0.3048661   0.0000000
 97.2524641  22.2843472 945.9792170  -0.1826000   0.9832000   0.0000000   0.4516311   0.0000000
 98.2123051  16.8267229 286.8427928  -0.1886000   0.9820000   0.0000000   0.1325877   0.0000000
 96.3346162  19.3965460  45.2192200  -0.1937000   0.9811000   0.0000000  -0.5842505   0.0000000
 96.0846576  22.0603626  22.0626478  -0.1905000   0.9817000   0.0000000  -1.4589653   0.0000000
 96.0766589  20.2104900 175.6181197  -0.1938000   0.9810000   0.0000000   2.2674460   0.0000000
 95.8127027  22.4363367  36.1411559  -0.1915000   0.9815000   0.0000000   0.4526604   0.0000000
 95.9386818  22.8063113  74.7959299  -0.1900000   0.9818000   0.0000000   0.3707334   0.0000000
 95.7887066  22.1063595  78.8210524  -0.1923000   0.9813000   0.0000000   0.7165530   0.0000000
 96.5365827  18.2946219 -20.0892350  -0.1944000   0.9809000   0.0000000  -0.0440083   0.0000000
 96.2226347  20.5264682 178.8975230  -0.1924000   0.9813000   0.0000000  -0.4434547   0.0000000
 96.2946228  20.0325022 325.4920039  -0.1928000   0.9812000   0.0000000  -0.3560037   0.0000000
 95.4387646  24.0702243 227.7829218  -0.1910000   0.9816000   0.0000000  -0.1280087   0.0000000
 95.8926894  21.6603902  84.3671951  -0.1924000   0.9813000   0.0000000   1.0239723   0.0000000
 95.9706765  20.8524458 142.4334906  -0.1933000   0.9811000   0.0000000   1.3532623   0.0000000
 95.7987050  22.9862989 151.7869828  -0.1906000   0.9817000   0.0000000   0.2691424   0.0000000
 95.7187182  23.5522599 152.2500969  -0.1901000   0.9818000   0.0000000   0.2256349   0.0000000
 95.9866738  20.4244753 239.9236944  -0.1940000   0.9810000   0.0000000   1.4035218   0.0000000
 96.0566622  21.8203791  31.2079775  -0.1911000   0.9816000   0.0000000  -1.6299441   0.0000000
 95.8886901  21.5343988  99.3918220  -0.1927000   0.9813000   0.0000000   0.8266106   0.0000000
 95.5127524  23.1902848 119.6636959  -0.1922000   0.9814000   0.0000000   0.1972006   0.0000000
 95.9926729  21.6243926  38.9312103  -0.1919000   0.9814000   0.0000000  -1.4428294   0.0000000
 95.9146858  20.8004494 161.4039629  -0.1938000   0.9810000   0.0000000   1.1401834   0.0000000
 95.7187182  23.3962707 209.9998547  -0.1904000   0.9817000   0.0000000   0.3541123   0.0000000
 95.7587116  21.5024010 167.2584490  -0.1935000   0.9811000   0.0000000   0.6128821   0.0000000
 95.6587282  22.6003255  56.0853467  -0.1922000   0.9813000   0.0000000   0.0445506   0.0000000
 95.9286835  22.7403158  33.2972424  -0.1902000   0.9817000   0.0000000   0.5611172   0.0000000
 95.7847073  21.8023804  98.5140874  -0.1928000   0.9812000   0.0000000   0.7787542   0.0000000
 96.6325668  17.5966699 -37.5952274  -0.1950000   0.9808000   0.0000000   0.2188606   0.0000000
 95.5287497  23.2542804 123.1508789  -0.1919000   0.9814000   0.0000000   0.1767916   0.0000000
 95.9606782  20.6684585 148.5110952  -0.1937000   0.9811000   0.0000000   1.3557273   0.0000000
 96.6065711  17.5926702 -38.9655291  -0.1951000   0.9808000   0.0000000  -0.3954235   0.0000000
 95.6647272  23.5702587 297.4995418  -0.1904000   0.9817000   0.0000000   0.2915471   0.0000000
 96.1706434  20.9564386 105.5832720  -0.1920000   0.9814000   0.0000000  -0.4941662   0.0000000
 96.5305837  18.8665825  23.5366729  -0.1935000   0.9811000   0.0000000  -0.1861411   0.0000000
 96.0626613  21.4504046  45.2350959  -0.1917000   0.9814000   0.0000000  -1.3479772   0.0000000
 96.3786089  19.6405292 550.1347019  -0.1930000   0.9812000   0.0000000  -0.3595756   0.0000000
 95.3567782  24.1342198 226.5473162  -0.1915000   0.9815000   0.0000000  -0.1583872   0.0000000
 96.5465811  18.0146412  -3.7209673  -0.1947000   0.9809000   0.0000000  -0.0898114   0.0000000
 95.8706931  23.0502945 110.1168708  -0.1900000   0.9818000   0.0000000   0.0445815   0.0000000
 95.9966722  21.3564111  80.0591473  -0.1923000   0.9813000   0.0000000   1.4125609   0.0000000
 95.6547288  22.6903193  72.8435611  -0.1921000   0.9814000   0.0000000   0.5699100   0.0000000
 98.6802275  18.3686168 253.8159822  -0.1832000   0.9831000   0.0000000  -0.0887285   0.0000000
 95.8886901  21.6223928  95.9821583  -0.1925000   0.9813000   0.0000000   0.8118222   0.0000000
 96.1546460  21.2384192  71.9496698  -0.1915000   0.9815000   0.0000000  -0.6621394   0.0000000
 96.0946560  20.6424602 132.4051688  -0.1930000   0.9812000   0.0000000  -1.2550383   0.0000000
 96.2906235  19.9765061 226.3507435  -0.1929000   0.9812000   0.0000000  -0.3280355   0.0000000
 95.8626944  21.8823749  19.7789737  -0.1922000   0.9814000   0.0000000   0.7789147   0.0000000
 95.5747421  22.9842990  84.4598417  -0.1921000   0.9814000   0.0000000   0.2685008   0.0000000
 95.8067037  22.2423501  40.8905149  -0.1919000   0.9814000   0.0000000   0.6861429   0.0000000
 96.1186520  20.2544870 170.3652121  -0.1935000   0.9811000   0.0000000  -2.1076090   0.0000000
 96.4326000  19.1705616  12.8464793  -0.1935000   0.9811000   0.0000000  -0.1632928   0.0000000
 96.3366159  19.3465495  34.1317718  -0.1937000   0.9811000   0.0000000  -0.3678407   0.0000000
 95.9426811  20.9504390 146.3420919  -0.1933000   0.9811000   0.0000000   1.2507955   0.0000000
 96.0806583  20.7164551 116.5484368  -0.1929000   0.9812000   0.0000000  -1.9170437   0.0000000
 95.7507129  22.2883469  34.6663568  -0.1922000   0.9814000   0.0000000   0.4898928   0.0000000
 95.8706931  23.6422537 202.5065919  -0.1889000   0.9820000   0.0000000   0.0537622   0.0000000
 96.2166357  19.5185376  45.2432299  -0.1941000   0.9810000   0.0000000  -1.0257949   0.0000000
 96.4246013  18.9345778   7.8497752  -0.1939000   0.9810000   0.0000000  -0.1809081   0.0000000
 95.5747421  22.8323095  68.4559930  -0.1924000   0.9813000   0.0000000  -0.3372434   0.0000000
 96.8265347  23.1922847 1026.4164956  -0.1834000   0.9830000   0.0000000  -0.6552092   0.0000000
 96.1946394  20.6964565 182.3083661  -0.1923000   0.9813000   0.0000000  -0.6648799   0.0000000
 95.5227507  24.0262273 297.3883983  -0.1905000   0.9817000   0.0000000   0.0367218   0.0000000
 96.3506135  19.7345228 561.0647760  -0.1930000   0.9812000   0.0000000  -1.0132492   0.0000000
 95.5747421  24.0822234 453.5697080  -0.1901000   0.9818000   0.0000000  -0.5431448   0.0000000
 96.0286669  20.6404604 153.5208659  -0.1934000   0.9811000   0.0000000   1.8190749   0.0000000
 96.5045880  18.0066417  10.2191753  -0.1950000   0.9808000   0.0000000  -0.0886305   0.0000000
 95.9726762  21.1204273 106.4066782  -0.1929000   0.9812000   0.0000000   1.3233842   0.0000000
 95.5907395  22.7383160  60.8990536  -0.1925000   0.9813000   0.0000000   0.3218312   0.0000000
 96.3946063  19.0325711   6.8280063  -0.1939000   0.9810000   0.0000000  -0.3900977   0.0000000
 95.8227010  23.5882574 200.8688975  -0.1893000   0.9819000   0.0000000   0.2109249   0.0000000
 96.4925900  19.0025731  21.7114303  -0.1934000   0.9811000   0.0000000  -0.3734786   0.0000000
 95.8606947  21.1544250 126.6561955  -0.1935000   0.9811000   0.0000000   0.6635311   0.0000000
 96.1946394  19.7025250  49.6368517  -0.1939000   0.9810000   0.0000000  -1.4456148   0.0000000
 96.2846245  19.5985321  32.0768620  -0.1936000   0.9811000   0.0000000  -0.7330866   0.0000000
 96.1306500  21.0584316  79.8540393  -0.1920000   0.9814000   0.0000000  -0.8582788   0.0000000
 95.4947554  23.8022427 248.2445848  -0.1912000   0.9816000   0.0000000   0.1975933   0.0000000
 96.1446477  21.1584247  78.2756667  -0.1918000   0.9814000   0.0000000  -0.6517371   0.0000000
 96.2766258  19.9065109 104.3440861  -0.1931000   0.9812000   0.0000000  -0.5727106   0.0000000
 97.7463823  21.1864228 897.5833900  -0.1821000   0.9833000   0.0000000  -0.0471220   0.0000000
 97.5544141  21.7603833 1030.1621194  -0.1819000   0.9833000   0.0000000  -0.3337860   0.0000000
 96.2426314  19.8145172  47.2851089  -0.1935000   0.9811000   0.0000000  -1.8839113   0.0000000
 95.5847404  23.4942639 144.4457247  -0.1911000   0.9816000   0.0000000   0.3156568   0.0000000
 96.5085874  18.0346398   0.2929933  -0.1949000   0.9808000   0.0000000  -0.0840206   0.0000000
 95.8087033  21.5243995 172.1010506  -0.1932000   0.9812000   0.0000000   0.6094102   0.0000000
 95.6267335  22.6083249  48.9508984  -0.1925000   0.9813000   0.0000000  -0.2966180   0.0000000
 95.7507129  23.6302545 170.1459626  -0.1897000   0.9818000   0.0000000   0.0541785   0.0000000
 95.5167517  23.3982705 126.8231593  -0.1918000   0.9814000   0.0000000   0.1278429   0.0000000
 95.8466970  22.3543424  54.1980022  -0.1915000   0.9815000   0.0000000   0.6601887   0.0000000
 95.7067202  23.1602869 161.9376805  -0.1909000   0.9816000   0.0000000   0.4315739   0.0000000
 96.0526629  20.1124967 304.6192357  -0.1941000   0.9810000   0.0000000   1.8363940   0.0000000
 96.3546129  18.8925807   7.7978978  -0.1944000   0.9809000   0.0000000  -0.6448282   0.0000000
 96.0626613  21.3044147  60.5074804  -0.1920000   0.9814000   0.0000000  -1.3178918   0.0000000
 96.2326331  20.4804714 262.9807073  -0.1924000   0.9813000   0.0000000  -0.5904596   0.0000000
 95.9646775  22.9243031  42.6268351  -0.1896000   0.9819000   0.0000000  -0.1464386   0.0000000
 95.9086868  21.5263994  95.6157089  -0.1926000   0.9813000   0.0000000   0.8279173   0.0000000
 95.4427640  24.0782237 220.3888704  -0.1910000   0.9816000   0.0000000  -0.1310828   0.0000000
 95.8067037  23.3122764 180.2465618  -0.1900000   0.9818000   0.0000000   0.3849652   0.0000000
 98.4302689  19.9725064 1203.5444905  -0.1809000   0.9835000   0.0000000  -0.0473718   0.0000000
 95.8426977  23.2642797 163.3445716  -0.1898000   0.9818000   0.0000000   0.3677483   0.0000000
 96.0526629  21.8263787  29.9679685  -0.1911000   0.9816000   0.0000000  -1.7040550   0.0000000
 97.4884250  19.7945186 1148.0611558  -0.1865000   0.9825000   0.0000000   0.6807437   0.0000000
 96.1506467  20.5924637 130.4817179  -0.1927000   0.9813000   0.0000000  -1.0335994   0.0000000
 95.9886735  20.7124554 135.7380087  -0.1935000   0.9811000   0.0000000   1.5846896   0.0000000
 96.1706434  21.6083937  48.1476775  -0.1908000   0.9816000   0.0000000  -0.9363459   0.0000000
 95.7347156  22.6683208  89.1954753  -0.1916000   0.9815000   0.0000000   0.4734913   0.0000000
 96.3006218  18.9665756  28.1082770  -0.1945000   0.9809000   0.0000000  -1.2472321   0.0000000
 95.8806914  22.7923122 106.3050688  -0.1904000   0.9817000   0.0000000   0.3518485   0.0000000
 95.7907063  21.6263925 301.8868138  -0.1931000   0.9812000   0.0000000   0.5921111   0.0000000
 95.5667434  23.6282547 148.0385358  -0.1910000   0.9816000   0.0000000   0.2269706   0.0000000
 95.9226844  22.1563560  36.0173503  -0.1913000   0.9815000   0.0000000   1.3630943   0.0000000
 96.9285178  21.2304198 961.1162168  -0.1869000   0.9824000   0.0000000  -0.0275623   0.0000000
 96.2726265  19.7365226  38.3799440  -0.1934000   0.9811000   0.0000000  -0.5729253   0.0000000
 95.9386818  22.0603626  43.8094791  -0.1914000   0.9815000   0.0000000   1.6028008   0.0000000
 97.4464320  19.7845193 242.7245866  -0.1868000   0.9824000   0.0000000  -0.0088412   0.0000000
 96.0126695  20.7024561 133.7375457  -0.1933000   0.9811000   0.0000000   1.7178403   0.0000000
 96.6285675  17.6166686 -37.5516786  -0.1949000   0.9808000   0.0000000   0.7018409   0.0000000
 96.0966556  21.3464118  54.6217168  -0.1917000   0.9815000   0.0000000  -0.8952572   0.0000000
 95.6507295  23.3902711 173.0039438  -0.1908000   0.9816000   0.0000000   0.2089508   0.0000000
 95.8806914  21.5183999 106.6663158  -0.1927000   0.9812000   0.0000000   0.8292197   0.0000000
 95.6327325  23.0942914 122.1521557  -0.1915000   0.9815000   0.0000000   0.2315740   0.0000000
 95.9006881  20.9024423 161.0681813  -0.1937000   0.9811000   0.0000000   1.1249125   0.0000000
 98.0103385  19.5985321 786.9551411  -0.1840000   0.9829000   0.0000000  -0.6756654   0.0000000
 95.7807080  21.7623831 103.7677996  -0.1930000   0.9812000   0.0000000   0.7861159   0.0000000
 96.4286006  18.7425910  -8.8398158  -0.1942000   0.9810000   0.0000000  -0.1996058   0.0000000
 96.4785923  18.5146067  -5.7501324  -0.1943000   0.9809000   0.0000000  -0.0101471   0.0000000
 97.7663789  16.8367223 -22.5265145  -0.1907000   0.9816000   0.0000000  -0.2503027   0.0000000
 96.1966391  19.4725408 138.3508947  -0.1943000   0.9809000   0.0000000   2.4865744   0.0000000
 95.5307494  24.0802236 445.5030047  -0.1904000   0.9817000   0.0000000  -0.5652738   0.0000000
 96.8025387  19.4025456 1265.5277396  -0.1910000   0.9816000   0.0000000  -0.0020323   0.0000000
 97.9243528  22.3323439 834.8379322  -0.1783000   0.9840000   0.0000000  -0.0063065   0.0000000
 96.1566457  20.4664724 143.4224264  -0.1929000   0.9812000   0.0000000  -1.0254081   0.0000000
 95.8906898  21.7203860  77.6960458  -0.1923000   0.9813000   0.0000000   1.0132575   0.0000000
 95.9486801  22.6223239  69.0945543  -0.1903000   0.9817000   0.0000000   0.5937780   0.0000000
 96.1926397  20.2464875 115.7674078  -0.1931000   0.9812000   0.0000000  -1.0153745   0.0000000
 95.7027209  23.4402676 176.9878165  -0.1904000   0.9817000   0.0000000   0.1984971   0.0000000
 96.0186685  20.8184481 124.8699905  -0.1931000   0.9812000   0.0000000   2.0122123   0.0000000
 96.9185194  19.6725270 1274.2340988  -0.1899000   0.9818000   0.0000000   0.0542661   0.0000000
 95.7787083  21.7643830 105.6981313  -0.1930000   0.9812000   0.0000000   0.7816969   0.0000000
 96.6545632  20.8444463 1388.1326519  -0.1892000   0.9819000   0.0000000   0.0279428   0.0000000
 96.3446145  20.0425015 487.0250595  -0.1925000   0.9813000   0.0000000  -0.3577896   0.0000000
 96.0346659  20.8844436 151.2493706  -0.1929000   0.9812000   0.0000000  -0.0973876   0.0000000
 95.8346990  22.1283579  47.5973527  -0.1920000   0.9814000   0.0000000   0.7122093   0.0000000
 96.5325834  18.2706235 -15.7920427  -0.1944000   0.9809000   0.0000000  -0.0373721   0.0000000
 97.8343677  20.5044697 1014.6759875  -0.1831000   0.9831000   0.0000000  -0.6592977   0.0000000
 96.5405821  17.8746508 -13.8811334  -0.1950000   0.9808000   0.0000000   0.1037122   0.0000000
 95.4247670  24.1442192 214.1430581  -0.1910000   0.9816000   0.0000000  -0.9105986   0.0000000
 96.3686106  19.3825470  99.0466016  -0.1935000   0.9811000   0.0000000  -0.2115079   0.0000000
 96.0546626  21.9443706  24.5692709  -0.1909000   0.9816000   0.0000000  -1.8727578   0.0000000
 96.0926563  21.6683896  36.8668516  -0.1912000   0.9816000   0.0000000  -0.5087432   0.0000000
 96.4246013  18.5346054  -2.2202855  -0.1946000   0.9809000   0.0000000  -0.2232997   0.0000000
 96.3866076  19.0205719   6.9697052  -0.1940000   0.9810000   0.0000000  -0.3906507   0.0000000
 98.3802772  18.9645758 1203.7058344  -0.1834000   0.9830000   0.0000000  -0.0532313   0.0000000
 95.9646775  21.3284130  81.6026112  -0.1926000   0.9813000   0.0000000   1.3048697   0.0000000
 96.2306334  20.3724788 163.8578173  -0.1926000   0.9813000   0.0000000  -0.5983471   0.0000000
 95.7927060  23.1762858 156.0989096  -0.1903000   0.9817000   0.0000000   0.2100741   0.0000000
 95.7327159  21.7423845 136.3765938  -0.1933000   0.9811000   0.0000000   0.7896843   0.0000000
 96.6325668  17.4986767 -36.2814014  -0.1951000   0.9808000   0.0000000   0.4569297   0.0000000
 96.1986387  20.7724513 125.7486596  -0.1921000   0.9814000   0.0000000  -0.4343684   0.0000000
 95.9946725  20.9544388 124.9851201  -0.1930000   0.9812000   0.0000000   1.5611911   0.0000000
 96.5225850  17.8486526 -16.2282942  -0.1951000   0.9808000   0.0000000   0.5375248   0.0000000
 95.9466805  22.9203034  51.8557706  -0.1898000   0.9818000   0.0000000  -0.1284269   0.0000000
 95.7287166  24.0762238 319.0540747  -0.1890000   0.9820000   0.0000000   0.0654350   0.0000000
 95.5207510  23.3422744 123.0464516  -0.1918000   0.9814000   0.0000000   0.1470920   0.0000000
 96.4046046  19.0745682   2.0004027  -0.1938000   0.9810000   0.0000000  -0.3873959   0.0000000
 96.3326165  19.1725614  17.4332812  -0.1940000   0.9810000   0.0000000  -0.8148431   0.0000000
 95.8546957  22.5643279  89.5178698  -0.1910000   0.9816000   0.0000000   0.6059673   0.0000000
 95.6987216  21.8803750  23.6821352  -0.1933000   0.9811000   0.0000000   0.5441015   0.0000000
 97.6443992  23.0322957 697.3301692  -0.1784000   0.9840000   0.0000000  -0.9800567   0.0000000
 96.0286669  20.2364882 332.3195629  -0.1940000   0.9810000   0.0000000   2.0514345   0.0000000
 95.9106864  20.9764373 140.9460304  -0.1935000   0.9811000   0.0000000   1.1220779   0.0000000
 95.9586785  20.9544388 138.0758154  -0.1932000   0.9812000   0.0000000   1.2271385   0.0000000
 96.4805920  18.3626172  -8.3611029  -0.1945000   0.9809000   0.0000000  -0.0307093   0.0000000
 95.6147355  23.4842646 146.3913599  -0.1909000   0.9816000   0.0000000   0.2882811   0.0000000
 96.2386321  19.5565350  41.2158206  -0.1939000   0.9810000   0.0000000  -1.2312176   0.0000000
 95.4987547  24.1042219 377.5075111  -0.1906000   0.9817000   0.0000000  -0.7953211   0.0000000
 95.7007212  23.6362541 152.4989125  -0.1900000   0.9818000   0.0000000   0.2690162   0.0000000
 96.0786586  20.4944704 165.1275995  -0.1933000   0.9811000   0.0000000  -1.6717994   0.0000000
 96.0566622  21.3304129  60.4222330  -0.1920000   0.9814000   0.0000000  -1.1114426   0.0000000
 95.8187017  22.1823542  60.1514821  -0.1920000   0.9814000   0.0000000   0.6999968   0.0000000
 95.7247173  23.7882437 130.4545751  -0.1896000   0.9819000   0.0000000  -0.0051612   0.0000000
 97.5724111  23.8942364 826.2424259  -0.1768000   0.9842000   0.0000000  -0.6324744   0.0000000
 95.8047040  22.4503358  43.7220080  -0.1916000   0.9815000   0.0000000   0.6359565   0.0000000
 96.5005887  18.2866224 -15.2895339  -0.1946000   0.9809000   0.0000000  -0.0429710   0.0000000
 96.6805589  17.1347017 -30.7768673  -0.1954000   0.9807000   0.0000000  -0.2912587   0.0000000
 95.8486967  24.2222138 215.0927290  -0.1879000   0.9822000   0.0000000  -2.0931630   0.0000000
 96.4705937  18.2006284  -1.2930978  -0.1949000   0.9808000   0.0000000  -0.0542571   0.0000000
 95.9346825  21.7943809  32.2080059  -0.1919000   0.9814000   0.0000000   0.9997371   0.0000000
 95.8486967  21.7183862  81.8419142  -0.1926000   0.9813000   0.0000000   1.0134759   0.0000000
 95.7707096  22.7143176 105.8318901  -0.1913000   0.9815000   0.0000000   0.3470361   0.0000000
 95.8107030  22.9703000 158.5551469  -0.1906000   0.9817000   0.0000000   0.2742272   0.0000000
 96.1166523  21.2624176  57.9448656  -0.1917000   0.9814000   0.0000000  -0.8837290   0.0000000
 96.0466639  21.5943947  35.2583300  -0.1916000   0.9815000   0.0000000  -1.3846092   0.0000000
 96.2386321  20.5564662 210.6704145  -0.1922000   0.9813000   0.0000000  -0.5954399   0.0000000
 96.2346328  20.2124898 123.3156952  -0.1929000   0.9812000   0.0000000  -0.5777270   0.0000000
 96.6585625  17.1487008 -36.1107448   0.0000000  -1.0000000   0.0000000  -0.0670738   0.0000000
 96.5005887  18.5326055 -10.3647247  -0.1942000   0.9810000   0.0000000  -0.0091409   0.0000000
 95.6067368  23.7702449 170.6086409  -0.1904000   0.9817000   0.0000000  -0.0028824   0.0000000
 95.8966888  21.1444257 117.3326061  -0.1933000   0.9811000   0.0000000   1.1029074   0.0000000
 95.5847404  23.9582320 862.6828219  -0.1902000   0.9817000   0.0000000   0.3770846   0.0000000
 96.4126033  18.5766025   3.9877146  -0.1946000   0.9809000   0.0000000  -0.2174811   0.0000000
 95.6167351  22.5783270  49.0499230  -0.1926000   0.9813000   0.0000000  -0.7110373   0.0000000
 97.9223531  21.5663966 1087.7456224  -0.1802000   0.9836000   0.0000000  -0.1015587   0.0000000
 95.5247504  24.0542254 422.4726592  -0.1905000   0.9817000   0.0000000  -0.5549777   0.0000000
 95.5387481  24.1642178 319.2753996  -0.1901000   0.9818000   0.0000000   0.2755477   0.0000000
 97.9303518  21.5323990 1063.6494805  -0.1802000   0.9836000   0.0000000  -0.2872653   0.0000000
 96.6585625  17.7406600 -35.3017956  -0.1946000   0.9809000   0.0000000   0.0691736   0.0000000
 96.2686271  19.7145241  38.4350015  -0.1935000   0.9811000   0.0000000  -0.7985550   0.0000000
 95.8466970  21.0524320 148.2004040   0.0000000  -1.0000000   0.0000000   0.8950094   0.0000000
 96.1426480  21.0024355  84.5095789  -0.1920000   0.9814000   0.0000000  -1.0708122   0.0000000
 95.5987381  22.7243169  62.8497299  -0.1924000   0.9813000   0.0000000  -0.1796594   0.0000000
 95.5847404  23.6922503 140.1795076  -0.1907000   0.9816000   0.0000000   0.2441640   0.0000000
 95.8666937  21.6903881  99.6765330  -0.1925000   0.9813000   0.0000000   1.0247490   0.0000000
 95.7927060  21.7723825 100.2814573  -0.1928000   0.9812000   0.0000000   0.7844755   0.0000000
 96.3586122  18.7365915  26.0973647  -0.1946000   0.9809000   0.0000000  -1.0681436   0.0000000
 95.8306997  22.6463223 108.9534578  -0.1910000   0.9816000   0.0000000   0.3667071   0.0000000
 95.6047371  22.7883125  72.7421306  -0.1923000   0.9813000   0.0000000   0.1780129   0.0000000
 95.5907395  23.0562941 104.5553002  -0.1919000   0.9814000   0.0000000   0.2422069   0.0000000
 95.7947057  21.6143933 213.4890879  -0.1931000   0.9812000   0.0000000   0.5942068   0.0000000
 96.8825254  21.2984151 925.2267702  -0.1870000   0.9824000   0.0000000  -0.2410421   0.0000000
 98.0003402  20.2384881 1090.2942103  -0.1827000   0.9832000   0.0000000  -0.2413973   0.0000000
 95.8526960  21.4644037 127.9258318  -0.1930000   0.9812000   0.0000000   0.6220636   0.0000000
 95.9326828  21.3384123  85.9548228  -0.1927000   0.9813000   0.0000000   0.8568023   0.0000000
 95.7227176  23.0702931 167.7854814  -0.1910000   0.9816000   0.0000000   0.4603109   0.0000000
 96.7345499  17.0047107 -38.9926321  -0.1953000   0.9807000   0.0000000  -0.3303825   0.0000000
 95.9026878  22.3243445  59.7132730  -0.1912000   0.9816000   0.0000000   1.1055598   0.0000000
 95.9906732  22.2143520  17.2281952  -0.1908000   0.9816000   0.0000000  -2.6874113   0.0000000
 97.2324674  22.0683621 512.3279671  -0.1832000   0.9831000   0.0000000  -0.1600260   0.0000000
 96.3726099  20.0864985 1057.1928082  -0.1923000   0.9813000   0.0000000  -0.1508398   0.0000000
 98.4602640  18.5206063 1223.3125222  -0.1840000   0.9829000   0.0000000   0.4856737   0.0000000
 96.0226679  21.7243858  25.3353058  -0.1915000   0.9815000   0.0000000  -1.6122861   0.0000000
 96.0326662  21.2544181  64.2294395  -0.1923000   0.9813000   0.0000000  -1.7569575   0.0000000
 96.0206682  20.9964359 124.4340236  -0.1928000   0.9812000   0.0000000   1.5562968   0.0000000
 95.6147355  23.4522668 145.7987883  -0.1910000   0.9816000   0.0000000   0.1126570   0.0000000
 96.1966391  20.6224616 140.6087985  -0.1924000   0.9813000   0.0000000  -0.5992106   0.0000000
 95.6047371  22.7343162  69.0227306  -0.1924000   0.9813000   0.0000000  -0.3184955   0.0000000
 95.5507461  23.9822303 624.3990712  -0.1904000   0.9817000   0.0000000  -0.0941922   0.0000000
 95.9006881  20.9044422 163.3823363  -0.1937000   0.9811000   0.0000000   0.9348952   0.0000000
 96.8405324  18.3306194 823.5974173  -0.1927000   0.9813000   0.0000000   0.8163894   0.0000000
 96.5705771  17.6566658 -32.6933440  -0.1952000   0.9808000   0.0000000   0.0583026   0.0000000
 95.7907063  22.1963533  61.4107355  -0.1921000   0.9814000   0.0000000   0.6964958   0.0000000
 96.8345334  19.1545627 810.9747758  -0.1913000   0.9815000   0.0000000   0.0334318   0.0000000
 95.8766921  22.5343300  87.4499837  -0.1909000   0.9816000   0.0000000   0.6231955   0.0000000
 96.4286006  18.9765749  -1.6556563  -0.1938000   0.9810000   0.0000000  -0.4298249   0.0000000
 95.6227342  24.1122214 442.1085511  -0.1897000   0.9818000   0.0000000  -0.7321092   0.0000000
 95.7707096  23.0082974 176.9883966  -0.1908000   0.9816000   0.0000000   0.4805652   0.0000000
 95.8227010  22.4483359  42.0975683  -0.1915000   0.9815000   0.0000000   0.6367333   0.0000000
 96.0746593  20.9924361 103.1405662  -0.1925000   0.9813000   0.0000000  -1.2876234   0.0000000
 95.7027209  22.9163037 118.0929950  -0.1914000   0.9815000   0.0000000   0.2877227   0.0000000
 97.8463657  19.0525697 509.4637447  -0.1861000   0.9825000   0.0000000  -0.0458183   0.0000000
 95.9466805  21.3224134  84.0384949  -0.1927000   0.9813000   0.0000000   0.8590544   0.0000000
 96.1106533  21.1024286  71.3395375  -0.1921000   0.9814000   0.0000000  -1.0819834   0.0000000
 96.1746427  20.5264682 134.5300667  -0.1927000   0.9813000   0.0000000  -0.8108059   0.0000000
 96.7125536  16.9667133 -38.9975044  -0.1955000   0.9807000   0.0000000  -0.1208506   0.0000000
 95.6127358  23.5482602 147.2265972  -0.1908000   0.9816000   0.0000000   0.2975468   0.0000000
 95.6247338  22.8683070  83.9876145  -0.1920000   0.9814000   0.0000000   0.2998685   0.0000000
 96.2446311  19.1905602  49.6578623  -0.1945000   0.9809000   0.0000000   0.4991635   0.0000000
 96.2166357  20.6044629 153.7721637  -0.1923000   0.9813000   0.0000000  -0.4920310   0.0000000
 96.0846576  20.6544594 131.3398680  -0.1930000   0.9812000   0.0000000  -1.4745493   0.0000000
 96.2426314  19.6985252  41.1778218  -0.1937000   0.9811000   0.0000000  -0.7914550   0.0000000
 96.4046046  19.9445083 521.8494506  -0.1923000   0.9813000   0.0000000  -0.0252333   0.0000000
 95.9906732  22.1663553  45.9872330  -0.1909000   0.9816000   0.0000000  -2.7948458   0.0000000
 96.5885741  18.3426186 -24.2865105  -0.1940000   0.9810000   0.0000000   0.1785358   0.0000000
 95.5627441  23.4062700 142.6361458  -0.1914000   0.9815000   0.0000000   0.1267376   0.0000000
 96.0206682  21.1644243 101.2507853  -0.1925000   0.9813000   0.0000000  -1.2937158   0.0000000
 96.6085708  17.6426668 -37.8570552  -0.1950000   0.9808000   0.0000000   0.4742237   0.0000000
 97.4984233  22.2923467 839.7779864  -0.1811000   0.9835000   0.0000000   0.4425019   0.0000000
 96.1446477  20.6004631 128.8720435  -0.1927000   0.9813000   0.0000000  -1.0340600   0.0000000
 95.6107361  23.7042494 222.0274857  -0.1905000   0.9817000   0.0000000   0.2407206   0.0000000
 95.7167186  22.1683552  24.3207897  -0.1926000   0.9813000   0.0000000   0.4837753   0.0000000
 95.6927226  23.5742584 144.0927412  -0.1902000   0.9817000   0.0000000   0.0723434   0.0000000
 96.3846079  19.5585349 157.6943610  -0.1931000   0.9812000   0.0000000   0.0757030   0.0000000
 96.4465976  18.6805953 -10.4643568  -0.1942000   0.9810000   0.0000000   0.0114625   0.0000000
 97.2764601  18.1246336 302.7500781  -0.1908000   0.9816000   0.0000000  -0.1251615   0.0000000
 96.4745930  18.5646033  -9.0991509  -0.1943000   0.9810000   0.0000000  -0.0036692   0.0000000
 96.1406483  19.6825263  48.6259413  -0.1943000   0.9809000   0.0000000   2.7121785   0.0000000
 95.6787249  23.0622936 127.6888349  -0.1913000   0.9815000   0.0000000   0.2428549   0.0000000
 95.4667600  23.6402539 154.0110079  -0.1916000   0.9815000   0.0000000   0.2586251   0.0000000
 96.4925900  18.8425842   1.4203121  -0.1937000   0.9811000   0.0000000  -0.1533012   0.0000000
 95.5767418  22.9143038  84.1188061  -0.1922000   0.9813000   0.0000000   0.2675037   0.0000000
 95.5727424  23.8222413 274.7537997  -0.1906000   0.9817000   0.0000000  -0.5558729   0.0000000
 96.0686603  20.3004838 235.3387720  -0.1937000   0.9811000   0.0000000   2.0267069   0.0000000
 96.5705771  17.8606518 -20.3184789  -0.1949000   0.9808000   0.0000000   0.0989942   0.0000000
 97.4624293  18.3886154 119.3206982  -0.1894000   0.9819000   0.0000000   0.0249637   0.0000000
 96.3366159  19.5565350  58.9577908  -0.1934000   0.9811000   0.0000000  -0.3599427   0.0000000
 96.6345665  17.5626723 -37.2500893  -0.1950000   0.9808000   0.0000000  -1.0602760   0.0000000
 96.4525966  18.7665894  -3.0840844  -0.1940000   0.9810000   0.0000000  -0.1983744   0.0000000
 95.5947388  23.5622592 142.0388418  -0.1909000   0.9816000   0.0000000   0.0731387   0.0000000
 97.6783935  23.6862507 2129.3439325  -0.1766000   0.9843000   0.0000000  -0.1773669   0.0000000
 97.7443826  22.1423570 1026.2716745  -0.1799000   0.9837000   0.0000000   0.4562504   0.0000000
 96.1526463  20.4004769 149.8956352  -0.1930000   0.9812000   0.0000000  -1.1487014   0.0000000
 96.2206351  19.7225236  45.2533248  -0.1938000   0.9810000   0.0000000  -1.0087705   0.0000000
 96.4365993  18.9685755  -0.3384450  -0.1938000   0.9810000   0.0000000  -0.3973438   0.0000000
 96.4645947  18.3866156  -6.3259795  -0.1946000   0.9809000   0.0000000  -0.1362938   0.0000000
 95.9086868  22.8463085 104.2580211  -0.1901000   0.9818000   0.0000000   0.3031234   0.0000000
 95.8626944  21.3004149 103.3924221  -0.1932000   0.9812000   0.0000000   0.6555823   0.0000000
 95.8267004  22.9263030 145.9256211  -0.1905000   0.9817000   0.0000000   0.2876669   0.0000000
 96.0546626  21.3804094  53.3244792  -0.1919000   0.9814000   0.0000000  -1.3374130   0.0000000
 95.9666772  22.0383641  77.3673948  -0.1913000   0.9815000   0.0000000   1.7961627   0.0000000
 96.0146692  20.7444532 126.7246677  -0.1933000   0.9811000   0.0000000   1.8002937   0.0000000
 96.3646112  19.3665481  84.2917982  -0.1935000   0.9811000   0.0000000  -0.1493448   0.0000000
 95.6167351  23.2222826 139.3389083  -0.1914000   0.9815000   0.0000000   0.1901583   0.0000000
 95.5587448  23.7342474 291.3652576  -0.1908000   0.9816000   0.0000000   0.2274898   0.0000000
 95.7047206  23.6062562 173.5904763  -0.1901000   0.9818000   0.0000000   0.2800159   0.0000000
 95.4947554  23.5062631 135.1582450  -0.1917000   0.9815000   0.0000000   0.0893263   0.0000000
 95.8227010  21.8903743  22.1190922  -0.1925000   0.9813000   0.0000000   0.9806583   0.0000000
 96.1106533  20.4064765 173.9808981  -0.1933000   0.9811000   0.0000000  -1.6001521   0.0000000
 96.0926563  20.0305024 304.4923154  -0.1940000   0.9810000   0.0000000   2.0561178   0.0000000
 95.6887232  22.2463498  30.9737755  -0.1927000   0.9813000   0.0000000   0.4614499   0.0000000
 96.3286172  19.6905258  57.0163154  -0.1932000   0.9812000   0.0000000  -0.5755178   0.0000000
 96.1346493  20.2664861 153.0887626  -0.1934000   0.9811000   0.0000000  -1.4522357   0.0000000
 96.7385493  21.3564111 1338.7788204  -0.1878000   0.9822000   0.0000000  -0.0403324   0.0000000
 96.5325834  17.9746439 -10.6796126  -0.1949000   0.9808000   0.0000000   0.1225979   0.0000000
 96.0826579  20.8664448 103.8086253  -0.1926000   0.9813000   0.0000000  -1.7120577   0.0000000
 95.7727093  24.0762238 511.6964980  -0.1887000   0.9820000   0.0000000  -0.7680161   0.0000000
 95.6587282  23.1702862 170.4404145  -0.1912000   0.9816000   0.0000000   0.2082426   0.0000000
 95.7447139  22.4323370  34.9333760  -0.1920000   0.9814000   0.0000000   0.4207464   0.0000000
 95.5587448  22.9683001  77.4831862  -0.1922000   0.9813000   0.0000000   0.2682739   0.0000000
 95.7207179  23.0342956 143.5203408  -0.1910000   0.9816000   0.0000000   0.3718059   0.0000000
 95.9666772  21.8983738  24.6580741  -0.1915000   0.9815000   0.0000000   1.6522292   0.0000000
 95.9006881  21.4804026 100.4806390  -0.1927000   0.9813000   0.0000000   0.8963143   0.0000000
 96.2126364  20.0924981  96.0416688  -0.1932000   0.9812000   0.0000000  -0.7302474   0.0000000
 96.4525966  18.8545833  -8.8640038  -0.1939000   0.9810000   0.0000000  -0.1896391   0.0000000
 95.8147023  21.2644174 129.2020369  -0.1936000   0.9811000   0.0000000   0.6489138   0.0000000
 95.9566788  21.7163863  35.6072964  -0.1919000   0.9814000   0.0000000   1.0138190   0.0000000
 95.9466805  20.7904501 144.2113138  -0.1936000   0.9811000   0.0000000   1.1495187   0.0000000
 95.8766921  23.2582802 148.0048429  -0.1896000   0.9819000   0.0000000   0.1860323   0.0000000
 95.7787083  21.4324059 181.8083911  -0.1935000   0.9811000   0.0000000   0.6240829   0.0000000
 95.7287166  21.9303716  12.0726189  -0.1930000   0.9812000   0.0000000  -0.1687906   0.0000000
 95.8386984  21.8983738  17.6518461  -0.1923000   0.9813000   0.0000000   0.9734643   0.0000000
 95.8107030  23.6382540 177.0081591  -0.1893000   0.9819000   0.0000000   0.1676321   0.0000000
 95.8187017  22.5083318  68.3757686  -0.1914000   0.9815000   0.0000000   0.5354576   0.0000000
 95.8247007  22.4583352  51.4548094  -0.1914000   0.9815000   0.0000000   0.6342565   0.0000000
 96.3446145  19.8065178 297.8087924  -0.1929000   0.9812000   0.0000000  -0.3664847   0.0000000
 97.6763939  22.9822992 761.7859848  -0.1784000   0.9840000   0.0000000  -0.5757775   0.0000000
 95.9106864  21.0664311 130.1883487  -0.1933000   0.9811000   0.0000000   1.1116738   0.0000000
 95.8606947  21.9483703  29.4080881  -0.1921000   0.9814000   0.0000000   0.9692871   0.0000000
 95.5487464  23.6682519 186.4041153  -0.1910000   0.9816000   0.0000000   0.2516199   0.0000000
 95.7507129  23.7382471 131.4087368  -0.1895000   0.9819000   0.0000000   0.0145224   0.0000000
 95.4687597  23.9602318 265.5329856  -0.1910000   0.9816000   0.0000000  -0.5198282   0.0000000
 95.8366987  22.6943190 102.5273076  -0.1909000   0.9816000   0.0000000   0.3538040   0.0000000
 96.3446145  19.8165171 261.4581422  -0.1929000   0.9812000   0.0000000  -0.4594534   0.0000000
 95.6787249  23.5862576 141.8008186  -0.1903000   0.9817000   0.0000000   0.2863031   0.0000000
 96.1046543  20.5444670 151.2097415  -0.1931000   0.9812000   0.0000000  -1.6855910   0.0000000
 95.5787414  23.1802855 124.7855017  -0.1917000   0.9814000   0.0000000   0.2025785   0.0000000
 95.9886735  22.4243376  29.2251243  -0.1904000   0.9817000   0.0000000  -2.2067759   0.0000000
 96.3686106  19.0045730   4.1385859  -0.1941000   0.9810000   0.0000000  -0.6098025   0.0000000
 96.1786420  19.6185307  44.6370249  -0.1942000   0.9810000   0.0000000   0.2637911   0.0000000
 96.2206351  19.8665137  61.4520460  -0.1935000   0.9811000   0.0000000  -1.0082231   0.0000000
 97.5844091  17.6826640  28.2848662  -0.1901000   0.9818000   0.0000000   0.2275998   0.0000000
 96.1006550  20.7944498 110.1752726  -0.1927000   0.9813000   0.0000000  -1.4867303   0.0000000
 98.1403170  21.3964083 935.1404270  -0.1792000   0.9838000   0.0000000  -0.3334944   0.0000000
 95.5087530  24.0382265 271.0179012  -0.1906000   0.9817000   0.0000000   0.0855663   0.0000000
 95.9906732  21.0904294 103.9542162  -0.1928000   0.9812000   0.0000000   1.7644080   0.0000000
 95.5427474  23.0082974  82.5806862  -0.1923000   0.9813000   0.0000000   0.2556033   0.0000000
 96.2866241  20.7424534 360.8392238  -0.1916000   0.9815000   0.0000000  -0.2468994   0.0000000
 96.1986387  19.9265095  77.9694140  -0.1935000   0.9811000   0.0000000  -1.0078932   0.0000000
 97.1044886  22.4663347 937.5658667  -0.1832000   0.9831000   0.0000000  -0.2579061   0.0000000
 95.9126861  21.6923880  68.4173712  -0.1922000   0.9813000   0.0000000   1.0183457   0.0000000
 96.4825917  18.0186409   6.9703637   0.0000000  -1.0000000   0.0000000  -0.4181928   0.0000000
 95.6227342  22.5863264  53.8292471  -0.1925000   0.9813000   0.0000000  -0.4963742   0.0000000
 95.6987216  23.2302821 241.9589571  -0.1908000   0.9816000   0.0000000   0.4087923   0.0000000
 95.6147355  24.0862232 695.1753802  -0.1898000   0.9818000   0.0000000  -0.6746539   0.0000000
 96.4705937  18.6145999 -14.3795226  -0.1942000   0.9810000   0.0000000   0.0025698   0.0000000
 98.0303352  18.9565763 1048.3888065  -0.1853000   0.9827000   0.0000000  -0.0712444   0.0000000
 95.8486967  23.8662383 181.3751485  -0.1886000   0.9821000   0.0000000  -0.0541815   0.0000000
 96.0146692  20.4804714 174.8228889  -0.1937000   0.9811000   0.0000000   1.8101223   0.0000000
 96.0366656  20.8504459 121.9804543  -0.1930000   0.9812000   0.0000000   0.0474823   0.0000000
 96.0426646  21.2744167  64.8690688  -0.1922000   0.9814000   0.0000000  -1.6064882   0.0000000
 95.8526960  22.0763615  41.7920504  -0.1919000   0.9814000   0.0000000   0.9417276   0.0000000
 95.8127027  21.2604177 128.0188348  -0.1936000   0.9811000   0.0000000   0.6494750   0.0000000
 96.4026049  19.3785473 124.5858876  -0.1933000   0.9811000   0.0000000  -0.3691829   0.0000000
 96.1166523  20.0245028 413.9553314  -0.1939000   0.9810000   0.0000000   2.4812946   0.0000000
 95.8167020  23.0762927 122.7825374  -0.1903000   0.9817000   0.0000000   0.2277534   0.0000000
 95.8227010  23.0102972 131.4196876  -0.1904000   0.9817000   0.0000000   0.4812006   0.0000000
 95.7507129  22.3943396  43.6193048  -0.1920000   0.9814000   0.0000000   0.6241494   0.0000000
 96.0066705  21.5183999  57.4109277  -0.1920000   0.9814000   0.0000000  -1.3584429   0.0000000
 96.0986553  21.4544043  42.8987645  -0.1915000   0.9815000   0.0000000  -1.1299570   0.0000000
 95.3847736  23.6722517 150.3584714  -0.1921000   0.9814000   0.0000000   0.0246002   0.0000000
 96.1686437  20.1704927 125.6056911  -0.1933000   0.9811000   0.0000000  -1.2307992   0.0000000
 95.9926729  20.8304473 129.4368252  -0.1932000   0.9812000   0.0000000   1.5738955   0.0000000
 95.4607610  24.0162280 338.4447694  -0.1910000   0.9816000   0.0000000  -0.1050271   0.0000000
 95.5267501  23.7682450 364.1206775  -0.1910000   0.9816000   0.0000000  -0.4428627   0.0000000
 96.0906566  20.3064834 227.2335888  -0.1935000   0.9811000   0.0000000   1.6710393   0.0000000
 95.9026878  21.4884020 102.0491679  -0.1927000   0.9813000   0.0000000   0.8356152   0.0000000
 95.7787083  21.6883882 149.9803468  -0.1931000   0.9812000   0.0000000   0.5813081   0.0000000
 95.9986719  20.5344677 216.5560993  -0.1937000   0.9811000   0.0000000   1.5972967   0.0000000
 96.1286503  20.6304611 128.5195871  -0.1928000   0.9812000   0.0000000  -1.0359843   0.0000000
 95.7787083  22.7983118 134.1931054  -0.1911000   0.9816000   0.0000000  -0.0688024   0.0000000
 96.0926563  20.4064765 185.4728916  -0.1934000   0.9811000   0.0000000  -1.8840580   0.0000000
 95.7467136  22.2203516  32.0976821  -0.1924000   0.9813000   0.0000000   0.5918167   0.0000000
 95.5087530  23.8442398 240.9269570  -0.1910000   0.9816000   0.0000000  -0.0351610   0.0000000
 96.4605953  18.5046074  -5.7810977  -0.1944000   0.9809000   0.0000000  -0.0103875   0.0000000
 95.9786752  22.1763546  81.0049360  -0.1909000   0.9816000   0.0000000  -2.3887219   0.0000000
 96.4166026  19.6065316 344.4122716  -0.1928000   0.9812000   0.0000000  -0.1430792   0.0000000
 95.9706765  22.4943327  23.0586362  -0.1904000   0.9817000   0.0000000  -0.4662785   0.0000000
 95.7407146  23.6102559 154.5387815  -0.1898000   0.9818000   0.0000000   0.0610638   0.0000000
 97.2224691  23.1382884 1105.9024984  -0.1809000   0.9835000   0.0000000   0.4535169   0.0000000
 95.7967053  23.4422675 184.5853476  -0.1898000   0.9818000   0.0000000   0.3115181   0.0000000
 96.1966391  20.5804645 145.1262787  -0.1925000   0.9813000   0.0000000  -0.5961819   0.0000000
 96.3566125  18.6545971  38.8873956  -0.1947000   0.9809000   0.0000000  -0.2132211   0.0000000
 96.1186520  20.6984564 113.8185316  -0.1927000   0.9813000   0.0000000  -1.0411812   0.0000000
 95.8107030  22.7363161 120.8995576  -0.1910000   0.9816000   0.0000000   0.2094999   0.0000000
 96.1346493  20.9604384  83.8118977  -0.1922000   0.9814000   0.0000000  -0.8477737   0.0000000
 95.8346990  22.8243100 123.7454074  -0.1907000   0.9817000   0.0000000   0.3402875   0.0000000
 95.4487630  23.8482395 356.7807621  -0.1914000   0.9815000   0.0000000  -0.2574174   0.0000000
 95.9586785  22.6823198 122.9538931  -0.1901000   0.9818000   0.0000000   0.3591204   0.0000000
 95.9406815  21.7143864  45.2822627  -0.1920000   0.9814000   0.0000000   1.0144540   0.0000000
 95.8306997  21.3424121 114.9159476  -0.1934000   0.9811000   0.0000000   0.6377159   0.0000000
 95.7887066  22.9583008 150.3089982  -0.1907000   0.9816000   0.0000000   0.2985271   0.0000000
 95.8966888  20.9224410 157.2389590  -0.1937000   0.9811000   0.0000000   0.9093322   0.0000000
 96.3606119  19.2605554  14.1047115  -0.1937000   0.9811000   0.0000000  -0.2498090   0.0000000
 95.6467302  23.8222413 146.0168490  -0.1901000   0.9818000   0.0000000  -0.0210406   0.0000000
 95.8606947  21.0224341 169.0370870  -0.1937000   0.9811000   0.0000000   0.6960948   0.0000000
 97.5504147  19.4685411 798.2298933  -0.1868000   0.9824000   0.0000000   0.1974404   0.0000000
 96.0926563  20.8524458 105.6871140  -0.1926000   0.9813000   0.0000000  -1.4663821   0.0000000
 95.6447305  22.2063526  28.7712545  -0.1930000   0.9812000   0.0000000   0.0297113   0.0000000
 96.1166523  19.7645207  71.9293266   0.0000000  -1.0000000   0.0000000   2.0375719   0.0000000
 95.7727093  22.2843472  43.0875486  -0.1921000   0.9814000   0.0000000   0.6758815   0.0000000
 96.1346493  21.0444326  80.2400974  -0.1920000   0.9814000   0.0000000  -0.8557900   0.0000000
 97.7263856  18.1246336 445.5348481  -0.1885000   0.9821000   0.0000000   0.0295693   0.0000000
 95.6327325  23.8382402 158.5380359  -0.1901000   0.9818000   0.0000000  -0.0273122   0.0000000
 95.8306997  22.1983531  55.4872527  -0.1919000   0.9814000   0.0000000   0.6965127   0.0000000
 96.1526463  19.7785197  63.3132332  -0.1941000   0.9810000   0.0000000   1.8457522   0.0000000
 96.1426480  19.7385225  60.3452565  -0.1942000   0.9810000   0.0000000   2.4939501   0.0000000
 96.0506632  21.5703964  36.6270505  -0.1916000   0.9815000   0.0000000  -1.3670386   0.0000000
 95.6947222  23.5902573 142.0745195  -0.1902000   0.9818000   0.0000000   0.0666784   0.0000000
 96.0666606  20.9944360 104.1989293  -0.1925000   0.9813000   0.0000000  -1.2877510   0.0000000
 96.3166192  19.1065660  30.6124271  -0.1942000   0.9810000   0.0000000  -1.0428897   0.0000000
 95.6047371  22.6643210  52.5585677  -0.1925000   0.9813000   0.0000000   0.5756669   0.0000000
 95.7527126  22.0283648 124.7461285  -0.1927000   0.9813000   0.0000000   0.5142502   0.0000000
 95.8386984  22.3783407  39.8561089  -0.1915000   0.9815000   0.0000000   0.6542609   0.0000000
 95.8346990  23.8422399 276.9570797  -0.1887000   0.9820000   0.0000000  -0.2730876   0.0000000
 95.9246841  21.9383710  24.3590707  -0.1917000   0.9815000   0.0000000   1.1916103   0.0000000
 96.1846410  20.8184481 122.8324247  -0.1921000   0.9814000   0.0000000  -0.6155612   0.0000000
 96.2226347  19.3405499  64.2925788  -0.1944000   0.9809000   0.0000000   0.8936456   0.0000000
 96.5325834  18.2666238 -15.3448380  -0.1944000   0.9809000   0.0000000  -0.0094059   0.0000000
 96.2506301  19.9925050  85.8694035  -0.1931000   0.9812000   0.0000000  -0.4755639   0.0000000
 95.9286835  21.0344333 127.3895356  -0.1933000   0.9811000   0.0000000   1.1153208   0.0000000
 95.5287497  24.0542254 469.7182514  -0.1904000   0.9817000   0.0000000  -0.5547957   0.0000000
 96.4365993  21.1504253 1155.3790325  -0.1900000   0.9818000   0.0000000  -0.2175953   0.0000000
 95.7187182  22.6083249  75.3704610  -0.1918000   0.9814000   0.0000000   0.3747710   0.0000000
 96.2846245  18.9525766  26.0963050   0.0000000  -1.0000000   0.0000000  -1.7038215   0.0000000
 95.8386984  22.3403434  48.0990985  -0.1915000   0.9815000   0.0000000   0.6636809   0.0000000
 96.4266009  18.9125793  -0.3804343  -0.1939000   0.9810000   0.0000000  -0.1829512   0.0000000
 96.6625619  17.1527005 -36.6572827   0.0000000  -1.0000000   0.0000000  -0.0663708   0.0000000
 95.6167351  22.6363230  50.9559527  -0.1925000   0.9813000   0.0000000  -0.5353973   0.0000000
 95.6627275  23.2802786 169.0910947  -0.1910000   0.9816000   0.0000000   0.1725531   0.0000000
 96.2386321  20.0305024  84.3858409  -0.1932000   0.9812000   0.0000000  -0.7917507   0.0000000
 98.3142882  21.2064214 1316.4661077  -0.1787000   0.9839000   0.0000000  -1.0374352   0.0000000
 96.3926066  19.2805540  30.2815256  -0.1935000   0.9811000   0.0000000  -0.3736286   0.0000000
 96.2566291  19.0865674  72.2832159   0.0000000  -1.0000000   0.0000000  -0.0515659   0.0000000
 96.2866241  19.7305230  36.6602123  -0.1934000   0.9811000   0.0000000  -0.5734776   0.0000000
 96.1746427  20.7824506 108.2495712  -0.1922000   0.9813000   0.0000000  -0.6118699   0.0000000
 96.2706268  19.1825608  28.5419507  -0.1944000   0.9809000   0.0000000  -1.2483728   0.0000000
 96.2286338  20.6444601 169.7785207  -0.1921000   0.9814000   0.0000000  -0.3801139   0.0000000
 96.0486636  22.1343575  22.5521534  -0.1906000   0.9817000   0.0000000  -2.2660193   0.0000000
 95.6847239  23.5962569 141.4908686  -0.1902000   0.9817000   0.0000000   0.2592283   0.0000000
 95.7887066  23.1522874 168.1700157  -0.1904000   0.9817000   0.0000000   0.2176001   0.0000000
 96.0466639  20.4064765 197.9057457  -0.1936000   0.9811000   0.0000000   2.0428617   0.0000000
 96.2746261  19.9305093 142.7425284  -0.1931000   0.9812000   0.0000000  -0.3540649   0.0000000
 96.4765927  19.0825676  34.4871962  -0.1934000   0.9811000   0.0000000  -0.1967849   0.0000000
 95.5807411  23.3102766 127.7686641  -0.1915000   0.9815000   0.0000000   0.3784199   0.0000000
 96.4006053  18.8385844  -4.0203841  -0.1942000   0.9810000   0.0000000  -0.6253995   0.0000000
 95.9706765  20.5704652 167.2587184  -0.1938000   0.9810000   0.0000000   1.5881858   0.0000000
 96.4086039  18.4326124   3.4577021  -0.1948000   0.9808000   0.0000000  -0.4543392   0.0000000
 95.9046874  21.8963739  21.0264603  -0.1919000   0.9814000   0.0000000   1.1987202   0.0000000
 96.5225850  17.8946494 -15.4672130  -0.1951000   0.9808000   0.0000000   0.1086819   0.0000000
 96.4685940  18.9705753   1.5159169  -0.1936000   0.9811000   0.0000000  -0.4105982   0.0000000
 95.9906732  21.5303991  74.5509591  -0.1920000   0.9814000   0.0000000   0.7828540   0.0000000
 96.1526463  21.7423845  27.8078637  -0.1906000   0.9817000   0.0000000  -0.5219756   0.0000000
 95.4847570  23.7062493 149.9060558  -0.1914000   0.9815000   0.0000000   0.0080617   0.0000000
 96.3186188  19.7425222  56.9452262  -0.1932000   0.9812000   0.0000000  -0.3557484   0.0000000
 96.2286338  20.5784647 199.7739189  -0.1923000   0.9813000   0.0000000  -0.3814341   0.0000000
 96.5125867  18.3186202 -19.3552815  -0.1944000   0.9809000   0.0000000  -0.0389846   0.0000000
 95.7807080  22.9922985 157.7581083  -0.1907000   0.9816000   0.0000000   0.2669035   0.0000000
 95.8506964  21.2484185 104.3362899  -0.1934000   0.9811000   0.0000000   0.8697931   0.0000000
 96.2346328  20.2624864 136.4776666  -0.1928000   0.9812000   0.0000000  -0.5796025   0.0000000
 96.2746261  19.0445703  56.7292422  -0.1946000   0.9809000   0.0000000  -1.4322627   0.0000000
 95.9426811  21.5883951  67.8901624  -0.1922000   0.9813000   0.0000000   0.8176442   0.0000000
 95.6947222  24.0502256 473.4861346  -0.1893000   0.9819000   0.0000000  -0.7647143   0.0000000
 95.6887232  23.0982912 132.4614260  -0.1911000   0.9816000   0.0000000   0.2319120   0.0000000
 96.4845913  18.0846363   9.3608006  -0.1950000   0.9808000   0.0000000   0.1447961   0.0000000
 95.7847073  22.3543424  37.9008367  -0.1919000   0.9814000   0.0000000   0.6593226   0.0000000
 95.5867401  23.3142763 142.2214332  -0.1914000   0.9815000   0.0000000   0.3773512   0.0000000
 96.0306666  21.0704308 104.5335981  -0.1926000   0.9813000   0.0000000  -1.6152196   0.0000000
 95.9966722  21.1864228  92.1214481  -0.1926000   0.9813000   0.0000000   1.2920625   0.0000000
 95.8546957  22.5083318  82.2202821  -0.1911000   0.9816000   0.0000000   0.6220396   0.0000000
 96.0006715  20.5484667 192.1248029  -0.1937000   0.9811000   0.0000000   1.5972590   0.0000000
 95.7427143  22.1103592  58.4216561  -0.1926000   0.9813000   0.0000000   0.4963961   0.0000000
 95.9826745  20.7544525 133.4022393  -0.1934000   0.9811000   0.0000000   1.3623464   0.0000000
 96.3726099  18.6026007  34.7495034  -0.1947000   0.9809000   0.0000000  -0.4309520   0.0000000
 95.5807411  23.8242412 315.1303238  -0.1905000   0.9817000   0.0000000  -0.0244523   0.0000000
 96.0486636  21.4244064  52.8184347  -0.1919000   0.9814000   0.0000000  -1.3428776   0.0000000
 96.4286006  18.6885948 -14.8759600  -0.1943000   0.9809000   0.0000000  -0.2154314   0.0000000
 96.2866241  19.2585555  21.5123888  -0.1941000   0.9810000   0.0000000  -1.2452250   0.0000000
 95.7627110  22.4023391  39.4407219  -0.1919000   0.9814000   0.0000000   0.2871592   0.0000000
 95.9886735  22.1523563  63.5125904  -0.1909000   0.9816000   0.0000000  -2.7917652   0.0000000
 96.3706102  19.3905464  92.6145376  -0.1935000   0.9811000   0.0000000  -0.3672692   0.0000000
 95.5647438  22.7083180  53.5624814  -0.1927000   0.9813000   0.0000000   0.3440312   0.0000000
 96.0546626  20.0844987 285.9879866   0.0000000  -1.0000000   0.0000000   1.6917353   0.0000000
 95.9066871  21.6763891  71.2122816  -0.1923000   0.9813000   0.0000000   1.0211779   0.0000000
 98.0683289  22.1623556 899.1516309  -0.1779000   0.9841000   0.0000000   0.1460939   0.0000000
 95.8766921  22.1023597  33.6650544  -0.1917000   0.9814000   0.0000000   1.1557949   0.0000000
 95.6807245  22.6443224  64.8246914  -0.1920000   0.9814000   0.0000000   0.3642678   0.0000000
 95.8566954  22.7683139  94.4822164  -0.1906000   0.9817000   0.0000000   0.3337119   0.0000000
 96.6065711  18.1286333 -19.3071693  -0.1943000   0.9810000   0.0000000  -0.0745363   0.0000000
 95.7047206  23.2822785 202.8115837  -0.1907000   0.9817000   0.0000000   0.1741670   0.0000000
 96.4166026  19.1165653   6.0257065  -0.1937000   0.9811000   0.0000000  -0.3689814   0.0000000
 96.2586288  19.1845606  29.5358257  -0.1944000   0.9809000   0.0000000  -1.0545099   0.0000000
 95.7767086  21.4524045 180.5338544  -0.1935000   0.9811000   0.0000000   0.6209413   0.0000000
 96.1506467  20.6904569 119.4776474  -0.1925000   0.9813000   0.0000000  -0.8223479   0.0000000
 96.9765098  20.4464737 1017.4601420  -0.1881000   0.9821000   0.0000000   0.0433446   0.0000000
 96.1266507  20.9344401  95.4117671  -0.1922000   0.9813000   0.0000000  -1.0633268   0.0000000
 95.9786752  22.1363574  95.7041311  -0.1910000   0.9816000   0.0000000  -1.9193044   0.0000000
 95.7947057  23.5742584 180.0358005  -0.1895000   0.9819000   0.0000000   0.0757502   0.0000000
 96.3606119  19.8125174 255.7668686  -0.1928000   0.9812000   0.0000000  -0.7942755   0.0000000
 96.1646444  20.6844574 120.2179266  -0.1925000   0.9813000   0.0000000  -0.8221213   0.0000000
 96.3126198  19.5465357  28.0527017  -0.1935000   0.9811000   0.0000000  -0.3592913   0.0000000
 97.1504810  21.9603695 613.2008614  -0.1840000   0.9829000   0.0000000  -0.1375648   0.0000000
 96.1966391  20.3364813 141.6197149  -0.1929000   0.9812000   0.0000000  -0.5890692   0.0000000
 96.0606616  21.7403847  30.3642201  -0.1912000   0.9815000   0.0000000  -1.6151812   0.0000000
 95.7287166  21.8383779  75.7409413  -0.1931000   0.9812000   0.0000000   0.7713962   0.0000000
 96.6185691  17.4266816 -35.2671509  -0.1953000   0.9807000   0.0000000   0.0037153   0.0000000
 95.5627441  23.4342680 135.9025402  -0.1914000   0.9815000   0.0000000   0.3231002   0.0000000
 95.8926894  21.9643692  34.1199959  -0.1919000   0.9814000   0.0000000   0.9662468   0.0000000
 96.0846576  20.7424534 114.4954407  -0.1928000   0.9812000   0.0000000  -1.7006823   0.0000000
 96.6905572  17.1726991 -36.7478402  -0.1953000   0.9807000   0.0000000   0.3739599   0.0000000
 95.7347156  22.9103041 129.2416358  -0.1912000   0.9816000   0.0000000   0.2902760   0.0000000
 95.4847570  23.5522599 144.7468839  -0.1917000   0.9815000   0.0000000   0.2912886   0.0000000
 95.7207179  22.7563147 104.1633579  -0.1916000   0.9815000   0.0000000   0.3340505   0.0000000
 95.4227673  23.4542667 122.8078246  -0.1923000   0.9813000   0.0000000  -1.0016266   0.0000000
 95.4627607  23.6462534 147.8313091  -0.1917000   0.9815000   0.0000000   0.2562567   0.0000000
 98.2902921  20.5484667 395.8537514  -0.1803000   0.9836000   0.0000000   0.1832793   0.0000000
 95.7427143  23.5122627 184.3487333  -0.1900000   0.9818000   0.0000000   0.0959996   0.0000000
 96.5205854  18.2486251 -13.6904616  -0.1945000   0.9809000   0.0000000   0.0256738   0.0000000
 95.8926894  21.8863746  14.0121614  -0.1920000   0.9814000   0.0000000   0.7544175   0.0000000
 95.7067202  23.8322406 137.8373895  -0.1896000   0.9819000   0.0000000  -0.0225343   0.0000000
 96.5605788  18.2566245 -21.3280845  -0.1943000   0.9809000   0.0000000   0.1168355   0.0000000
 97.3044555  24.2042150 103.1736827  -0.1779000   0.9840000   0.0000000   0.0227944   0.0000000
 95.6627275  23.4042701 173.3538357  -0.1907000   0.9816000   0.0000000   0.1308322   0.0000000
 96.0126695  21.1204273 112.2014123  -0.1926000   0.9813000   0.0000000   1.5418031   0.0000000
 96.3686106  19.0385707  19.1322585  -0.1941000   0.9810000   0.0000000  -0.6071393   0.0000000
 95.5887398  22.9782994  91.7242199  -0.1920000   0.9814000   0.0000000  -0.1713968   0.0000000
 95.9286835  22.6103248  36.8150754  -0.1905000   0.9817000   0.0000000   0.5966569   0.0000000
 95.7567120  22.6103248  82.4496034  -0.1916000   0.9815000   0.0000000   0.5937281   0.0000000
 95.5327491  23.6422537 146.6052435  -0.1912000   0.9816000   0.0000000   0.2603198   0.0000000
 95.6887232  22.3303440  32.7131685  -0.1925000   0.9813000   0.0000000   0.4448754   0.0000000
 95.8027043  22.7363161 119.7362532  -0.1910000   0.9816000   0.0000000   0.3415845   0.0000000
 96.1786420  20.9544388 111.6239438  -0.1919000   0.9814000   0.0000000  -0.4099359   0.0000000
 95.7607113  24.1922159 724.0101950  -0.1885000   0.9821000   0.0000000  -0.1637074   0.0000000
 95.6287332  23.3642729 145.9668446  -0.1910000   0.9816000   0.0000000   0.1442403   0.0000000
 96.1366490  20.2844849 155.4837029  -0.1933000   0.9811000   0.0000000  -1.4362192   0.0000000
 96.1346493  21.0924293  75.8946813  -0.1919000   0.9814000   0.0000000  -0.8623195   0.0000000
 95.8227010  21.9423707  23.0643923  -0.1924000   0.9813000   0.0000000   0.7519572   0.0000000
 95.7127192  23.8442398 140.5213078  -0.1896000   0.9819000   0.0000000  -0.0268916   0.0000000
 95.7427143  22.8683070 129.2680265  -0.1912000   0.9816000   0.0000000   0.3027674   0.0000000
 95.6247338  22.7643142  74.7226098  -0.1922000   0.9814000   0.0000000  -0.1077034   0.0000000
 95.7807080  21.4364056 190.0948239  -0.1935000   0.9811000   0.0000000   0.6234612   0.0000000
 96.4565960  18.7005939 -10.7290111  -0.1941000   0.9810000   0.0000000   0.0131276   0.0000000
 95.7107196  21.9623694  16.8359080  -0.1931000   0.9812000   0.0000000   0.3301787   0.0000000
 96.0626613  21.2944154  59.9608272  -0.1920000   0.9814000   0.0000000  -1.3251674   0.0000000
 96.4705937  18.7445909  -9.7089762  -0.1940000   0.9810000   0.0000000   0.0171016   0.0000000
 95.5307494  23.6322544 129.6058935  -0.1912000   0.9815000   0.0000000   0.2641261   0.0000000
 96.0906566  21.9063732  23.2112783  -0.1907000   0.9816000   0.0000000  -1.4276865   0.0000000
 95.5967385  23.0362954 105.6040281  -0.1919000   0.9814000   0.0000000   0.2485778   0.0000000
 96.1726430  19.9945049 118.5448231  -0.1936000   0.9811000   0.0000000  -1.3406544   0.0000000
 96.6845582  17.1327019 -34.5311292  -0.1954000   0.9807000   0.0000000  -0.2921093   0.0000000
 96.1886404  20.4764717 152.1783928  -0.1927000   0.9813000   0.0000000  -0.7907857   0.0000000
 95.7487133  22.1163588  48.3609333  -0.1925000   0.9813000   0.0000000   0.5191020   0.0000000
 96.0666606  21.5223997  42.0187971  -0.1916000   0.9815000   0.0000000  -1.3592889   0.0000000
 95.7667103  21.8203791 106.8270875  -0.1929000   0.9812000   0.0000000   0.7751808   0.0000000
 97.5604131  22.9483015 684.1590688  -0.1792000   0.9838000   0.0000000  -0.1538709   0.0000000
 96.6925569  17.0047107 -38.2739928  -0.0000000   1.0000000   0.0000000   0.5481976   0.0000000
 95.6227342  23.2262824 151.7028694  -0.1913000   0.9815000   0.0000000   0.1890410   0.0000000
 96.2746261  19.9265095 127.6904688  -0.1931000   0.9812000   0.0000000  -0.3540330   0.0000000
 95.7067202  24.1502187 1310.6008447  -0.1890000   0.9820000   0.0000000   0.3322365   0.0000000
 95.8127027  23.4882643 187.4323675  -0.1896000   0.9819000   0.0000000   0.5440949   0.0000000
 96.0966556  21.5643968  35.3887060  -0.1913000   0.9815000   0.0000000  -0.9287215   0.0000000
 95.8247007  22.5263305  80.4950043  -0.1913000   0.9815000   0.0000000   0.6119383   0.0000000
 95.7167186  22.1883538  29.9570154  -0.1926000   0.9813000   0.0000000   0.4785997   0.0000000
 95.8706931  22.9882987 147.6176265  -0.1901000   0.9818000   0.0000000   0.2827543   0.0000000
 96.0926563  20.1984908 275.7705566  -0.1937000   0.9811000   0.0000000   2.2701588   0.0000000
 95.5827408  22.8103110  73.5041719  -0.1924000   0.9813000   0.0000000  -0.5554286   0.0000000
 95.9626778  20.8704445 139.4963610  -0.1934000   0.9811000   0.0000000   1.3515573   0.0000000
 95.7787083  22.8103110 133.9766980  -0.1911000   0.9816000   0.0000000   0.3202665   0.0000000
 95.6907229  24.1102215 845.7809197  -0.1892000   0.9819000   0.0000000   0.7420677   0.0000000
 97.7063889  21.9963670 960.1603207  -0.1805000   0.9836000   0.0000000   0.0578964   0.0000000
 96.5685774  17.9146480 -17.5942700  -0.1948000   0.9808000   0.0000000   0.1092516   0.0000000
 96.1866407  20.6604590 128.5004657  -0.1924000   0.9813000   0.0000000  -0.6018963   0.0000000
 95.6847239  22.5823267  57.7702889  -0.1921000   0.9814000   0.0000000   0.3820274   0.0000000
 96.7585459  19.1345641 398.0942756  -0.1918000   0.9814000   0.0000000   0.6967399   0.0000000
 95.8267004  22.8343093 131.4927213  -0.1907000   0.9816000   0.0000000   0.3144245   0.0000000
 96.0006715  21.9823680  63.9714410  -0.1912000   0.9816000   0.0000000  -2.5368628   0.0000000
 95.9246841  21.7443844  45.2748912  -0.1921000   0.9814000   0.0000000   1.0089775   0.0000000
 95.7447139  22.7983118 123.2591702  -0.1913000   0.9815000   0.0000000   0.3229462   0.0000000
 96.0306666  21.2464187  67.6727635  -0.1923000   0.9813000   0.0000000  -1.7569249   0.0000000
 95.8007047  21.9343713  17.0963060  -0.1925000   0.9813000   0.0000000   0.5400347   0.0000000
 95.5467467  23.4582664 127.4453381  -0.1914000   0.9815000   0.0000000   0.3268982   0.0000000
 96.1506467  22.2183517  40.5407864  -0.1898000   0.9818000   0.0000000  -0.8368042   0.0000000
 95.7947057  22.9503014 153.1192132  -0.1907000   0.9816000   0.0000000   0.2803366   0.0000000
 95.7547123  23.7822441 133.3270966  -0.1894000   0.9819000   0.0000000   0.2009320   0.0000000
 97.8843594  16.7127308 -17.9886480  -0.1904000   0.9817000   0.0000000  -0.3145635   0.0000000
 95.4527623  23.7602456 209.5631689  -0.1915000   0.9815000   0.0000000  -0.0059671   0.0000000
 96.6105705  17.7126620 -36.2415907  -0.1949000   0.9808000   0.0000000   0.0508665   0.0000000
 95.6267335  23.0382953 107.8859378  -0.1917000   0.9815000   0.0000000   0.2494605   0.0000000
 96.3046212  18.9745751  21.9503843  -0.1945000   0.9809000   0.0000000  -1.0552037   0.0000000
 97.4964237  24.1302201 1237.5698918  -0.1768000   0.9843000   0.0000000   0.0786002   0.0000000
 96.1066540  20.9704377  94.7969329  -0.1923000   0.9813000   0.0000000  -1.1886899   0.0000000
 96.5525801  19.6125312 547.7026551  -0.1921000   0.9814000   0.0000000  -0.3673877   0.0000000
 95.8566954  22.8703069 124.7460760  -0.1904000   0.9817000   0.0000000   0.3046730   0.0000000
 96.6065711  17.8106552 -24.9302857  -0.1947000   0.9809000   0.0000000   0.0868411   0.0000000
 96.4885907  18.3786161  -9.6798687  -0.1945000   0.9809000   0.0000000  -0.0289335   0.0000000
 96.1566457  19.7285232  61.9534307  -0.1941000   0.9810000   0.0000000   2.4934139   0.0000000
 95.6027375  23.1882850 129.7589125  -0.1915000   0.9815000   0.0000000   0.2007499   0.0000000
 96.4385990  22.9003048 1338.1726217  -0.1866000   0.9824000   0.0000000  -0.1171817   0.0000000
 96.1546460  21.0624313  82.6535055  -0.1919000   0.9814000   0.0000000  -0.6409619   0.0000000
 95.6207345  23.1242894 128.2834757  -0.1915000   0.9815000   0.0000000   0.2304680   0.0000000
 95.9926729  21.8223790  25.6180447  -0.1915000   0.9815000   0.0000000  -1.6304064   0.0000000
 96.2406318  19.4045455  37.7700460  -0.1942000   0.9810000   0.0000000  -1.4551282   0.0000000
 96.2786255  20.3404810 231.8403800  -0.1924000   0.9813000   0.0000000  -0.5841297   0.0000000
 95.8886901  22.9623005  90.9738655  -0.1901000   0.9818000   0.0000000   0.2783324   0.0000000
 95.9846742  22.5023322  32.0082531  -0.1903000   0.9817000   0.0000000  -1.3405935   0.0000000
 95.8566954  22.0463636  35.7672452  -0.1920000   0.9814000   0.0000000   0.9489024   0.0000000
 95.7327159  22.4083387  37.1615851  -0.1921000   0.9814000   0.0000000   0.4265224   0.0000000
 95.5647438  23.5142625 145.0293104  -0.1912000   0.9816000   0.0000000   0.3078726   0.0000000
 95.8826911  21.2244202 103.5947686  -0.1932000   0.9812000   0.0000000   0.8785274   0.0000000
 95.6987216  23.2182829 272.1600292  -0.1908000   0.9816000   0.0000000   0.3811324   0.0000000
 96.1086536  20.3504803 185.3737669  -0.1934000   0.9811000   0.0000000  -1.8929777   0.0000000
 96.5285841  17.7606586 -18.8244963   0.0000000  -1.0000000   0.0000000  -0.3550039   0.0000000
 95.7147189  24.1562183 1322.8760151  -0.1889000   0.9820000   0.0000000   0.3860154   0.0000000
 95.8047040  21.3924086 143.4676057  -0.1934000   0.9811000   0.0000000   0.6302605   0.0000000
 96.3926066  19.2485562  18.2437099  -0.1936000   0.9811000   0.0000000  -0.3746604   0.0000000
 96.0466639  21.6043940  38.2594141  -0.1916000   0.9815000   0.0000000  -1.3726902   0.0000000
 96.2366324  19.3225511  41.7142758  -0.1943000   0.9809000   0.0000000  -1.4528470   0.0000000
 97.7423829  20.6904569 1100.2720241  -0.1832000   0.9831000   0.0000000  -0.6588120   0.0000000
 96.2106367  20.5804645 163.8804510  -0.1924000   0.9813000   0.0000000  -0.5964758   0.0000000
 95.6587282  23.1382884 167.1042380  -0.1913000   0.9815000   0.0000000   0.0835983   0.0000000
 96.0386652  20.3104831 278.5719696  -0.1938000   0.9810000   0.0000000   1.6104794   0.0000000
 95.9666772  21.3564111  80.7823339  -0.1925000   0.9813000   0.0000000   1.1145214   0.0000000
 95.9326828  21.8603764  21.7489807  -0.1918000   0.9814000   0.0000000   0.9871409   0.0000000
 95.6907229  22.3023460  31.3119444  -0.1926000   0.9813000   0.0000000   0.4516271   0.0000000
 96.0446642  21.1564249  78.9937837  -0.1924000   0.9813000   0.0000000  -1.3067223   0.0000000
 95.6727259  22.9822992 118.0017598  -0.1915000   0.9815000   0.0000000   0.2542123   0.0000000
 96.5085874  23.9822303  57.3806617  -0.1838000   0.9830000   0.0000000   0.1234722   0.0000000
 96.0926563  21.5903950  37.2256960  -0.1913000   0.9815000   0.0000000  -1.5892425   0.0000000
 96.3106202  19.2545558  18.4246696  -0.1940000   0.9810000   0.0000000  -0.8091762   0.0000000
 96.2946228  19.5945324  28.6041076  -0.1936000   0.9811000   0.0000000  -0.7948554   0.0000000
 96.1426480  19.8985115 250.3900267  -0.1939000   0.9810000   0.0000000   1.3991951   0.0000000
 96.4006053  19.0045730   9.0153892  -0.1939000   0.9810000   0.0000000  -0.3926008   0.0000000
 96.1066540  20.6444601 130.3168087  -0.1929000   0.9812000   0.0000000  -1.2554054   0.0000000
 96.4725933  18.5986010 -11.0436532  -0.1942000   0.9810000   0.0000000   0.0005588   0.0000000
 95.3767749  23.9482327 241.3537342  -0.1917000   0.9815000   0.0000000   0.1368957   0.0000000
 96.4166026  18.5006077   1.3254634  -0.1947000   0.9809000   0.0000000  -0.0850243   0.0000000
 97.3204528  21.7363849 727.6187178  -0.1834000   0.9830000   0.0000000  -0.3243685   0.0000000
 95.5847404  23.9822303 946.6041864  -0.1902000   0.9818000   0.0000000   0.3515739   0.0000000
 96.3546129  19.6985252 247.3654328  -0.1930000   0.9812000   0.0000000  -0.3576206   0.0000000
 96.3486139  18.7425910  32.9625524  -0.1946000   0.9809000   0.0000000  -1.0567602   0.0000000
 96.1566457  21.1624244  92.0735039  -0.1917000   0.9815000   0.0000000  -0.6523743   0.0000000
 95.4967550  23.6242550 137.2605128  -0.1915000   0.9815000   0.0000000   0.0469517   0.0000000
 95.7167186  23.0382953 146.9975736  -0.1911000   0.9816000   0.0000000   0.2512832   0.0000000
 95.5807411  22.9982981  86.4973713  -0.1920000   0.9814000   0.0000000   0.2597841   0.0000000
 95.9906732  20.6704583 144.1087589  -0.1935000   0.9811000   0.0000000   1.5844193   0.0000000
 96.5005887  20.4204755 841.2186012  -0.1909000   0.9816000   0.0000000   0.0721132   0.0000000
 95.9586785  21.0364331 122.7360023  -0.1931000   0.9812000   0.0000000   1.1148403   0.0000000
 97.1384830  22.9003048 1298.4693694  -0.1820000   0.9833000   0.0000000  -0.1951369   0.0000000
 95.9126861  20.8404466 152.5243774  -0.1937000   0.9811000   0.0000000   1.1363382   0.0000000
 96.2186354  19.4085452  52.9382453  -0.1943000   0.9809000   0.0000000  -1.0785693   0.0000000
 95.3667766  24.0422262 221.9448485  -0.1916000   0.9815000   0.0000000   0.0986418   0.0000000
 95.9886735  21.0344333 112.6537638  -0.1929000   0.9812000   0.0000000   1.5522974   0.0000000
 95.6707262  22.9243031 117.9654695  -0.1916000   0.9815000   0.0000000   0.2845401   0.0000000
 95.8227010  21.7263856  82.4788638  -0.1927000   0.9812000   0.0000000   0.7931574   0.0000000
 95.9586785  20.8624451 142.4191504  -0.1934000   0.9811000   0.0000000   1.3524046   0.0000000
 96.0026712  21.5044009  69.3429423  -0.1920000   0.9814000   0.0000000  -1.3561885   0.0000000
 98.2702955  17.5066761 761.3412024  -0.1870000   0.9824000   0.0000000   0.0848389   0.0000000
 96.5325834  19.2325573 542.2707007  -0.1928000   0.9812000   0.0000000   0.0545596   0.0000000
 95.6147355  22.8743066  86.9266439  -0.1920000   0.9814000   0.0000000   0.2978490   0.0000000
 97.6264021  20.5904638 1257.0424271  -0.1841000   0.9829000   0.0000000  -0.2135653   0.0000000
 97.8283687  16.9587139  86.5692940  -0.1902000   0.9817000   0.0000000  -0.1322329   0.0000000
 95.9226844  21.3144140  85.2678150  -0.1928000   0.9812000   0.0000000   0.8602940   0.0000000
 96.1726430  20.2144897 124.4815306  -0.1932000   0.9812000   0.0000000  -1.2458270   0.0000000
 96.4086039  19.2865536  57.7859934  -0.1934000   0.9811000   0.0000000  -0.3740202   0.0000000
 96.1166523  19.8405155 137.7766057  -0.1942000   0.9810000   0.0000000   2.0604322   0.0000000
 96.0086702  20.5284681 210.0752839  -0.1937000   0.9811000   0.0000000   1.5985028   0.0000000
 95.9166854  22.7743135  59.0428401  -0.1902000   0.9817000   0.0000000   0.5518796   0.0000000
 96.2986222  19.3685479  25.4754877  -0.1939000   0.9810000   0.0000000  -0.8027394   0.0000000
 95.5747421  23.0662934  99.4046585  -0.1920000   0.9814000   0.0000000   0.2386172   0.0000000
 96.6105705  17.9606449 -16.7456299  -0.1945000   0.9809000   0.0000000  -0.0246708   0.0000000
 95.7707096  22.3643417  36.7508845  -0.1919000   0.9814000   0.0000000   0.6566857   0.0000000
 95.6007378  24.0142281 695.4458384  -0.1900000   0.9818000   0.0000000  -0.6538502   0.0000000
 96.4685940  18.7045937 -11.6997141  -0.1941000   0.9810000   0.0000000   0.0129101   0.0000000
 96.0766589  21.0104349  96.6813927  -0.1924000   0.9813000   0.0000000  -1.2896531   0.0000000
 96.2026381  19.7005251  44.4754086  -0.1939000   0.9810000   0.0000000  -1.2355587   0.0000000
 95.8526960  21.5783958 142.0341637  -0.1928000   0.9812000   0.0000000   0.8192576   0.0000000
 95.9366821  20.7024561 154.0114440  -0.1938000   0.9810000   0.0000000   1.1487486   0.0000000
 95.8107030  21.2904156 124.7445549  -0.1936000   0.9811000   0.0000000   0.6452552   0.0000000
 96.0266672  20.3084832 329.3190436  -0.1939000   0.9810000   0.0000000   1.6108204   0.0000000
 96.5125867  18.5086072  -9.8259287  -0.1941000   0.9810000   0.0000000  -0.0128949   0.0000000
 96.0526629  20.4704721 174.5713456  -0.1935000   0.9811000   0.0000000   2.0389707   0.0000000
 96.5065877  18.1366328  -2.4231374  -0.1948000   0.9808000   0.0000000  -0.0667600   0.0000000
 96.0206682  21.8663760  22.4391090  -0.1913000   0.9815000   0.0000000  -2.0762575   0.0000000
 96.6285675  17.5786712 -37.0056702  -0.1950000   0.9808000   0.0000000  -0.6188459   0.0000000
 96.0506632  20.6504597 181.4089102  -0.1932000   0.9812000   0.0000000   2.0243576   0.0000000
 95.6807245  22.1043596  23.3986127  -0.1930000   0.9812000   0.0000000   0.4969202   0.0000000
 95.6167351  23.6082561 141.8704431  -0.1907000   0.9817000   0.0000000   0.2746943   0.0000000
 95.9606782  22.3943396  22.0064277  -0.1907000   0.9817000   0.0000000   1.5104918   0.0000000
 96.5785758  19.4465426 795.1571110  -0.1922000   0.9814000   0.0000000   0.3168617   0.0000000
 95.8127027  21.9743685  30.9507479  -0.1924000   0.9813000   0.0000000   0.7448473   0.0000000
 95.9906732  21.2744167  71.0303627  -0.1925000   0.9813000   0.0000000   1.0843365   0.0000000
 95.8446974  22.1583559  50.6102563  -0.1918000   0.9814000   0.0000000   0.7056634   0.0000000
 95.9486801  22.4143383  34.6747742  -0.1907000   0.9817000   0.0000000   1.5218526   0.0000000
 95.9786752  21.4264063  79.2072961  -0.1923000   0.9813000   0.0000000   1.0623033   0.0000000
 96.6725602  17.1027039 -38.6716363   0.0000000  -1.0000000   0.0000000   0.1514798   0.0000000
 95.7547123  22.2083524  36.1043108  -0.1923000   0.9813000   0.0000000   0.6910287   0.0000000
 95.8227010  21.2044216 130.6768572  -0.1937000   0.9811000   0.0000000   0.6571075   0.0000000
 96.1226513  21.0224341  83.8003379  -0.1921000   0.9814000   0.0000000  -0.8540685   0.0000000
 96.2786255  19.0105726  32.6465635  -0.1946000   0.9809000   0.0000000  -0.8238611   0.0000000
 95.8486967  21.4224065 136.7544549  -0.1931000   0.9812000   0.0000000   0.6296133   0.0000000
 95.4207676  23.9062355 280.5813377  -0.1915000   0.9815000   0.0000000  -0.4884695   0.0000000
 95.9346825  20.9604384 145.2144771  -0.1934000   0.9811000   0.0000000   1.3423834   0.0000000
 95.8386984  22.4863333  54.5850242  -0.1913000   0.9815000   0.0000000   0.6273977   0.0000000
 96.0926563  20.1084970 213.9267087  -0.1939000   0.9810000   0.0000000   1.8759540   0.0000000
 95.9206848  21.3744099  89.7731028  -0.1927000   0.9812000   0.0000000   0.8511690   0.0000000
 95.7347156  22.8903055 122.3424354  -0.1912000   0.9815000   0.0000000   0.4935948   0.0000000
 96.1546460  19.9385087 126.8215936  -0.1938000   0.9810000   0.0000000  -1.2254444   0.0000000
 96.0446642  20.2904845 288.6768481  -0.1938000   0.9810000   0.0000000   1.8300242   0.0000000
 96.6085708  17.7126620 -37.7422314  -0.1949000   0.9808000   0.0000000   0.0460354   0.0000000
 96.3066208  19.1345641  35.9151601  -0.1943000   0.9810000   0.0000000  -1.2361295   0.0000000
 95.9226844  22.6743204  97.5573673  -0.1904000   0.9817000   0.0000000   0.3607183   0.0000000
 96.0146692  21.3144140  68.2698411  -0.1923000   0.9813000   0.0000000  -1.5464060   0.0000000
 95.8606947  21.8543768  31.9150836  -0.1923000   0.9813000   0.0000000   0.7692152   0.0000000
 97.4104379  22.5783270 519.4278621  -0.1810000   0.9835000   0.0000000  -0.2103468   0.0000000
 95.7887066  22.4243376  39.8034442  -0.1917000   0.9815000   0.0000000   0.1574214   0.0000000
 95.5347487  22.5863264  48.6233510  -0.1931000   0.9812000   0.0000000   0.3796273   0.0000000
 96.2346328  19.7885190  49.4175073  -0.1936000   0.9811000   0.0000000  -1.3986119   0.0000000
 97.8643627  19.7765199 321.4536180  -0.1844000   0.9828000   0.0000000   0.2143821   0.0000000
 95.9846742  21.7063870  33.9171328  -0.1918000   0.9814000   0.0000000   0.5784328   0.0000000
 95.6747255  22.3563422  33.7987321  -0.1926000   0.9813000   0.0000000   0.0059999   0.0000000
 96.0146692  20.6004631 152.5397712  -0.1935000   0.9811000   0.0000000   1.8120134   0.0000000
 95.7387149  22.4543355  38.4272384  -0.1920000   0.9814000   0.0000000   0.4151158   0.0000000
 95.7387149  23.8162417 146.0592686  -0.1894000   0.9819000   0.0000000  -0.0152414   0.0000000
 95.4167683  24.1122214 228.1148216  -0.1911000   0.9816000   0.0000000  -0.1462965   0.0000000
 96.1886404  19.5345365 172.4729229  -0.1943000   0.9810000   0.0000000   1.8312383   0.0000000
 95.7087199  24.1322200 1147.4832093  -0.1890000   0.9820000   0.0000000   0.2963316   0.0000000
 98.9141888  16.9427150 340.0299863   0.0000000  -1.0000000   0.0000000  -0.5932715   0.0000000
 95.5227507  23.5102628 132.7800786  -0.1915000   0.9815000   0.0000000   0.0889751   0.0000000
 96.4805920  18.1046350   9.1107103  -0.1949000   0.9808000   0.0000000  -0.0657165   0.0000000
 95.7267169  22.2263512  37.0950291  -0.1925000   0.9813000   0.0000000   0.6882718   0.0000000
 95.8107030  23.0682932 138.7516781  -0.1904000   0.9817000   0.0000000   0.2444271   0.0000000
 95.9166854  21.9423707  30.6467830  -0.1918000   0.9814000   0.0000000   1.1896029   0.0000000
 96.5625784  17.6886636 -30.2595402  -0.1952000   0.9808000   0.0000000  -0.1532286   0.0000000
 95.9046874  22.8283098  95.5033852  -0.1902000   0.9817000   0.0000000   0.1472113   0.0000000
 96.1386487  19.8745131 360.4995422  -0.1940000   0.9810000   0.0000000   1.8380313   0.0000000
 96.2146361  19.7065247  45.7073264  -0.1938000   0.9810000   0.0000000  -1.0096953   0.0000000
 98.2702955  17.7386602 1211.1285631  -0.1866000   0.9824000   0.0000000  -0.0499925   0.0000000
 95.7367153  21.8183793 101.5102580  -0.1931000   0.9812000   0.0000000   0.7753357   0.0000000
 95.7587116  21.5843954 212.6410844  -0.1934000   0.9811000   0.0000000   0.8128430   0.0000000
 96.2986222  20.2364882 156.6335346  -0.1925000   0.9813000   0.0000000  -0.3616165   0.0000000
 98.1243196  19.7645207 1048.7151793  -0.1830000   0.9831000   0.0000000   0.8601828   0.0000000
 96.3886072  18.8305850  -3.1257210  -0.1943000   0.9809000   0.0000000  -0.8448868   0.0000000
 97.3184532  22.5123315 760.1058494  -0.1817000   0.9833000   0.0000000  -0.4759001   0.0000000
 95.8906898  21.2764166  96.4633435  -0.1931000   0.9812000   0.0000000   0.8657780   0.0000000
 96.3666109  18.7845882   1.0368484  -0.1945000   0.9809000   0.0000000  -0.8482941   0.0000000
 96.0186685  21.5763959  36.9394154  -0.1918000   0.9814000   0.0000000  -1.3679471   0.0000000
 96.1326497  20.7624520 111.9189273  -0.1925000   0.9813000   0.0000000  -1.0468719   0.0000000
 96.1426480  20.0704996 142.6745175  -0.1936000   0.9811000   0.0000000  -1.2273364   0.0000000
 95.5627441  23.7802442 189.0031548  -0.1907000   0.9816000   0.0000000  -0.2218199   0.0000000
 96.2786255  20.2064903 150.3211591  -0.1926000   0.9813000   0.0000000  -0.5728966   0.0000000
 95.7887066  23.4542667 210.3168611  -0.1898000   0.9818000   0.0000000   0.1176459   0.0000000
 96.4705937  18.5826021  -7.9289204  -0.1942000   0.9810000   0.0000000  -0.0012506   0.0000000
 96.4186023  18.6545971  -6.5567608  -0.1944000   0.9809000   0.0000000  -0.2094032   0.0000000
 95.8147023  22.4963326  64.5826222  -0.1914000   0.9815000   0.0000000   0.6244784   0.0000000
 95.6507295  22.4083387  38.8042311  -0.1926000   0.9813000   0.0000000  -0.0124059   0.0000000
 96.0346659  20.5144691 178.1152123  -0.1935000   0.9811000   0.0000000   2.2547431   0.0000000
 96.1906400  21.2744167 107.4418488  -0.1913000   0.9815000   0.0000000  -0.6673344   0.0000000
 96.4445980  18.7725890  -6.8153838  -0.1941000   0.9810000   0.0000000  -0.1973313   0.0000000
 97.9843428  20.1704927 1246.3949709  -0.1829000   0.9831000   0.0000000  -0.2155286   0.0000000
 96.1726430  20.0704996 128.6966545  -0.1935000   0.9811000   0.0000000  -1.2281606   0.0000000
 97.9243528  20.9684378 902.4967576  -0.1815000   0.9834000   0.0000000  -0.6360705   0.0000000
 95.9226844  20.9784371 136.5971477  -0.1934000   0.9811000   0.0000000   1.2981306   0.0000000
 96.5105870  18.7885879  -8.3713308  -0.1937000   0.9811000   0.0000000   0.0195019   0.0000000
 95.6947222  22.3123453  32.1737575  -0.1925000   0.9813000   0.0000000   0.5872066   0.0000000
 96.1726430  24.0282271 345.9671833  -0.1860000   0.9825000   0.0000000  -0.0293358   0.0000000
 98.9321858  17.5506731 550.2520465  -0.1837000   0.9830000   0.0000000  -0.0057499   0.0000000
 95.8806914  21.1584247 113.0183451  -0.1934000   0.9811000   0.0000000   0.8816689   0.0000000
 97.2084714  19.4525422 1277.9872861  -0.1887000   0.9820000   0.0000000   0.0364506   0.0000000
 96.0426646  21.7483841  31.7257384  -0.1913000   0.9815000   0.0000000  -1.6166219   0.0000000
 96.0486636  21.9123728  20.0165209  -0.1910000   0.9816000   0.0000000  -2.0851724   0.0000000
 96.2286338  19.8345159  55.4568248  -0.1935000   0.9811000   0.0000000  -1.2271801   0.0000000
 96.4925900  18.5366052  -8.9043611  -0.1942000   0.9810000   0.0000000  -0.0081740   0.0000000
 96.5365827  18.5626034 -13.4812111  -0.1939000   0.9810000   0.0000000  -0.0074909   0.0000000
 95.5627441  23.0522943  95.7486066  -0.1921000   0.9814000   0.0000000   0.2426151   0.0000000
 95.8826911  22.6263237  89.1487338  -0.1907000   0.9816000   0.0000000   0.4510356   0.0000000
 96.3726099  18.8685824   2.0099238  -0.1943000   0.9809000   0.0000000  -1.0457187   0.0000000
 97.1944737  21.1504253 816.9270156  -0.1854000   0.9827000   0.0000000   0.2003090   0.0000000
 96.0246676  21.9843679  22.4005544  -0.1910000   0.9816000   0.0000000  -2.3508906   0.0000000
 95.7927060  23.7842439 142.9994486  -0.1891000   0.9820000   0.0000000   0.2175526   0.0000000
 95.5527457  23.8342405 291.0237280  -0.1907000   0.9817000   0.0000000  -0.4669459   0.0000000
 96.1526463  20.7624520 108.6915163  -0.1924000   0.9813000   0.0000000  -0.8284639   0.0000000
 98.5682461  17.1107034 927.6395160  -0.1864000   0.9825000   0.0000000   0.1615255   0.0000000
 95.6247338  22.5223308  42.5176047  -0.1926000   0.9813000   0.0000000  -0.5104262   0.0000000
 96.0486636  20.3744787 219.4742403  -0.1937000   0.9811000   0.0000000   2.0445645   0.0000000
 96.3546129  20.3824781 705.1268669  -0.1919000   0.9814000   0.0000000  -0.2369348   0.0000000
 96.1026546  20.8384468 106.2940548  -0.1926000   0.9813000   0.0000000  -1.2721307   0.0000000
 95.5627441  22.7143176  55.4480185  -0.1927000   0.9813000   0.0000000   0.3528326   0.0000000
 95.8906898  21.7103867  65.9892596  -0.1924000   0.9813000   0.0000000   1.0150659   0.0000000
 96.0466639  20.9644381 111.0579785  -0.1927000   0.9813000   0.0000000  -1.5029790   0.0000000
 95.4307660  24.0522255 233.5844426  -0.1911000   0.9816000   0.0000000  -0.1210646   0.0000000
 95.6967219  22.7183173  88.1126085  -0.1918000   0.9814000   0.0000000   0.3443620   0.0000000
 96.4665943  19.2185583 189.1727170  -0.1932000   0.9812000   0.0000000  -0.3788804   0.0000000
 96.2866241  19.3685479  19.4277470  -0.1940000   0.9810000   0.0000000  -0.8022502   0.0000000
 95.8546957  22.1663553  47.3314456  -0.1918000   0.9814000   0.0000000   0.9227289   0.0000000
 96.2326331  22.5343300 242.9046114  -0.1886000   0.9820000   0.0000000  -0.3631506   0.0000000
 95.8766921  21.0184344 145.2480908  -0.1936000   0.9811000   0.0000000   0.8011029   0.0000000
 96.2606285  20.0585004 176.0222004  -0.1930000   0.9812000   0.0000000  -0.5742005   0.0000000
 95.6827242  23.2842784 225.6311441  -0.1908000   0.9816000   0.0000000   0.1718474   0.0000000
 98.1443163  17.3326881 200.6415978  -0.1880000   0.9822000   0.0000000  -0.1693702   0.0000000
 95.8426977  22.1503564  39.1740280  -0.1919000   0.9814000   0.0000000   0.7074229   0.0000000
 95.5667434  23.5222620 143.0097169  -0.1912000   0.9816000   0.0000000   0.3051111   0.0000000
 95.6187348  24.1822165 516.0371492  -0.1896000   0.9819000   0.0000000   0.8186301   0.0000000
 95.9186851  21.8063801  35.1304351  -0.1920000   0.9814000   0.0000000   1.0013410   0.0000000
 96.0906566  20.1644931 152.2586226  -0.1938000   0.9810000   0.0000000   2.0279250   0.0000000
 96.3046212  20.0205031 448.0052906  -0.1928000   0.9812000   0.0000000  -0.3561156   0.0000000
 95.8666937  21.2684171 101.1919673  -0.1933000   0.9811000   0.0000000   0.8669752   0.0000000
 96.0886569  20.8684447 105.2629510  -0.1926000   0.9813000   0.0000000  -1.4935906   0.0000000
 95.6187348  24.0282271 479.1596975  -0.1898000   0.9818000   0.0000000   0.1602064   0.0000000
 95.7327159  24.1682175 1594.7263459  -0.1888000   0.9820000   0.0000000   0.2984869   0.0000000
 95.7747090  21.9423707  25.7821913  -0.1927000   0.9813000   0.0000000   0.9698249   0.0000000
 95.8207013  21.1624244 169.3586358   0.0000000  -1.0000000   0.0000000   0.6626569   0.0000000
 96.0506632  21.4904019  41.3027326  -0.1917000   0.9814000   0.0000000  -1.3541414   0.0000000
 95.9506798  21.7283855  36.6697576  -0.1919000   0.9814000   0.0000000   1.0119426   0.0000000
 96.4625950  18.6485975 -15.4572898  -0.1942000   0.9810000   0.0000000   0.0069680   0.0000000
 98.0123382  18.4906084 879.7022910  -0.1863000   0.9825000   0.0000000  -0.0946389   0.0000000
 96.4146029  18.5966011  -1.6234601  -0.1945000   0.9809000   0.0000000  -0.2151970   0.0000000
 95.8326994  21.7383848  81.0820393  -0.1927000   0.9813000   0.0000000   0.7910033   0.0000000
 96.4945897  18.0826365   7.1160495  -0.1949000   0.9808000   0.0000000   0.2102090   0.0000000
 95.5767418  23.9722310 637.0614049  -0.1902000   0.9817000   0.0000000   0.1364530   0.0000000
 95.5847404  22.9882987  91.8620662  -0.1920000   0.9814000   0.0000000   0.2629488   0.0000000
 95.6327325  22.5843266  52.7502631  -0.1925000   0.9813000   0.0000000  -0.2768693   0.0000000
 95.8087033  21.4604039 154.3053088  -0.1933000   0.9811000   0.0000000   0.8384713   0.0000000
 96.4725933  18.7645895 -10.3126856  -0.1939000   0.9810000   0.0000000   0.0190910   0.0000000
 95.8067037  21.9803681  33.7182199  -0.1924000   0.9813000   0.0000000   0.7435557   0.0000000
 95.9406815  21.3304129  83.0478696  -0.1927000   0.9813000   0.0000000   0.8579288   0.0000000
 97.9903418  20.9304404 812.8782612  -0.1812000   0.9834000   0.0000000  -0.0499909   0.0000000
 97.6483985  24.1002222 1302.4270137  -0.1758000   0.9844000   0.0000000  -0.0917364   0.0000000
 96.4086039  20.2164896 793.4197811  -0.1919000   0.9814000   0.0000000  -0.1436779   0.0000000
 98.2043064  19.8725133 845.6295660  -0.1824000   0.9832000   0.0000000  -0.0369965   0.0000000
 95.5347487  22.9982981  81.7390903  -0.1924000   0.9813000   0.0000000   0.2584286   0.0000000
 96.4445980  19.0765680   3.1169006  -0.1936000   0.9811000   0.0000000  -0.1704320   0.0000000
 96.0926563  20.7524527 111.6802270  -0.1928000   0.9812000   0.0000000  -1.6990937   0.0000000
 96.7005556  22.3323439 862.8021100  -0.1860000   0.9825000   0.0000000  -0.2072308   0.0000000
 96.0926563  21.0324334  90.9664098  -0.1923000   0.9813000   0.0000000  -1.4116094   0.0000000
 95.7987050  22.4883332  59.7812577  -0.1915000   0.9815000   0.0000000   0.6262583   0.0000000
 96.5785758  17.9586450 -15.4656935  -0.1947000   0.9809000   0.0000000   0.1166122   0.0000000
 96.1806417  20.6104624 128.3844262  -0.1925000   0.9813000   0.0000000  -0.8167515   0.0000000
 95.8446974  21.5164001 137.3011245  -0.1930000   0.9812000   0.0000000   0.8295213   0.0000000
 95.8087033  21.3364125 132.3495723  -0.1935000   0.9811000   0.0000000   0.8570338   0.0000000
 95.7687100  21.9023735  28.5046458  -0.1928000   0.9812000   0.0000000   0.7588487   0.0000000
 96.0086702  21.5683965  44.4948149  -0.1919000   0.9814000   0.0000000  -1.3665977   0.0000000
 96.2706268  20.2604865 163.5502842  -0.1926000   0.9813000   0.0000000  -0.3617431   0.0000000
 96.0126695  20.3064834 352.6808041  -0.1940000   0.9810000   0.0000000   1.6112096   0.0000000
 95.7987050  23.6542529 148.3868909  -0.1893000   0.9819000   0.0000000   0.0470859   0.0000000
 96.0266672  20.4084764 201.2677638  -0.1938000   0.9810000   0.0000000   1.6056428   0.0000000
 96.1806417  19.8185170  70.9960141  -0.1938000   0.9810000   0.0000000  -2.1006565   0.0000000
 96.3626116  18.7285920  21.0057094  -0.1946000   0.9809000   0.0000000  -0.9312547   0.0000000
 96.2806251  19.3945462  20.7751617  -0.1940000   0.9810000   0.0000000  -0.9958328   0.0000000
 95.9526795  21.3544112  82.4023591  -0.1926000   0.9813000   0.0000000   0.8543998   0.0000000
 96.1586454  20.4304748 147.6232072  -0.1929000   0.9812000   0.0000000  -1.0233507   0.0000000
 96.3746096  19.6705272 644.0656663  -0.1930000   0.9812000   0.0000000  -0.3588325   0.0000000
 96.5685774  17.8826502 -19.6697253  -0.1948000   0.9808000   0.0000000   0.1032884   0.0000000
 95.6747255  22.8903055 100.0485418  -0.1916000   0.9815000   0.0000000   0.2946919   0.0000000
 95.7967053  23.7762445 149.7271798  -0.1891000   0.9820000   0.0000000   0.2206976   0.0000000
 97.3884416  17.2466940 138.1028051  -0.1918000   0.9814000   0.0000000   0.3012457   0.0000000
 95.8746924  21.0424327 147.2043083  -0.1936000   0.9811000   0.0000000   0.8960241   0.0000000
 96.1526463  20.7304542 110.1911641  -0.1925000   0.9813000   0.0000000  -0.8257018   0.0000000
 96.4745930  18.2366259  -1.2994680  -0.1948000   0.9808000   0.0000000  -0.0489253   0.0000000
 95.6867235  22.7343162  90.0360083  -0.1918000   0.9814000   0.0000000   0.3396849   0.0000000
 96.3646112  20.2284887 293.9239536  -0.1921000   0.9814000   0.0000000  -0.1445142   0.0000000
 95.8426977  21.1804232 124.7990639  -0.1936000   0.9811000   0.0000000   0.6602238   0.0000000
 95.7767086  22.4843334  47.6707544  -0.1917000   0.9815000   0.0000000   0.6033641   0.0000000
 96.3506135  19.5185376  63.3571496  -0.1934000   0.9811000   0.0000000  -0.1762999   0.0000000
 96.1206516  20.0505010 316.1908565  -0.1938000   0.9810000   0.0000000   1.9257785   0.0000000
 95.7887066  22.5343300  63.6607333  -0.1915000   0.9815000   0.0000000   0.6142788   0.0000000
 96.3106202  19.0445703  24.9170481  -0.1944000   0.9809000   0.0000000  -1.0441200   0.0000000
 96.4126033  18.5946012  -1.0609946  -0.1945000   0.9809000   0.0000000  -0.2153245   0.0000000
 96.1886404  21.4844023  52.7401548  -0.1909000   0.9816000   0.0000000  -0.9020358   0.0000000
 96.0466639  21.7723825  27.8323955  -0.1913000   0.9815000   0.0000000  -1.6210160   0.0000000
 95.8946891  21.0024355 141.1673188  -0.1935000   0.9811000   0.0000000   0.9005243   0.0000000
 97.7863756  18.0426392 455.4126461  -0.1884000   0.9821000   0.0000000  -0.6228940   0.0000000
 96.6385658  17.2686925 -36.0675367   0.0000000  -1.0000000   0.0000000  -0.0331572   0.0000000
 97.6683952  24.2662108 1642.4000438  -0.1753000   0.9845000   0.0000000   0.0561896   0.0000000
 96.6025718  22.5523288 907.6599267  -0.1862000   0.9825000   0.0000000  -0.0403388   0.0000000
 96.3066208  19.9045110 232.5841766  -0.1930000   0.9812000   0.0000000  -0.3431020   0.0000000
 97.7343843  23.5822578 1066.1989008  -0.1765000   0.9843000   0.0000000   0.7467805   0.0000000
 95.4427640  23.8542391 292.4856004  -0.1914000   0.9815000   0.0000000  -0.4794118   0.0000000
 96.3046212  19.1765612  22.3372063  -0.1942000   0.9810000   0.0000000  -0.8221473   0.0000000
 95.7527126  22.8583077 127.2551248  -0.1912000   0.9816000   0.0000000   0.3059002   0.0000000
 95.9286835  22.3583421  61.6996701  -0.1909000   0.9816000   0.0000000   1.0977311   0.0000000
 96.5105870  23.1922847 135.3881896  -0.1855000   0.9826000   0.0000000   0.2179619   0.0000000
 95.9466805  21.0804301 119.5125988  -0.1931000   0.9812000   0.0000000   1.1097258   0.0000000
 96.1986387  20.4304748 160.7120247  -0.1927000   0.9813000   0.0000000  -0.8055096   0.0000000
 96.0826579  21.6023942  36.9792645  -0.1913000   0.9815000   0.0000000  -1.5917488   0.0000000
 95.7067202  24.0002291 370.2422977  -0.1893000   0.9819000   0.0000000  -0.0855181   0.0000000
 96.6765595  17.2126964 -38.6439571  -0.1953000   0.9807000   0.0000000  -0.0522280   0.0000000
 95.7747090  23.5782581 183.2519529  -0.1896000   0.9819000   0.0000000   0.1237046   0.0000000
 96.0486636  20.1304955 281.5486976  -0.1941000   0.9810000   0.0000000   1.8000736   0.0000000
 96.6385658  17.5586726 -33.8322861  -0.1950000   0.9808000   0.0000000  -1.0614605   0.0000000
 95.9946725  22.1003599  54.8201588  -0.1910000   0.9816000   0.0000000  -3.4366488   0.0000000
 96.1626447  20.4204755 146.4172630  -0.1929000   0.9812000   0.0000000  -1.0228778   0.0000000
 96.1666440  21.0404328 100.8468325  -0.1918000   0.9814000   0.0000000  -0.6379312   0.0000000
 96.3526132  19.6025318 257.2605933  -0.1932000   0.9812000   0.0000000  -0.5251123   0.0000000
 95.9166854  22.9363023  69.1828590  -0.1899000   0.9818000   0.0000000   0.2866088   0.0000000
 95.7107196  23.7102490 226.5173802  -0.1898000   0.9818000   0.0000000   0.0234816   0.0000000
 95.9166854  23.3562734 263.9880187  -0.1891000   0.9820000   0.0000000   0.1481171   0.0000000
 96.1566457  19.6605278  44.7864918  -0.1942000   0.9810000   0.0000000   2.4925857   0.0000000
 95.6227342  23.2102835 141.0557874  -0.1914000   0.9815000   0.0000000   0.1942499   0.0000000
 97.4344340  18.4546109 402.1655655  -0.1894000   0.9819000   0.0000000   0.1449555   0.0000000
 96.1146526  20.3884777 171.2271131  -0.1933000   0.9811000   0.0000000  -1.4575740   0.0000000
 96.0886569  20.1964909 199.6056960  -0.1937000   0.9811000   0.0000000   2.2703278   0.0000000
 95.8306997  21.9083731  13.6483018  -0.1924000   0.9813000   0.0000000   0.9771355   0.0000000
 95.8706931  22.0523632  31.4793309  -0.1919000   0.9814000   0.0000000   0.9477435   0.0000000
 95.6147355  23.0682932 110.7141251  -0.1917000   0.9815000   0.0000000   0.2391781   0.0000000
 95.8906898  23.2182829 146.3425662  -0.1896000   0.9819000   0.0000000   0.1991298   0.0000000
 96.0246676  21.6503909  31.3958094  -0.1916000   0.9815000   0.0000000  -1.3524153   0.0000000
 95.5307494  23.6562528 135.9292959  -0.1912000   0.9816000   0.0000000   0.2553273   0.0000000
 96.1766424  20.1924912 118.4052876  -0.1932000   0.9812000   0.0000000  -1.4181479   0.0000000
 95.5947388  22.9742997  94.5122584  -0.1920000   0.9814000   0.0000000  -0.1700145   0.0000000
 95.8866904  22.6103248  89.4493048  -0.1907000   0.9816000   0.0000000   0.3772590   0.0000000
 95.7747090  23.8722379 140.5314498  -0.1891000   0.9820000   0.0000000  -0.0187433   0.0000000
 95.5867401  23.8962362 675.1331550  -0.1903000   0.9817000   0.0000000  -0.2552093   0.0000000
 96.3306169  20.2704859 222.0751323  -0.1922000   0.9814000   0.0000000  -0.1622171   0.0000000
 95.9566788  21.3344126  85.8682374  -0.1926000   0.9813000   0.0000000   1.0760356   0.0000000
 95.5867401  22.8543080  82.2369212  -0.1923000   0.9813000   0.0000000   0.5130396   0.0000000
 95.8966888  20.8024492 154.7611378   0.0000000  -1.0000000   0.0000000   1.1342008   0.0000000
 95.6487298  22.7483153  70.5564598  -0.1920000   0.9814000   0.0000000   0.3348853   0.0000000
 96.6325668  17.4586794 -35.4604911  -0.1952000   0.9808000   0.0000000   0.0103655   0.0000000
 97.2604628  17.8826502 166.5403638  -0.1913000   0.9815000   0.0000000  -0.1520798   0.0000000
 96.6225685  17.6246680 -38.4748131  -0.1950000   0.9808000   0.0000000   0.4852440   0.0000000
 95.6707262  22.0683621  22.3113755  -0.1931000   0.9812000   0.0000000   0.3006252   0.0000000
 95.6267335  24.1722172 834.3156224  -0.1895000   0.9819000   0.0000000  -0.8174849   0.0000000
 97.2984565  23.5102628 1192.9425429  -0.1796000   0.9837000   0.0000000  -0.6691546   0.0000000
 96.1446477  20.2844849 146.3018003  -0.1933000   0.9811000   0.0000000  -1.2344897   0.0000000
 96.2026381  20.3304817 143.7974969  -0.1928000   0.9812000   0.0000000  -0.5822363   0.0000000
 96.6805589  23.1342887 185.8842361  -0.1845000   0.9828000   0.0000000   0.2369223   0.0000000
 96.2846245  19.2105588  28.3752704  -0.1943000   0.9810000   0.0000000  -1.1192849   0.0000000
 96.4226016  19.0085727   7.7428518  -0.1938000   0.9810000   0.0000000  -0.3933559   0.0000000
 95.6807245  23.0642935 130.3257208  -0.1913000   0.9815000   0.0000000   0.2422897   0.0000000
 95.8706931  22.0983600  32.6382153  -0.1918000   0.9814000   0.0000000   0.9553194   0.0000000
 95.7887066  21.8483772  81.7167248  -0.1927000   0.9812000   0.0000000   0.7649178   0.0000000
 95.7407146  22.2243513  38.8701357  -0.1924000   0.9813000   0.0000000   0.6894315   0.0000000
 96.1866407  20.7364538 142.8078985  -0.1922000   0.9813000   0.0000000  -0.8256944   0.0000000
 95.7247173  22.6383228  97.0730730  -0.1918000   0.9814000   0.0000000   0.3668427   0.0000000
 96.4405986  18.2786230   8.4077703  -0.1949000   0.9808000   0.0000000  -0.2587602   0.0000000
 95.8187017  21.9863677  36.8968144  -0.1923000   0.9813000   0.0000000   0.7424167   0.0000000
 96.3326165  19.1185652  23.3455521  -0.1941000   0.9810000   0.0000000  -0.8248408   0.0000000
 96.3906069  19.3265508  45.6685543  -0.1935000   0.9811000   0.0000000  -0.3711380   0.0000000
 95.7707096  22.7543148 118.1395518  -0.1912000   0.9815000   0.0000000   0.3359172   0.0000000
 95.9786752  22.4563354  27.2532241  -0.1904000   0.9817000   0.0000000  -2.2069395   0.0000000
 96.3946063  19.3665481  62.2379574  -0.1934000   0.9811000   0.0000000  -0.3693858   0.0000000
 96.3026215  19.0745682  41.7581013  -0.1944000   0.9809000   0.0000000  -1.2576400   0.0000000
 95.8127027  23.1122902 164.5059637  -0.1903000   0.9817000   0.0000000   0.2308058   0.0000000
 95.9726762  21.5183999  72.2848105  -0.1922000   0.9814000   0.0000000   1.2667601   0.0000000
 96.6845582  23.2622799 304.3442754  -0.1842000   0.9829000   0.0000000   0.4162571   0.0000000
 97.1304843  19.1765612 889.5171681  -0.1897000   0.9818000   0.0000000   1.2478843   0.0000000
 95.8287000  21.1384261 154.2666965   0.0000000  -1.0000000   0.0000000   0.8844705   0.0000000
 95.8366987  21.9983669  65.0180408  -0.1922000   0.9814000   0.0000000   0.9424816   0.0000000
 95.5047537  23.8202415 252.4364611  -0.1910000   0.9816000   0.0000000  -0.6496546   0.0000000
 96.5285841  21.0724306 1273.1338670  -0.1896000   0.9819000   0.0000000   0.0083310   0.0000000
 95.7827076  22.9423019 139.2970701  -0.1908000   0.9816000   0.0000000   0.2819331   0.0000000
 95.6387315  24.0042288 810.9585370  -0.1898000   0.9818000   0.0000000   0.1263707   0.0000000
 95.9466805  21.4724031  89.6900522  -0.1924000   0.9813000   0.0000000   1.0552661   0.0000000
 95.8706931  22.7123177  67.6286060  -0.1907000   0.9817000   0.0000000   0.5682378   0.0000000
 96.1846410  20.1784922 106.7036069  -0.1932000   0.9812000   0.0000000  -1.0127285   0.0000000
 95.9906732  20.8824437 132.1296786  -0.1932000   0.9812000   0.0000000   1.5702195   0.0000000
 95.6567285  23.7602456 131.1887150  -0.1901000   0.9818000   0.0000000   0.0028249   0.0000000
 96.6685609  17.2226957 -36.4982660  -0.1953000   0.9807000   0.0000000  -0.0486026   0.0000000
 96.2666275  19.1985597  26.5590466  -0.1944000   0.9809000   0.0000000  -0.9206416   0.0000000
 97.3044555  23.9862300 613.0232408  -0.1784000   0.9840000   0.0000000  -0.0485236   0.0000000
 96.4925900  17.9606449   5.2007633   0.0000000  -1.0000000   0.0000000  -0.0959985   0.0000000
 95.6527292  23.4922640 168.5909506  -0.1906000   0.9817000   0.0000000   0.1000075   0.0000000
 96.3246178  18.8665825  22.2799097  -0.1946000   0.9809000   0.0000000  -1.4780293   0.0000000
 97.6024061  22.4403365 819.2224218  -0.1801000   0.9836000   0.0000000   0.4089140   0.0000000
 95.8626944  21.5423983 121.5634743  -0.1928000   0.9812000   0.0000000   0.8252770   0.0000000
 95.8526960  21.6083937 140.2795127  -0.1928000   0.9812000   0.0000000   0.8141583   0.0000000
 95.8466970  23.0942914 122.6612917  -0.1901000   0.9818000   0.0000000   0.2372511   0.0000000
 96.1406483  21.3084144  57.9198794  -0.1915000   0.9815000   0.0000000  -0.8913711   0.0000000
 95.6327325  23.9562321 630.4958161  -0.1899000   0.9818000   0.0000000   0.1441280   0.0000000
 95.9266838  22.3543424  66.5531220  -0.1909000   0.9816000   0.0000000   1.0986698   0.0000000
 95.8366987  21.2964152 113.9985566  -0.1934000   0.9811000   0.0000000   0.7417031   0.0000000
 96.2586288  19.7485218  40.8489763  -0.1935000   0.9811000   0.0000000  -0.5723262   0.0000000
 96.5345831  18.1766300  -6.4020642  -0.1945000   0.9809000   0.0000000   0.1566559   0.0000000
 95.7967053  22.1603557  73.0339195  -0.1921000   0.9814000   0.0000000   0.7046887   0.0000000
 95.4887564  23.7942433 233.2267668  -0.1912000   0.9816000   0.0000000   0.2019086   0.0000000
 96.1506467  19.7325229  64.6740421  -0.1941000   0.9810000   0.0000000   2.4936442   0.0000000
 96.4625950  18.3826158  -0.3351479  -0.1946000   0.9809000   0.0000000  -0.2455716   0.0000000
 96.6445648  17.3326881 -36.6160792  -0.1953000   0.9807000   0.0000000  -0.0201079   0.0000000
 95.7447139  22.9583008 147.2436160  -0.1910000   0.9816000   0.0000000   0.2762531   0.0000000
 95.6427308  22.6223239  53.6796062  -0.1923000   0.9813000   0.0000000  -0.1910689   0.0000000
 95.6107361  23.3182760 142.9897724  -0.1913000   0.9815000   0.0000000   0.3769891   0.0000000
 95.9266838  22.6883194 107.9037100  -0.1903000   0.9817000   0.0000000   0.3569919   0.0000000
 97.5024227  19.0125725 108.8813857  -0.1880000   0.9822000   0.0000000   0.1974640   0.0000000
 96.3886072  18.6845950   1.4661759  -0.1945000   0.9809000   0.0000000  -0.4224731   0.0000000
 95.7207179  22.4823336  40.0165656  -0.1921000   0.9814000   0.0000000   0.1357896   0.0000000
 96.3066208  19.0205719  43.7870372  -0.1944000   0.9809000   0.0000000  -1.0578468   0.0000000
 95.9886735  22.0043665 102.4048847  -0.1912000   0.9816000   0.0000000  -2.5414324   0.0000000
 96.2706268  19.0865674  58.1345877  -0.1945000   0.9809000   0.0000000  -1.4736383   0.0000000
 95.7487133  23.1622868 234.7260855  -0.1906000   0.9817000   0.0000000   0.2133550   0.0000000
 97.1044886  18.1726303 718.1732514  -0.1916000   0.9815000   0.0000000  -0.7593784   0.0000000
 96.3046212  19.1545627  27.3800512  -0.1942000   0.9810000   0.0000000  -1.2327182   0.0000000
 96.1426480  20.4624726 143.0434158  -0.1930000   0.9812000   0.0000000  -1.2436143   0.0000000
 96.4985890  18.3926151 -12.2411232  -0.1944000   0.9809000   0.0000000  -0.0269073   0.0000000
 95.7687100  21.4384054 204.1648772   0.0000000  -1.0000000   0.0000000   0.6231292   0.0000000
 95.9546791  20.9464393 139.6114404  -0.1933000   0.9811000   0.0000000   1.1249659   0.0000000
 98.3882759  19.1105657 808.5352139  -0.1831000   0.9831000   0.0000000  -0.0881559   0.0000000
 96.2406318  20.2504872 130.0928479  -0.1928000   0.9812000   0.0000000  -0.5792903   0.0000000
 96.2966225  19.3045524  16.3052835  -0.1940000   0.9810000   0.0000000  -1.0247905   0.0000000
 95.8846907  22.2643486  60.2343610  -0.1914000   0.9815000   0.0000000   0.9007112   0.0000000
 96.2486304  19.3405499  43.3773643  -0.1942000   0.9810000   0.0000000  -1.4439695   0.0000000
 95.8366987  22.6363230 111.7127719  -0.1910000   0.9816000   0.0000000   0.3694993   0.0000000
 96.0826579  20.7524527 111.3236418  -0.1928000   0.9812000   0.0000000  -1.7015247   0.0000000
 96.1386487  20.3664792 157.6830862  -0.1932000   0.9812000   0.0000000  -1.2382094   0.0000000
 96.0346659  21.9663691  28.1524026  -0.1910000   0.9816000   0.0000000  -2.5334888   0.0000000
 96.0866573  20.9404397 101.8059351  -0.1925000   0.9813000   0.0000000  -1.5009103   0.0000000
 95.5527457  23.5702587 139.7440299  -0.1912000   0.9816000   0.0000000  -0.1509906   0.0000000
 96.5525801  18.1866293 -11.5328878  -0.1944000   0.9809000   0.0000000  -0.0616512   0.0000000
 96.6545632  17.2486939 -35.1105670  -0.1954000   0.9807000   0.0000000  -0.6976883   0.0000000
 96.2066374  20.3524802 148.4960534  -0.1928000   0.9812000   0.0000000  -0.8014970   0.0000000
 96.3986056  19.2825539  31.3779484  -0.1935000   0.9811000   0.0000000  -0.3737884   0.0000000
 95.6907229  23.2822785 244.3404898  -0.1908000   0.9816000   0.0000000   0.1727537   0.0000000
 95.4507626  23.8622386 281.6635038  -0.1913000   0.9815000   0.0000000  -0.0449618   0.0000000
 95.9426811  21.1664242 105.0815937  -0.1930000   0.9812000   0.0000000   1.3177872   0.0000000
 96.7225519  17.4126826 -35.4077824  -0.1948000   0.9808000   0.0000000  -0.1891708   0.0000000
 95.8446974  21.4564042 136.0088287  -0.1931000   0.9812000   0.0000000   0.6203772   0.0000000
 95.5587448  23.1142901 107.7293851  -0.1920000   0.9814000   0.0000000   0.2230437   0.0000000
 95.6227342  22.8303096  82.7244986  -0.1921000   0.9814000   0.0000000   0.3108696   0.0000000
 95.6187348  23.8422399 192.6181703  -0.1902000   0.9817000   0.0000000   0.1810373   0.0000000
 96.2326331  20.0525009  84.5991651  -0.1931000   0.9812000   0.0000000  -0.7898318   0.0000000
 95.4687597  23.4722654 121.2821276  -0.1919000   0.9814000   0.0000000   0.1003256   0.0000000
 96.2966225  18.9845744  24.7224620  -0.1945000   0.9809000   0.0000000  -1.0456283   0.0000000
 95.5567451  23.8862369 611.1409185  -0.1906000   0.9817000   0.0000000   0.0640626   0.0000000
 95.9966722  22.1743548  16.2902251  -0.1908000   0.9816000   0.0000000  -2.7965791   0.0000000
 95.7547123  22.2323508  36.7210349  -0.1923000   0.9813000   0.0000000   0.4690279   0.0000000
 96.0326662  21.7023873  29.6359842  -0.1915000   0.9815000   0.0000000  -1.5947828   0.0000000
 95.6567285  22.6843197  70.6025972  -0.1921000   0.9814000   0.0000000   0.5715432   0.0000000
 95.7087199  21.8643761  52.8054303  -0.1932000   0.9812000   0.0000000   0.5473915   0.0000000
 95.6707262  23.8082423 136.9998602  -0.1899000   0.9818000   0.0000000  -0.0147724   0.0000000
 95.5767418  22.4423363  33.4508648  -0.1931000   0.9812000   0.0000000  -0.2250731   0.0000000
 96.4086039  19.1885603  13.2654330  -0.1936000   0.9811000   0.0000000  -0.3797694   0.0000000
 96.3226182  19.7085245  67.2475219  -0.1932000   0.9812000   0.0000000  -0.3677120   0.0000000
 95.9046874  21.8403778  25.8761538  -0.1920000   0.9814000   0.0000000   1.2096391   0.0000000
 97.3604462  17.1447011  -8.8701703  -0.1921000   0.9814000   0.0000000  -0.5688879   0.0000000
 95.5327491  23.6682519 137.3337871  -0.1911000   0.9816000   0.0000000   0.2444370   0.0000000
 95.7207179  22.9942983 138.6442457  -0.1911000   0.9816000   0.0000000   0.0104212   0.0000000
 97.3384499  19.7105244 976.7033681  -0.1875000   0.9823000   0.0000000  -0.1559281   0.0000000
 96.1646444  20.7364538 118.6272725  -0.1924000   0.9813000   0.0000000  -0.8264259   0.0000000
 96.6745599  19.6905258 577.3021237  -0.1913000   0.9815000   0.0000000  -1.0272791   0.0000000
 95.7147189  23.2322819 267.4071629  -0.1907000   0.9816000   0.0000000   0.4086099   0.0000000
 96.1726430  20.0165033 113.4881867  -0.1935000   0.9811000   0.0000000  -1.4219275   0.0000000
 95.6647272  22.6803199  69.0974093  -0.1921000   0.9814000   0.0000000   0.3890929   0.0000000
 95.8406980  21.8323783  47.6142337  -0.1925000   0.9813000   0.0000000   0.7733568   0.0000000
 96.0286669  21.2504184  68.7210607  -0.1923000   0.9813000   0.0000000  -1.7563890   0.0000000
 96.0366656  21.3564111  57.3794227  -0.1921000   0.9814000   0.0000000  -1.5525503   0.0000000
 96.4925900  18.0246405  -2.0204436  -0.1950000   0.9808000   0.0000000  -0.0847060   0.0000000
 95.4727590  23.9122351 275.0063912  -0.1911000   0.9816000   0.0000000  -0.0631993   0.0000000
 95.6727259  22.2083524  36.9293245  -0.1929000   0.9812000   0.0000000   0.4733809   0.0000000
 95.6167351  23.3302752 152.8219185  -0.1912000   0.9816000   0.0000000   0.3731640   0.0000000
 95.7547123  23.8462397 173.3230367  -0.1893000   0.9819000   0.0000000  -0.0260793   0.0000000
 95.7187182  22.0663622 111.2503328  -0.1928000   0.9812000   0.0000000   0.5056999   0.0000000
 96.1246510  20.2244890 162.2579109  -0.1935000   0.9811000   0.0000000  -1.8878247   0.0000000
 95.5847404  23.3722723 136.7630766  -0.1913000   0.9815000   0.0000000   0.3395579   0.0000000
 95.9566788  21.5303991  70.5676915  -0.1922000   0.9813000   0.0000000   1.0459745   0.0000000
 95.7627110  23.9762307 180.4422502  -0.1890000   0.9820000   0.0000000   0.1146628   0.0000000
 96.1086536  19.8045179  92.3493899   0.0000000  -1.0000000   0.0000000   3.9576330   0.0000000
 96.1286503  20.8144484 104.1473899  -0.1925000   0.9813000   0.0000000  -1.0515175   0.0000000
 95.8946891  21.8863746  14.0236190  -0.1920000   0.9814000   0.0000000   0.7629179   0.0000000
 95.9066871  22.4683345  62.9391365  -0.1909000   0.9816000   0.0000000   0.8516701   0.0000000
 95.6727259  22.4583352  38.3048359  -0.1924000   0.9813000   0.0000000   0.5089790   0.0000000
 95.6167351  22.7703137  77.4534560  -0.1922000   0.9814000   0.0000000  -0.0231459   0.0000000
 96.1646444  19.6985252  54.6097799  -0.1941000   0.9810000   0.0000000   2.4925344   0.0000000
 96.2526298  19.3365502  38.5210982  -0.1942000   0.9810000   0.0000000  -1.4568616   0.0000000
 95.7007212  23.9882299 297.4673370  -0.1894000   0.9819000   0.0000000  -0.0208464   0.0000000
 95.5847404  23.5422606 139.9380946  -0.1910000   0.9816000   0.0000000   0.3172388   0.0000000
 98.3862762  19.2585555 803.1791428  -0.1827000   0.9832000   0.0000000   0.3633358   0.0000000
 96.3466142  19.7105244 128.1634786  -0.1931000   0.9812000   0.0000000  -0.5759004   0.0000000
 95.7927060  21.3124141 152.4211362   0.0000000  -1.0000000   0.0000000   0.8608691   0.0000000
 95.6787249  22.8543080 103.0462817  -0.1916000   0.9815000   0.0000000   0.3053124   0.0000000
 96.3286172  18.9765749  16.9728718  -0.1944000   0.9809000   0.0000000  -1.0476578   0.0000000
 95.6587282  23.2262824 168.4053003  -0.1911000   0.9816000   0.0000000   0.4086263   0.0000000
 96.5045880  22.6343231 877.1465570  -0.1867000   0.9824000   0.0000000  -0.4868668   0.0000000
 95.5607444  23.9342336 330.7745447  -0.1904000   0.9817000   0.0000000  -0.0513749   0.0000000
 96.3146195  23.9802304  40.4983769  -0.1852000   0.9827000   0.0000000  -0.0832982   0.0000000
 96.2586288  20.2604865 149.7232868  -0.1926000   0.9813000   0.0000000  -0.5801619   0.0000000
 95.8846907  21.9443706  29.5928340  -0.1920000   0.9814000   0.0000000   0.9972464   0.0000000
 95.5507461  23.4262686 143.2873462  -0.1915000   0.9815000   0.0000000   0.1194121   0.0000000
 95.9506798  23.4142694 287.3988776  -0.1888000   0.9820000   0.0000000   0.3546729   0.0000000
 95.7407146  22.0643623 113.9820818  -0.1927000   0.9813000   0.0000000   0.7097926   0.0000000
 96.1626447  20.4064765 146.4438844  -0.1930000   0.9812000   0.0000000  -1.0221078   0.0000000
 95.6467302  23.3462741 168.0177008  -0.1910000   0.9816000   0.0000000   0.1507483   0.0000000
 95.5527457  24.0922227 309.0910325  -0.1902000   0.9817000   0.0000000   0.0870883   0.0000000
 96.7905406  22.8983049 886.2998240  -0.1843000   0.9829000   0.0000000   0.5243667   0.0000000
 95.8486967  23.0122971 111.0600241  -0.1902000   0.9817000   0.0000000   0.2331645   0.0000000
 96.3166192  19.9725064 468.1184623  -0.1928000   0.9812000   0.0000000  -0.3558415   0.0000000
 96.1586454  20.5284681 136.4132293  -0.1928000   0.9812000   0.0000000  -0.8106043   0.0000000
 96.1766424  20.5584660 129.5040123  -0.1926000   0.9813000   0.0000000  -0.8129902   0.0000000
 96.3026215  19.2365570  20.8403510  -0.1941000   0.9810000   0.0000000  -1.0048753   0.0000000
 96.2766258  20.2444876 147.6102377  -0.1926000   0.9813000   0.0000000  -0.3612977   0.0000000
 95.7107196  23.8182416 135.9037314  -0.1896000   0.9819000   0.0000000  -0.0170486   0.0000000
 95.8786917  23.7162486 148.9162018  -0.1887000   0.9820000   0.0000000   0.2457612   0.0000000
 95.8247007  23.5822578 197.4912835  -0.1893000   0.9819000   0.0000000   0.2920918   0.0000000
 95.5807411  22.8543080  77.3347873  -0.1923000   0.9813000   0.0000000   0.5083567   0.0000000
 95.7407146  23.1862851 205.1234815  -0.1906000   0.9817000   0.0000000   0.2054640   0.0000000
 96.2886238  19.2105588  24.6792290  -0.1942000   0.9810000   0.0000000  -1.0293064   0.0000000
 95.8846907  21.9063732  13.9434645  -0.1920000   0.9814000   0.0000000   0.7687973   0.0000000
 96.0246676  22.1423570  24.7366104  -0.1907000   0.9816000   0.0000000  -2.1686504   0.0000000
 96.2766258  19.2765543  26.2814052  -0.1942000   0.9810000   0.0000000  -1.2438323   0.0000000
 95.7867070  22.1343575  59.3711424  -0.1922000   0.9813000   0.0000000   0.7103623   0.0000000
 96.0046709  21.4884020  81.2790233  -0.1920000   0.9814000   0.0000000  -1.3536555   0.0000000
 95.9766755  22.4563354  29.8262804  -0.1904000   0.9817000   0.0000000  -2.2069511   0.0000000
 95.9186851  22.7543148  68.1712185  -0.1903000   0.9817000   0.0000000   0.5574865   0.0000000
 95.9406815  21.9623694  34.6856108  -0.1916000   0.9815000   0.0000000   1.4044313   0.0000000
 96.2486304  19.2445565  60.7467753  -0.1944000   0.9809000   0.0000000  -1.4631555   0.0000000
 96.1046543  20.3284819 195.1464294  -0.1934000   0.9811000   0.0000000  -1.6730628   0.0000000
 95.7167186  21.9963670  47.3994727  -0.1930000   0.9812000   0.0000000   0.5125386   0.0000000
 95.7807080  22.7543148 125.9608695  -0.1912000   0.9816000   0.0000000   0.4962253   0.0000000
 96.3746096  19.4985390  74.5145645  -0.1933000   0.9811000   0.0000000  -0.3632541   0.0000000
 96.0186685  21.4444050  57.9529365  -0.1920000   0.9814000   0.0000000  -1.5656034   0.0000000
 95.8007047  22.3203447  36.8071373  -0.1918000   0.9814000   0.0000000   0.6515141   0.0000000
 95.7367153  23.3962707 212.8812402  -0.1903000   0.9817000   0.0000000   0.3546739   0.0000000
 95.7367153  24.0682244 377.1095655  -0.1890000   0.9820000   0.0000000   0.0881747   0.0000000
 95.6847239  23.7902435 137.1469946  -0.1898000   0.9818000   0.0000000  -0.0074151   0.0000000
 97.0285012  23.9482327  95.9379749  -0.1804000   0.9836000   0.0000000   0.2635329   0.0000000
 96.3926066  19.1725614  11.3573958  -0.1937000   0.9811000   0.0000000  -0.3800525   0.0000000
 96.0046709  22.7183173 192.2769402  -0.1898000   0.9818000   0.0000000  -0.3062202   0.0000000
 96.1066540  20.1984908 251.5067299  -0.1936000   0.9811000   0.0000000   1.1817402   0.0000000
 97.7903750  17.7926564 293.9150509  -0.1888000   0.9820000   0.0000000   0.4196390   0.0000000
 95.9366821  22.6743204  99.6042212  -0.1903000   0.9817000   0.0000000   0.3609405   0.0000000
 95.4227673  24.1122214 251.7239912  -0.1911000   0.9816000   0.0000000  -0.3566272   0.0000000
 97.2464651  19.9845055 817.4638536  -0.1875000   0.9823000   0.0000000   0.2597154   0.0000000
 96.2126364  21.0164345 589.4705043  -0.1916000   0.9815000   0.0000000  -0.4117013   0.0000000
 96.1726430  20.0405017 126.5094656  -0.1935000   0.9811000   0.0000000  -1.2275207   0.0000000
 95.8187017  23.7782444 162.3832348  -0.1890000   0.9820000   0.0000000   0.2021554   0.0000000
 95.6467302  22.9423019 103.0370531  -0.1917000   0.9815000   0.0000000   0.2790590   0.0000000
 95.6727259  22.2843472  31.3703800  -0.1927000   0.9813000   0.0000000   0.2321037   0.0000000
 95.7427143  23.7762445 131.9194927  -0.1895000   0.9819000   0.0000000   0.0000191   0.0000000
 96.4905903  18.2466252  -4.4242104  -0.1947000   0.9809000   0.0000000  -0.0483833   0.0000000
 95.5287497  23.9062355 313.2883199  -0.1907000   0.9816000   0.0000000   0.1603726   0.0000000
 95.6807245  22.8043114  94.5320339  -0.1917000   0.9814000   0.0000000   0.5382890   0.0000000
 96.4905903  18.3906153  -8.9250245  -0.1944000   0.9809000   0.0000000  -0.0078700   0.0000000
 95.5567451  23.3002773 129.5585843  -0.1916000   0.9815000   0.0000000   0.1624636   0.0000000
 95.6667269  23.7082492 126.3838350  -0.1901000   0.9818000   0.0000000   0.0226076   0.0000000
 96.3106202  19.1245647  39.1946915  -0.1942000   0.9810000   0.0000000  -1.2298901   0.0000000
 96.3486139  19.0605692  16.9600363  -0.1941000   0.9810000   0.0000000  -0.8232852   0.0000000
 96.1966391  20.0744993 100.3485904  -0.1933000   0.9811000   0.0000000  -1.2121803   0.0000000
 96.3346162  19.5885328  78.2176648  -0.1933000   0.9811000   0.0000000  -0.3590279   0.0000000
 95.7327159  21.8663760  57.5005048  -0.1931000   0.9812000   0.0000000   0.7659430   0.0000000
 96.0286669  21.9623694  15.9411009  -0.1910000   0.9816000   0.0000000  -2.5326974   0.0000000
 95.6467302  23.7622455 133.1924455  -0.1902000   0.9818000   0.0000000   0.0016900   0.0000000
 95.8566954  22.1103592  38.8906165  -0.1919000   0.9814000   0.0000000   0.9350990   0.0000000
 95.8866904  22.6623212  63.1173909  -0.1906000   0.9817000   0.0000000   0.3633666   0.0000000
 95.9886735  22.3703413  19.1542037  -0.1905000   0.9817000   0.0000000  -3.2795222   0.0000000
 96.2866241  19.2485562  20.7459165  -0.1942000   0.9810000   0.0000000  -1.2457777   0.0000000
 96.3166192  19.8625139 135.2426893  -0.1930000   0.9812000   0.0000000  -0.3551438   0.0000000
 95.8746924  21.5164001 109.2118365  -0.1928000   0.9812000   0.0000000   0.8295413   0.0000000
 96.0046709  21.1824231  97.2069787  -0.1926000   0.9813000   0.0000000   1.3038896   0.0000000
 95.8666937  21.3104143 101.2867015  -0.1932000   0.9812000   0.0000000   0.8610371   0.0000000
 97.2564634  18.5446047 433.9790401  -0.1902000   0.9818000   0.0000000   0.8168108   0.0000000
 95.7847073  22.4583352  41.2362734  -0.1917000   0.9815000   0.0000000   0.6199621   0.0000000
 96.0486636  21.9343713  24.3417017  -0.1909000   0.9816000   0.0000000  -1.8707802   0.0000000
 95.7427143  23.5222620 176.4000161  -0.1900000   0.9818000   0.0000000   0.0924826   0.0000000
 95.8406980  21.5104005 136.2532265  -0.1930000   0.9812000   0.0000000   0.8304929   0.0000000
 96.3946063  18.6725959   0.3153864  -0.1945000   0.9809000   0.0000000  -0.2672383   0.0000000
 98.3502822  19.1205650 1031.9528860  -0.1832000   0.9831000   0.0000000  -0.3391185   0.0000000
 96.2446311  19.3545489  36.0560719  -0.1942000   0.9810000   0.0000000  -1.2386868   0.0000000
 95.5007544  23.5402607 129.4899015  -0.1916000   0.9815000   0.0000000   0.2756774   0.0000000
 96.3566125  19.6805265 521.1899385  -0.1931000   0.9812000   0.0000000  -0.4807014   0.0000000
 95.9986719  22.1783545  25.3830929  -0.1908000   0.9816000   0.0000000  -2.7974529   0.0000000
 95.7787083  22.1003599  72.3942325  -0.1924000   0.9813000   0.0000000   0.7177541   0.0000000
 95.6427308  23.3502738 168.1599299  -0.1910000   0.9816000   0.0000000   0.1496069   0.0000000
 96.4126033  19.0305712   4.2314429  -0.1938000   0.9810000   0.0000000  -0.3911256   0.0000000
 95.5827408  23.5802580 147.7993865  -0.1910000   0.9816000   0.0000000   0.0724828   0.0000000
 96.1926397  20.8064490 122.1323596  -0.1921000   0.9814000   0.0000000  -0.6143519   0.0000000
 96.1206516  20.5984633 132.7608856  -0.1929000   0.9812000   0.0000000  -1.2522035   0.0000000
 96.1486470  20.8844436  98.5886494  -0.1922000   0.9814000   0.0000000  -0.8398122   0.0000000
 95.7647106  21.7943809 108.1316066  -0.1930000   0.9812000   0.0000000   0.7801380   0.0000000
 96.8925237  20.9524389 899.0644411  -0.1876000   0.9822000   0.0000000   0.2296429   0.0000000
 96.2646278  19.6985252  36.6232805  -0.1935000   0.9811000   0.0000000  -0.7918350   0.0000000
 96.4306003  18.4266128   2.8769051  -0.1947000   0.9809000   0.0000000  -0.4385212   0.0000000
 96.3446145  19.7625208 264.3013709  -0.1930000   0.9812000   0.0000000  -0.5752522   0.0000000
 96.0566622  21.2384192  64.6650502  -0.1921000   0.9814000   0.0000000  -1.5362328   0.0000000
 95.5587448  23.3542735 134.0735302  -0.1915000   0.9815000   0.0000000   0.3631058   0.0000000
 96.4066043  18.4066142   1.0739217  -0.1949000   0.9808000   0.0000000  -0.4577405   0.0000000
 96.0026712  20.6864572 138.7963571  -0.1934000   0.9811000   0.0000000   1.5866776   0.0000000
 98.2702955  19.6825263 1185.9042356  -0.1824000   0.9832000   0.0000000   0.2735520   0.0000000
 95.8247007  21.7903812  63.8567789  -0.1926000   0.9813000   0.0000000   0.7812737   0.0000000
 95.7927060  23.6742515 156.3388068  -0.1893000   0.9819000   0.0000000   0.0395900   0.0000000
 95.7827076  21.5243995 169.4958731  -0.1933000   0.9811000   0.0000000   0.6764393   0.0000000
 95.8007047  22.8143107 152.6090846  -0.1909000   0.9816000   0.0000000   0.5220489   0.0000000
 95.9086868  22.3703413  58.8387729  -0.1910000   0.9816000   0.0000000   1.0946018   0.0000000
 96.1506467  19.7385225  61.2743749  -0.1941000   0.9810000   0.0000000   2.4936929   0.0000000
 95.9806748  21.1484254 100.8300488  -0.1928000   0.9812000   0.0000000   1.3198179   0.0000000
 95.6867235  23.1502876 166.9626558  -0.1910000   0.9816000   0.0000000   0.4341890   0.0000000
 95.6707262  22.9902986 114.9555181  -0.1915000   0.9815000   0.0000000   0.2647192   0.0000000
 95.9966722  21.0404328 110.9772509  -0.1929000   0.9812000   0.0000000   1.5515298   0.0000000
 96.1566457  19.5925325  47.6794717   0.0000000  -1.0000000   0.0000000   2.2857833   0.0000000
 96.0726596  20.6184619 146.6504771  -0.1931000   0.9812000   0.0000000  -1.6906885   0.0000000
 96.0266672  21.5923948  35.8413269  -0.1917000   0.9815000   0.0000000  -1.5893787   0.0000000
 97.2164701  21.4464049 845.9578466  -0.1847000   0.9828000   0.0000000  -1.3692329   0.0000000
 96.3806086  18.6525972  34.1530070  -0.1946000   0.9809000   0.0000000  -0.2068636   0.0000000
 95.8147023  23.6522530 152.3854810  -0.1892000   0.9819000   0.0000000   0.1668832   0.0000000
 95.7847073  21.9583696  25.4949066  -0.1926000   0.9813000   0.0000000   0.7478962   0.0000000
 95.7707096  22.3663416  37.6113219  -0.1919000   0.9814000   0.0000000   0.6561984   0.0000000
 96.3006218  19.9685066 540.9451381  -0.1929000   0.9812000   0.0000000  -0.2670510   0.0000000
 95.9826745  22.3523425  18.7665264  -0.1906000   0.9817000   0.0000000  -2.4002585   0.0000000
 96.6845582  17.6066692 -37.1979762  -0.1947000   0.9809000   0.0000000   0.0392402   0.0000000
 95.7107196  23.8862369 166.5939792  -0.1895000   0.9819000   0.0000000  -0.0431276   0.0000000
 96.2286338  20.3524802 163.0143182  -0.1927000   0.9813000   0.0000000  -0.5834118   0.0000000
 95.8646941  23.2682795 149.2591296  -0.1896000   0.9819000   0.0000000   0.2134812   0.0000000
 95.6987216  22.5883263  68.7041535  -0.1920000   0.9814000   0.0000000   0.5798556   0.0000000
 95.5187514  23.8122420 261.5456069  -0.1910000   0.9816000   0.0000000  -0.6876574   0.0000000
 96.6145698  17.4766782 -37.1868267  -0.1952000   0.9808000   0.0000000   0.0158365   0.0000000
 96.0326662  20.7264545 130.2731075  -0.1932000   0.9812000   0.0000000   1.8015996   0.0000000
 96.2146361  20.8964428 361.2867206  -0.1918000   0.9814000   0.0000000  -0.4045665   0.0000000
 96.2906235  19.5485356  28.1510727  -0.1937000   0.9811000   0.0000000  -0.3698315   0.0000000
 95.4767583  23.9462328 245.2975502  -0.1910000   0.9816000   0.0000000  -0.5139175   0.0000000
 95.8426977  21.6123935 148.0408656  -0.1928000   0.9812000   0.0000000   0.8134475   0.0000000
 96.1326497  20.7404535 108.4555293  -0.1926000   0.9813000   0.0000000  -1.0449568   0.0000000
 95.8826911  22.2523494  61.3890216  -0.1914000   0.9815000   0.0000000   0.9034698   0.0000000
 95.8666937  23.4862645 190.1794454  -0.1892000   0.9819000   0.0000000   0.3276523   0.0000000
 95.8846907  22.9223033 111.9078646  -0.1902000   0.9818000   0.0000000   0.2900799   0.0000000
 96.1186520  21.3984082  50.5386399  -0.1915000   0.9815000   0.0000000  -0.7781625   0.0000000
 95.9086868  22.9882987  92.4925898  -0.1899000   0.9818000   0.0000000   0.2709872   0.0000000
 96.1946394  21.7823818  37.7468253  -0.1903000   0.9817000   0.0000000  -0.7481030   0.0000000
 96.1486470  19.9585073 139.6771666  -0.1938000   0.9810000   0.0000000  -1.0067542   0.0000000
 95.9886735  21.4264063  71.3416408  -0.1922000   0.9813000   0.0000000   1.0497992   0.0000000
 95.6907229  22.8963051 104.4264512  -0.1915000   0.9815000   0.0000000   0.2933272   0.0000000
 95.5507461  23.9602318 383.8188377  -0.1904000   0.9817000   0.0000000  -0.5161673   0.0000000
 95.9606782  20.7204549 138.2448425  -0.1936000   0.9811000   0.0000000   1.3656349   0.0000000
 96.0146692  20.9304404 128.8739815  -0.1929000   0.9812000   0.0000000   1.7822793   0.0000000
 96.1926397  19.7825194  56.3066758  -0.1938000   0.9810000   0.0000000  -1.4592898   0.0000000
 95.8926894  21.2384192  99.6795217  -0.1932000   0.9812000   0.0000000   0.8710148   0.0000000
 95.5227507  23.4142694 130.7448745  -0.1917000   0.9815000   0.0000000  -0.0580067   0.0000000
 95.5827408  23.9202346 520.2849552  -0.1903000   0.9817000   0.0000000   0.1602412   0.0000000
 96.4286006  18.7905877  -8.6492955  -0.1941000   0.9810000   0.0000000  -0.1946529   0.0000000
 95.8406980  23.4102697 193.2916838  -0.1895000   0.9819000   0.0000000   0.3530148   0.0000000
 96.6125701  17.4446804 -36.2180959  -0.1953000   0.9807000   0.0000000  -0.1998951   0.0000000
 96.3606119  18.7785886   2.0684252  -0.1945000   0.9809000   0.0000000  -0.8644157   0.0000000
 96.1066540  20.9304404  96.2533240  -0.1924000   0.9813000   0.0000000  -1.2813811   0.0000000
 95.7367153  21.7463842 131.2941125  -0.1933000   0.9811000   0.0000000   0.7889687   0.0000000
 96.4425983  18.4446116   2.9326348  -0.1946000   0.9809000   0.0000000  -0.2359400   0.0000000
 95.8466970  22.2703482  57.3839250  -0.1916000   0.9815000   0.0000000   0.6801261   0.0000000
 95.9226844  22.5903261  47.1873877  -0.1905000   0.9817000   0.0000000   0.6018302   0.0000000
 96.6905572  19.0785679 1181.6196799  -0.1922000   0.9813000   0.0000000   0.0357575   0.0000000
 95.5007544  23.4982636 133.0674240  -0.1917000   0.9815000   0.0000000   0.0923856   0.0000000
 96.1946394  20.0485011 102.1889934  -0.1934000   0.9811000   0.0000000  -1.1761971   0.0000000
 96.0026712  22.0423639 112.0829144  -0.1910000   0.9816000   0.0000000  -2.7677324   0.0000000
 95.8826911  20.9324403 159.5101083  -0.1937000   0.9811000   0.0000000   1.5646281   0.0000000
 96.6625619  17.3606862 -37.1196590  -0.1952000   0.9808000   0.0000000   0.2357551   0.0000000
 95.7867070  22.2603489  43.3010375  -0.1920000   0.9814000   0.0000000   0.6817021   0.0000000
 95.7507129  22.6203241  82.1916723  -0.1916000   0.9815000   0.0000000   0.5906132   0.0000000
 95.8726927  22.8863058  98.3164779  -0.1903000   0.9817000   0.0000000   0.3003553   0.0000000
 96.0146692  21.5084006  50.0210701  -0.1919000   0.9814000   0.0000000  -1.3568658   0.0000000
 95.8826911  21.7083869  83.0390573  -0.1924000   0.9813000   0.0000000   1.0154030   0.0000000
 96.0186685  20.3244821 293.0613101  -0.1939000   0.9810000   0.0000000   1.6283381   0.0000000
 95.8886901  21.6303922  92.2633386  -0.1925000   0.9813000   0.0000000   0.8104403   0.0000000
 95.7187182  22.2203516  33.8772368  -0.1925000   0.9813000   0.0000000   0.6900434   0.0000000
 96.7685443  17.1706993 -39.8040182  -0.1949000   0.9808000   0.0000000  -0.0705483   0.0000000
 96.8465314  22.8263099 1148.1751635  -0.1841000   0.9829000   0.0000000   0.3252511   0.0000000
 96.0506632  20.2184894 309.1010176  -0.1939000   0.9810000   0.0000000   1.8328967   0.0000000
 96.3646112  18.9325780   5.8915399  -0.1943000   0.9810000   0.0000000  -0.8343900   0.0000000
 95.6787249  22.3263443  31.9893814  -0.1926000   0.9813000   0.0000000   0.6757129   0.0000000
 96.1206516  21.2124210  64.2986773  -0.1918000   0.9814000   0.0000000  -1.0958769   0.0000000
 95.6887232  23.2022840 207.4292594  -0.1909000   0.9816000   0.0000000   0.3701267   0.0000000
 95.8167020  22.6583215 107.4633470  -0.1911000   0.9816000   0.0000000   0.3632198   0.0000000
 98.8681964  17.5206752 652.9274225  -0.1841000   0.9829000   0.0000000  -0.4237782   0.0000000
 96.4166026  18.6545971  -3.3362650  -0.1944000   0.9809000   0.0000000  -0.2101136   0.0000000
 96.4605953  18.7405912  -6.6943666  -0.1940000   0.9810000   0.0000000  -0.1946208   0.0000000
 95.8486967  21.9403709  24.2924389  -0.1922000   0.9814000   0.0000000   0.9708252   0.0000000
 95.8926894  22.8943052  81.2065359  -0.1902000   0.9818000   0.0000000   0.2984323   0.0000000
 96.3526132  19.1085658  10.0805556  -0.1940000   0.9810000   0.0000000  -0.4096738   0.0000000
 96.3186188  18.7805884  50.3660750   0.0000000  -1.0000000   0.0000000  -1.9400098   0.0000000
 95.9846742  21.6863884  46.6948678  -0.1918000   0.9814000   0.0000000   1.0221941   0.0000000
 96.1146526  21.2984151  53.4704079  -0.1917000   0.9815000   0.0000000  -1.1541060   0.0000000
 95.7227176  23.4462672 188.2322158  -0.1903000   0.9817000   0.0000000   0.3370887   0.0000000
 95.9866738  22.4043389  20.1468834  -0.1905000   0.9817000   0.0000000  -3.0690184   0.0000000
 96.4266009  18.3866156   0.8671858  -0.1948000   0.9808000   0.0000000  -0.4611601   0.0000000
 97.4524310  19.6465288 653.0264887  -0.1870000   0.9824000   0.0000000   0.2412651   0.0000000
 96.0486636  21.0244339  96.9478980  -0.1926000   0.9813000   0.0000000  -1.7284138   0.0000000
 95.7927060  23.2782788 275.9995241  -0.1901000   0.9818000   0.0000000   0.3957954   0.0000000
 96.1206516  21.2944154  54.2898629  -0.1916000   0.9815000   0.0000000  -1.1305364   0.0000000
 96.0966556  20.6764579 123.3357709  -0.1929000   0.9812000   0.0000000  -1.4649357   0.0000000
 96.0386652  20.9584385 118.2956697  -0.1927000   0.9812000   0.0000000  -1.5022352   0.0000000
 95.7787083  22.8983049 147.2264127  -0.1909000   0.9816000   0.0000000   0.2948308   0.0000000
 96.1706434  20.5324678 133.0831316  -0.1927000   0.9813000   0.0000000  -0.8111167   0.0000000
 96.3546129  19.4225442  68.2026748  -0.1935000   0.9811000   0.0000000  -0.3652488   0.0000000
 96.0466639  21.4544043  42.4776345  -0.1918000   0.9814000   0.0000000  -1.3485157   0.0000000
 95.8067037  23.6942501 135.9314153  -0.1892000   0.9819000   0.0000000   0.0327327   0.0000000
 96.4226016  18.6745957  -9.1314831  -0.1944000   0.9809000   0.0000000  -0.4254756   0.0000000
 96.3126198  18.9605760  23.5519145  -0.1945000   0.9809000   0.0000000  -1.0482209   0.0000000
 96.4306003  18.7585899  -7.8033637  -0.1942000   0.9810000   0.0000000  -0.1980342   0.0000000
 96.4445980  18.5166066   0.3235189  -0.1945000   0.9809000   0.0000000  -0.0079440   0.0000000
 96.3206185  19.3705478  37.1320243  -0.1938000   0.9810000   0.0000000  -0.5853884   0.0000000
 96.1966391  20.4624726 162.5451619  -0.1927000   0.9813000   0.0000000  -0.8073043   0.0000000
 96.5645781  18.0006421 -10.4736681  -0.1947000   0.9809000   0.0000000  -0.0873095   0.0000000
 95.8606947  22.6463223  93.5717775  -0.1908000   0.9816000   0.0000000   0.4183412   0.0000000
 96.1366490  20.5204686 144.2948545  -0.1929000   0.9812000   0.0000000  -1.2471242   0.0000000
 95.8966888  21.9183724  17.9994892  -0.1919000   0.9814000   0.0000000   1.3792639   0.0000000
 95.5647438  24.0982223 331.4078005  -0.1901000   0.9818000   0.0000000   0.3017200   0.0000000
 96.5785758  17.6406669 -34.6309417  -0.1952000   0.9808000   0.0000000   0.0543641   0.0000000
 95.6807245  23.5922572 142.2086069  -0.1903000   0.9817000   0.0000000   0.2681872   0.0000000
 96.4745930  18.7085934 -13.6656892  -0.1940000   0.9810000   0.0000000   0.0130184   0.0000000
 95.4027706  23.5602594 114.6285100  -0.1922000   0.9813000   0.0000000  -0.5898935   0.0000000
 96.3766092  19.1745613  22.3338340  -0.1938000   0.9810000   0.0000000  -0.3791896   0.0000000
 98.7022239  17.0787056 371.9468943  -0.1858000   0.9826000   0.0000000   0.1327369   0.0000000
 96.1646444  19.9325091 120.5616374  -0.1937000   0.9811000   0.0000000  -1.4444237   0.0000000
 95.7507129  22.5403296  60.0817645  -0.1918000   0.9814000   0.0000000   0.3933006   0.0000000
 96.3586122  19.0805678  11.0815784  -0.1940000   0.9810000   0.0000000  -0.6105790   0.0000000
 95.7727093  21.5004012 173.8262595  -0.1934000   0.9811000   0.0000000   0.6132454   0.0000000
 95.8007047  23.7302477 135.9277816  -0.1892000   0.9819000   0.0000000   0.0192432   0.0000000
 95.6807245  23.4922640 156.1281592  -0.1904000   0.9817000   0.0000000   0.1014430   0.0000000
 95.5727424  23.6542529 153.5408357  -0.1909000   0.9816000   0.0000000   0.4298402   0.0000000
 95.9986719  21.0084350 120.2382465  -0.1929000   0.9812000   0.0000000   1.5551765   0.0000000
 95.9486801  23.2382815 169.5179942  -0.1891000   0.9820000   0.0000000   0.1940924   0.0000000
 96.0526629  21.0204342  94.9713481  -0.1926000   0.9813000   0.0000000  -1.7280035   0.0000000
 95.9746758  21.7743823  29.7763070  -0.1917000   0.9815000   0.0000000   1.2223071   0.0000000
 96.4306003  18.6925945  -9.3823082  -0.1943000   0.9809000   0.0000000  -0.2050899   0.0000000
 96.4425983  18.2206270  13.5483957  -0.1950000   0.9808000   0.0000000  -0.4853793   0.0000000
 95.5967385  22.9543011  86.4752938  -0.1920000   0.9814000   0.0000000   0.0539526   0.0000000
 95.7767086  23.9142350 144.5152749  -0.1890000   0.9820000   0.0000000  -0.0514458   0.0000000
 97.5204197  16.9887118 -19.8456532  -0.1916000   0.9815000   0.0000000   0.6839634   0.0000000
 96.1286503  19.8165171 135.4992485  -0.1941000   0.9810000   0.0000000   2.1683397   0.0000000
 96.2966225  19.3945462  22.7000814  -0.1939000   0.9810000   0.0000000  -0.8026689   0.0000000
 95.6167351  22.5503289  44.5324373  -0.1926000   0.9813000   0.0000000  -0.9244865   0.0000000
 95.7247173  22.8143107 121.1846074  -0.1914000   0.9815000   0.0000000   0.3179351   0.0000000
 95.8906898  22.8803062  92.6058385  -0.1902000   0.9817000   0.0000000  -0.0611322   0.0000000
 95.7427143  22.5203310  50.4247608  -0.1918000   0.9814000   0.0000000   0.6170883   0.0000000
 95.4967550  24.0882230 449.0718384  -0.1906000   0.9817000   0.0000000  -0.5701103   0.0000000
 96.3346162  19.5185376  45.0267661  -0.1935000   0.9811000   0.0000000  -0.3609880   0.0000000
 96.1426480  20.1344952 116.3260465  -0.1935000   0.9811000   0.0000000  -1.6665069   0.0000000
 96.2666275  20.1664930 120.6565058  -0.1928000   0.9812000   0.0000000  -0.5771148   0.0000000
 95.9066871  22.9523012  76.3991499  -0.1900000   0.9818000   0.0000000   0.0699897   0.0000000
 96.0866573  20.2324885 221.9185347  -0.1937000   0.9811000   0.0000000   2.2690272   0.0000000
 95.9646775  21.8563767  28.6781220  -0.1916000   0.9815000   0.0000000   1.2230744   0.0000000
 96.2006384  20.7444532 146.5389363  -0.1921000   0.9814000   0.0000000  -0.6090167   0.0000000
 96.2346328  19.5445358  47.9644804  -0.1940000   0.9810000   0.0000000  -1.2310917   0.0000000
 96.3746096  18.5746026  30.6310171  -0.1948000   0.9808000   0.0000000  -0.8718868   0.0000000
 95.6747255  22.1683552  36.7720771  -0.1929000   0.9812000   0.0000000   0.4825423   0.0000000
 96.3166192  19.9085108 178.5189885  -0.1929000   0.9812000   0.0000000  -0.1365463   0.0000000
 95.9186851  21.4544043  97.9407996  -0.1926000   0.9813000   0.0000000   0.8393873   0.0000000
 95.8806914  22.3923398  57.4084308  -0.1912000   0.9816000   0.0000000   0.9455849   0.0000000
 96.0926563  21.6103936  38.3395443  -0.1913000   0.9815000   0.0000000  -1.3738317   0.0000000
 95.4507626  23.4582664 125.5186962  -0.1921000   0.9814000   0.0000000   0.1045432   0.0000000
 96.4306003  18.4326124   3.5509723  -0.1947000   0.9809000   0.0000000  -0.2375313   0.0000000
 95.9206848  21.0304335 126.8572140  -0.1933000   0.9811000   0.0000000   1.1158482   0.0000000
 97.0744936  18.5806022 996.9387884  -0.1910000   0.9816000   0.0000000   0.4358899   0.0000000
 95.7667103  22.3643417  35.8136342  -0.1920000   0.9814000   0.0000000   0.6566225   0.0000000
 96.0906566  21.7243858  31.2322637  -0.1911000   0.9816000   0.0000000  -0.9561012   0.0000000
 97.3744439  19.4945393 536.8104944  -0.1877000   0.9822000   0.0000000   0.7167747   0.0000000
 96.2166357  20.0425015  88.4583421  -0.1933000   0.9811000   0.0000000  -0.7913283   0.0000000
 95.6547288  22.7643142  82.5844825  -0.1920000   0.9814000   0.0000000   0.3305192   0.0000000
 95.7447139  23.9782306 326.3320758  -0.1891000   0.9820000   0.0000000   0.5378009   0.0000000
 95.9806748  21.6943878  53.9250868  -0.1918000   0.9814000   0.0000000   1.2310207   0.0000000
 95.8047040  21.2664173 131.8885388   0.0000000  -1.0000000   0.0000000   0.2111505   0.0000000
 96.2646278  19.2265577  30.4741438  -0.1943000   0.9809000   0.0000000  -1.2460958   0.0000000
 96.3746096  19.2245579  11.5705743  -0.1937000   0.9811000   0.0000000  -0.1572601   0.0000000
 97.8783604  21.6883882 1254.3451507  -0.1801000   0.9836000   0.0000000  -0.0652160   0.0000000
 96.2066374  19.9845055  90.4033375  -0.1934000   0.9811000   0.0000000  -1.0088028   0.0000000
 95.8227010  22.6503220 103.6247684  -0.1911000   0.9816000   0.0000000   0.3654868   0.0000000
 96.1266507  20.4224754 160.3121913  -0.1931000   0.9812000   0.0000000  -1.4596963   0.0000000
 95.7907063  21.5164001 151.2639683  -0.1933000   0.9811000   0.0000000   0.6106805   0.0000000
 95.4927557  23.4902642 127.5182557  -0.1917000   0.9814000   0.0000000   0.0949053   0.0000000
 95.8167020  23.1162899 154.2029876  -0.1902000   0.9817000   0.0000000   0.2296543   0.0000000
 96.8485310  23.1642866 400.7368256  -0.1833000   0.9831000   0.0000000  -0.2091693   0.0000000
 96.2926231  20.7704514 298.4217352  -0.1915000   0.9815000   0.0000000  -0.3943049   0.0000000
 96.5065877  23.1382884 158.2213301  -0.1856000   0.9826000   0.0000000   0.2330103   0.0000000
 96.3626116  19.2145585  11.2157324  -0.1938000   0.9810000   0.0000000  -0.3624802   0.0000000
 96.1386487  21.6103936  45.5308592  -0.1910000   0.9816000   0.0000000  -0.7177737   0.0000000
 95.8926894  23.1322888 159.0219445  -0.1897000   0.9818000   0.0000000   0.2264822   0.0000000
 96.4425983  19.1385638   5.4143319  -0.1935000   0.9811000   0.0000000  -0.1777147   0.0000000
 97.4804263  20.4744718 1029.5038706  -0.1852000   0.9827000   0.0000000   0.0708513   0.0000000
 96.0926563  20.7884502 107.4861728  -0.1927000   0.9813000   0.0000000  -1.4860591   0.0000000
 96.4306003  18.3186202   4.2076881  -0.1949000   0.9808000   0.0000000  -0.0372553   0.0000000
 96.2406318  19.5425360  38.9620660  -0.1939000   0.9810000   0.0000000  -1.0129199   0.0000000
 95.7407146  21.8063801  99.4742183  -0.1931000   0.9812000   0.0000000   0.5713533   0.0000000
 95.8227010  21.2004218 140.1920730  -0.1937000   0.9811000   0.0000000   0.6576419   0.0000000
 95.9826745  20.4364744 239.4133479  -0.0000000   1.0000000   0.0000000   1.6160284   0.0000000
 95.5167517  24.0062287 331.5236645  -0.1906000   0.9817000   0.0000000   0.0539312   0.0000000
 95.9206848  21.1924224  99.4081091  -0.1931000   0.9812000   0.0000000   1.0957810   0.0000000
 96.1526463  19.9285094 154.8242598  -0.1938000   0.9810000   0.0000000  -1.2253474   0.0000000
 95.5947388  23.2902780 154.0197684  -0.1914000   0.9815000   0.0000000   0.1670695   0.0000000
 96.3606119  19.5545351 220.0866754  -0.1933000   0.9811000   0.0000000   0.1585667   0.0000000
 95.8067037  23.6322544 190.4705025  -0.1893000   0.9819000   0.0000000   0.1909712   0.0000000
 96.1266507  21.3264132  57.8067533  -0.1916000   0.9815000   0.0000000  -0.9047787   0.0000000
 95.4947554  23.4842646 131.3276672  -0.1917000   0.9814000   0.0000000   0.0970966   0.0000000
 96.3506135  18.8745820   7.4584693  -0.1944000   0.9809000   0.0000000  -1.0575758   0.0000000
 95.4327656  24.1082216 230.8578768  -0.1910000   0.9816000   0.0000000  -0.5813665   0.0000000
 96.1686437  20.7364538 125.1864477  -0.1924000   0.9813000   0.0000000  -0.8264978   0.0000000
 95.7767086  23.2922778 247.8295958  -0.1902000   0.9817000   0.0000000   0.3907315   0.0000000
 96.2226347  20.5084695 175.1976135  -0.1924000   0.9813000   0.0000000  -0.5919539   0.0000000
 96.6325668  17.4946770 -40.3746044  -0.1951000   0.9808000   0.0000000   0.5128052   0.0000000
 96.1106533  20.9104418  97.4918134  -0.1924000   0.9813000   0.0000000  -1.2359879   0.0000000
 95.9766755  21.6403915  40.6123695  -0.1919000   0.9814000   0.0000000   1.4650233   0.0000000
 95.9966722  21.9683690  94.7573013  -0.1912000   0.9816000   0.0000000  -2.3950014   0.0000000
 95.7867070  21.4644037 170.6733203  -0.1934000   0.9811000   0.0000000   0.6190581   0.0000000
 95.6267335  22.5443293  43.0822068  -0.1926000   0.9813000   0.0000000  -1.2264705   0.0000000
 97.5624127  23.9842302 851.7249697  -0.1767000   0.9843000   0.0000000  -0.0480177   0.0000000
 95.6107361  24.0922227 570.7542120  -0.1898000   0.9818000   0.0000000  -0.7631704   0.0000000
 95.9066871  21.1424258 117.2192015  -0.1932000   0.9812000   0.0000000   1.1023238   0.0000000
 95.5427474  23.9122351 403.9239862  -0.1906000   0.9817000   0.0000000   0.0625689   0.0000000
 98.3602805  19.0785679 1071.3274067  -0.1833000   0.9831000   0.0000000  -0.0887341   0.0000000
 95.6787249  23.2502807 198.5865058  -0.1909000   0.9816000   0.0000000   0.1999774   0.0000000
 96.0226679  21.8743754  20.8700029  -0.1912000   0.9815000   0.0000000  -2.0777991   0.0000000
 95.7407146  22.0843610  78.9170657  -0.1926000   0.9813000   0.0000000   0.5020594   0.0000000
 95.6967219  22.5343300  52.2947039  -0.1921000   0.9814000   0.0000000   0.6125969   0.0000000
 96.1006550  19.8865123 187.5627002  -0.1942000   0.9810000   0.0000000   2.0704126   0.0000000
 95.6927226  23.2322819 266.0646098  -0.1909000   0.9816000   0.0000000   0.4079652   0.0000000
 95.8606947  21.5263994 118.0676473  -0.1929000   0.9812000   0.0000000   0.8279051   0.0000000
 97.7783770  23.8462397 1743.0338577  -0.1756000   0.9845000   0.0000000   0.1276542   0.0000000
 96.1786420  19.5485356  71.2735078  -0.1943000   0.9809000   0.0000000   2.0542431   0.0000000
 95.7807080  23.6702518 137.6542655  -0.1894000   0.9819000   0.0000000   0.0406465   0.0000000
 96.2326331  20.1104969  95.6510927  -0.1931000   0.9812000   0.0000000  -0.6188681   0.0000000
 96.0506632  20.7144553 133.0572574  -0.1931000   0.9812000   0.0000000  -1.5019077   0.0000000
 95.5907395  22.7523150  63.0009097  -0.1924000   0.9813000   0.0000000  -0.0971316   0.0000000
 95.9326828  21.2444188  89.5909626  -0.1929000   0.9812000   0.0000000   1.0618470   0.0000000
 96.4146029  18.7445909  -8.3586605  -0.1943000   0.9809000   0.0000000  -0.4173961   0.0000000
 95.5447471  23.3902711 147.8549397  -0.1916000   0.9815000   0.0000000   0.1448924   0.0000000
 96.3186188  19.9085108 192.8255231  -0.1929000   0.9812000   0.0000000  -0.1366161   0.0000000
 96.5765761  17.5426737 -36.8307949   0.0000000  -1.0000000   0.0000000   1.4707472   0.0000000
 96.4385990  18.2886223   7.1515791  -0.1949000   0.9808000   0.0000000  -0.2576506   0.0000000
 96.2186354  19.6265302  38.2253384  -0.1939000   0.9810000   0.0000000  -1.0101418   0.0000000
 96.4785923  18.6985941 -10.7939580  -0.1940000   0.9810000   0.0000000   0.0117021   0.0000000
 95.7047206  22.5683277  59.9902476  -0.1920000   0.9814000   0.0000000   0.3851000   0.0000000
 95.6787249  23.1322888 149.6031744  -0.1911000   0.9816000   0.0000000   0.2344774   0.0000000
 95.8966888  21.8303785  28.0100052  -0.1921000   0.9814000   0.0000000   1.0784297   0.0000000
 96.1426480  21.3604108  53.6350629  -0.1914000   0.9815000   0.0000000  -0.4601305   0.0000000
 95.8826911  20.9884364 145.2913136  -0.1937000   0.9811000   0.0000000   0.9022028   0.0000000
 98.5722454  18.4526110 899.8232334  -0.1835000   0.9830000   0.0000000   0.0253614   0.0000000
 96.5005887  17.9606449 -15.3155151  -0.1951000   0.9808000   0.0000000  -0.0965269   0.0000000
 95.5787414  22.8623074  73.5208770  -0.1923000   0.9813000   0.0000000   0.3004075   0.0000000
 95.7907063  21.7563836  95.1247713  -0.1929000   0.9812000   0.0000000   0.5707278   0.0000000
 96.0526629  20.5384674 162.4524825  -0.1934000   0.9811000   0.0000000   2.4720409   0.0000000
 96.3566125  19.5345365  74.5204467  -0.1933000   0.9811000   0.0000000  -0.1715845   0.0000000
 95.7227176  23.6782512 156.3981498  -0.1898000   0.9818000   0.0000000   0.2658300   0.0000000
 96.1406483  21.5463980  42.0471297  -0.1911000   0.9816000   0.0000000  -0.9134424   0.0000000
 96.0766589  21.5823955  37.2594957  -0.1914000   0.9815000   0.0000000  -1.5877385   0.0000000
 97.1324840  17.2386946 -32.4130489  -0.1931000   0.9812000   0.0000000  -0.0854017   0.0000000
 95.6967219  23.5142625 163.9186977  -0.1903000   0.9817000   0.0000000   0.0937741   0.0000000
 96.4106036  18.5886016  -4.9960270  -0.1946000   0.9809000   0.0000000  -0.2159297   0.0000000
 95.8227010  22.1283579  54.3025632  -0.1920000   0.9814000   0.0000000   0.7120849   0.0000000
 95.9186851  22.4823336  73.4738812  -0.1908000   0.9816000   0.0000000   0.9767403   0.0000000
 96.2306334  20.0005044  79.6721645  -0.1932000   0.9812000   0.0000000  -0.5722629   0.0000000
 95.6567285  22.6543217  63.8924421  -0.1922000   0.9814000   0.0000000  -0.0764246   0.0000000
 96.5865744  17.5446735 -37.8296382  -0.1953000   0.9808000   0.0000000  -0.8418761   0.0000000
 95.6607279  23.1882850 183.7417036  -0.1912000   0.9816000   0.0000000   0.4059581   0.0000000
 95.7107196  22.4643348  39.0771969  -0.1922000   0.9814000   0.0000000   0.0130260   0.0000000
 95.7027209  22.9563009 123.8262750  -0.1913000   0.9815000   0.0000000  -0.1616924   0.0000000
 95.9226844  21.9603695  33.3002660  -0.1917000   0.9815000   0.0000000   1.1859900   0.0000000
 95.9946725  21.9383710  80.7458359  -0.1913000   0.9815000   0.0000000  -2.5279880   0.0000000
 96.2706268  19.3405499  21.6501938  -0.1941000   0.9810000   0.0000000  -1.0216318   0.0000000
 96.2906235  20.1344952 108.9257700  -0.1927000   0.9813000   0.0000000  -0.3603175   0.0000000
 95.9486801  22.6683208 108.1994656  -0.1902000   0.9817000   0.0000000   0.3627450   0.0000000
 95.7627110  22.9603007 159.4289993  -0.1909000   0.9816000   0.0000000   0.2894352   0.0000000
 95.7927060  23.2182829 157.2683142  -0.1902000   0.9817000   0.0000000  -0.2409046   0.0000000
 96.1406483  20.0744993 144.3861647  -0.1936000   0.9811000   0.0000000  -1.2273759   0.0000000
 95.9566788  21.9003736  21.4720776  -0.1916000   0.9815000   0.0000000   1.6356676   0.0000000
 95.8786917  22.4483359  76.3010822  -0.1911000   0.9816000   0.0000000   0.8562961   0.0000000
 96.4266009  18.8785817  -3.8888626  -0.1940000   0.9810000   0.0000000  -0.1877898   0.0000000
 95.9566788  21.2644174  78.7243136  -0.1927000   0.9813000   0.0000000   0.8671533   0.0000000
 95.5787414  24.0422262 590.7546250  -0.1901000   0.9818000   0.0000000   0.5226015   0.0000000
 97.4224359  21.0104349 1290.1835169  -0.1844000   0.9829000   0.0000000  -0.2275335   0.0000000
 95.8926894  23.3462741 327.8746164  -0.1893000   0.9819000   0.0000000   0.3760102   0.0000000
 96.3146195  18.8145861  19.5782132   0.0000000  -1.0000000   0.0000000  -1.0603166   0.0000000
 95.7167186  23.6702518 198.5898366  -0.1899000   0.9818000   0.0000000   0.2571770   0.0000000
 95.7827076  23.8362404 144.9386514  -0.1891000   0.9820000   0.0000000  -0.0212348   0.0000000
 95.7827076  23.5602594 161.5015249  -0.1896000   0.9819000   0.0000000   0.0803446   0.0000000
 97.1884747  17.3646859  97.8941684  -0.1926000   0.9813000   0.0000000  -0.5076642   0.0000000
 97.2064717  17.3846845 119.4377680  -0.1924000   0.9813000   0.0000000  -0.5218785   0.0000000
 95.8586951  23.4162693 243.6344461  -0.1894000   0.9819000   0.0000000   0.3526479   0.0000000
 96.2326331  19.7125243  41.7463474  -0.1937000   0.9811000   0.0000000  -0.8108355   0.0000000
 96.0406649  22.0023666  15.7343628  -0.1909000   0.9816000   0.0000000  -1.8850474   0.0000000
 95.8326994  22.9223033 142.5290068  -0.1905000   0.9817000   0.0000000   0.2889787   0.0000000
 97.8343677  17.3926840 -13.0254910  -0.1894000   0.9819000   0.0000000   0.3257825   0.0000000
 95.8846907  23.5922572 198.3337084  -0.1889000   0.9820000   0.0000000   0.5096476   0.0000000
 95.8806914  21.8263787  35.5130385  -0.1922000   0.9814000   0.0000000   0.9934658   0.0000000
 95.6007378  24.0382265 507.7937960  -0.1900000   0.9818000   0.0000000   0.1111220   0.0000000
 96.2066374  19.5185376  54.6228452  -0.1942000   0.9810000   0.0000000  -0.7803485   0.0000000
 95.7327159  23.5782581 153.8937492  -0.1899000   0.9818000   0.0000000   0.0722808   0.0000000
 95.9106864  22.9623005  73.1900739  -0.1899000   0.9818000   0.0000000  -0.1587098   0.0000000
 95.5787414  23.2262824 143.8302387  -0.1916000   0.9815000   0.0000000   0.1876445   0.0000000
 95.6307328  24.0942226 959.6647148  -0.1896000   0.9819000   0.0000000  -0.9784686   0.0000000
 96.0666606  20.7204549 117.3091324  -0.1930000   0.9812000   0.0000000  -1.9806471   0.0000000
 95.7947057  22.2483497  36.1998262  -0.1920000   0.9814000   0.0000000   0.6845998   0.0000000
 95.5707428  22.9043045  75.9929253  -0.1923000   0.9813000   0.0000000  -0.1235613   0.0000000
 95.8346990  22.6083249 101.5997544  -0.1911000   0.9816000   0.0000000   0.5956739   0.0000000
 98.0923249  18.5146067 818.6786889  -0.1859000   0.9826000   0.0000000   0.9587356   0.0000000
 96.4286006  18.4726096   2.7789394  -0.1946000   0.9809000   0.0000000  -0.1432330   0.0000000
 95.5187514  24.0202277 278.1412990  -0.1906000   0.9817000   0.0000000   0.0588835   0.0000000
 96.4465976  18.5186065   2.6434447  -0.1945000   0.9809000   0.0000000  -0.0078052   0.0000000
 96.2026381  19.5945324  51.3281353  -0.1941000   0.9810000   0.0000000  -1.4477422   0.0000000
 95.6447305  23.3562734 156.9150544  -0.1910000   0.9816000   0.0000000   0.2202846   0.0000000
 95.9446808  21.1924224 102.5112151  -0.1929000   0.9812000   0.0000000   1.0956459   0.0000000
 95.7527126  24.1942157 850.1293066  -0.1886000   0.9821000   0.0000000  -0.1618072   0.0000000
 96.0826579  20.1464944 141.5477810  -0.1939000   0.9810000   0.0000000   2.0227365   0.0000000
 95.7447139  23.2302821 354.1304040  -0.1905000   0.9817000   0.0000000   0.1913763   0.0000000
 96.6085708  17.6686650 -36.2792172  -0.1950000   0.9808000   0.0000000   0.3010478   0.0000000
 96.2126364  19.3905464  62.0302930  -0.1944000   0.9809000   0.0000000   1.3121357   0.0000000
 96.2326331  19.9965047  79.1562191  -0.1932000   0.9812000   0.0000000  -0.5722606   0.0000000
 95.7387149  24.1902160 1063.6995524  -0.1887000   0.9820000   0.0000000   0.2646664   0.0000000
 96.6485642  17.3446873 -39.0052386  -0.1953000   0.9808000   0.0000000  -0.0110054   0.0000000
 96.0506632  22.5103316  31.5370572  -0.1898000   0.9818000   0.0000000  -1.1259371   0.0000000
 95.8366987  21.4784027 129.8861586  -0.1931000   0.9812000   0.0000000   0.8173704   0.0000000
 95.8706931  21.2344195 105.3666421  -0.1933000   0.9811000   0.0000000   0.8716444   0.0000000
 95.8247007  22.5503289  86.4331923  -0.1913000   0.9815000   0.0000000   0.4440946   0.0000000
 95.7387149  21.7523838 114.6535220  -0.1932000   0.9812000   0.0000000   0.7878639   0.0000000
 95.5747421  23.0382953  96.0237755  -0.1920000   0.9814000   0.0000000   0.2473141   0.0000000
 96.2706268  24.1102215  70.4973046  -0.1852000   0.9827000   0.0000000   0.0871578   0.0000000
 95.8267004  21.3964083 136.1283624  -0.1933000   0.9811000   0.0000000   0.8469815   0.0000000
 95.6287332  22.6283235  51.0113601  -0.1924000   0.9813000   0.0000000  -0.2887593   0.0000000
 95.9466805  21.5223997  76.0239312  -0.1923000   0.9813000   0.0000000   1.0516586   0.0000000
 95.6087365  23.5642591 151.4807673  -0.1908000   0.9816000   0.0000000   0.2916873   0.0000000
 96.1626447  20.2424878 128.5434684  -0.1932000   0.9812000   0.0000000  -1.2332042   0.0000000
 96.3546129  19.2345572  13.6831788  -0.1938000   0.9810000   0.0000000  -0.3745233   0.0000000
 95.4987547  23.6362541 124.8593315  -0.1914000   0.9815000   0.0000000   0.0426420   0.0000000
 95.8726927  20.9244408 172.6355025   0.0000000  -1.0000000   0.0000000   1.5656662   0.0000000
 95.8806914  21.4984013 117.6741501  -0.1928000   0.9812000   0.0000000   0.8324510   0.0000000
 98.0603302  19.4805402 660.7163850  -0.1840000   0.9829000   0.0000000  -0.2485448   0.0000000
 96.3646112  18.8545833  -1.1535760  -0.1944000   0.9809000   0.0000000  -1.0601387   0.0000000
 95.8486967  22.9163037 129.2014578  -0.1904000   0.9817000   0.0000000   0.2910895   0.0000000
 96.0426646  22.1103592  23.5206766  -0.1907000   0.9817000   0.0000000  -1.9922481   0.0000000
 95.9026878  21.1024286 130.4960570  -0.1933000   0.9811000   0.0000000   1.1067317   0.0000000
 96.0226679  21.3704101  55.6426184  -0.1921000   0.9814000   0.0000000  -1.5545142   0.0000000
 97.7343843  18.5626034 653.1996639  -0.1876000   0.9822000   0.0000000  -0.0948737   0.0000000
 95.9506798  22.3643417  70.8365721  -0.1908000   0.9816000   0.0000000   1.5296558   0.0000000
 96.1926397  20.1884915 109.8142505  -0.1932000   0.9812000   0.0000000  -1.0132735   0.0000000
 96.2546294  20.3624795 180.7776633  -0.1925000   0.9813000   0.0000000  -0.5636582   0.0000000
 98.9061901  17.7506593 503.0567927  -0.1834000   0.9830000   0.0000000   0.0640750   0.0000000
 96.1826414  19.9125105  93.1683161  -0.1937000   0.9811000   0.0000000  -1.3112540   0.0000000
 96.1766424  20.5204686 136.3496247  -0.1927000   0.9813000   0.0000000  -0.8104578   0.0000000
 95.9986719  21.7743823  26.4762864  -0.1915000   0.9815000   0.0000000  -1.6228842   0.0000000
 96.2306334  20.4164758 182.6326500  -0.1925000   0.9813000   0.0000000  -0.7869451   0.0000000
 95.6947222  23.7022496 149.0174468  -0.1900000   0.9818000   0.0000000   0.1600119   0.0000000
 96.2586288  19.5425360  26.3467568  -0.1938000   0.9810000   0.0000000  -1.0135895   0.0000000
 95.8806914  21.7623831  53.0432083  -0.1923000   0.9813000   0.0000000   1.0054414   0.0000000
 95.5767418  23.4642660 136.8340029  -0.1912000   0.9815000   0.0000000   0.1071388   0.0000000
 95.6787249  24.0822234 626.3140404  -0.1893000   0.9819000   0.0000000   0.3154405   0.0000000
 96.4326000  18.2726234  10.7178261  -0.1949000   0.9808000   0.0000000  -1.5721626   0.0000000
 96.0826579  21.3784096  50.7542130  -0.1917000   0.9814000   0.0000000  -1.1185455   0.0000000
 95.7687100  23.4402676 195.8254734  -0.1900000   0.9818000   0.0000000   0.3406010   0.0000000
 95.4927557  23.6342543 124.7543287  -0.1915000   0.9815000   0.0000000   0.0431334   0.0000000
 95.7247173  23.7842439 133.8923712  -0.1896000   0.9819000   0.0000000  -0.0036527   0.0000000
 95.8506964  23.0682932 104.3895006  -0.1901000   0.9818000   0.0000000   0.0463240   0.0000000
 95.7387149  22.3163450  34.5141006  -0.1922000   0.9813000   0.0000000   0.4490327   0.0000000
 95.7987050  23.4642660 215.0480131  -0.1897000   0.9818000   0.0000000   0.3332471   0.0000000
 95.7967053  23.0922916 151.0777961  -0.1904000   0.9817000   0.0000000   0.2371131   0.0000000
 95.4747587  23.8222413 179.9870622  -0.1913000   0.9815000   0.0000000  -0.0281555   0.0000000
 96.5565794  22.4463361 985.0377008  -0.1867000   0.9824000   0.0000000  -0.0467171   0.0000000
 95.9786752  21.3624107  77.8330012  -0.1924000   0.9813000   0.0000000   1.5093710   0.0000000
 96.0546626  21.4984013  42.3228893  -0.1917000   0.9815000   0.0000000  -1.3554206   0.0000000
 96.0446642  21.2004218  72.3997720  -0.1923000   0.9813000   0.0000000  -1.5411410   0.0000000
 95.8986884  21.7663829  55.2592853  -0.1922000   0.9814000   0.0000000   1.0048441   0.0000000
 96.2406318  19.8145172  46.3444488  -0.1935000   0.9811000   0.0000000  -1.8838572   0.0000000
 95.7667103  22.1483566  38.2005562  -0.1924000   0.9813000   0.0000000   0.7070150   0.0000000
 95.9906732  21.7943809  26.9387701  -0.1916000   0.9815000   0.0000000  -1.6251316   0.0000000
 96.1486470  21.2324196  71.3920124  -0.1916000   0.9815000   0.0000000  -0.6948926   0.0000000
 95.8546957  21.3784096 113.3104197  -0.1932000   0.9812000   0.0000000   0.8510798   0.0000000
 95.6787249  21.9563698  18.0280880  -0.1933000   0.9811000   0.0000000   0.7472277   0.0000000
 96.0786586  21.0384330  89.3841922  -0.1924000   0.9813000   0.0000000  -1.5116007   0.0000000
 95.6227342  22.6983187  63.8480225  -0.1923000   0.9813000   0.0000000   0.5562170   0.0000000
 96.1466473  19.7045248  58.8712273  -0.1942000   0.9810000   0.0000000   2.6541479   0.0000000
 95.6767252  23.3382746 338.0523213  -0.1908000   0.9816000   0.0000000   0.1693596   0.0000000
 96.0566622  21.4464049  46.4040417  -0.1918000   0.9814000   0.0000000  -1.3366635   0.0000000
 96.0006715  22.9363023 174.2550301  -0.1894000   0.9819000   0.0000000   0.2882034   0.0000000
 96.2426314  20.0565006  86.2436025  -0.1931000   0.9812000   0.0000000  -0.7883873   0.0000000
 95.9186851  21.2004218 100.1390045  -0.1931000   0.9812000   0.0000000   1.0947375   0.0000000
 96.3006218  19.3345503  16.5153379  -0.1940000   0.9810000   0.0000000  -0.8044056   0.0000000
 96.5545797  19.8385156 413.8168366  -0.1917000   0.9815000   0.0000000  -0.3724384   0.0000000
 96.3006218  19.8705134  86.4395747  -0.1931000   0.9812000   0.0000000  -0.3546132   0.0000000
 96.2066374  20.0884984  96.8250509  -0.1932000   0.9812000   0.0000000  -0.8003784   0.0000000
 95.7927060  21.7523838  93.2356356  -0.1929000   0.9812000   0.0000000   0.5694606   0.0000000
 95.7267169  22.3063457  36.1842514  -0.1923000   0.9813000   0.0000000   0.6690221   0.0000000
 96.0206682  20.7984495 123.6010899  -0.1931000   0.9812000   0.0000000   1.7953157   0.0000000
 95.6967219  22.7683139 112.2054615  -0.1917000   0.9815000   0.0000000   0.3303674   0.0000000
 95.6907229  24.1922159 981.3471276  -0.1890000   0.9820000   0.0000000  -0.1853223   0.0000000
 95.9906732  21.3144140  73.8531722  -0.1924000   0.9813000   0.0000000   1.6685191   0.0000000
 95.8786917  22.5463292  93.8184543  -0.1909000   0.9816000   0.0000000   0.6126341   0.0000000
 95.8706931  23.2822785 174.9227257  -0.1896000   0.9819000   0.0000000   0.2301274   0.0000000
 96.4226016  19.6465288 650.9996342  -0.1927000   0.9812000   0.0000000  -0.3549528   0.0000000
 95.9126861  21.3184137  87.8969586  -0.1929000   0.9812000   0.0000000   0.8597577   0.0000000
 95.6927226  22.8523081 111.2391487  -0.1916000   0.9815000   0.0000000  -0.1312667   0.0000000
 95.7027209  22.5123315  44.8069844  -0.1921000   0.9814000   0.0000000   0.6184165   0.0000000
 95.7767086  21.8003805 115.8606361  -0.1929000   0.9812000   0.0000000   0.7790810   0.0000000
 96.1986387  20.3584798 146.1741881  -0.1928000   0.9812000   0.0000000  -0.7900320   0.0000000
 96.1286503  19.7525215  79.6754419  -0.1943000   0.9810000   0.0000000   2.0974813   0.0000000
 95.5687431  22.9623005  83.2166972  -0.1922000   0.9814000   0.0000000   0.2703772   0.0000000
 95.9986719  22.0363643 122.6439062  -0.1911000   0.9816000   0.0000000  -2.7570808   0.0000000
 96.7925403  19.1965598 743.1475727  -0.1915000   0.9815000   0.0000000  -0.0128849   0.0000000
 96.4605953  18.7105932 -10.6355137  -0.1941000   0.9810000   0.0000000   0.0140016   0.0000000
 96.3966059  18.9385776   3.3061752  -0.1941000   0.9810000   0.0000000  -0.1791608   0.0000000
 95.4967550  22.9463016  68.8246220  -0.1927000   0.9813000   0.0000000   0.2730913   0.0000000
 95.6887232  23.7842439 134.9345110  -0.1898000   0.9818000   0.0000000  -0.0049972   0.0000000
 97.0804926  21.6603902 611.7697510  -0.1851000   0.9827000   0.0000000  -0.0842853   0.0000000
 96.1206516  19.8585142 172.7833910  -0.1941000   0.9810000   0.0000000   2.4864602   0.0000000
 95.5707428  22.6063250  48.3827394  -0.1928000   0.9812000   0.0000000  -0.0577865   0.0000000
 95.7847073  22.4243376  39.2176976  -0.1918000   0.9814000   0.0000000   0.2048153   0.0000000
 95.9206848  21.4764028  98.5372559  -0.1926000   0.9813000   0.0000000   1.0546792   0.0000000
 96.8445317  20.9024423 1018.7740299  -0.1880000   0.9822000   0.0000000  -0.1993994   0.0000000
 96.1286503  19.9125105 514.9000962  -0.1940000   0.9810000   0.0000000   1.5842767   0.0000000
 96.1466473  20.2504872 155.3865291  -0.1933000   0.9811000   0.0000000  -1.2456864   0.0000000
 95.6927226  22.8683070 103.1791256  -0.1915000   0.9815000   0.0000000   0.3015788   0.0000000
 95.7547123  22.5843266  65.0982230  -0.1916000   0.9815000   0.0000000   0.3889692   0.0000000
 96.0166689  20.2424878 335.2887028   0.0000000  -1.0000000   0.0000000   1.6139507   0.0000000
 95.5827408  23.9582320 795.4159416  -0.1902000   0.9817000   0.0000000   0.3615141   0.0000000
 97.4744273  18.0606380 626.7295987  -0.1899000   0.9818000   0.0000000   0.4941265   0.0000000
 95.9746758  20.6864572 144.5588295  -0.1936000   0.9811000   0.0000000   1.5868957   0.0000000
 96.4066043  18.8285851   0.2355928  -0.1942000   0.9810000   0.0000000  -0.4117704   0.0000000
 95.7887066  22.8663071 147.6788464  -0.1909000   0.9816000   0.0000000   0.3079795   0.0000000
 97.8723614  21.6283924 1155.8307193  -0.1803000   0.9836000   0.0000000  -0.1402135   0.0000000
 96.6885575  17.0647066 -36.6103174  -0.1955000   0.9807000   0.0000000  -0.5298408   0.0000000
 96.0346659  21.1244271  85.3019882  -0.1925000   0.9813000   0.0000000  -1.5213863   0.0000000
 95.8346990  22.7803131 114.4399274  -0.1908000   0.9816000   0.0000000   0.3299174   0.0000000
 96.5985725  18.4906084 -22.2519081  -0.1937000   0.9811000   0.0000000  -0.0203764   0.0000000
 96.2666275  20.0285025 127.4832287  -0.1930000   0.9812000   0.0000000  -0.5738156   0.0000000
 96.2046377  19.5865329  53.0591213  -0.1941000   0.9810000   0.0000000  -1.4479944   0.0000000
 95.5007544  24.0862232 482.9645835  -0.1906000   0.9817000   0.0000000  -0.3777970   0.0000000
 95.8526960  22.6183242 110.4506425  -0.1909000   0.9816000   0.0000000   0.5933245   0.0000000
 95.4707593  23.6782512 125.7082645  -0.1915000   0.9815000   0.0000000   0.0260202   0.0000000
 96.1666440  20.5584660 131.3772741  -0.1927000   0.9813000   0.0000000  -0.8127832   0.0000000
 95.7627110  22.7043183  98.4506256  -0.1914000   0.9815000   0.0000000   0.1351811   0.0000000
 96.0526629  21.6663897  34.4794929  -0.1914000   0.9815000   0.0000000  -1.1653235   0.0000000
 95.8546957  22.8923053 117.3737965  -0.1904000   0.9817000   0.0000000   0.2957316   0.0000000
 96.7485476  17.2846914 -35.6989305  -0.1949000   0.9808000   0.0000000  -0.2589173   0.0000000
 96.0126695  20.5764648 154.2128140  -0.1935000   0.9811000   0.0000000   1.8138125   0.0000000
 95.7187182  23.5642591 146.9759317  -0.1901000   0.9818000   0.0000000   0.0768046   0.0000000
 95.6167351  22.9782994  97.8424803  -0.1918000   0.9814000   0.0000000  -0.1706105   0.0000000
 95.5427474  23.3742722 135.7224354  -0.1916000   0.9815000   0.0000000   0.3557408   0.0000000
 96.3766092  23.5042632 169.5254642  -0.1857000   0.9826000   0.0000000   0.3331145   0.0000000
 97.3244522  21.5004012 671.5725205  -0.1839000   0.9829000   0.0000000   0.4477905   0.0000000
 96.2926231  19.8125174  78.6901683  -0.1932000   0.9812000   0.0000000  -0.5731179   0.0000000
 95.5967385  22.8863058  82.0709855  -0.1921000   0.9814000   0.0000000   0.2938409   0.0000000
 97.9743445  18.4186133 659.8876899  -0.1867000   0.9824000   0.0000000  -0.0126448   0.0000000
 96.6025718  18.2306263 -20.8832643  -0.1941000   0.9810000   0.0000000  -0.2238161   0.0000000
 96.4805920  18.0586381   5.3906332  -0.1950000   0.9808000   0.0000000  -0.0880705   0.0000000
 96.2486304  21.6523907  55.8693069  -0.1902000   0.9817000   0.0000000  -0.4835463   0.0000000
 95.9546791  21.1024286 112.1015569  -0.1930000   0.9812000   0.0000000   1.1069896   0.0000000
 96.3306169  18.8985803  17.1254095  -0.1945000   0.9809000   0.0000000  -1.2735350   0.0000000
 95.6327325  23.1182898 139.0301064  -0.1915000   0.9815000   0.0000000   0.2240182   0.0000000
 96.3286172  19.5465357  41.8881745  -0.1934000   0.9811000   0.0000000  -0.3599142   0.0000000
 95.7727093  22.8103110 132.5253734  -0.1911000   0.9816000   0.0000000   0.3201383   0.0000000
 98.2423001  20.1224960 1161.2912739  -0.1816000   0.9834000   0.0000000  -0.2428641   0.0000000
 96.2606285  20.2544870 143.0173950  -0.1926000   0.9813000   0.0000000  -0.4253466   0.0000000
 95.9026878  22.5423294  98.8193548  -0.1908000   0.9816000   0.0000000   0.6140263   0.0000000
 95.8826911  21.6043940 101.8597898  -0.1926000   0.9813000   0.0000000   0.8148978   0.0000000
 95.9986719  21.9583696  59.5043349  -0.1912000   0.9815000   0.0000000  -2.5259213   0.0000000
 96.3966059  19.3645482 110.8767650  -0.1934000   0.9811000   0.0000000  -0.3695656   0.0000000
 95.9386818  21.9043734  20.0016145  -0.1917000   0.9815000   0.0000000   1.6347139   0.0000000
 95.8866904  22.2203516  55.6629597  -0.1915000   0.9815000   0.0000000   0.9108616   0.0000000
 96.1386487  20.0205031 171.9814229  -0.1937000   0.9811000   0.0000000  -1.2047544   0.0000000
 96.0486636  20.2004907 296.1726669  -0.1940000   0.9810000   0.0000000   1.6148744   0.0000000
 95.8386984  23.3022771 160.4095108  -0.1897000   0.9818000   0.0000000   0.1704089   0.0000000
 96.3406152  19.5765336 126.2357436  -0.1933000   0.9811000   0.0000000  -0.3595638   0.0000000
 96.4046046  18.8365846  -4.5466703  -0.1942000   0.9810000   0.0000000  -0.4144542   0.0000000
 96.2346328  19.5625346  50.0754609  -0.1939000   0.9810000   0.0000000  -1.2311305   0.0000000
 95.7607113  22.9982981 160.8083977  -0.1908000   0.9816000   0.0000000   0.4833511   0.0000000
 95.5187514  23.3722723 133.4966281  -0.1918000   0.9814000   0.0000000   0.1368229   0.0000000
 95.7827076  22.4783338  51.2516791  -0.1917000   0.9815000   0.0000000   0.6285371   0.0000000
 96.2306334  19.9425084  70.2438968  -0.1933000   0.9811000   0.0000000  -0.7902780   0.0000000
 95.8306997  21.1204273 151.6415833   0.0000000  -1.0000000   0.0000000   0.2304992   0.0000000
 95.8187017  23.3902711 214.1916742  -0.1897000   0.9818000   0.0000000   0.1404191   0.0000000
 95.6827242  24.0882230 625.9326349  -0.1893000   0.9819000   0.0000000   0.5319255   0.0000000
 95.6307328  23.6902504 133.0537847  -0.1904000   0.9817000   0.0000000   0.0948277   0.0000000
 96.1586454  19.9225098 111.8366266  -0.1938000   0.9810000   0.0000000  -1.4441514   0.0000000
 95.8746924  22.3683414  60.5874709  -0.1913000   0.9815000   0.0000000   0.8744918   0.0000000
 95.7087199  23.9282340 195.6522919  -0.1894000   0.9819000   0.0000000   0.1453084   0.0000000
 95.5467467  23.6602525 130.1686831  -0.1910000   0.9816000   0.0000000   0.2544891   0.0000000
 97.1844754  18.3486182 895.7890053  -0.1909000   0.9816000   0.0000000  -0.1137436   0.0000000
 95.9866738  21.5943947  63.3370873  -0.1920000   0.9814000   0.0000000   0.1420627   0.0000000
 95.9866738  20.5544663 207.8636520  -0.1938000   0.9810000   0.0000000   1.5970660   0.0000000
 96.0806583  21.0524320  84.8478087  -0.1923000   0.9813000   0.0000000  -1.5132371   0.0000000
 95.8187017  23.0202965 123.5295511  -0.1904000   0.9817000   0.0000000   0.4780733   0.0000000
 95.4967550  24.1402194 267.8968176  -0.1905000   0.9817000   0.0000000  -0.8102402   0.0000000
 96.5705771  21.6623900 653.8717091  -0.1882000   0.9821000   0.0000000  -0.2929895   0.0000000
 98.0603302  22.2263512 1029.8774649  -0.1778000   0.9841000   0.0000000   0.1209219   0.0000000
 95.7847073  21.9563698  27.4072412  -0.1926000   0.9813000   0.0000000   0.7486526   0.0000000
 96.0106699  21.1964221 109.0676880  -0.1925000   0.9813000   0.0000000  -0.2178252   0.0000000
 95.9146858  22.2903468  62.4826370  -0.1912000   0.9816000   0.0000000   1.1137178   0.0000000
 96.2346328  19.2245579  78.2426418  -0.1945000   0.9809000   0.0000000   1.2685497   0.0000000
 95.6127358  23.4122696 152.9363593  -0.1911000   0.9816000   0.0000000   0.1264112   0.0000000
 95.6307328  23.5202621 166.0622684  -0.1907000   0.9816000   0.0000000   0.3081301   0.0000000
 96.6285675  18.1386326 -19.4435759  -0.1941000   0.9810000   0.0000000   0.0721712   0.0000000
 96.1266507  23.8342405 199.8957443  -0.1867000   0.9824000   0.0000000   0.2093361   0.0000000
 95.9786752  20.8904432 135.1205260  -0.1932000   0.9812000   0.0000000   1.5581594   0.0000000
 97.5444157  22.9043045 771.3448323  -0.1794000   0.9838000   0.0000000  -0.5775318   0.0000000
 97.6623962  24.3202070 1847.6076653  -0.1752000   0.9845000   0.0000000  -0.1750254   0.0000000
 96.5505804  22.9523012 1607.5029274  -0.1857000   0.9826000   0.0000000  -0.1626904   0.0000000
 95.8027043  22.3043458  48.9435903  -0.1918000   0.9814000   0.0000000   0.6711643   0.0000000
 96.2486304  19.2905533  43.4939243  -0.1943000   0.9809000   0.0000000  -1.2421939   0.0000000
 95.4967550  23.7342474 149.6167958  -0.1913000   0.9815000   0.0000000   0.2249552   0.0000000
 96.1486470  20.8624451  98.5441529  -0.1922000   0.9813000   0.0000000  -1.0460022   0.0000000
 95.7467136  21.5843954 200.9327181  -0.1935000   0.9811000   0.0000000   0.8179135   0.0000000
 95.4387646  24.0002291 331.4621420  -0.1912000   0.9816000   0.0000000  -0.7551264   0.0000000
 96.0986553  21.5943947  35.8321451  -0.1913000   0.9815000   0.0000000  -1.5483949   0.0000000
 95.8646941  21.8903743  19.7611162  -0.1922000   0.9814000   0.0000000   0.8222623   0.0000000
 95.8946891  22.3043458  53.3842880  -0.1913000   0.9815000   0.0000000   0.8914573   0.0000000
 96.6085708  17.5366741 -37.4617034  -0.1952000   0.9808000   0.0000000  -0.8452856   0.0000000
 95.7647106  22.6983187 103.3321299  -0.1914000   0.9815000   0.0000000   0.0413650   0.0000000
 95.6747255  23.5642591 145.2020568  -0.1904000   0.9817000   0.0000000   0.2897748   0.0000000
 95.9326828  21.6563904  54.2066855  -0.1922000   0.9814000   0.0000000   1.2434803   0.0000000
 96.1806417  21.0264338 103.1750660  -0.1918000   0.9814000   0.0000000  -0.6365437   0.0000000
 95.8207013  23.6902504 137.2609770  -0.1891000   0.9820000   0.0000000   0.0346701   0.0000000
 96.2166357  19.8585142  58.2628911  -0.1936000   0.9811000   0.0000000  -1.0080757   0.0000000
 96.4625950  18.2086278   9.1897672  -0.1949000   0.9808000   0.0000000  -0.0525788   0.0000000
 95.9686768  21.7023873  34.2413427  -0.1919000   0.9814000   0.0000000   1.2357577   0.0000000
 96.4965894  18.3086209 -17.6849111  -0.1945000   0.9809000   0.0000000  -0.0394693   0.0000000
 95.9626778  22.1863540  47.3252676  -0.1910000   0.9816000   0.0000000   1.7864983   0.0000000
 95.8207013  21.7443844  86.8883719  -0.1927000   0.9813000   0.0000000   0.7783772   0.0000000
 95.8227010  21.2664173 119.8294989  -0.1935000   0.9811000   0.0000000   0.6486185   0.0000000
 96.3106202  18.9625759  26.5322792  -0.1945000   0.9809000   0.0000000  -1.0479615   0.0000000
 96.0306666  20.9524389 119.4180187  -0.1928000   0.9812000   0.0000000  -0.6267069   0.0000000
 95.4647603  23.7122489 153.2208275  -0.1915000   0.9815000   0.0000000   0.2130699   0.0000000
 98.1843097  21.7023873 1019.8440504  -0.1783000   0.9840000   0.0000000  -0.1303514   0.0000000
 95.6827242  22.4883332  39.0542143  -0.1923000   0.9813000   0.0000000  -0.2508249   0.0000000
 96.0886569  20.7324540 114.1690024  -0.1928000   0.9812000   0.0000000  -1.6997873   0.0000000
 96.2866241  19.6345296  35.1301832  -0.1935000   0.9811000   0.0000000  -1.0288168   0.0000000
 98.4022736  18.7345916 584.1187057  -0.1838000   0.9830000   0.0000000   0.9727482   0.0000000
 96.0186685  21.0084350 133.3480654  -0.1928000   0.9812000   0.0000000   1.5549715   0.0000000
 95.6727259  23.5062631 153.9525675  -0.1905000   0.9817000   0.0000000   0.0957760   0.0000000
 96.3966059  18.8085865  -6.0435911  -0.1943000   0.9809000   0.0000000  -0.5918789   0.0000000
 96.7185526  23.7762445 179.4192603  -0.1829000   0.9831000   0.0000000  -0.0106496   0.0000000
 95.9966722  21.3364125  74.0507576  -0.1924000   0.9813000   0.0000000   1.5130616   0.0000000
 95.8366987  22.7763133 107.4181227  -0.1908000   0.9816000   0.0000000   0.3310812   0.0000000
 95.4947554  23.8602387 263.0797198  -0.1910000   0.9816000   0.0000000   0.3152345   0.0000000
 95.9286835  21.5623969  70.2402732  -0.1924000   0.9813000   0.0000000   1.0407408   0.0000000
 95.6347322  22.5883263  57.7772813  -0.1924000   0.9813000   0.0000000  -0.2778935   0.0000000
 96.2046377  19.3365502  82.7482719   0.0000000  -1.0000000   0.0000000   2.0433228   0.0000000
 96.5125867  18.4726096  -8.2748292  -0.1942000   0.9810000   0.0000000  -0.0175779   0.0000000
 96.1126530  20.4704721 159.2515803  -0.1931000   0.9812000   0.0000000  -1.4622211   0.0000000
 95.9306831  20.7064558 154.5748806  -0.1938000   0.9810000   0.0000000   1.1484836   0.0000000
 95.8087033  22.7403158 121.0472417  -0.1910000   0.9816000   0.0000000   0.3405910   0.0000000
 95.6927226  22.7363161 100.9350867  -0.1918000   0.9814000   0.0000000   0.3392613   0.0000000
 96.2086371  20.2564868 115.2759272  -0.1929000   0.9812000   0.0000000  -0.7974297   0.0000000
 96.0846576  20.3984770 197.8929911  -0.1934000   0.9811000   0.0000000  -1.6762216   0.0000000
 95.9126861  21.3004149  89.7076342  -0.1929000   0.9812000   0.0000000   0.8623241   0.0000000
 98.6482328  19.0145723 1192.5794262  -0.1819000   0.9833000   0.0000000   0.0973307   0.0000000
 98.6002408  17.8886498 324.1582602  -0.1846000   0.9828000   0.0000000   0.1551847   0.0000000
 96.1126530  20.1564937 135.3750283  -0.1937000   0.9811000   0.0000000   0.3023423   0.0000000
 95.9306831  22.1663553  36.3974573  -0.1913000   0.9815000   0.0000000   1.5568135   0.0000000
 95.8107030  23.3322751 174.9995737  -0.1899000   0.9818000   0.0000000   0.3784285   0.0000000
 96.2426314  19.2885535  64.7073296  -0.1944000   0.9809000   0.0000000  -1.3854984   0.0000000
 96.7265512  16.8187235 -38.6957415   0.0000000  -1.0000000   0.0000000  -0.3819680   0.0000000
 95.9326828  22.5903261  35.0247673  -0.1905000   0.9817000   0.0000000   0.6019779   0.0000000
 96.0106699  20.8684447 125.8254857  -0.1931000   0.9812000   0.0000000   2.0074444   0.0000000
 95.9806748  20.8744443 133.9002355  -0.1932000   0.9812000   0.0000000   1.5695267   0.0000000
 96.7665446  16.7947251 -38.0390842  -0.1955000   0.9807000   0.0000000  -0.1737674   0.0000000
 96.6485642  17.1826984 -37.0623064   0.0000000  -1.0000000   0.0000000  -0.1908373   0.0000000
 98.8661967  17.1347017 1033.1202324  -0.1849000   0.9827000   0.0000000   0.3249516   0.0000000
 95.7767086  22.4023391  35.0589274  -0.1918000   0.9814000   0.0000000   0.4287168   0.0000000
 95.8386984  21.4704032 134.2478931  -0.1931000   0.9812000   0.0000000   0.6257612   0.0000000
 95.7147189  21.7483841 113.3941113  -0.1934000   0.9811000   0.0000000   0.7884376   0.0000000
 96.6165695  17.5686719 -37.2197119  -0.1951000   0.9808000   0.0000000  -1.0576167   0.0000000
 96.2366324  19.3265508  42.4524640  -0.1943000   0.9809000   0.0000000  -1.3563775   0.0000000
 96.1866407  24.0482258 597.2083775  -0.1859000   0.9826000   0.0000000  -0.3546683   0.0000000
 95.5447471  23.3842715 142.3226991  -0.1916000   0.9815000   0.0000000   0.2363799   0.0000000
 95.9026878  22.2883469  70.7572975  -0.1912000   0.9815000   0.0000000   0.9111589   0.0000000
 96.1126530  20.4484736 156.8199657  -0.1932000   0.9812000   0.0000000  -1.4609017   0.0000000
 96.2606285  20.3704790 190.7417343  -0.1924000   0.9813000   0.0000000  -0.3682243   0.0000000
 96.0706599  20.2924843 219.0541395  -0.1937000   0.9811000   0.0000000   2.0481172   0.0000000
 98.2083057  20.4384743 432.2354414  -0.1811000   0.9835000   0.0000000  -0.5648364   0.0000000
 95.7427143  22.6923191  90.7439410  -0.1915000   0.9815000   0.0000000  -0.0849798   0.0000000
 95.6507295  23.2902780 156.2269724  -0.1910000   0.9816000   0.0000000   0.1688655   0.0000000
 96.1106533  20.7064558 116.2338669  -0.1927000   0.9812000   0.0000000  -1.2604547   0.0000000
 96.3026215  19.4885397  27.8664677  -0.1937000   0.9811000   0.0000000  -0.7981938   0.0000000
 96.1926397  19.9845055  95.8623965  -0.1935000   0.9811000   0.0000000  -1.0083897   0.0000000
 95.7407146  23.0462947 166.5880031  -0.1909000   0.9816000   0.0000000   0.2520261   0.0000000
 95.8426977  21.2744167 108.4411552  -0.1934000   0.9811000   0.0000000   0.6474535   0.0000000
 95.8007047  21.5303991 167.0055432  -0.1932000   0.9812000   0.0000000   0.7758778   0.0000000
 95.9306831  21.6943878  55.6477223  -0.1921000   0.9814000   0.0000000   1.0180213   0.0000000
 96.5685774  17.6606655 -31.1742537  -0.1952000   0.9808000   0.0000000   0.0592820   0.0000000
 95.8726927  22.5783270  85.9761697  -0.1909000   0.9816000   0.0000000   0.6042081   0.0000000
 95.8107030  23.5422606 199.2048640  -0.1895000   0.9819000   0.0000000   0.3063580   0.0000000
 95.9846742  21.9023735  52.7350974  -0.1914000   0.9815000   0.0000000  -1.8649809   0.0000000
 95.7647106  23.2682795 233.4270696  -0.1903000   0.9817000   0.0000000   0.3982900   0.0000000
 96.3206185  18.8985803  17.6556665  -0.1945000   0.9809000   0.0000000  -1.5287373   0.0000000
 95.8207013  22.6883194 116.9082169  -0.1910000   0.9816000   0.0000000   0.3551460   0.0000000
 95.5947388  23.7522461 151.8671482  -0.1906000   0.9817000   0.0000000   0.1863499   0.0000000
 96.2246344  19.6425291  39.3643032  -0.1939000   0.9810000   0.0000000  -0.7913042   0.0000000
 95.9306831  21.8543768  14.2749233  -0.1918000   0.9814000   0.0000000   0.9882942   0.0000000
 96.0326662  22.0663622  16.6038594  -0.1908000   0.9816000   0.0000000  -1.9072007   0.0000000
 95.6207345  23.1302890 130.3401231  -0.1915000   0.9815000   0.0000000   0.2766542   0.0000000
 95.9126861  23.0202965  83.1383452  -0.1898000   0.9818000   0.0000000   0.2615998   0.0000000
 98.3102888  19.5145379 820.2258921  -0.1826000   0.9832000   0.0000000   0.1699520   0.0000000
 96.2326331  19.8665137  59.1590077  -0.1935000   0.9811000   0.0000000  -0.7899212   0.0000000
 96.0406649  21.6183931  37.1288665  -0.1916000   0.9815000   0.0000000  -1.3789952   0.0000000
 96.1626447  20.4904707 137.8081424  -0.1928000   0.9812000   0.0000000  -1.0270038   0.0000000
 96.1866407  20.9564386 119.8348694  -0.1919000   0.9814000   0.0000000  -0.4102666   0.0000000
 95.9306831  21.8383779  21.7635744  -0.1919000   0.9814000   0.0000000   1.2101283   0.0000000
 96.1606450  19.5985321  47.0043537  -0.1943000   0.9809000   0.0000000   2.3081145   0.0000000
 96.4106036  19.2005595   4.6529666  -0.1936000   0.9811000   0.0000000  -0.3984812   0.0000000
 95.6327325  23.5042632 174.7548714  -0.1908000   0.9816000   0.0000000   0.3138440   0.0000000
 95.7787083  21.6443913 248.9854039  -0.1932000   0.9812000   0.0000000   0.5889133   0.0000000
 95.9066871  21.1364262 119.2427802  -0.1932000   0.9812000   0.0000000   1.1030843   0.0000000
 95.6987216  24.0982223 852.7035091  -0.1892000   0.9819000   0.0000000   0.4886456   0.0000000
 96.1306500  20.3404810 168.7097529  -0.1933000   0.9811000   0.0000000  -1.4554821   0.0000000
 95.8087033  22.1323577  72.0801809  -0.1921000   0.9814000   0.0000000   0.7110519   0.0000000
 95.4787580  23.7902435 254.2611125  -0.1913000   0.9815000   0.0000000   0.2030072   0.0000000
 96.3046212  19.9245097 535.9224552  -0.1930000   0.9812000   0.0000000  -0.3561071   0.0000000
 96.0066705  20.3024836 322.8326475   0.0000000  -1.0000000   0.0000000   1.3927711   0.0000000
 96.1066540  21.1224272  73.7482903  -0.1920000   0.9814000   0.0000000  -1.0843645   0.0000000
 95.7147189  22.3883400  36.9558703  -0.1923000   0.9813000   0.0000000  -0.0063370   0.0000000
 96.1946394  20.5264682 146.9337035  -0.1926000   0.9813000   0.0000000  -0.5924875   0.0000000
 95.8466970  22.0403640  38.7653438  -0.1920000   0.9814000   0.0000000   0.9500895   0.0000000
 96.1246510  20.7684516 106.4154296  -0.1926000   0.9813000   0.0000000  -1.0472708   0.0000000
 95.7607113  21.4924017 179.3049580  -0.1935000   0.9811000   0.0000000   0.6145110   0.0000000
 96.4206019  18.7225924  -7.7001159  -0.1943000   0.9809000   0.0000000  -0.2059906   0.0000000
 95.6467302  23.1462879 150.7692977  -0.1913000   0.9815000   0.0000000   0.0201759   0.0000000
 95.7907063  22.1903537  56.8987049  -0.1921000   0.9814000   0.0000000   0.6978580   0.0000000
 95.8926894  22.4103385  54.1068465  -0.1911000   0.9816000   0.0000000   1.0846468   0.0000000
 95.7787083  21.7683827 114.5248025  -0.1930000   0.9812000   0.0000000   0.7851393   0.0000000
 95.6787249  21.9883676  18.2557825  -0.1932000   0.9812000   0.0000000   0.7405716   0.0000000
 96.4785923  18.2826227 -10.1115306  -0.1947000   0.9809000   0.0000000  -0.2300184   0.0000000
 95.5907395  22.3863402  34.1949297  -0.1931000   0.9812000   0.0000000   0.4293890   0.0000000
 95.7147189  22.1703551  25.2078209  -0.1927000   0.9813000   0.0000000   0.4826561   0.0000000
 95.9766755  22.6563216 242.1670766  -0.1901000   0.9818000   0.0000000  -0.2898663   0.0000000
 96.3046212  19.2245579  23.0087154  -0.1941000   0.9810000   0.0000000  -0.8104231   0.0000000
 96.6165695  18.2926220 -22.0059965  -0.1939000   0.9810000   0.0000000   0.1693751   0.0000000
 95.5827408  22.9882987  90.2057100  -0.1921000   0.9814000   0.0000000   0.2628914   0.0000000
 96.4665943  18.1746301  19.1055593  -0.1949000   0.9808000   0.0000000   0.3753172   0.0000000
 95.6167351  23.9482327 418.9480759  -0.1900000   0.9818000   0.0000000   0.1734505   0.0000000
 96.2306334  20.3464806 163.0188709  -0.1927000   0.9813000   0.0000000  -0.5831739   0.0000000
 97.6743942  24.2002153 1241.6286209  -0.1754000   0.9845000   0.0000000  -0.2592722   0.0000000
 95.9146858  20.8984426 159.4400957  -0.1936000   0.9811000   0.0000000   1.1615272   0.0000000
 95.5067534  23.9382333 303.6217717  -0.1908000   0.9816000   0.0000000  -0.0622342   0.0000000
 96.1186520  21.7823818  27.6433255  -0.1908000   0.9816000   0.0000000  -0.9666613   0.0000000
 96.3286172  19.3985459  50.9543394  -0.1937000   0.9811000   0.0000000  -0.5839178   0.0000000
 96.2486304  19.7445221  41.1091316  -0.1936000   0.9811000   0.0000000  -0.7907652   0.0000000
 96.2806251  19.8245166  72.9207631  -0.1933000   0.9811000   0.0000000  -0.7740566   0.0000000
 95.5667434  23.6462534 140.4581759  -0.1909000   0.9816000   0.0000000   0.2604088   0.0000000
 97.7703783  18.9965736 517.2264063  -0.1866000   0.9824000   0.0000000   0.0545216   0.0000000
 95.6947222  22.0243651  38.4508451  -0.1930000   0.9812000   0.0000000   0.5144159   0.0000000
 96.4605953  19.3685479 627.5781820  -0.1930000   0.9812000   0.0000000   0.0652968   0.0000000
 95.5847404  22.7823129  69.6500483  -0.1924000   0.9813000   0.0000000   0.3236837   0.0000000
 96.0706599  20.0565006 315.9544232  -0.1941000   0.9810000   0.0000000   2.0561311   0.0000000
 96.2046377  19.3525491  88.4993253   0.0000000  -1.0000000   0.0000000   2.2708220   0.0000000
 96.2706268  20.0625002 191.4410200  -0.1929000   0.9812000   0.0000000  -0.5745832   0.0000000
 96.0766589  22.1783545  22.7072002  -0.1903000   0.9817000   0.0000000  -1.4844768   0.0000000
 95.9346825  22.3643417  61.4834519  -0.1909000   0.9816000   0.0000000   1.3008211   0.0000000
 96.1766424  20.4864710 142.2605567  -0.1927000   0.9813000   0.0000000  -0.8083094   0.0000000
 96.1666440  21.1124279  95.8853368  -0.1917000   0.9815000   0.0000000  -0.6463539   0.0000000
 95.8766921  21.0064352 148.8406160  -0.1937000   0.9811000   0.0000000   0.8628726   0.0000000
 95.8486967  23.5582595 192.9061826  -0.1892000   0.9819000   0.0000000   0.3018766   0.0000000
 96.0106699  21.7403847  25.3586250  -0.1915000   0.9815000   0.0000000  -1.6894171   0.0000000
 95.9466805  21.4284061  84.5978112  -0.1925000   0.9813000   0.0000000   0.8433485   0.0000000
 95.7207179  23.3782719 183.3535546  -0.1904000   0.9817000   0.0000000   0.3600788   0.0000000
 95.6807245  24.1922159 830.0411078  -0.1891000   0.9820000   0.0000000  -0.6633697   0.0000000
 95.4827573  23.5402607 157.7716530  -0.1917000   0.9815000   0.0000000   0.2955062   0.0000000
 96.2966225  20.0305024 328.7892391  -0.1928000   0.9812000   0.0000000  -0.3560318   0.0000000
 96.0386652  20.7824506 119.8419703  -0.1931000   0.9812000   0.0000000   1.5567368   0.0000000
 96.0006715  21.4144071  66.4930421  -0.1922000   0.9814000   0.0000000  -0.8007882   0.0000000
 95.8047040  23.7682450 187.5651880  -0.1891000   0.9820000   0.0000000   0.2186945   0.0000000
 96.3986056  19.4865398 173.6501922  -0.1932000   0.9812000   0.0000000  -0.3646567   0.0000000
 95.6967219  23.8442398 142.9419353  -0.1897000   0.9818000   0.0000000  -0.0275044   0.0000000
 96.2866241  19.0625690  58.7543721  -0.1945000   0.9809000   0.0000000  -1.2577890   0.0000000
 96.0446642  20.9564386 115.1345494  -0.1927000   0.9813000   0.0000000  -1.6350088   0.0000000
 96.1626447  20.8044491 103.1114535  -0.1923000   0.9813000   0.0000000  -0.8324025   0.0000000
 96.4126033  19.4805402 206.4913623  -0.1931000   0.9812000   0.0000000  -0.3654572   0.0000000
 96.0386652  20.3544801 229.9644823  -0.1938000   0.9810000   0.0000000   2.0306356   0.0000000
 95.8766921  21.8963739  13.9104402  -0.1921000   0.9814000   0.0000000   0.7610708   0.0000000
 97.3064552  18.1886292 1238.8022444  -0.1905000   0.9817000   0.0000000  -0.1699561   0.0000000
 96.1946394  19.7885190  45.1014792  -0.1938000   0.9810000   0.0000000  -1.5481760   0.0000000
 95.7347156  23.6502532 172.4176512  -0.1898000   0.9818000   0.0000000   0.2610914   0.0000000
 96.0746593  21.7803819  29.8903279  -0.1911000   0.9816000   0.0000000  -1.4037458   0.0000000
 95.6087365  22.8983049  83.0307595  -0.1920000   0.9814000   0.0000000   0.2906207   0.0000000
 98.6702292  19.0465701 1150.8851901  -0.1817000   0.9834000   0.0000000  -0.1226175   0.0000000
 96.0666606  20.4124761 218.2121531  -0.1935000   0.9811000   0.0000000   2.0421214   0.0000000
 97.6843925  22.8663071 970.6615167  -0.1786000   0.9839000   0.0000000  -0.1342368   0.0000000
 95.8287000  21.6203929 153.1431334  -0.1929000   0.9812000   0.0000000   0.8120298   0.0000000
 95.8326994  23.4682657 198.4324813  -0.1895000   0.9819000   0.0000000   0.3281754   0.0000000
 95.7807080  23.7362472 140.6436120  -0.1893000   0.9819000   0.0000000   0.1914452   0.0000000
 95.5887398  22.4203378  35.3167763  -0.1930000   0.9812000   0.0000000   0.4208625   0.0000000
 95.8147023  21.6103936 202.4056941  -0.1930000   0.9812000   0.0000000   0.6029179   0.0000000
 95.6867235  24.0802236 730.3650841  -0.1893000   0.9819000   0.0000000   0.3165898   0.0000000
 96.6725602  17.1127033 -37.3234460  -0.1955000   0.9807000   0.0000000  -0.0775751   0.0000000
 95.6047371  23.2222826 149.0330127  -0.1915000   0.9815000   0.0000000   0.2172868   0.0000000
 96.1986387  19.3545489  85.4092816   0.0000000  -1.0000000   0.0000000   2.2711329   0.0000000
 96.3846079  18.9165791   1.6227932  -0.1942000   0.9810000   0.0000000  -0.6179858   0.0000000
 96.3926066  19.0845675   1.8491419  -0.1939000   0.9810000   0.0000000  -0.3860923   0.0000000
 95.8946891  21.9083731  19.9076395  -0.1920000   0.9814000   0.0000000   1.1962940   0.0000000
 96.2986222  19.4865398  25.1868040  -0.1937000   0.9811000   0.0000000  -0.5842330   0.0000000
 98.2203037  18.5886016 1394.8536533  -0.1850000   0.9827000   0.0000000  -0.1184164   0.0000000
 96.2766258  19.6945255  36.6971584  -0.1935000   0.9811000   0.0000000  -0.5885763   0.0000000
 95.4567617  23.7122489 194.1384459  -0.1916000   0.9815000   0.0000000   0.0127737   0.0000000
 96.4365993  18.8225855  -8.7474860  -0.1940000   0.9810000   0.0000000  -0.1918918   0.0000000
 95.7607113  23.3562734 320.9422757  -0.1902000   0.9818000   0.0000000   0.3689403   0.0000000
 96.2766258  19.5345365  28.7590820  -0.1938000   0.9810000   0.0000000  -0.6838408   0.0000000
 95.4767583  24.0622248 281.7524113  -0.1908000   0.9816000   0.0000000  -0.1219174   0.0000000
 97.7743776  20.0904982 434.4102353  -0.1843000   0.9829000   0.0000000  -0.0182492   0.0000000
 96.1766424  19.7345228  57.4123797  -0.1940000   0.9810000   0.0000000  -1.2259332   0.0000000
 95.9406815  22.4283373  49.0439557  -0.1907000   0.9816000   0.0000000   1.5183113   0.0000000
 95.8826911  22.6683208  65.5700513  -0.1907000   0.9817000   0.0000000   0.3616803   0.0000000
 95.5347487  23.4882643 134.6447645  -0.1915000   0.9815000   0.0000000   0.0975095   0.0000000
 95.7547123  23.0742928 180.2862372  -0.1907000   0.9816000   0.0000000   0.2411630   0.0000000
 95.6707262  22.8923053 104.0985685  -0.1916000   0.9815000   0.0000000   0.2940030   0.0000000
 95.6487298  24.1562183 982.6842800  -0.1894000   0.9819000   0.0000000   0.0651195   0.0000000
 95.9066871  22.4343369  73.4733360  -0.1909000   0.9816000   0.0000000   1.0789032   0.0000000
 96.2146361  19.8965116  63.4323427  -0.1935000   0.9811000   0.0000000  -0.9833115   0.0000000
 95.9026878  21.9343713  29.8793925  -0.1919000   0.9814000   0.0000000   1.1910554   0.0000000
 96.4246013  18.4806091   6.2754173  -0.1946000   0.9809000   0.0000000  -0.2301709   0.0000000
 95.9506798  20.8064490 139.5442653  -0.1935000   0.9811000   0.0000000   1.1532437   0.0000000
 95.7087199  22.7183173  98.1071642  -0.1917000   0.9815000   0.0000000   0.3446218   0.0000000
 95.5627441  23.0182967  86.9073588  -0.1921000   0.9814000   0.0000000   0.2531267   0.0000000
 95.4087696  24.1422193 229.2632113  -0.1911000   0.9816000   0.0000000  -0.1519655   0.0000000
 96.2426314  19.8645138  58.7134626  -0.1934000   0.9811000   0.0000000  -0.7614639   0.0000000
 95.9446808  21.4724031  83.1078601  -0.1924000   0.9813000   0.0000000   1.0552701   0.0000000
 95.4647603  24.1022221 426.5431031  -0.1908000   0.9816000   0.0000000  -0.1398596   0.0000000
 96.1606450  19.6085314  48.0783538  -0.1943000   0.9809000   0.0000000   2.5384388   0.0000000
 96.6025718  17.5986698 -36.2952004  -0.1951000   0.9808000   0.0000000  -0.3938346   0.0000000
 96.0726596  21.0704308  84.5343034  -0.1924000   0.9813000   0.0000000  -1.5152543   0.0000000
 95.5907395  24.0542254 768.2958241  -0.1900000   0.9818000   0.0000000   0.1110347   0.0000000
 96.4146029  19.5545351 230.1711116  -0.1930000   0.9812000   0.0000000  -0.3631340   0.0000000
 95.7067202  23.2782788 195.2813046  -0.1907000   0.9817000   0.0000000   0.3091899   0.0000000
 95.7387149  23.6622523 150.6228788  -0.1897000   0.9818000   0.0000000   0.2608754   0.0000000
 95.6107361  22.6523219  52.9071062  -0.1925000   0.9813000   0.0000000   0.3605733   0.0000000
 95.6027375  23.9642316 812.8328271  -0.1901000   0.9818000   0.0000000   0.5782303   0.0000000
 95.7587116  23.1762858 243.7412404  -0.1905000   0.9817000   0.0000000   0.2091620   0.0000000
 96.1346493  22.0263650  32.2794435  -0.1902000   0.9817000   0.0000000  -1.0142651   0.0000000
 95.9206848  21.4664035  99.4477290  -0.1926000   0.9813000   0.0000000   1.0562532   0.0000000
 96.0706599  20.0724995 285.3411965  -0.1940000   0.9810000   0.0000000   1.8124036   0.0000000
 95.5727424  24.0522255 360.4863869  -0.1901000   0.9818000   0.0000000   0.1575692   0.0000000
 96.0866573  20.1524940 140.0508841  -0.1938000   0.9810000   0.0000000   2.0484481   0.0000000
 96.1846410  20.5804645 128.3243638  -0.1925000   0.9813000   0.0000000  -0.6118660   0.0000000
 95.9986719  20.7504528 133.5182080  -0.1933000   0.9811000   0.0000000   1.5812366   0.0000000
 95.7767086  23.0882919 161.4524047  -0.1906000   0.9817000   0.0000000   0.2373813   0.0000000
 95.5687431  22.9003048  73.8491712  -0.1923000   0.9813000   0.0000000  -0.0798599   0.0000000
 97.6843925  24.3762032 1352.8388446  -0.1749000   0.9846000   0.0000000  -0.1591350   0.0000000
 95.6287332  23.6182554 134.3783020  -0.1906000   0.9817000   0.0000000   0.2727517   0.0000000
 95.7487133  23.7502463 137.2695039  -0.1895000   0.9819000   0.0000000   0.0099762   0.0000000
 96.7005556  17.0127101 -36.8548986  -0.1955000   0.9807000   0.0000000   0.5490290   0.0000000
 95.8846907  22.0923604  33.4446136  -0.1917000   0.9815000   0.0000000   1.1580350   0.0000000
 96.0746593  20.0904982 266.5881253  -0.1940000   0.9810000   0.0000000   1.6399269   0.0000000
 96.1866407  20.2444876 120.6240769  -0.1931000   0.9812000   0.0000000  -1.0151438   0.0000000
 95.8806914  23.3302752 158.1426369  -0.1894000   0.9819000   0.0000000   0.3810159   0.0000000
 96.0206682  21.5044009  46.6238789  -0.1919000   0.9814000   0.0000000  -1.3562467   0.0000000
 95.6107361  23.7742446 161.3400275  -0.1904000   0.9817000   0.0000000  -0.0042351   0.0000000
 96.0606616  20.7784509 114.2640447  -0.1929000   0.9812000   0.0000000  -2.1410913   0.0000000
 96.3906069  19.3985459 117.8321834  -0.1933000   0.9811000   0.0000000  -0.3674457   0.0000000
 95.8227010  23.0642935 128.1989730  -0.1903000   0.9817000   0.0000000   0.2303907   0.0000000
 96.2406318  23.4622661 106.7322458  -0.1867000   0.9824000   0.0000000   0.3450660   0.0000000
 96.2586288  20.4104762 204.5319659  -0.1924000   0.9813000   0.0000000  -0.5871100   0.0000000
 96.3706102  18.5266059 171.0838303   0.0000000  -1.0000000   0.0000000   0.6537048   0.0000000
 95.8546957  22.7463154  89.9989952  -0.1907000   0.9817000   0.0000000   0.5585573   0.0000000
 96.0566622  20.9724375 111.8868420  -0.1926000   0.9813000   0.0000000  -1.5039645   0.0000000
 96.2966225  19.5625346  29.8642492  -0.1936000   0.9811000   0.0000000  -0.5769819   0.0000000
 95.6647272  22.2443500  33.7377819  -0.1928000   0.9812000   0.0000000   0.6669217   0.0000000
 95.9506798  21.1984220  96.2486710  -0.1929000   0.9812000   0.0000000   1.0948215   0.0000000
 96.1586454  20.9084419  98.2606903  -0.1921000   0.9814000   0.0000000  -0.8423724   0.0000000
 96.2306334  20.6164620 173.2368979  -0.1922000   0.9814000   0.0000000  -0.3971137   0.0000000
 96.0086702  21.5104005  54.2975982  -0.1920000   0.9814000   0.0000000  -1.3571658   0.0000000
 96.1626447  20.3644794 146.1360289  -0.1930000   0.9812000   0.0000000  -1.0199102   0.0000000
 96.0086702  20.5024699 202.8992786  -0.1937000   0.9811000   0.0000000   1.6002381   0.0000000
 96.2906235  19.1025663  54.4579403  -0.1944000   0.9809000   0.0000000  -1.5605588   0.0000000
 98.2962911  19.0785679 959.1109865  -0.1836000   0.9830000   0.0000000   0.1360155   0.0000000
 96.2246344  20.1384949  96.3943229  -0.1931000   0.9812000   0.0000000  -0.7938516   0.0000000
 96.0146692  23.4642660  71.8792686  -0.1882000   0.9821000   0.0000000  -0.3169748   0.0000000
 96.0946560  20.1204962 171.9283716  -0.1938000   0.9810000   0.0000000   2.2666783   0.0000000
 96.0226679  21.0744305 113.1940337  -0.1926000   0.9813000   0.0000000  -0.8589597   0.0000000
 96.0806583  20.1704927 137.9767151  -0.1938000   0.9810000   0.0000000   1.8354263   0.0000000
 96.1926397  20.1164965 108.4310050  -0.1933000   0.9811000   0.0000000  -0.8082853   0.0000000
 95.8506964  21.4304060 141.7822863  -0.1931000   0.9812000   0.0000000   0.8253228   0.0000000
 96.3186188  19.1445634  23.3386266  -0.1942000   0.9810000   0.0000000  -1.0347648   0.0000000
 95.8846907  21.1964221 108.6442489  -0.1933000   0.9811000   0.0000000   0.8766872   0.0000000
 95.8087033  23.0522943 127.3557285  -0.1904000   0.9817000   0.0000000   0.2493055   0.0000000
 95.8926894  21.6543906  83.0104155  -0.1924000   0.9813000   0.0000000   1.0250223   0.0000000
