***_llt_enu_de
# lon lat elevation(km) e n u displacement(m) error
# Data from ASF (Sentinel-1), processed at USTC by Xin Wang and Xiaohua Xu, April 18, 2025
# Contact: xinw11@mail.ustc.edu.cn, xiaohua-xu@ustc.edu.cn

 95.6547288  22.3103454  32.1204082  -0.5094147  -0.1000898   0.8546804   0.0141937   0.0000000
 96.1926397  20.6204618 137.5770073  -0.5285830  -0.1036395   0.8425312   0.0041488   0.0000000
 95.4987547  23.9222344 269.7789222  -0.5281153  -0.1027012   0.8429393  -0.0033072   0.0000000
 95.9086868  21.4504046 103.3405659  -0.5171421  -0.1015510   0.8498538  -0.0153037   0.0000000
 97.8663624  17.2846914  63.5546429  -0.6204165  -0.1196801   0.7750871  -0.1881157   0.0000000
 95.7847073  22.5483290  68.2814935  -0.5278632  -0.1030011   0.8430606  -0.0182926   0.0000000
 95.8047040  22.0323646  63.4393436  -0.5189242  -0.1016977   0.8487493  -0.0550059   0.0000000
 95.9286835  22.0603626  43.0368213  -0.5320766  -0.1038004   0.8403094  -0.1534659   0.0000000
 95.5087530  23.8082423 287.5355368  -0.5267451  -0.1025156   0.8438188  -0.0072690   0.0000000
 95.6107361  23.7022496 184.5665738  -0.5345926  -0.1037589   0.8387161   0.0106947   0.0000000
 95.9866738  20.7264545 138.5729026  -0.5095315  -0.1004716   0.8545660  -0.0080631   0.0000000
 95.6147355  23.6442536 135.3908212  -0.5337825  -0.1036475   0.8392457  -0.0106710   0.0000000
 95.7787083  23.9442329 152.4019895  -0.5556080  -0.1068838   0.8245457  -0.0109606   0.0000000
 95.8326994  22.4103385  34.3841474  -0.5297419  -0.1033348   0.8418404  -0.0539212   0.0000000
 95.8406980  21.9303716  19.5170755  -0.5204012  -0.1019609   0.8478128  -0.1257499   0.0000000
 95.9086868  22.5723274  54.2555567  -0.5406362  -0.1050060   0.8346773  -0.0168569   0.0000000
 96.1286503  20.6884571 115.8654556  -0.5234867  -0.1027861   0.8458113   0.0718104   0.0000000
 95.8147023  23.0742928 132.2565656  -0.5417014  -0.1050288   0.8339835  -0.0352452   0.0000000
 95.8087033  21.2244202 139.5582675   0.0000000   0.0000000   1.0000000  -0.0549085   0.0000000
 96.8545300  22.6403227 1149.5505809  -0.6265180  -0.1175531   0.7704910   0.0515430   0.0000000
 95.9846742  20.8464462 132.8804469  -0.5119457  -0.1008436   0.8530780  -0.0137289   0.0000000
 96.1526463  20.9064421  98.2707981  -0.5305147  -0.1038725   0.8412875   0.0706718   0.0000000
 95.5687431  22.8783063  73.3388012  -0.5128947  -0.1005295   0.8525449  -0.0540627   0.0000000
 95.7367153  23.9682313 204.5294569  -0.5521563  -0.1063608   0.8269286  -0.0457340   0.0000000
 96.6645615  18.6765956  -4.6828189  -0.5356094  -0.1053832   0.8378645  -0.1675683   0.0000000
 96.3246178  19.2205581  15.9741271  -0.5120872  -0.1012721   0.8529424  -0.0716981   0.0000000
 95.9486801  21.1644243 102.6027046  -0.5151196  -0.1012895   0.8511124   0.0233983   0.0000000
 95.4367650  24.0442260 247.1854459  -0.5244808  -0.1021060   0.8452777  -0.0023967   0.0000000
 95.5467467  22.7683139  62.0296885  -0.5082095  -0.0997965   0.8554319  -0.0195350   0.0000000
 95.5707428  23.0202965  94.4625924  -0.5161659  -0.1010231   0.8505099  -0.0528090   0.0000000
 95.7367153  24.1642178 1311.0706316  -0.5566068  -0.1069904   0.8238580   0.0250103   0.0000000
 95.5347487  24.0062287 328.1497781  -0.5334528  -0.1035078   0.8394726   0.1027884   0.0000000
 96.0286669  20.7764510 122.9373213  -0.5150278  -0.1013706   0.8511583  -0.0421161   0.0000000
 95.5007544  23.3182760 112.3132248  -0.5154206  -0.1008382   0.8509837  -0.0474434   0.0000000
 95.6987216  22.1163588  33.8207292  -0.5097684  -0.1001900   0.8544578  -0.0214449   0.0000000
 96.2426314  19.1605623  61.4391479   0.0000000   0.0000000   1.0000000   0.1038751   0.0000000
 96.9645118  17.8466527  23.7017076  -0.5485740  -0.1078306   0.8291195  -0.0456768   0.0000000
 97.7963740  18.0066417 331.6823754  -0.6267774  -0.1202316   0.7698665   0.0730321   0.0000000
 96.6125701  17.4266816 -36.3713151  -0.5030563  -0.1001821   0.8584276  -0.0301109   0.0000000
 96.2546294  19.1265646  91.6704880  -0.0000000  -0.0000000   1.0000000   0.1395095   0.0000000
 95.6987216  22.0843610  68.7670199  -0.5090799  -0.1000853   0.8548805  -0.0575138   0.0000000
 96.1426480  20.5184688 142.4917751  -0.5212884  -0.1024707   0.8472061   0.0357750   0.0000000
 96.0746593  21.4204067  49.2850518  -0.5333620  -0.1041848   0.8394465   0.0628014   0.0000000
 95.6247338  22.8403089  80.8381612  -0.5178287  -0.1013301   0.8494620  -0.0541308   0.0000000
 96.3246178  19.0465701  20.7586408  -0.5082335  -0.1006624   0.8553162  -0.1041414   0.0000000
 95.5367484  23.5902573 139.3775925  -0.5248890  -0.1022743   0.8450038  -0.0463313   0.0000000
 96.2546294  19.3325504  30.5026746  -0.5071242  -0.1004023   0.8560049  -0.0435920   0.0000000
 95.9386818  21.4904019  91.8780833  -0.5210803  -0.1021827   0.8473689  -0.0235947   0.0000000
 95.8806914  22.4783338  79.1455173  -0.5359851  -0.1043042   0.8377593  -0.0172691   0.0000000
 95.7867070  21.6183931 275.1981547  -0.5082017  -0.1000480   0.8554072  -0.0313241   0.0000000
 95.5747421  22.9703000  85.8483545  -0.5154769  -0.1009241   0.8509394  -0.0173453   0.0000000
 95.9706765  22.7883125  27.5708796  -0.5509931  -0.1065438   0.8276805  -0.0159503   0.0000000
 95.8207013  23.4522668 174.9998711  -0.5498904  -0.1061741   0.8284610   0.0212725   0.0000000
 96.0086702  20.7604521 127.0578124  -0.5125874  -0.1009706   0.8526776  -0.0071157   0.0000000
 96.5885741  17.5946701 -40.4779634  -0.5042154  -0.1003409   0.8577287  -0.0025002   0.0000000
 95.6627275  22.1763546  27.7570053  -0.5073279  -0.0997783   0.8559572  -0.0567967   0.0000000
 96.0886569  20.7064558 112.2182943  -0.5197268  -0.1021633   0.8482020   0.1054327   0.0000000
 96.1726430  20.2804852 132.9346666  -0.5192674  -0.1021995   0.8484790   0.0432681   0.0000000
 96.4306003  18.9885741   4.3061183  -0.5181518  -0.1023596   0.8491415  -0.1249400   0.0000000
 95.7947057  22.1343575  68.1709447  -0.5200810  -0.1018597   0.8480214  -0.0191499   0.0000000
 95.6287332  22.7783132  83.2266921  -0.5169197  -0.1011987   0.8500311  -0.0186747   0.0000000
 95.7327159  22.4383366  39.0203599  -0.5202353  -0.1018101   0.8479328  -0.0194172   0.0000000
 95.7667103  22.0143658 101.2505381  -0.5146523  -0.1010099   0.8514282  -0.0559962   0.0000000
 95.7487133  24.0162280 380.5148483  -0.5543094  -0.1066725   0.8254466   0.0621898   0.0000000
 95.3467799  23.9642316 201.3854161  -0.5136292  -0.1004173   0.8521158  -0.0024044   0.0000000
 97.2664618  17.3126895 -10.4357565  -0.5672708  -0.1111429   0.8159969   0.0399960   0.0000000
 95.9326828  21.6323921  64.7955256  -0.5234730  -0.1025338   0.8458503  -0.2306461   0.0000000
 95.7607113  21.8523769  82.6202611  -0.5104938  -0.1003685   0.8540037  -0.0564874   0.0000000
 95.7307163  22.9703000 135.0132394  -0.5312908  -0.1034344   0.8408515  -0.0167895   0.0000000
 95.8986884  22.6083249  76.8954639  -0.5403848  -0.1049568   0.8348463  -0.0170171   0.0000000
 95.7947057  22.7403158 122.5528533  -0.5328652  -0.1037423   0.8398168  -0.0534950   0.0000000
 96.0206682  20.4484736 185.6141931  -0.5070362  -0.1001212   0.8560900  -0.1117155   0.0000000
 95.7767086  21.9303716  25.2649169  -0.5138175  -0.1008923   0.8519461  -0.0558886   0.0000000
 96.4785923  18.0966355   8.0665656  -0.5035976  -0.1001058   0.8581191  -0.1019303   0.0000000
 95.7027209  22.2943465  31.8451213  -0.5140439  -0.1008454   0.8518152  -0.0565180   0.0000000
 96.2286338  20.7544525 310.1138893  -0.5351139  -0.1046652   0.8382710   0.0402304   0.0000000
 95.6767252  23.8702380 145.0967266  -0.5444326  -0.1052215   0.8321788   0.0201339   0.0000000
 95.8426977  23.4542667 224.2386179  -0.5520561  -0.1065029   0.8269771   0.0210224   0.0000000
 96.3146195  19.5785335  42.9872397  -0.5188498  -0.1023163   0.8487203  -0.0077955   0.0000000
 96.6845582  17.1067037 -36.9621094  -0.5036786  -0.1003741   0.8580402  -0.0458949   0.0000000
 95.7327159  24.1142212 605.7717508  -0.5548506  -0.1067283   0.8250757  -0.0610213   0.0000000
 95.6647272  22.5063319  43.7878089  -0.5147267  -0.1009075   0.8513954   0.0158245   0.0000000
 96.4725933  18.2066279   2.2301950  -0.5054182  -0.1003926   0.8570145  -0.1055319   0.0000000
 96.2186354  20.4664724 181.8186439  -0.5279869  -0.1035862   0.8429114   0.0076098   0.0000000
 95.9946725  20.3764786 274.9337566  -0.0000000  -0.0000000   1.0000000  -0.1479460   0.0000000
 98.1003236  16.7947251 -26.1439308  -0.6315304  -0.1216970   0.7657409  -0.0999390   0.0000000
 96.0686603  21.3244133  60.0646803  -0.5307784  -0.1037964   0.8411306   0.0992265   0.0000000
 95.7347156  22.0043665  49.9990501  -0.5110639  -0.1004268   0.8536558  -0.0209235   0.0000000
 95.7527126  24.1642178 958.5729844  -0.5579004  -0.1071745   0.8229585   0.0633255   0.0000000
 95.5647438  23.5882574 136.4075007  -0.5276515  -0.1027076   0.8432289  -0.0107084   0.0000000
 96.4785923  18.0406394   4.2434671  -0.0000000  -0.0000000   1.0000000  -0.1004194   0.0000000
 96.3406152  19.4905396  50.8778135  -0.5196534  -0.1024749   0.8482094  -0.0756718   0.0000000
 97.2684615  17.5006765 -12.9594234  -0.5710946  -0.1116926   0.8132502   0.1917068   0.0000000
 95.6047371  22.3643417  34.1675232  -0.5053466  -0.0994144   0.8571706  -0.0234942   0.0000000
 96.0606616  20.7944498 115.1370501  -0.5187369  -0.1019780   0.8488301   0.1031525   0.0000000
 97.6364005  23.9362335 744.5288837  -0.7004086  -0.1254572   0.7026296   0.0240396   0.0000000
 95.4867567  23.8682382 242.4146031  -0.5257941  -0.1023519   0.8444315   0.0299375   0.0000000
 96.0266672  22.3743410  28.5921725  -0.5481201  -0.1062296   0.8296261   0.1284002   0.0000000
 95.5567451  23.1322888 123.5097113  -0.5171699  -0.1011590   0.8498836  -0.0516921   0.0000000
 95.6447305  22.4763340  41.8501753  -0.5119919  -0.1004721   0.8530942  -0.0203809   0.0000000
 95.6687265  22.6203241  63.1434731  -0.5175992  -0.1013442   0.8496001   0.0188847   0.0000000
 95.8546957  22.0063663  89.6395570  -0.5234954  -0.1024422   0.8458475  -0.1256657   0.0000000
 96.8425320  17.7986560 -33.7471004  -0.5353085  -0.1056180   0.8380272  -0.0152008   0.0000000
 95.8287000  22.1263581  53.4044801  -0.5233757  -0.1023918   0.8459278  -0.0196452   0.0000000
 95.8446974  21.4444050 144.0316772  -0.5103768  -0.1004436   0.8540648  -0.0177402   0.0000000
 95.9306831  21.4444050  90.6630188  -0.5192800  -0.1019012   0.8485072  -0.0144575   0.0000000
 95.8786917  21.8143796  32.9020194  -0.5218328  -0.1022216   0.8469010  -0.0530195   0.0000000
 96.1046543  20.5444670 151.2097415  -0.5179384  -0.1019109   0.8493255   0.0382582   0.0000000
 96.0106699  20.7524527 130.5220496  -0.5126344  -0.1009803   0.8526483  -0.0085783   0.0000000
 95.9666772  20.9924361 127.8843316  -0.5132381  -0.1010220   0.8522800  -0.0107925   0.0000000
 97.6923912  19.1265646 617.7078953  -0.6367097  -0.1210217   0.7615474   0.1608875   0.0000000
 96.3166192  19.9265095 436.5022088  -0.5267036  -0.1035326   0.8437205  -0.1367841   0.0000000
 95.7767086  23.1282891 200.1461435  -0.5391294  -0.1046166   0.8357002  -0.0159477   0.0000000
 95.4427640  23.9102353 223.0072837  -0.5222351  -0.1017854   0.8467055  -0.1030225   0.0000000
 95.9606782  22.3763409  33.7576088  -0.5417330  -0.1052341   0.8339372  -0.1240070   0.0000000
 96.1866407  19.7085245  49.2173295  -0.5082152  -0.1004949   0.8553467   0.0881848   0.0000000
 95.5347487  23.8582388 293.5895836  -0.5303907  -0.1030708   0.8414643  -0.0428723   0.0000000
 96.0346659  20.6004631 150.1024201  -0.5118198  -0.1008825   0.8531491  -0.0403282   0.0000000
 95.6187348  22.8863058  86.0710719  -0.5182055  -0.1013798   0.8492262  -0.0537943   0.0000000
 95.9766755  21.9123728  50.5745644  -0.5337893  -0.1041141   0.8391837  -0.1224941   0.0000000
 95.5387481  23.5162624 138.6920370  -0.5235273  -0.1020779   0.8458719  -0.0113213   0.0000000
 95.8686934  22.5923260  93.3744092  -0.5371515  -0.1044557   0.8369930  -0.0172986   0.0000000
 96.0626613  21.8263787  25.6147890  -0.5405248  -0.1052069   0.8347241   0.0956922   0.0000000
 96.3386155  19.3185514  22.9223149  -0.5156990  -0.1018567   0.8506936  -0.0724474   0.0000000
 95.9426811  21.9363712  31.6124933  -0.5308927  -0.1036453   0.8410771  -0.1796747   0.0000000
 97.7543809  18.9705753 867.3869527  -0.6392708  -0.1214965   0.7593230  -0.2896213   0.0000000
 95.4787580  23.4642660 122.2927293  -0.5163116  -0.1009483   0.8504304  -0.0115610   0.0000000
 96.2566291  19.5425360  28.1768837  -0.5119590  -0.1011677   0.8530316   0.0153671   0.0000000
 96.4485973  18.7445909  -9.7811733  -0.5147336  -0.1018467   0.8512794  -0.1216674   0.0000000
 96.2986222  19.6125312  31.6385718  -0.5178987  -0.1021478   0.8493214  -0.0320365   0.0000000
 96.2406318  19.5685342  41.5221235  -0.5108585  -0.1009758   0.8537139  -0.0114022   0.0000000
 96.0406649  20.1664930 207.2488382  -0.5029000  -0.0994918   0.8585994   0.0326867   0.0000000
 96.2146361  19.3105519  70.8744683   0.0000001   0.0000000   1.0000000  -0.1223431   0.0000000
 96.1346493  20.0784991 150.3273485  -0.5109087  -0.1008584   0.8536978   0.0514402   0.0000000
 95.8326994  22.8563078 149.8413949  -0.5390410  -0.1046780   0.8357496  -0.0259202   0.0000000
 96.2666275  19.8845124 109.8353348  -0.5204886  -0.1025078   0.8476932  -0.0164722   0.0000000
 95.6247338  23.2102835 141.8980534  -0.5257228  -0.1024972   0.8444583  -0.0483067   0.0000000
 97.6004064  22.1763546 713.4397162  -0.6750792  -0.1240440   0.7272421   0.0628606   0.0000000
 95.7647106  22.9603007 154.3105409  -0.5344644  -0.1039349   0.8387761  -0.0167731   0.0000000
 97.6044058  20.9464393 1185.4936524  -0.6581168  -0.1228031   0.7428336   0.0500487   0.0000000
 95.4887564  24.1202208 240.0357369  -0.5312356  -0.1031356   0.8409232   0.0336224   0.0000000
 96.4885907  18.1546315   3.9206066  -0.5059789  -0.1005027   0.8566706  -0.0664358   0.0000000
 95.5987381  23.5062631 144.7781024  -0.5293365  -0.1029913   0.8421376  -0.0119563   0.0000000
 96.2846245  20.0205031 160.4918637  -0.5252768  -0.1032655   0.8446422  -0.0174748   0.0000000
 96.4585956  18.3486182  -3.8686148  -0.5070745  -0.1006414   0.8560063  -0.0748125   0.0000000
 96.4905903  18.1326330   8.9390447  -0.5057168  -0.1004630   0.8568301  -0.0656179   0.0000000
 95.7827076  21.4664035 172.8195210  -0.5043728  -0.0994479   0.8577402  -0.0201822   0.0000000
 96.1946394  20.2184894 113.0928311  -0.5202013  -0.1023706   0.8478861   0.0127337   0.0000000
 95.7007212  21.9843679  18.4405634  -0.5070537  -0.0997748   0.8561200  -0.0219141   0.0000000
 95.6227342  24.1062218 629.2174886  -0.5442335  -0.1051354   0.8323199   0.0302548   0.0000000
 96.4026049  18.6165997  -1.3507171  -0.5070403  -0.1005670   0.8560354  -0.0872182   0.0000000
 95.6687265  24.1482189 1496.7292452  -0.5499644  -0.1060071   0.8284333  -0.1142101   0.0000000
 96.2306334  19.8785128  61.0321023  -0.5165557  -0.1018531   0.8501742   0.0169869   0.0000000
 95.8366987  21.1164276 154.1881679   0.0000000   0.0000000   1.0000000  -0.0174994   0.0000000
 95.8966888  22.2163519  48.8188644  -0.5321006  -0.1037617   0.8402991  -0.0170234   0.0000000
 95.5287497  23.3162762 120.3690876  -0.5182414  -0.1012879   0.8492153  -0.0495996   0.0000000
 95.8067037  23.3282753 193.6161033  -0.5460938  -0.1056323   0.8310376  -0.0151241   0.0000000
 95.7027209  23.4442673 174.5123494  -0.5383164  -0.1044031   0.8362508  -0.0134831   0.0000000
 95.9606782  21.9563698  40.2658489  -0.5331079  -0.1039933   0.8396317  -0.1589790   0.0000000
 95.7347156  23.6362541 167.7022662  -0.5453153  -0.1054232   0.8315751  -0.0123992   0.0000000
 95.6287332  23.1342887 140.6336534  -0.5245310  -0.1023278   0.8452196  -0.0515113   0.0000000
 96.0486636  21.5183999  40.5310620  -0.5328010  -0.1040670   0.8398174   0.0254131   0.0000000
 96.0686603  21.7623831  29.6752131  -0.5398073  -0.1051125   0.8352003   0.0603005   0.0000000
 96.3586122  18.8525835   3.3622978  -0.5075768  -0.1005991   0.8557135   0.0389049   0.0000000
 95.4627607  23.7122489 152.0017240  -0.5200337  -0.1014828   0.8480956  -0.0332191   0.0000000
 96.0406649  21.8343782  28.3205682  -0.5385273  -0.1048885   0.8360543   0.0950854   0.0000000
 95.6007378  22.8583077  83.6034611  -0.5157560  -0.1009940   0.8507620  -0.0182184   0.0000000
 95.4287663  24.0722241 241.4152466  -0.5242720  -0.1020669   0.8454118  -0.0017764   0.0000000
 95.6027375  24.1442192 523.1005406  -0.5429935  -0.1049344   0.8331547  -0.0033119   0.0000000
 96.4905903  18.5666032 -12.7568330  -0.5152635  -0.1019853   0.8509421  -0.0771140   0.0000000
 96.0426646  21.0584316  89.6793685  -0.5225414  -0.1025326   0.8464263   0.1720092   0.0000000
 95.9886735  20.8584454 143.1546961  -0.5126507  -0.1009575   0.8526411  -0.0235815   0.0000000
 96.5405821  18.1886292 -11.3891664  -0.5122849  -0.1015789   0.8527871  -0.0616408   0.0000000
 95.9346825  21.6523907  57.6847741  -0.5241136  -0.1026323   0.8454416  -0.2664952   0.0000000
 97.8523647  21.5084006 1028.4338874  -0.6834920  -0.1255783   0.7190750  -0.0675120   0.0000000
 95.7567120  23.4642660 231.8934996  -0.5440182  -0.1052758   0.8324429  -0.0138827   0.0000000
 96.3226182  19.7505217  58.4909747  -0.5233665  -0.1030229   0.8458568  -0.0819643   0.0000000
 95.7947057  22.3983394  39.1426396  -0.5257001  -0.1026947   0.8444484  -0.0185831   0.0000000
 96.2486304  20.6204618 218.2309785  -0.5342669  -0.1045665   0.8388234   0.0430698   0.0000000
 97.4944240  22.1123590 597.2021397  -0.6666448  -0.1230582   0.7351472   0.0301803   0.0000000
 96.3446145  18.9045799   9.9327938  -0.5072309  -0.1005270   0.8559270  -0.0991919   0.0000000
 98.3542815  19.0145723 1081.0034479  -0.6841972  -0.1276773   0.7180339   0.1569083   0.0000000
 95.7367153  22.0963601  69.8663417  -0.5133035  -0.1007713   0.8522703  -0.0565305   0.0000000
 95.7447139  22.7763133 127.3694158  -0.5286474  -0.1030680   0.8425609  -0.0177533   0.0000000
 96.2446311  19.7685204  43.9817783  -0.5156530  -0.1017304   0.8507367  -0.0166290   0.0000000
 95.6547288  23.8682382 146.1790698  -0.5422698  -0.1048928   0.8336312   0.0201168   0.0000000
 96.2986222  19.4485424  19.0058371  -0.5143267  -0.1015909   0.8515558  -0.0782646   0.0000000
 96.1686437  20.9204411 109.6705886  -0.5324086  -0.1041755   0.8400527   0.0712687   0.0000000
 97.5144207  21.1584247 1276.7400165  -0.6546252  -0.1222025   0.7460110   0.0356954   0.0000000
 95.7147189  24.0082285 230.8421576  -0.5508684  -0.1061562   0.8278133  -0.0089143   0.0000000
 95.8566954  23.2922778 168.3200107  -0.5501593  -0.1062632   0.8282710  -0.0062309   0.0000000
 95.9206848  22.9563009  70.9619680  -0.5495510  -0.1062712   0.8286738  -0.0166956   0.0000000
 95.8866904  21.8323783  29.2666863  -0.5230244  -0.1024095   0.8461428  -0.0528143   0.0000000
 96.0546626  21.0284337  94.9128825  -0.5231353  -0.1026376   0.8460467   0.1281266   0.0000000
 95.7087199  23.3522737 177.1917029  -0.5370245  -0.1042282   0.8371028  -0.0144553   0.0000000
 95.7667103  24.1522186 1047.6498836  -0.5590345  -0.1073480   0.8221658   0.2080647   0.0000000
 96.7925403  23.3922709 223.2057769  -0.6331090  -0.1179809   0.7650186  -0.2843130   0.0000000
 96.2166357  19.6705272  40.1373864  -0.5105554  -0.1008989   0.8539043  -0.0167260   0.0000000
 96.1566457  20.7004563 116.4447604  -0.5265723  -0.1032882   0.8438324   0.0389615   0.0000000
 96.3226182  18.7985872  26.0161589  -0.2046326  -0.0406183   0.9425002  -0.0632720   0.0000000
 98.2822935  21.3324127 821.9675203  -0.7090811  -0.1286718   0.6932875  -0.5778333   0.0000000
 95.7487133  21.6483910 197.5859032  -0.5048072  -0.0994807   0.8574808  -0.0212920   0.0000000
 96.0146692  21.6063939  31.0197275  -0.5312371  -0.1037911   0.8408416   0.0955449   0.0000000
 95.8866904  22.6143245  92.1360977  -0.5393623  -0.1047956   0.8355275  -0.0171156   0.0000000
 95.7287166  23.7402470 129.8758477  -0.5468131  -0.1056202   0.8305659   0.0244385   0.0000000
 96.2246344  20.1904914 112.7359437  -0.5227169  -0.1027945   0.8462862  -0.0240677   0.0000000
 96.1906400  20.8284474 121.9029847  -0.5327156  -0.1042520   0.8398486   0.0374372   0.0000000
 96.2286338  19.4145448  44.3310833  -0.5061842  -0.1002228   0.8565822   0.0586233   0.0000000
 96.3246178  18.7685893  75.7218172   0.0000000   0.0000000   1.0000000  -0.0624455   0.0000000
 96.4585956  18.5286058  -1.6219692  -0.5110499  -0.1012766   0.8535637  -0.0793893   0.0000000
 95.8306997  21.7843816  67.0611639  -0.5162724  -0.1013275   0.8504091  -0.0184892   0.0000000
 96.1526463  20.3624795 150.3723908  -0.5189645  -0.1021280   0.8486729   0.0409944   0.0000000
 95.8746924  21.2824162 100.3509416  -0.5099320  -0.1004069   0.8543347  -0.0161896   0.0000000
 95.5547454  23.4902642 150.6069054  -0.5246086  -0.1022543   0.8451804  -0.0117603   0.0000000
 96.2346328  20.2904845 149.5218065  -0.5258881  -0.1032905   0.8442587   0.0111062   0.0000000
 95.7047206  23.4482671 173.2424179  -0.5386109  -0.1044474   0.8360557  -0.0134708   0.0000000
 96.6625619  17.2446942 -36.9644502  -0.5043907  -0.1004627   0.8576114  -0.0535631   0.0000000
 96.5545797  18.4686099 -12.9677851  -0.5198490  -0.1027927   0.8480511  -0.1039359   0.0000000
 95.6907229  23.6782512 142.6009818  -0.5418831  -0.1048863   0.8338835  -0.0114025   0.0000000
 97.3984399  20.5104693 1331.1965625  -0.6357858  -0.1200571   0.7624714  -0.0466714   0.0000000
 95.9646775  21.5203998  73.3707691  -0.5243697  -0.1027084   0.8452736  -0.0494645   0.0000000
 95.9626778  22.1863540  47.3252676  -0.5380531  -0.1047119   0.8363817  -0.0517118   0.0000000
 95.6707262  23.6142556 146.2422120  -0.5386572  -0.1044088   0.8360306  -0.0116916   0.0000000
 95.7927060  22.6503220  97.4874311  -0.5307905  -0.1034386   0.8411670  -0.0178777   0.0000000
 96.0906566  21.5323990  37.5285894  -0.5372765  -0.1047784   0.8368724   0.0598258   0.0000000
 96.0626613  20.7484529 115.0417098  -0.5179483  -0.1018597   0.8493257   0.1396000   0.0000000
 95.9766755  21.7523838  38.0918018  -0.5304558  -0.1036258   0.8413550  -0.1215420   0.0000000
 96.3826082  19.4805402 110.5088379  -0.5238312  -0.1031771   0.8455502  -0.0867606   0.0000000
 95.5807411  22.8763065  72.5526121  -0.5140898  -0.1007223   0.8518021  -0.0541385   0.0000000
 95.4547620  23.8962362 209.6669736  -0.5231427  -0.1019304   0.8461276  -0.0409960   0.0000000
 96.0166689  21.0864297 117.6383239  -0.5204493  -0.1021837   0.8477564   0.1320304   0.0000000
 96.0126695  20.5364675 206.6302900  -0.5081568  -0.1002882   0.8554057  -0.0410654   0.0000000
 95.9346825  22.0163657  38.1632434  -0.5317578  -0.1037615   0.8405160  -0.1577107   0.0000000
 96.3806086  19.1365639  12.8099693  -0.5161451  -0.1019806   0.8504083  -0.0897561   0.0000000
 95.6467302  24.1462190 1077.0792135  -0.5475692  -0.1056381   0.8300654   0.0660401   0.0000000
 96.3666109  19.0405705  19.8103251  -0.5125685  -0.1014007   0.8526379  -0.1001906   0.0000000
 95.9146858  21.5683965  80.6312645  -0.5202754  -0.1020321   0.8478814  -0.0513717   0.0000000
 96.5125867  18.2406256  -7.4698430  -0.5104566  -0.1012510   0.8539218  -0.1020734   0.0000000
 96.3306169  19.6565281 114.6083793  -0.5222085  -0.1028572   0.8465924  -0.1155624   0.0000000
 95.7507129  22.6863195  91.5106124  -0.5273313  -0.1028817   0.8434080  -0.0181386   0.0000000
 95.6507295  22.5563285  50.9382104  -0.5143523  -0.1008358   0.8516301   0.0159382   0.0000000
 96.1426480  20.7664517 108.4421683  -0.5265509  -0.1032665   0.8438485   0.0357575   0.0000000
 95.5527457  24.1202208 531.7378534  -0.5376568  -0.1041283   0.8367093   0.1034693   0.0000000
 95.6227342  23.7702449 217.4886723  -0.5371941  -0.1041432   0.8370045   0.0188989   0.0000000
 95.7767086  22.1323577  54.3794781  -0.5181831  -0.1015536   0.8492192  -0.0476908   0.0000000
 95.7847073  21.3544112 149.7282706   0.0000000   0.0000000   1.0000000  -0.0560406   0.0000000
 95.5867401  23.0742928 101.7320312  -0.5189673  -0.1014584   0.8487515  -0.0522327   0.0000000
 96.3906069  19.2045592   9.2126967  -0.5186388  -0.1023823   0.8488414  -0.1015892   0.0000000
 95.6507295  23.7102490 129.7732677  -0.5386499  -0.1043811   0.8360388  -0.0105006   0.0000000
 96.3226182  19.1145654  23.8541538  -0.5095221  -0.1008643   0.8545254  -0.0697607   0.0000000
 96.0206682  20.6844574 137.1959955  -0.5122003  -0.1009249   0.8529156  -0.0058802   0.0000000
 96.3086205  18.9705753  22.7817863  -0.5048546  -0.1001046   0.8573803   0.0756037   0.0000000
 96.4246013  18.9385776   0.2905420  -0.5164366  -0.1020833   0.8502189  -0.0926059   0.0000000
 95.6287332  24.0162280 606.7460215  -0.5429956  -0.1049722   0.8331486   0.0223785   0.0000000
 95.9826745  20.7304542 133.3254756  -0.5092130  -0.1004174   0.8547623  -0.0146298   0.0000000
 95.9346825  20.9624382 143.7919903  -0.5092700  -0.1003725   0.8547335  -0.1030709   0.0000000
 96.1686437  19.7585211  57.6552389  -0.5073978  -0.1003446   0.8558496   0.1332124   0.0000000
 98.4402673  18.1566314 717.6450302  -0.6781992  -0.1275597   0.7237225   0.0148522   0.0000000
 95.5667434  23.3842715 132.5136321  -0.5235431  -0.1021115   0.8458581  -0.0423298   0.0000000
 96.0686603  21.1824231  74.1570865  -0.5277851  -0.1033523   0.8430665   0.1581827   0.0000000
 96.0666606  20.3344814 227.2274195  -0.5093980  -0.1005442   0.8546371  -0.1077825   0.0000000
 96.0886569  20.5504666 152.6467092  -0.5163854  -0.1016526   0.8503016   0.0710403   0.0000000
 95.5007544  23.6562528 135.0948464  -0.5226488  -0.1019069   0.8464356  -0.0091553   0.0000000
 96.4685940  18.2146274  10.1525103  -0.5051532  -0.1003449   0.8571762  -0.1061828   0.0000000
 96.3346162  20.2344883 200.4779690  -0.5348651  -0.1047787   0.8384156   0.0180555   0.0000000
 96.1066540  20.6124623 134.0345400  -0.5195953  -0.1021666   0.8482822   0.0714190   0.0000000
 95.8686934  22.6443224  82.8830800  -0.5382056  -0.1046060   0.8362968   0.0187042   0.0000000
 96.5265844  18.0566383   0.2552474  -0.5078840  -0.1008568   0.8555009  -0.0954100   0.0000000
 95.9846742  21.9323714  85.6615840  -0.5350279  -0.1043061   0.8383707   0.2010114   0.0000000
 98.6382345  17.6326675 425.9053050  -0.6845800  -0.1288564   0.7174581   0.0033458   0.0000000
 95.5107527  23.9902298 261.9848611  -0.5307242  -0.1030892   0.8412517  -0.0348347   0.0000000
 96.3106202  19.2645551  17.2435896  -0.5115621  -0.1011718   0.8532693  -0.0737717   0.0000000
 95.6327325  22.4683345  38.6854051  -0.5106022  -0.1002485   0.8539529   0.0156577   0.0000000
 95.6427308  22.8343093  82.3376215  -0.5195286  -0.1016034   0.8483907  -0.0269899   0.0000000
 95.6427308  22.7583146  76.9100814  -0.5179127  -0.1013626   0.8494069  -0.0546163   0.0000000
 96.9245184  22.6643210 1130.4046235  -0.6324365  -0.1183311   0.7655207   0.0156799   0.0000000
 96.1486470  19.9945049 176.9158888  -0.5105668  -0.1008222   0.8539066   0.0454192   0.0000000
 96.0686603  21.3624107  55.9733500  -0.5315632  -0.1039123   0.8406205   0.0989458   0.0000000
 95.8486967  23.0742928 106.6241417  -0.5449950  -0.1055366   0.8317707  -0.0346291   0.0000000
 95.7147189  23.2222826 371.9806277  -0.5350469  -0.1039597   0.8384016  -0.0151874   0.0000000
 96.3846079  18.9645758   4.3412470  -0.5128089  -0.1014612   0.8524861  -0.1669734   0.0000000
 96.4565960  18.8625828  -4.9345169  -0.5181307  -0.1023907   0.8491505  -0.0878284   0.0000000
 95.7187182  22.6863195  94.5170886  -0.5241170  -0.1023711   0.8454712  -0.0543596   0.0000000
 95.8626944  21.9463705  28.7365171  -0.5230157  -0.1023792   0.8461519  -0.0882950   0.0000000
 96.0766589  21.2184206  61.4884607  -0.5293360  -0.1035932   0.8420640   0.1003566   0.0000000
 95.7467136  22.0423639 131.8752050  -0.5132181  -0.1007707   0.8523218  -0.0564406   0.0000000
 96.3586122  19.5525353 175.7018163  -0.5229037  -0.1030030   0.8461455   0.0325279   0.0000000
 95.7927060  22.0903606 103.7985724  -0.5189519  -0.1016887   0.8487334  -0.0552095   0.0000000
 96.0126695  20.7704514 126.4290031  -0.5132345  -0.1010754   0.8522758  -0.0070797   0.0000000
 95.5867401  23.6442536 135.2302481  -0.5309923  -0.1032146   0.8410671  -0.0462548   0.0000000
 96.1406483  20.9884364  88.7806682  -0.5310115  -0.1039294   0.8409670   0.1040420   0.0000000
 95.8866904  21.1984220 106.9699920  -0.5093579  -0.1003317   0.8546859  -0.0154232   0.0000000
 97.7363839  23.9462328 728.8893419  -0.7067663  -0.1260813   0.6961213  -0.0914623   0.0000000
 95.9766755  21.0864297 106.8197952  -0.5163127  -0.1015051   0.8503634  -0.0108660   0.0000000
 96.2286338  20.4744718 195.6516707  -0.5291732  -0.1037784   0.8421435  -0.0278672   0.0000000
 95.8127027  22.4663347  53.2784822  -0.5289147  -0.1031892   0.8423784  -0.0540957   0.0000000
 96.2766258  19.7665205  40.6900349  -0.5189308  -0.1022791   0.8486754  -0.0550361   0.0000000
 97.8843594  18.4766094 396.0015551  -0.6414430  -0.1221180   0.7573891  -0.0575089   0.0000000
 95.7487133  22.5043321  47.7964771  -0.5232781  -0.1022816   0.8460015  -0.0189125   0.0000000
 95.4467633  24.0482258 249.9064951  -0.5255708  -0.1022749   0.8445799  -0.0025318   0.0000000
 95.5767418  23.5842577 146.0715394  -0.5287518  -0.1028807   0.8425183  -0.0108821   0.0000000
 95.7567120  22.9363023 142.0673901  -0.5331835  -0.1037404   0.8396150  -0.0169090   0.0000000
 95.8446974  21.9403709  21.6354160  -0.5210241  -0.1020590   0.8474183  -0.1259153   0.0000000
 95.9646775  20.5244684 186.5736091  -0.5082575  -0.1004734   0.8571452  -0.0438336   0.0000000
 95.4427640  23.2382815 124.9109431  -0.5077108  -0.0996197   0.8557486  -0.0145562   0.0000000
 96.2006384  19.5625346  46.2187449  -0.5064697  -0.1002353   0.8564119   0.0196528   0.0000000
 95.8746924  22.9443018 121.0047664  -0.5449058  -0.1055614   0.8318260  -0.0167045   0.0000000
 96.1806417  20.3124830 131.4321131  -0.5207876  -0.1024428   0.8475174   0.0433480   0.0000000
 96.2106367  21.1184275 510.8575019  -0.5409264  -0.1054939   0.8344277   0.0708544   0.0000000
 95.8147023  23.0762927 128.9285356  -0.5417372  -0.1050336   0.8339596  -0.0409015   0.0000000
 96.2506301  19.7765199  45.7654161  -0.5164447  -0.1018609   0.8502407  -0.0877324   0.0000000
 95.7427143  23.9202346 251.4044226  -0.5517732  -0.1063188   0.8271896  -0.0103283   0.0000000
 95.6867235  23.8142419 134.2675250  -0.5442596  -0.1052109   0.8322933  -0.0101132   0.0000000
 96.2626281  19.6885259  36.2202825  -0.5157912  -0.1017744   0.8506476  -0.0853635   0.0000000
 95.8626944  22.8363092 125.5014147  -0.5415407  -0.1050721   0.8340824  -0.0528825   0.0000000
 95.6907229  22.9123040 106.0151700  -0.5260584  -0.1026234   0.8442339  -0.0172793   0.0000000
 96.1366490  21.2264200  65.7872601  -0.5355707  -0.1045956   0.8379880   0.0667500   0.0000000
 96.0606616  20.9624382 107.4316926  -0.5223339  -0.1025242   0.8465554   0.1376634   0.0000000
 96.0126695  21.6903881  27.0818738  -0.5327602  -0.1040116   0.8398501   0.0591139   0.0000000
 95.6567285  22.9083042 102.9250943  -0.5225363  -0.1020655   0.8464859  -0.0174677   0.0000000
 95.8167020  22.4103385  36.3059415  -0.5281639  -0.1030841   0.8428622  -0.0187418   0.0000000
 95.8247007  22.0403640  68.7609722  -0.5211568  -0.1020565   0.8473371  -0.0545094   0.0000000
 95.9526795  20.5664655 178.5180259   0.0000000   0.0000000   1.0000000  -0.0089103   0.0000000
 95.8426977  22.3463429  49.3694906  -0.5294281  -0.1033022   0.8420419  -0.0538553   0.0000000
 96.1446477  19.8705134 235.5986528  -0.5074517  -0.1003294   0.8558193   0.0455755   0.0000000
 96.5345831  18.6325986 -14.6366772  -0.5213062  -0.1029928   0.8471318  -0.0744774   0.0000000
 95.9966722  21.1044284 104.0530826  -0.5187725  -0.1019043   0.8488171  -0.0100683   0.0000000
 95.8027043  22.1423570  66.0161091  -0.5210921  -0.1020206   0.8473811  -0.0189596   0.0000000
 96.1106533  21.2624176  56.8603087  -0.5336942  -0.1042834   0.8392231   0.1372806   0.0000000
 96.0526629  22.9423019 196.4574279  -0.5618298  -0.1081442   0.8201537  -0.0169074   0.0000000
 95.8366987  23.1142901 125.1009554  -0.5446552  -0.1054728   0.8320013  -0.0161832   0.0000000
 96.2546294  19.3285507  33.6658188  -0.5070355  -0.1003884   0.8560591  -0.0386835   0.0000000
 96.0746593  21.4164070  46.4504339  -0.5332752  -0.1041722   0.8395032   0.0641530   0.0000000
 96.1706434  20.0704996 123.6411910  -0.5145187  -0.1014639   0.8514550   0.0099885   0.0000000
 95.8806914  21.5863953 110.1463470  -0.5171798  -0.1015239   0.8498341  -0.0525919   0.0000000
 95.7687100  21.4584041 187.5271380  -0.5026832  -0.0991698   0.8587636  -0.0566775   0.0000000
 96.0866573  20.0724995 235.1054470  -0.5057562  -0.0999954   0.8568615  -0.1395649   0.0000000
 97.6423995  23.7602456 1171.8325090  -0.6988330  -0.1254615   0.7041959  -0.1362492   0.0000000
 95.8227010  23.4902642 175.2683267  -0.5508443  -0.1063072   0.8278100  -0.0137781   0.0000000
 95.7287166  22.1923535  27.4692540  -0.5145214  -0.1009460   0.8515149  -0.0204538   0.0000000
 96.6065711  17.7546591 -37.8817154  -0.5097144  -0.1012529   0.8543648  -0.0052899   0.0000000
 96.1726430  20.4404742 149.0289307  -0.5227211  -0.1027277   0.8462917   0.0052852   0.0000000
 95.6567285  22.3743410  35.7376258  -0.5110294  -0.1003383   0.8536868   0.0148933   0.0000000
 97.1484813  18.1346329 806.9375949  -0.5724132  -0.1116513   0.8123282  -0.0254629   0.0000000
 96.1386487  20.7784509 107.8239301  -0.5263779  -0.1032349   0.8439602   0.0354245   0.0000000
 95.9746758  22.1303578  87.2077280  -0.5380952  -0.1047353   0.8363516   0.0773906   0.0000000
 95.7147189  23.1782857 176.1616540  -0.5340592  -0.1038136   0.8390492  -0.0154869   0.0000000
 95.7107196  24.0862232 957.0208520  -0.5524174  -0.1063813   0.8267515   0.0997054   0.0000000
 96.6825585  17.3006903 -37.4202874  -0.5077987  -0.1010427   0.8555295  -0.0888082   0.0000000
 96.3666109  19.4985390  63.5182426  -0.5225349  -0.1029549   0.8463790  -0.1097000   0.0000000
 95.9506798  22.5223308  50.6689410  -0.5437229  -0.1055018   0.8326072   0.0152752   0.0000000
 97.8083720  22.3323439 914.8085966  -0.6913264  -0.1258248   0.7115026   0.0552396   0.0000000
 96.1506467  20.4704721 140.8519225  -0.5210913  -0.1024512   0.8473297   0.0036312   0.0000000
 95.8306997  21.8043802  62.4806318  -0.5166881  -0.1013903   0.8501491  -0.0218558   0.0000000
 95.6767252  22.3443431  33.8157931  -0.5124506  -0.1005756   0.8528065  -0.0208374   0.0000000
 96.0086702  21.1364262 113.8658251  -0.5207103  -0.1022135   0.8475925   0.0980740   0.0000000
 96.3986056  19.1525628  16.9041282  -0.5183903  -0.1023549   0.8489965  -0.0638610   0.0000000
 95.6847239  22.3863402  40.8057653  -0.5141912  -0.1008482   0.8517260  -0.0204670   0.0000000
 95.9986719  21.3124141  71.5954295  -0.5234219  -0.1026091   0.8458728   0.0247123   0.0000000
 95.7447139  23.2222826 355.7075179  -0.5380210  -0.1044218   0.8364385  -0.0153129   0.0000000
 95.8886901  23.0102972 106.2287009  -0.5475740  -0.1059521   0.8300222  -0.0165849   0.0000000
 96.0806583  21.4784027  43.0830250  -0.5351686  -0.1044574   0.8382620   0.0277601   0.0000000
 95.7187182  22.1423570  33.9239694  -0.5123987  -0.1006129   0.8528333  -0.0208641   0.0000000
 96.2226347  20.4004769 173.6568392  -0.5270042  -0.1034435   0.8435437   0.0087524   0.0000000
 96.4805920  18.0846363   4.9069849  -0.5035560  -0.1001017   0.8581439  -0.1013807   0.0000000
 97.8243693  20.8384468 861.0042171  -0.6723016  -0.1247051   0.7296980   0.0493100   0.0000000
 96.0286669  22.0683621  16.5780114  -0.5421209  -0.1053860   0.8336658   0.4164730   0.0000000
 95.7387149  22.8303096 112.4821432  -0.5291684  -0.1031360   0.8422255  -0.1253331   0.0000000
 96.2366324  20.5904638 231.2428530  -0.5324310  -0.1042770   0.8400259   0.0069094   0.0000000
 96.4885907  18.3686168  -8.6686248  -0.5107173  -0.1012618   0.8537645  -0.0721461   0.0000000
 96.0066705  20.8464462 128.7608177  -0.5142611  -0.1012266   0.8516388  -0.1156651   0.0000000
 96.0806583  21.1924224  65.2396605  -0.5292138  -0.1035808   0.8421423   0.1321980   0.0000000
 95.7447139  21.9903674  60.2449084  -0.5118227  -0.1005542   0.8531860  -0.0566028   0.0000000
 95.5107527  23.6282547 124.6169919  -0.5230734  -0.1019801   0.8461644  -0.0096380   0.0000000
 95.7087199  21.9743685  17.1864153  -0.5076782  -0.0998792   0.8557377  -0.0217277   0.0000000
 95.7467136  24.0562252 431.8456621  -0.5549502  -0.1067570   0.8250049   0.0255318   0.0000000
 96.4066043  18.5466045   5.7756081  -0.5059143  -0.1003917   0.8567218  -0.0851549   0.0000000
 95.8606947  22.6183242 109.1229833  -0.5369070  -0.1044102   0.8371555  -0.0173372   0.0000000
 96.6145698  17.6926633 -34.1277510  -0.5091896  -0.1011788   0.8546864  -0.0383279   0.0000000
 96.0846576  20.9844367 101.3066195  -0.5252451  -0.1029937   0.8446952   0.0667259   0.0000000
 96.6985559  17.1407013 -34.7054888  -0.5059552  -0.1007637   0.8566540  -0.0953609   0.0000000
 95.9706765  22.8783063  29.0324190  -0.5527393  -0.1067825   0.8264846   0.0192220   0.0000000
 96.1426480  20.3764786 152.7141163  -0.5182393  -0.1020043   0.8491308   0.0402155   0.0000000
 95.6687265  22.6263237  61.9981079  -0.5177259  -0.1013632   0.8495206   0.0314000   0.0000000
 95.8626944  21.2364194 109.6978641  -0.5076873  -0.1000467   0.8557128  -0.0165901   0.0000000
 96.2806251  19.7185239  39.7688439  -0.5183221  -0.1021902   0.8490580  -0.1323878   0.0000000
 96.3126198  18.8145861  21.8308298   0.0000000   0.0000000   1.0000000  -0.1005188   0.0000000
 95.8566954  22.6683208  85.6130543  -0.5374986  -0.1044886   0.8367661   0.0186460   0.0000000
 96.4026049  19.0905671   7.9774785  -0.5174531  -0.1022138   0.8495850  -0.0980461   0.0000000
 95.9446808  21.7003874  46.3018802  -0.5261438  -0.1029470   0.8441413  -0.3023579   0.0000000
 96.1286503  21.2244202  62.5367805  -0.5346870  -0.1044543   0.8385696   0.0885344   0.0000000
 96.5145864  18.1466321  -0.6845313  -0.5085818  -0.1009535   0.8550748  -0.0633307   0.0000000
 95.9286835  21.2964152  83.9305305  -0.5158796  -0.1013820   0.8506409  -0.0139755   0.0000000
 96.1326497  20.4504735 152.7733385  -0.5187990  -0.1020776   0.8487802   0.0028096   0.0000000
 95.8047040  21.8543768  49.6043061  -0.5150974  -0.1011192   0.8511460  -0.0551815   0.0000000
 98.1683123  18.2346260 1427.3441795  -0.6600343  -0.1249855   0.7407654   0.0469206   0.0000000
 95.9706765  21.3724100  78.1453927  -0.5218341  -0.1023354   0.8468865   0.0885311   0.0000000
 96.5625784  18.2826227 -16.6303295  -0.5166659  -0.1023031   0.8500532  -0.0619304   0.0000000
 95.5267501  23.9282340 345.0751794  -0.5311038  -0.1031651   0.8410028  -0.1136362   0.0000000
 95.7827076  23.7722448 195.1851034  -0.5526205  -0.1064900   0.8266017   0.0236933   0.0000000
 95.6987216  21.9403709  18.9358900  -0.5059003  -0.0995948   0.8568231   0.0138043   0.0000000
 96.4345996  20.0545007 1036.7908991  -0.5415647  -0.1059395   0.8339571   0.0636197   0.0000000
 97.4224359  18.1586312 348.5764075  -0.5975996  -0.1156503   0.7934102  -0.0705387   0.0000000
 96.0086702  20.6884571 137.7789170  -0.5110132  -0.1007268   0.8536508  -0.0067601   0.0000000
 95.4327656  24.1182209 253.0993300  -0.5256407  -0.1022696   0.8445371  -0.0011015   0.0000000
 96.5305837  18.3606173 -15.3866887  -0.5149940  -0.1019959   0.8511040  -0.0675019   0.0000000
 96.5725768  17.6606655 -31.5435122  -0.5039567  -0.1002788   0.8578880  -0.0424364   0.0000000
 96.0626613  20.4804714 175.1957335  -0.5121594  -0.1009687   0.8529350   0.0575801   0.0000000
 95.7687100  21.9523701  28.5085775  -0.5134653  -0.1008301   0.8521659  -0.1279441   0.0000000
 95.8686934  21.7223859  82.3580538  -0.5188625  -0.1017640   0.8487790  -0.0172687   0.0000000
 96.1226513  20.3764786 166.7036390  -0.5161819  -0.1016633   0.8504239   0.0749328   0.0000000
 97.6084051  18.0246405 424.1703424  -0.6114083  -0.1178734   0.7824869   0.0745549   0.0000000
 95.6647272  23.5802580 139.0825431  -0.5373618  -0.1042182   0.8368876  -0.0119257   0.0000000
 95.8986884  23.0622936 111.9938947  -0.5495722  -0.1062427   0.8286633  -0.0525835   0.0000000
 96.1986387  19.3825470 101.6607253   0.0000000   0.0000000   1.0000000   0.0229566   0.0000000
 95.7747090  22.9643004 155.8753744  -0.5355560  -0.1041045   0.8380585  -0.0167367   0.0000000
 95.9906732  21.3864090  73.5377823  -0.5241659  -0.1027106   0.8453997   0.0239959   0.0000000
 96.2846245  19.6925256  36.4328584  -0.5181690  -0.1021717   0.8491536  -0.0837619   0.0000000
 95.9226844  21.0244339 128.4185167  -0.5093313  -0.1003679   0.8546975  -0.0130804   0.0000000
 95.7267169  22.5823267  67.2931656  -0.5227190  -0.1021734   0.8463601  -0.0188557   0.0000000
 96.1666440  19.8045179  88.9536936  -0.5082558  -0.1004788   0.8553246   0.0852664   0.0000000
 95.8786917  21.7523838  61.1551678  -0.5205230  -0.1020255   0.8477303  -0.0169990   0.0000000
 95.5267501  23.3802718 143.7700027  -0.5194121  -0.1014596   0.8484792  -0.0486646   0.0000000
 97.4084383  18.1826296 150.2684111  -0.5966517  -0.1154854   0.7941472   0.0629711   0.0000000
 95.7287166  21.7163863 133.3911519  -0.5041664  -0.0993593   0.8578718  -0.0577928   0.0000000
 96.1766424  19.9785060 110.1511416  -0.5131190  -0.1012529   0.8523243   0.0093861   0.0000000
 95.9806748  21.0704308 109.7669189  -0.5163768  -0.1015196   0.8503228  -0.0105890   0.0000000
 96.1186520  20.4264751 164.8705451  -0.5168277  -0.1017577   0.8500203   0.0381860   0.0000000
 95.7667103  23.5602594 165.5442733  -0.5468542  -0.1056799   0.8305313   0.0225562   0.0000000
 95.9946725  21.3604108  78.7397842  -0.5240288  -0.1026953   0.8454865   0.0602228   0.0000000
 95.6907229  23.1622868 184.4527398  -0.5313586  -0.1033960   0.8408135  -0.0514796   0.0000000
 95.7667103  23.8662383 138.4458973  -0.5529402  -0.1065080   0.8263856  -0.0019076   0.0000000
 97.5524144  23.2362817 788.3441404  -0.6860778  -0.1245075   0.7167950  -0.1932800   0.0000000
 95.5667434  24.0542254 449.7325783  -0.5376512  -0.1041429   0.8367111   0.1027703   0.0000000
 97.1184863  18.6425979 1060.2505338  -0.5794233  -0.1125626   0.8072164  -0.0231480   0.0000000
 95.8167020  22.5623281  84.5076215  -0.5313734  -0.1035539   0.8407847  -0.0178848   0.0000000
 95.8726927  22.7543148  78.2181186  -0.5408490  -0.1049872   0.8345419  -0.0170488   0.0000000
 95.7927060  21.6663897 158.8836889  -0.5098240  -0.1003022   0.8544115  -0.0197421   0.0000000
 96.0606616  21.1364262  80.3923177  -0.5260246  -0.1030791   0.8441995   0.1722073   0.0000000
 95.7267169  24.1942157 1343.8730862  -0.5562562  -0.1069301   0.8241025  -0.3777925   0.0000000
 96.1006550  20.0005044 297.1435206  -0.5056753  -0.0999998   0.8569087  -0.1377397   0.0000000
 96.3806086  19.1345641   9.9809162  -0.5160983  -0.1019730   0.8504376  -0.0993062   0.0000000
 96.6665612  17.7186615 -37.3499442  -0.5153096  -0.1022287   0.8508850   0.0748836   0.0000000
 96.4326000  18.9845744   5.1485149  -0.5182891  -0.1023838   0.8490548  -0.1016134   0.0000000
 95.8486967  23.9362335 180.5463494  -0.5620141  -0.1078385   0.8200677   0.0565691   0.0000000
 96.1106533  20.7544525 110.4088132  -0.5230257  -0.1026929   0.8461077   0.0680887   0.0000000
 96.5105870  18.3866156  -9.7865603  -0.5134641  -0.1017273   0.8520600  -0.0702397   0.0000000
 95.9466805  22.6343231  73.5735106  -0.5456144  -0.1057625   0.8313358  -0.0166490   0.0000000
 95.9586785  22.4923329  25.8090691  -0.5438847  -0.1055354   0.8324972  -0.0163993   0.0000000
 96.2886238  19.0345709  52.1681365  -0.5041659  -0.0999716   0.8578009  -0.1072086   0.0000000
 96.6725602  21.9503702 753.7485277  -0.5995433  -0.1141213   0.7921641   0.0654554   0.0000000
 96.0746593  19.9805058 257.5007483   0.0000000   0.0000000   1.0000000  -0.1753038   0.0000000
 95.7047206  22.5963257  73.3255643  -0.5207782  -0.1018596   0.8475935   0.0168859   0.0000000
 96.3946063  19.2025594  10.6231371  -0.5190244  -0.1024479   0.8485977  -0.1012012   0.0000000
 96.0886569  21.1784233  69.8071466  -0.5297506  -0.1036714   0.8417937   0.1011752   0.0000000
 96.1726430  20.6844574 125.9420625  -0.5278676  -0.1035045   0.8429962   0.0382955   0.0000000
 95.7347156  22.8503082 119.3164448  -0.5291793  -0.1031326   0.8422190  -0.1100533   0.0000000
 97.2784598  19.0985665 478.1956127  -0.6017211  -0.1158199   0.7902642  -0.0271739   0.0000000
 95.4747587  23.1122902  94.3967296  -0.5082734  -0.0997355   0.8554011  -0.0161580   0.0000000
 96.2626281  19.3965460  26.7303484  -0.5093884  -0.1007705   0.8546162  -0.1162314   0.0000000
 95.9186851  24.1062218 162.2232890  -0.5716434  -0.1091897   0.8132044   0.0221817   0.0000000
 95.6087365  22.2703482  31.8965353  -0.5037156  -0.0991671   0.8581587  -0.0910030   0.0000000
 96.0026712  21.4104074  76.7979411  -0.5259104  -0.1029869   0.8442819   0.1321276   0.0000000
 95.8466970  22.8643073 137.0381769  -0.5405552  -0.1049112   0.8347417  -0.0528686   0.0000000
 95.6187348  22.5783270  49.1796277  -0.5115356  -0.1003757   0.8533792   0.0156425   0.0000000
 95.6007378  23.1882850 127.6968555  -0.5228395  -0.1020470   0.8463010  -0.0151862   0.0000000
 96.0266672  20.8664448 137.7370195  -0.5167619  -0.1016345   0.8500751   0.0256358   0.0000000
 96.0026712  21.8543768  27.9236150  -0.5351584  -0.1043481   0.8382822   0.1461223   0.0000000
 96.3966059  24.2062149  42.5228613  -0.6145115  -0.1151056   0.7804655   0.0028666   0.0000000
 95.6427308  22.0083662  16.8312965   0.0000000   0.0000000   1.0000000   0.2154291   0.0000000
 95.8566954  22.6623212  88.2720467  -0.5373818  -0.1044720   0.8368431   0.0186360   0.0000000
 95.7167186  22.7003186  97.5324986  -0.5242164  -0.1023836   0.8454081  -0.0543044   0.0000000
 95.8446974  21.8983738  19.6973905  -0.5201389  -0.1019262   0.8479779  -0.0180989   0.0000000
 95.7287166  22.5863264  66.7696594  -0.5229985  -0.1022169   0.8461822  -0.0188127   0.0000000
 95.6727259  24.1402194 1352.6630658  -0.5501154  -0.1060291   0.8283302  -0.1058944   0.0000000
 95.5907395  23.8062424 361.3064597  -0.5348623  -0.1037773   0.8385420  -0.0444554   0.0000000
 95.5107527  23.9362335 305.2309797  -0.5296249  -0.1029330   0.8419634  -0.0919040   0.0000000
 96.4226016  21.7963808 840.2290913  -0.5745894  -0.1105005   0.8109480   0.0743937   0.0000000
 95.7527126  21.8243789  98.6616788  -0.5090681  -0.1001416   0.8548809  -0.0567844   0.0000000
 96.2606285  19.7025250  35.6714321  -0.5158808  -0.1017858   0.8505920  -0.0857522   0.0000000
 96.0426646  21.8543768  22.1317384  -0.5391383  -0.1049793   0.8356490   0.1252204   0.0000000
 95.9706765  20.9404397 134.7099376  -0.5125554  -0.1009218   0.8527026  -0.0094211   0.0000000
 95.8306997  23.1902848 146.7684623  -0.5455937  -0.1055951   0.8313707  -0.0158058   0.0000000
 96.4925900  18.3106208 -13.1047571  -0.5098538  -0.1011290   0.8542962  -0.1061204   0.0000000
 96.0486636  20.5444670 166.1005888  -0.5120953  -0.1009422   0.8529766  -0.0390252   0.0000000
 96.2746261  19.1905602  25.9170506  -0.5060943  -0.1002621   0.8566307   0.0682411   0.0000000
 95.8666937  23.2562803 131.7979502  -0.5503690  -0.1063053   0.8281263  -0.0158774   0.0000000
 96.3706102  19.9145104 845.6881042  -0.5322056  -0.1044500   0.8401473  -0.0098637   0.0000000
 95.7647106  22.1943534  33.8663857  -0.5182947  -0.1015564   0.8491507  -0.0525893   0.0000000
 96.2846245  19.0185720  42.0159235  -0.5033674  -0.0998389   0.8582851  -0.0713302   0.0000000
 95.9446808  21.0244339 127.6627261  -0.5116767  -0.1007563   0.8532497  -0.0120242   0.0000000
 96.1006550  21.2664173  58.6821295  -0.5327772  -0.1041349   0.8398240   0.1368567   0.0000000
 95.8067037  22.4923329  74.9248787  -0.5288814  -0.1031775   0.8424006  -0.0541139   0.0000000
 95.8586951  21.6303922 114.8800821  -0.5158753  -0.1013006   0.8506532  -0.0534172   0.0000000
 95.8147023  22.8163106 151.9564708  -0.5364436  -0.1042838   0.8374683  -0.0209571   0.0000000
 96.3766092  18.9285782   6.0447590  -0.5111753  -0.1011931   0.8534985  -0.1582936   0.0000000
 96.1406483  20.1484943 124.0993283  -0.5130546  -0.1011996   0.8523694   0.0788233   0.0000000
 95.9146858  22.0803612  34.6060332  -0.5310748  -0.1036353   0.8409633  -0.0165273   0.0000000
 96.6385658  17.5006765 -37.2625707  -0.5075000  -0.1009369   0.8557193   0.1028320   0.0000000
 96.4046046  18.3686168  33.5813317   0.0000000   0.0000000   1.0000000  -0.0810872   0.0000000
 96.2846245  19.8225167  88.0368182  -0.5210146  -0.1026121   0.8473574   0.0360597   0.0000000
 97.4744273  16.9387152 -35.2254631  -0.5796233  -0.1133410   0.8069639   0.0271466   0.0000000
 96.1526463  19.6785266  44.8777418  -0.5039365  -0.0997781   0.8579583   0.0500440   0.0000000
 95.8686934  21.6263925 110.5028790  -0.5168063  -0.1014533   0.8500697  -0.0530727   0.0000000
 96.4705937  18.6805953 -13.7019834  -0.5156587  -0.1020214   0.8506984  -0.1176504   0.0000000
 96.0826579  21.1804232  69.8154390  -0.5291719  -0.1035774   0.8421691   0.1346433   0.0000000
 95.9766755  20.8864434 136.5506444  -0.5119931  -0.1008419   0.8530498  -0.0454864   0.0000000
 95.7307163  23.5222620 164.2360594  -0.5426307  -0.1050452   0.8333771   0.0227470   0.0000000
 96.2426314  19.6285300  33.9593222  -0.5123568  -0.1012130   0.8527874   0.0191222   0.0000000
 95.4847570  23.5262617 126.5182729  -0.5182725  -0.1012457   0.8492013  -0.0107626   0.0000000
 95.7287166  23.0402952 155.4822681  -0.5325760  -0.1036179   0.8400155  -0.0523188   0.0000000
 95.5347487  23.2002841 123.8219362  -0.5163848  -0.1010186   0.8503776  -0.0509548   0.0000000
 96.0086702  20.9604384 121.9291855  -0.5169274  -0.1016378   0.8499740  -0.0085602   0.0000000
 96.8345334  19.5785335 1234.8606964  -0.5708938  -0.1108178   0.8135107  -0.1408968   0.0000000
 96.2866241  19.9925050 112.6063698  -0.5248382  -0.1032001   0.8449228  -0.0168733   0.0000000
 96.3926066  19.1005664   9.9485187  -0.5165988  -0.1020668   0.8501223  -0.0991550   0.0000000
 96.4965894  19.0325711  17.8536736  -0.5259522  -0.1036596   0.8441736  -0.0883361   0.0000000
 95.6607279  23.1762858 169.1959686  -0.5286202  -0.1029624   0.8425909  -0.0153782   0.0000000
 96.2866241  19.6025318  29.4131271  -0.5164132  -0.1019014   0.8502550   0.0257926   0.0000000
 96.0006715  20.7524527 130.8600837  -0.5115821  -0.1008056   0.8533006  -0.0434221   0.0000000
 95.6807245  22.6303234  68.9826493  -0.5190400  -0.1015729   0.8486933   0.0167932   0.0000000
 95.7007212  22.2263512  29.9221880  -0.5123652  -0.1005882   0.8528563  -0.0568645   0.0000000
 95.8486967  21.5343988 129.5094220  -0.5127341  -0.1008098   0.8526084  -0.0536482   0.0000000
 95.6447305  23.9082354 210.7823753  -0.5421183  -0.1048599   0.8337338   0.0254574   0.0000000
 95.7267169  21.6283924 177.1696220   0.0000000   0.0000000   1.0000000  -0.0221176   0.0000000
 95.4307660  23.6162555 136.7814518  -0.5147052  -0.1006603   0.8514376  -0.0293537   0.0000000
 96.0486636  20.1084970 294.5941034   0.0000000   0.0000000   1.0000000  -0.0347803   0.0000000
 95.6027375  23.3982705 145.2801784  -0.5274717  -0.1027262   0.8433392  -0.0131097   0.0000000
 95.5567451  24.0882230 381.6527008  -0.5373342  -0.1040842   0.8369220  -0.0787788   0.0000000
 96.5685774  17.9466458 -16.4373146  -0.5099377  -0.1012401   0.8542330  -0.0515047   0.0000000
 96.2226347  19.4245441  53.4450184  -0.5057583  -0.1001482   0.8568423   0.0596311   0.0000000
 95.8926894  23.0882919 115.2039393  -0.5495048  -0.1062244   0.8287104  -0.0523832   0.0000000
 96.1466473  20.8584454  99.1471297  -0.5288896  -0.1036219   0.8423409   0.0709000   0.0000000
 96.1706434  21.1584247 112.5815040  -0.5375619  -0.1049360   0.8366694   0.1047226   0.0000000
 97.8923581  20.6824575 1074.8078386  -0.6750087  -0.1251733   0.7271141   0.1056421   0.0000000
 96.0266672  21.0704308 108.4931703  -0.5211371  -0.1023002   0.8473198   0.2404845   0.0000000
 96.1726430  19.9885053 130.8691267  -0.5129364  -0.1012201   0.8524382   0.0112485   0.0000000
 97.5744108  18.6905946 343.5560479  -0.6198522  -0.1187875   0.7756756  -0.0207177   0.0000000
 96.0526629  20.8584454 127.3413061  -0.5192918  -0.1020527   0.8484818   0.1381367   0.0000000
 96.0006715  21.4804026  93.1630363  -0.5272028  -0.1031775   0.8434522  -0.0120727   0.0000000
 96.3246178  19.8285163 254.2073690  -0.5253439  -0.1033323   0.8445923  -0.0113644   0.0000000
 96.0746593  21.7603833  31.1297193  -0.5403719  -0.1052025   0.8348237   0.0646266   0.0000000
 96.0686603  21.4924017  42.3849526  -0.5342392  -0.1043047   0.8388736   0.0261408   0.0000000
 95.5267501  23.1902848 120.8071371  -0.5153390  -0.1008535   0.8510313  -0.0510690   0.0000000
 95.9226844  22.1923535  37.8630331  -0.5342063  -0.1041021   0.8389198  -0.0524562   0.0000000
 95.8546957  22.4963326  62.8115829  -0.5337449  -0.1039461   0.8392327  -0.0175669   0.0000000
 95.6287332  22.8303096  82.6831237  -0.5180353  -0.1013655   0.8493318  -0.0541812   0.0000000
 95.7167186  21.7703826 113.4639379  -0.5040725  -0.0993319   0.8579301  -0.0221217   0.0000000
 95.7507129  23.7142488 131.3012075  -0.5483871  -0.1058665   0.8294961  -0.0055711   0.0000000
 95.7207179  22.8383091 110.4816389  -0.5275258  -0.1028743   0.8432873  -0.1253923   0.0000000
 97.0265015  19.6745269 1298.2187439  -0.5902724  -0.1138019   0.7991418  -0.0109929   0.0000000
 96.0446642  21.2224203  67.7149415  -0.5261928  -0.1030832   0.8440942   0.1707751   0.0000000
 99.0701629  17.1147031  94.7654874  -0.7062947  -0.1322388   0.6954572   0.0811732   0.0000000
 95.4447636  23.8562390 289.6875888  -0.5213388  -0.1016582   0.8472730  -0.0055160   0.0000000
 95.6647272  22.3063457  31.7354766  -0.5103857  -0.1002486   0.8540824   0.0146566   0.0000000
 95.8526960  22.3323439  57.0364075  -0.5301304  -0.1034178   0.8415857  -0.0537076   0.0000000
 96.4945897  18.5126069   0.1775034  -0.5145209  -0.1018737   0.8514047  -0.0753048   0.0000000
 96.0126695  21.2764166  71.0685870  -0.5241025  -0.1027292   0.8454368   0.1692348   0.0000000
 95.6087365  23.9422331 630.8096816  -0.5395679  -0.1044700   0.8354355   0.1061039   0.0000000
 95.7367153  23.4582664 204.9087950  -0.5419222  -0.1049552   0.8338494  -0.0137127   0.0000000
 96.2026381  19.3785473  82.1705453  -0.2300352  -0.0455956   0.9353491  -0.0131715   0.0000000
 96.2666275  19.1005664  62.6586315  -0.5032799  -0.0998045   0.8583405   0.1060175   0.0000000
 95.9266838  22.1203585  32.4485245  -0.5330940  -0.1039454   0.8396464  -0.1241487   0.0000000
 96.2006384  19.9645069  82.7119956  -0.5153345  -0.1016269   0.8509421  -0.0204096   0.0000000
 96.0446642  20.4884708 172.0937495  -0.5104575  -0.1006831   0.8539883  -0.1465607   0.0000000
 96.1146526  19.8705134 183.9476028  -0.5041962  -0.0997790   0.8578056  -0.1682523   0.0000000
 96.0386652  21.2404191  65.2655528  -0.5259606  -0.1030405   0.8442441   0.1705229   0.0000000
 95.7747090  23.1022909 188.2957149  -0.5383946  -0.1045094   0.8361872  -0.0185878   0.0000000
 95.8027043  23.4322682 208.2744458  -0.5477894  -0.1058609   0.8298917   0.0213730   0.0000000
 96.4705937  18.6185996 -13.6988946  -0.5143052  -0.1018079   0.8515429  -0.0804462   0.0000000
 96.1046543  21.5783958  37.3150341  -0.5396270  -0.1051389   0.8353134   0.0985547   0.0000000
 95.7527126  22.2523494  35.8719137  -0.5182946  -0.1015425   0.8491524  -0.0556837   0.0000000
 96.1706434  20.2584867 130.4051129  -0.5186000  -0.1020947   0.8488997   0.0434285   0.0000000
 96.6225685  17.6046694 -38.4473463  -0.5081137  -0.1010158   0.8553457  -0.0345646   0.0000000
 97.7223862  17.8506525 501.4995966  -0.6181755  -0.1190156   0.7769777  -0.0450635   0.0000000
 96.6345665  17.7886567 -30.8314259  -0.5134577  -0.1018901   0.8520443  -0.0389755   0.0000000
 95.7227176  23.1722861 169.7527724  -0.5347131  -0.1039174   0.8386197  -0.0155489   0.0000000
 96.0086702  21.6123935  32.1773508  -0.5307413  -0.1037098   0.8411646   0.0953223   0.0000000
 96.6285675  22.8823060 948.5657019  -0.6119738  -0.1154370   0.7824080   0.1068251   0.0000000
 95.5847404  23.5582595 139.0774134  -0.5289925  -0.1029246   0.8423618  -0.0112273   0.0000000
 96.4405986  18.4486113   2.0393777  -0.5073729  -0.1006671   0.8558264  -0.0809746   0.0000000
 96.3266175  18.8085865  30.5154797  -0.5031787  -0.0998574   0.8583937  -0.0699290   0.0000000
 95.6747255  23.1662865 183.0594247  -0.5298284  -0.1031549   0.8418081  -0.0514195   0.0000000
 96.2846245  19.3685479  18.8547361  -0.5110847  -0.1010645   0.8535680  -0.1226686   0.0000000
 96.2166357  19.3145517  72.1624983  -0.5026701  -0.0996492   0.8587158  -0.1162531   0.0000000
 96.2306334  20.9684378 153.4176029  -0.5396384  -0.1053272   0.8352823   0.0142969   0.0000000
 95.6087365  23.6022565 151.6834009  -0.5323220  -0.1034323   0.8401994  -0.0469794   0.0000000
 95.9786752  21.3864090  82.9596037  -0.5229552  -0.1025141   0.8461730   0.0304225   0.0000000
 95.6387315  24.0942226 872.9475812  -0.5456708  -0.1053617   0.8313497  -0.1142732   0.0000000
 95.9826745  21.7063870  35.9703121  -0.5300880  -0.1035795   0.8415926  -0.1215414   0.0000000
 96.4365993  18.2226268  23.2050215   0.0000000   0.0000000   1.0000000  -0.2305971   0.0000000
 95.8366987  22.6003255  92.6339118  -0.5341360  -0.1039797   0.8389797  -0.0175922   0.0000000
 95.7887066  23.2082836 176.2338857  -0.5419066  -0.1050231   0.8338509  -0.0155934   0.0000000
 96.2466308  19.6805265  35.4608893  -0.5139275  -0.1014637   0.8518119  -0.0145769   0.0000000
 96.5065877  18.4786092  -8.6124811  -0.5150318  -0.1019699   0.8510842  -0.0731818   0.0000000
 95.6947222  23.6442536 187.7752235  -0.5416197  -0.1048564   0.8340583  -0.0117554   0.0000000
 96.3046212  19.0385707  29.7123074  -0.5059223  -0.1002705   0.8567313  -0.1058137   0.0000000
 96.3786089  19.3705478  64.2400053  -0.5210100  -0.1027356   0.8473452  -0.1061139   0.0000000
 95.7687100  21.9963670  77.6605287  -0.5144300  -0.1009777   0.8515663  -0.0559821   0.0000000
 95.7707096  23.8022427 140.0987466  -0.5520483  -0.1063934   0.8269965   0.0241308   0.0000000
 95.7467136  22.6903193  93.1303901  -0.5270383  -0.1028344   0.8435969  -0.0181416   0.0000000
 95.8586951  21.0824300 150.4268146  -0.5038695  -0.0994480   0.8580359  -0.0160411   0.0000000
 95.8346990  21.1904225 125.4329100  -0.5037186  -0.0993987   0.8581302  -0.0177415   0.0000000
 96.2446311  20.1964909 118.3266228  -0.5248810  -0.1031504   0.8449023  -0.0228795   0.0000000
 95.6887232  23.7382471 129.6181425  -0.5429077  -0.1050258   0.8331991  -0.0108397   0.0000000
 96.3446145  20.1444945 153.8363747  -0.5339753  -0.1046597   0.8389975   0.0215887   0.0000000
 96.0666606  20.2024905 168.0148742  -0.5064864  -0.1000867   0.8564194   0.0373347   0.0000000
 95.6567285  23.8262411 153.3460227  -0.5416107  -0.1048038   0.8340707  -0.0094486   0.0000000
 95.8147023  22.1143589  72.6457514  -0.5217203  -0.1021288   0.8469814  -0.0546697   0.0000000
 96.0226679  20.3024836 367.4487074  -0.5040957  -0.0996645   0.8578779  -0.0024774   0.0000000
 95.8247007  22.7943121 134.3675388  -0.5369552  -0.1043696   0.8371297  -0.0360127   0.0000000
 96.4365993  19.3885466 397.6035263  -0.5275674  -0.1038307   0.8431440  -0.1154359   0.0000000
 96.5205854  17.8526523  -9.6862741  -0.5026752  -0.1000071   0.8586712  -0.0543654   0.0000000
 96.0866573  20.1404948 152.1410631  -0.5072027  -0.1002216   0.8559796  -0.1043899   0.0000000
 95.6267335  23.6782512 127.2856890  -0.5356563  -0.1039285   0.8380163  -0.0104754   0.0000000
 95.9286835  22.9563009  80.3749737  -0.5503069  -0.1063872   0.8281571  -0.0167017   0.0000000
 96.1466473  20.2524871 150.4194591  -0.5159883  -0.1016627   0.8505414   0.0419781   0.0000000
 95.8786917  22.7163175  73.3230153  -0.5406465  -0.1049665   0.8346756  -0.0170682   0.0000000
 96.1906400  20.2424878 118.4848587  -0.5203220  -0.1023841   0.8478104   0.0382162   0.0000000
 95.6807245  23.2862782 226.3190389  -0.5329420  -0.1036119   0.8397841  -0.0145653   0.0000000
 96.1046543  20.8384468 103.3722503  -0.5241787  -0.1028588   0.8453737   0.0690403   0.0000000
 95.9206848  22.7903124  62.3092176  -0.5462180  -0.1058087   0.8309335  -0.0268419   0.0000000
 95.8007047  21.8183793  79.9402171  -0.5139042  -0.1009337   0.8518890  -0.0456024   0.0000000
 95.9726762  21.7163863  36.3869756  -0.5293035  -0.1034509   0.8421019  -0.2664337   0.0000000
 95.8207013  21.4044078 149.9556828  -0.5069933  -0.0998947   0.8561419  -0.0186443   0.0000000
 96.1606450  19.9505079 110.0859468  -0.5108321  -0.1008768   0.8537414   0.0109219   0.0000000
 96.6665612  17.3726854 -34.9387439  -0.5076819  -0.1010028   0.8556036  -0.0214400   0.0000000
 96.0066705  21.1564249  98.9741655  -0.5209313  -0.1022442   0.8474531   0.0977463   0.0000000
 95.9066871  20.7664517 157.9377507   0.0000000   0.0000000   1.0000000   0.0232371   0.0000000
 95.7187182  23.9442329 219.8387268  -0.5499483  -0.1060365   0.8284402  -0.0853157   0.0000000
 96.2646278  19.5225373  30.3804630  -0.5123709  -0.1012423   0.8527755  -0.0163267   0.0000000
 95.6747255  22.9063044 105.8882970  -0.5243347  -0.1023516   0.8453385  -0.0173933   0.0000000
 95.8067037  22.9183036 151.2693046  -0.5377640  -0.1044615   0.8365989  -0.0528036   0.0000000
 95.6627275  24.1762170 871.0918108  -0.5496030  -0.1059308   0.8286828  -0.0256638   0.0000000
 96.2246344  19.8665137  59.2866842  -0.5156811  -0.1017097   0.8507221   0.0483240   0.0000000
 97.5584134  22.0923604 681.1007962  -0.6709529  -0.1236047   0.7311252   0.1746881   0.0000000
 95.7767086  22.0223652  73.9470352  -0.5158360  -0.1011999   0.8506890  -0.0557237   0.0000000
 95.7287166  23.4362679 195.8656631  -0.5407081  -0.1047745   0.8346599  -0.0137881   0.0000000
 95.9006881  21.8883745  16.8783862  -0.5256312  -0.1028148   0.8444768  -0.0165749   0.0000000
 95.9406815  21.5843954  66.6441494  -0.5232831  -0.1025157   0.8459700  -0.1224100   0.0000000
 95.6467302  22.6063250  56.4072385  -0.5150192  -0.1009321   0.8512155   0.0162208   0.0000000
 95.6947222  22.7563147 100.5885270  -0.5231609  -0.1022018   0.8460836  -0.0541782   0.0000000
 95.8946891  22.9003048  87.8467322  -0.5459298  -0.1057317   0.8311326  -0.0281454   0.0000000
 95.8626944  21.1684240 121.9698184  -0.5061805  -0.0998125   0.8566322  -0.0164157   0.0000000
 95.8167020  21.2944154 119.8670384  -0.5041000  -0.0994393   0.8579015  -0.0546347   0.0000000
 96.3866076  19.3225511  38.7011398  -0.5208173  -0.1027162   0.8474661   0.0033662   0.0000000
 95.8446974  23.0042976 120.6595440  -0.5431954  -0.1052798   0.8329795  -0.0165514   0.0000000
 95.8486967  22.4123384  48.5852396  -0.5314113  -0.1035994   0.8407551  -0.0536869   0.0000000
 95.9006881  23.0342956  88.6950762  -0.5491849  -0.1061914   0.8289266  -0.0510631   0.0000000
 96.1766424  19.5265371 166.1095478  -0.5031738  -0.0996861   0.8584164   0.0240456   0.0000000
 95.8666937  22.0923604  32.0997972  -0.5265076  -0.1029026   0.8439199  -0.0534619   0.0000000
 95.8446974  23.3142763 156.8957154  -0.5494561  -0.1061493   0.8287522  -0.0154824   0.0000000
 96.4405986  18.8905809  -4.8794735  -0.5170635  -0.1022025   0.8498235  -0.1240678   0.0000000
 95.8606947  21.9043734   8.7730715  -0.5218856  -0.1022071   0.8468702  -0.0182131   0.0000000
 96.0706599  21.7263856  31.4608561  -0.5392735  -0.1050388   0.8355543   0.1237828   0.0000000
 95.8326994  22.6123246 105.8828839  -0.5339864  -0.1039529   0.8390782  -0.0176056   0.0000000
 96.3006218  20.1264958 142.3713519  -0.5291420  -0.1038723   0.8421516  -0.0181835   0.0000000
 95.8886901  22.8303096  99.6435988  -0.5439509  -0.1054470   0.8324653  -0.0168728   0.0000000
 95.9906732  20.6584591 151.2431665  -0.5084672  -0.1003104   0.8552186  -0.0432836   0.0000000
 95.5207510  23.7642453 259.6368377  -0.5270203  -0.1025688   0.8436404   0.0279741   0.0000000
 96.0306666  21.5903950  36.3215264  -0.5324928  -0.1039972   0.8400215   0.1185856   0.0000000
 96.2946228  19.7785197  50.5990727  -0.5210677  -0.1026324   0.8473223  -0.0126465   0.0000000
 96.6645615  17.1986973 -38.2505661  -0.5035796  -0.1003329   0.8581031  -0.0876736   0.0000000
 95.7047206  22.6263237  77.0721823  -0.5214086  -0.1019532   0.8471945  -0.0188886   0.0000000
 96.5705771  17.9806435 -14.4750561  -0.5108790  -0.1013933   0.8536522  -0.0522814   0.0000000
 96.3866076  19.2385569  13.4974777  -0.5189862  -0.1024316   0.8486230  -0.1026627   0.0000000
 98.6742285  18.7205926 970.6096850  -0.7015852  -0.1301677   0.7005959  -0.0138794   0.0000000
 95.6427308  22.6663209  61.8045843  -0.5159166  -0.1010630   0.8506564   0.0214119   0.0000000
 95.7427143  22.4163381  37.4719353  -0.5207742  -0.1019018   0.8475909  -0.0184740   0.0000000
 95.6187348  23.0202965 101.9451578  -0.5210709  -0.1018057   0.8474200  -0.0184918   0.0000000
 95.7287166  24.1162211 745.4093137  -0.5545999  -0.1066934   0.8252488  -0.0384192   0.0000000
 95.9246841  21.4424052  96.9520374  -0.5186217  -0.1017945   0.8489225  -0.0146757   0.0000000
 95.7367153  23.1382884 174.1099227  -0.5354027  -0.1040340   0.8381652  -0.0157972   0.0000000
 95.9026878  22.8903055  85.0077579  -0.5464925  -0.1058214   0.8307513  -0.0167676   0.0000000
 95.6767252  23.0142969 119.8693234  -0.5267916  -0.1027141   0.8437656  -0.1244308   0.0000000
 96.1386487  20.8484461 100.0042708  -0.5278703  -0.1034588   0.8430001   0.0706165   0.0000000
 96.4405986  18.4206132   0.3625133  -0.5067607  -0.1005692   0.8562006  -0.0785453   0.0000000
 97.0604959  23.1262892 1220.1679750  -0.6500514  -0.1203328   0.7503021  -0.1471463   0.0000000
 95.4687597  23.2422813 118.5828841  -0.5105088  -0.1000686   0.8540299  -0.0209423   0.0000000
 95.9346825  21.0084350 130.6306003  -0.5102572  -0.1005251   0.8541266  -0.0124246   0.0000000
 95.7067202  23.0262961 133.9294874  -0.5300781  -0.1032291   0.8416419  -0.0524248   0.0000000
 96.3706102  19.2725546  20.5904789  -0.5180371  -0.1022627   0.8492231  -0.1047415   0.0000000
 98.3802772  18.4086140 645.3019240  -0.6774556  -0.1272550   0.7244723  -0.0495072   0.0000000
 96.0866573  20.2444876 193.2558239  -0.5095152  -0.1005851   0.8545624   0.0022633   0.0000000
 96.0206682  21.9203723  15.7311390  -0.5383135  -0.1048294   0.8361993   0.3457316   0.0000000
 96.5625784  17.6586657 -34.5522727  -0.5028287  -0.1000830   0.8585725  -0.0435987   0.0000000
 96.4885907  18.2346260   3.3836951  -0.5077510  -0.1007876   0.8555880  -0.0956796   0.0000000
 96.1066540  21.5084006  41.8410651  -0.5383623  -0.1049586   0.8361517   0.0632246   0.0000000
 95.9326828  22.4983325  60.4825963  -0.5414881  -0.1051605   0.8341055  -0.0166791   0.0000000
 95.7547123  23.1622868 267.4232784  -0.5377235  -0.1043903   0.8366337  -0.0157032   0.0000000
 95.5367484  24.1062218 377.8562583  -0.5357435  -0.1038358   0.8379719   0.0137665   0.0000000
 96.0686603  21.8223790  21.9099268  -0.5410389  -0.1052893   0.8343807   0.0958689   0.0000000
 96.0226679  20.2184894 339.6088337   0.0000000   0.0000000   1.0000000  -0.0367914   0.0000000
 96.6585625  17.3406876 -38.9946969  -0.5060967  -0.1007352   0.8565738  -0.0573266   0.0000000
 96.5605788  18.1326330 -15.0006512  -0.5131689  -0.1017458   0.8522356  -0.0583656   0.0000000
 95.7827076  22.7663140 126.0691269  -0.5322213  -0.1036342   0.8402383  -0.0175429   0.0000000
 95.7507129  23.9342336 144.4616399  -0.5527704  -0.1064620   0.8265051  -0.0103945   0.0000000
 96.0466639  22.1823542  24.1520024  -0.5461652  -0.1059848   0.8309457   0.0935112   0.0000000
 95.7547123  21.9883676  74.3991971  -0.5128143  -0.1007163   0.8525712  -0.0563702   0.0000000
 95.9386818  21.2924155 102.1079576  -0.5168272  -0.1015385   0.8500468   0.0223898   0.0000000
 96.4425983  18.3946150  -1.9162920  -0.5063805  -0.1005104   0.8564324  -0.0776819   0.0000000
 95.6527292  24.1262204 868.3143401  -0.5476298  -0.1056483   0.8300241  -0.0211182   0.0000000
 95.6827242  22.4843334  40.8347639  -0.5161035  -0.1011346   0.8505345   0.0144399   0.0000000
 95.7727093  21.4964015 174.3778849  -0.5039524  -0.0993718   0.8579961  -0.0205623   0.0000000
 96.6485642  18.0066417 -21.2508701  -0.5196940  -0.1028989   0.8481332  -0.0647733   0.0000000
 96.5305837  17.9146480 -12.8917765  -0.5051160  -0.1004150   0.8571900  -0.0909078   0.0000000
 96.3486139  18.6405981 110.2370930   0.0000000   0.0000000   1.0000000  -0.2010361   0.0000000
 97.1144870  18.2406256 734.7950186  -0.5712327  -0.1114139   0.8131913  -0.0398734   0.0000000
 96.2206351  19.6645276  38.2052567  -0.5108464  -0.1009495   0.8537243  -0.0163212   0.0000000
 95.7307163  22.6223239  76.5005795  -0.5239621  -0.1023617   0.8455684  -0.0186189   0.0000000
 96.0846576  20.2324885 205.8218657  -0.5090820  -0.1005156   0.8548287   0.0022639   0.0000000
 96.2206351  20.0305024  89.6099767  -0.5188498  -0.1021959   0.8487349   0.0139321   0.0000000
 95.9066871  22.6683208  25.7909856  -0.5423962  -0.1052519   0.8335037  -0.0169291   0.0000000
 96.0506632  20.9884364 107.8455703  -0.5218576  -0.1024394   0.8468594   0.1729186   0.0000000
 95.4987547  23.6302545 123.2221476  -0.5218909  -0.1017935   0.8469167  -0.0094845   0.0000000
 98.0723283  20.6724582 915.4696133  -0.6871636  -0.1266918   0.7153708   0.0681071   0.0000000
 95.8926894  21.5843954 101.8393159  -0.5183862  -0.1017210   0.8490751  -0.0521725   0.0000000
 95.8127027  22.5223308  78.5045743  -0.5301090  -0.1033644   0.8416057  -0.0539649   0.0000000
 95.7587116  24.0942226 667.5411807  -0.5569389  -0.1070468   0.8236262   0.0233482   0.0000000
 95.5547454  23.5182623 149.9681934  -0.5251701  -0.1023358   0.8448218  -0.0114324   0.0000000
 98.2662961  17.7186615 1337.4268134  -0.6596234  -0.1252989   0.7410783   0.2454944   0.0000000
 95.8606947  23.1862851 165.8380894  -0.5484328  -0.1060318   0.8294448  -0.0160533   0.0000000
 96.1666440  20.5124692 135.4977542  -0.5236231  -0.1028564   0.8457183   0.0040469   0.0000000
 96.7285509  17.4846776 -32.7788581  -0.5167722  -0.1025478   0.8499591  -0.0174762   0.0000000
 96.0206682  20.6404604 145.0083478  -0.5112262  -0.1007740   0.8535177  -0.0055186   0.0000000
 96.1326497  20.7064558 114.2787485  -0.5242639  -0.1029087   0.8453148   0.0718276   0.0000000
 95.9106864  22.6983187  35.8398197  -0.5433691  -0.1053944   0.8328518  -0.0168906   0.0000000
 95.8366987  22.5843266  89.7481933  -0.5337937  -0.1039300   0.8392037  -0.0176245   0.0000000
 95.8446974  21.6283924 131.1056977  -0.5144003  -0.1010604   0.8515745  -0.0437969   0.0000000
 95.8326994  23.3162762 158.7491487  -0.5483408  -0.1059784   0.8295125   0.0186713   0.0000000
 95.9846742  21.1504253  98.2152043  -0.5185241  -0.1018520   0.8489752   0.0609968   0.0000000
 95.6127358  23.0682932 110.9525882  -0.5215041  -0.1018633   0.8471466  -0.0522387   0.0000000
 97.5944074  21.7943809 1026.9346913  -0.6694980  -0.1236535   0.7324495   0.0438922   0.0000000
 96.6225685  17.6286677 -37.6933739  -0.5086265  -0.1010982   0.8550311  -0.0353300   0.0000000
 96.0226679  21.8843747  16.3993074  -0.5377592  -0.1047520   0.8365657   0.1630948   0.0000000
 98.0383339  18.5806022 864.7147488  -0.6551507  -0.1240320   0.7452474   0.0342763   0.0000000
 95.7347156  23.0262961 159.8449357  -0.5328625  -0.1036666   0.8398278  -0.0213852   0.0000000
 95.7467136  22.7803131 131.3175981  -0.5289194  -0.1031099   0.8423851  -0.0177204   0.0000000
 96.1226513  20.1464944 125.6986258  -0.5111334  -0.1008788   0.8535608   0.1135841   0.0000000
 96.2466308  20.0005044  91.6603004  -0.5208862  -0.1025424   0.8474448   0.0031323   0.0000000
 95.7067202  22.8443087 106.4275525  -0.5262433  -0.1026697   0.8441131  -0.1254383   0.0000000
 96.2226347  19.5085383  46.2266212  -0.5076202  -0.1004432   0.8557061   0.0223025   0.0000000
 96.1846410  20.1644931 106.2388468  -0.5180040  -0.1020199   0.8492725  -0.0262920   0.0000000
 96.1206516  21.0164345  86.6803162  -0.5295851  -0.1036903   0.8418955   0.0680765   0.0000000
 95.7867070  23.4302683 186.3490731  -0.5461903  -0.1056169   0.8309761  -0.0137853   0.0000000
 95.8586951  21.3464118 106.2463128  -0.5096731  -0.1003496   0.8544959  -0.0198887   0.0000000
 95.5067534  23.9082354 243.9015263  -0.5286091  -0.1027809   0.8426201  -0.0057697   0.0000000
 96.3726099  19.2265577  11.3852115  -0.5172574  -0.1021437   0.8497126  -0.1036076   0.0000000
 96.0146692  21.3184137  64.2578814  -0.5251769  -0.1028924   0.8447499   0.1331203   0.0000000
 95.3607776  24.1302201 234.7485954  -0.5186578  -0.1011755   0.8489745  -0.0352995   0.0000000
 95.8946891  22.3123453  57.5724608  -0.5339204  -0.1040240   0.8391114  -0.1249103   0.0000000
 95.9466805  20.9264407 151.1890745  -0.5097225  -0.1004563   0.8544539  -0.0473435   0.0000000
 96.6065711  20.7804507 1303.6581689  -0.5726026  -0.1106059   0.8123378   0.0560224   0.0000000
 95.9546791  22.1523563  37.2089578  -0.5365575  -0.1044853   0.8373702  -0.1236582   0.0000000
 95.7967053  23.0882919 151.3855980  -0.5402241  -0.1047967   0.8349704  -0.0290829   0.0000000
 96.2166357  20.3544801 153.7341445  -0.5253839  -0.1031898   0.8445849   0.0069728   0.0000000
 95.4747587  24.1442192 348.8412998  -0.5304118  -0.1030049   0.8414590   0.0343108   0.0000000
 96.0266672  22.3823405  27.8255799  -0.5482748  -0.1062511   0.8295212   0.1283734   0.0000000
 96.4625950  18.6165997 -10.1948421  -0.5134167  -0.1016572   0.8520969  -0.0811942   0.0000000
 95.4747587  23.6622523 123.1794375  -0.5201600  -0.1015133   0.8480145   0.0209573   0.0000000
 96.0586619  20.7124554 124.4690658  -0.5167556  -0.1016723   0.8500744   0.1053536   0.0000000
 96.3426149  19.2085590  12.8237476  -0.5137104  -0.1015499   0.8519327  -0.1058291   0.0000000
 96.4166026  18.3386189  32.1503059  -0.0000000  -0.0000000   1.0000000  -0.2101188   0.0000000
 95.9966722  21.5323990  71.1426984  -0.5278645  -0.1032698   0.8430270   0.0234581   0.0000000
 95.7447139  22.1163588  49.0789280  -0.5145642  -0.1009709   0.8514861  -0.0203403   0.0000000
 96.2526298  19.9285094  75.8053429  -0.5199489  -0.1024057   0.8480366  -0.0208386   0.0000000
 95.8087033  24.0622248 380.7343034  -0.5608327  -0.1076276   0.8209037  -0.1160110   0.0000000
 96.3066208  19.9825057 220.7897818  -0.5267649  -0.1035233   0.8436834  -0.0204829   0.0000000
 97.6024061  24.1842164 1818.4713437  -0.7018812  -0.1254374   0.7011621   0.0521633   0.0000000
 95.7027209  24.0342267 563.1015186  -0.5504293  -0.1060897   0.8281139   0.0598748   0.0000000
 96.3886072  19.0225718   4.1851306  -0.5145006  -0.1017328   0.8514338  -0.0978015   0.0000000
 96.0546626  22.1283579  21.4928610  -0.5458856  -0.1059578   0.8311329   0.0579638   0.0000000
 95.7527126  23.3082767 217.9213684  -0.5404466  -0.1047704   0.8348296  -0.0148313   0.0000000
 96.3386155  19.5405361  49.8871899  -0.5205244  -0.1026069   0.8476592  -0.0049243   0.0000000
 96.5025884  18.7685893  -9.5454071  -0.5208958  -0.1028846   0.8473973  -0.1170766   0.0000000
 96.5185857  19.0325711  34.5638911  -0.5282405  -0.1040427   0.8426963  -0.1238471   0.0000000
 95.9826745  21.3344126  72.9424268  -0.5222498  -0.1024127   0.8466208   0.0239609   0.0000000
 96.0366656  20.9864366 113.2887281  -0.5203665  -0.1021960   0.8478057   0.1722763   0.0000000
 95.8247007  22.9143038 165.4277553  -0.5394445  -0.1047247   0.8354833  -0.0527794   0.0000000
 96.0006715  21.9663691  58.4306205  -0.5372915  -0.1046552   0.8368782   0.1653801   0.0000000
 95.5707428  23.0262961  91.2543772  -0.5162888  -0.1010414   0.8504331  -0.0527493   0.0000000
 95.9306831  22.2463498  41.9590883  -0.5361210  -0.1043899   0.8376617  -0.1601980   0.0000000
 95.5787414  23.5942570 139.3789664  -0.5291663  -0.1029427   0.8422505  -0.0107903   0.0000000
 95.8047040  21.7163863  95.6978003  -0.5121199  -0.1006662   0.8529944  -0.0552565   0.0000000
 95.8047040  23.0082974 138.3620261  -0.5393822  -0.1046879   0.8355281  -0.0165246   0.0000000
 95.7087199  22.1623556  32.0674847  -0.5118002  -0.1005111   0.8532047  -0.0210189   0.0000000
 96.2946228  19.6305299  32.7838656  -0.5178832  -0.1021403   0.8493317  -0.0818996   0.0000000
 96.0046709  22.1383573  16.3656041  -0.5412075  -0.1052218   0.8342798   0.2473396   0.0000000
 97.5004230  20.5184688 1056.5627967  -0.6437504  -0.1211498   0.7555847   0.1315434   0.0000000
 96.9205191  19.5145379 1351.7120361  -0.5777226  -0.1119229   0.8085233  -0.0331006   0.0000000
 96.2946228  19.9765061 346.5485104  -0.5254766  -0.1033141   0.8445120   0.0198792   0.0000000
 95.9326828  21.7803819  28.3547176  -0.5266116  -0.1030011   0.8438430  -0.0154538   0.0000000
 95.6147355  23.5542598 151.2531082  -0.5319250  -0.1033828   0.8404568   0.0243258   0.0000000
 96.0306666  21.7203860  29.7281158  -0.5351774  -0.1043892   0.8382649   0.1507598   0.0000000
 96.0286669  21.6323921  31.9030754  -0.5331548  -0.1040915   0.8395897   0.1334379   0.0000000
 95.7167186  22.6603213  85.3812707  -0.5233654  -0.1022576   0.8459504  -0.0545157   0.0000000
 95.4527623  23.2282822 136.7037745  -0.5085307  -0.0997539   0.8552459  -0.0506175   0.0000000
 95.8646941  23.2982774 170.1374576  -0.5510242  -0.1063930   0.8276792   0.0202101   0.0000000
 96.0126695  20.6364607 146.3639305  -0.5103009  -0.1006209   0.8540893  -0.0059374   0.0000000
 95.7067202  24.0682244 486.3961983  -0.5514392  -0.1062296   0.8274238   0.0996336   0.0000000
 96.1766424  20.4904707 138.7293442  -0.5241902  -0.1029559   0.8453548   0.0048904   0.0000000
 95.8526960  21.3584110 110.7822056  -0.5093079  -0.1002867   0.8547211  -0.0199953   0.0000000
 95.4947554  23.7882437 326.7356304  -0.5249481  -0.1022404   0.8449712  -0.0786699   0.0000000
 96.4525966  18.5186065   2.7443507  -0.5102043  -0.1011346   0.8540863  -0.0797523   0.0000000
 96.0826579  20.8304473 109.2658853  -0.5217587  -0.1024648   0.8469173   0.1039523   0.0000000
 96.6105705  17.7406600 -34.3153996  -0.5098343  -0.1012775   0.8542902  -0.0403121   0.0000000
 96.1966391  20.7744512 121.5976027  -0.5321884  -0.1041821   0.8401915   0.0743218   0.0000000
 95.7627110  22.6123246  77.5761748  -0.5269803  -0.1028447   0.8436319  -0.0183142   0.0000000
 95.5447471  23.0842921 100.5999280  -0.5149044  -0.1008073   0.8512998  -0.0522273   0.0000000
 96.1166523  20.0325022 368.1070404  -0.5081129  -0.1004037   0.8554183  -0.1168124   0.0000000
 95.8566954  23.1122902 135.9384673  -0.5465287  -0.1057617   0.8307351  -0.0162582   0.0000000
 95.8866904  22.0683621  34.7715841  -0.5280284  -0.1031521   0.8429387  -0.0530671   0.0000000
 95.9626778  22.0103661  60.7341040  -0.5344273  -0.1041882   0.8387683  -0.2309452   0.0000000
 95.5587448  23.4882643 149.9802089  -0.5249511  -0.1023087   0.8449611  -0.0118152   0.0000000
 96.5865744  18.3486182 -23.4881503  -0.5206082  -0.1029560   0.8475654  -0.0612917   0.0000000
 95.9366821  20.8064490 145.1135864  -0.5060490  -0.0998730   0.8567029  -0.0112639   0.0000000
 95.7867070  21.5183999 149.9562944  -0.5059242  -0.0996928   0.8567976  -0.0200154   0.0000000
 96.5225850  19.0425704  36.2515417  -0.5288664  -0.1041443   0.8422911  -0.1224395   0.0000000
 95.7287166  23.7022496 136.4540458  -0.5460528  -0.1055156   0.8310792   0.0258381   0.0000000
 96.3806086  19.0365708   7.8837724  -0.5139692  -0.1016389   0.8517659  -0.0988343   0.0000000
 96.1786420  20.4984702 137.9638045  -0.5245538  -0.1030135   0.8451222   0.0072067   0.0000000
 95.7767086  22.1663553  44.1928442  -0.5189198  -0.1016643   0.8487559  -0.0393676   0.0000000
 95.9306831  21.6563904  55.6253016  -0.5237981  -0.1025802   0.8456435  -0.2667215   0.0000000
 95.6647272  23.5242618 165.8744598  -0.5362294  -0.1040588   0.8376334   0.0235046   0.0000000
 95.8306997  22.4183380  36.8712430  -0.5297311  -0.1033310   0.8418477  -0.0539373   0.0000000
 95.6507295  23.3742722 170.6135211  -0.5317635  -0.1034042   0.8405565  -0.0138183   0.0000000
 95.6847239  23.0962913 126.0792016  -0.5293332  -0.1030938   0.8421271  -0.0160169   0.0000000
 96.0466639  20.6484598 178.9407075  -0.5141655  -0.1012606   0.8516926   0.0318047   0.0000000
 96.3146195  19.0925669  34.1166123  -0.5082232  -0.1006491   0.8553239  -0.1059770   0.0000000
 95.4767583  23.7922434 217.8444187  -0.5231723  -0.1019592   0.8461059  -0.1147590   0.0000000
 96.1626447  20.6884571 116.8170282  -0.5269464  -0.1033527   0.8435909   0.0376699   0.0000000
 95.5567451  24.0182278 572.5843859  -0.5360199  -0.1039050   0.8377866   0.1025625   0.0000000
 96.4885907  18.6285989 -12.6140463  -0.5164257  -0.1021661   0.8502157  -0.1039490   0.0000000
 95.7847073  23.5622592 172.4034991  -0.5486600  -0.1059538   0.8293045   0.0223249   0.0000000
 95.7467136  23.9102353 176.3533460  -0.5519027  -0.1063396   0.8271005  -0.0104967   0.0000000
 96.6185691  17.6846639 -33.3108779  -0.5094501  -0.1012260   0.8545256  -0.0375927   0.0000000
 96.3126198  19.9125105 309.5637586  -0.5259368  -0.1034076   0.8442140  -0.0855888   0.0000000
 96.2286338  20.4684722 195.2818361  -0.5290440  -0.1037590   0.8422271  -0.0277841   0.0000000
 95.7407146  22.8623074 132.4512251  -0.5300462  -0.1032664   0.8416573  -0.0532825   0.0000000
 97.5544141  21.2204205 1373.4969707  -0.6585584  -0.1226786   0.7424626   0.2132333   0.0000000
 96.3826082  18.9785748   3.3382430  -0.5128787  -0.1014693   0.8524432  -0.1665268   0.0000000
 96.0006715  21.9343713  43.4699192  -0.5366358  -0.1045601   0.8373107   0.2373816   0.0000000
 96.2366324  20.6264613 179.5061830  -0.5331621  -0.1043845   0.8395488   0.0395035   0.0000000
 95.9146858  21.5463980  84.6340090  -0.5198324  -0.1019653   0.8481612  -0.0153709   0.0000000
 95.8666937  23.2342818 151.0133091  -0.5499287  -0.1062454   0.8284264  -0.0159446   0.0000000
 96.7485476  17.0967044 -35.6830616  -0.5103392  -0.1015415   0.8539574  -0.1088447   0.0000000
 96.6305672  18.2706235 -21.9521650  -0.5235208  -0.1034734   0.8457063  -0.0889007   0.0000000
 95.7407146  22.8043114 121.6597074  -0.5288300  -0.1030893   0.8424437  -0.0535786   0.0000000
 95.9386818  21.1964221 101.6514756  -0.5147637  -0.1012234   0.8513355   0.0228098   0.0000000
 95.6307328  23.4922640 174.0313307  -0.5322186  -0.1034448   0.8402634  -0.0123926   0.0000000
 95.9566788  22.0183655  60.2654821  -0.5340065  -0.1041192   0.8390449  -0.2311018   0.0000000
 96.1506467  19.9365088 162.3731811  -0.5094912  -0.1006555   0.8545684   0.0383086   0.0000000
 95.6127358  24.0562252 595.7632517  -0.5422567  -0.1048485   0.8336453  -0.0911841   0.0000000
 96.0766589  20.7484529 114.5453069  -0.5194069  -0.1021000   0.8484056   0.1043995   0.0000000
 95.6887232  23.4022702 197.4721922  -0.5361028  -0.1040724   0.8377128  -0.0496310   0.0000000
 95.6127358  23.2782788 162.9186574  -0.5259715  -0.1025204   0.8443006  -0.0176001   0.0000000
 96.3306169  19.7565212 112.3079490  -0.5243499  -0.1031857   0.8452277  -0.0814870   0.0000000
 95.9366821  21.5763959  67.6465300  -0.5227162  -0.1024259   0.8463313  -0.1224168   0.0000000
 95.4187679  24.0962225 222.2058699  -0.5237710  -0.1019830   0.8457325  -0.0129413   0.0000000
 96.2586288  19.2985528  34.4733039  -0.5067756  -0.1003518   0.8562173  -0.0070079   0.0000000
 97.3504479  22.5283304 707.6240847  -0.6622906  -0.1222329   0.7392092   0.4223066   0.0000000
 96.4365993  18.6565970 -11.0435134  -0.5115243  -0.1013236   0.8532739  -0.1187067   0.0000000
 95.8706931  22.5143314  74.4603120  -0.5357202  -0.1042524   0.8379351  -0.0173598   0.0000000
 95.4647603  23.7762445 225.2235845  -0.5215973  -0.1017158   0.8471069  -0.1206482   0.0000000
 95.7347156  21.6763891 162.3331489  -0.5038955  -0.0993235   0.8580350  -0.0217344   0.0000000
 96.1306500  21.1404260  70.8352246  -0.5331655  -0.1042337   0.8395653   0.1758736   0.0000000
 96.6805589  17.1886980 -33.2044895  -0.5050924  -0.1006003   0.8571821  -0.0492761   0.0000000
 96.2826248  19.0105726  33.7315692  -0.5029654  -0.0997719   0.8585286   0.0005131   0.0000000
 95.4547620  24.0562252 228.6605844  -0.5265212  -0.1024207   0.8439701  -0.0025681   0.0000000
 97.6563972  22.1163588 1110.8458030  -0.6783490  -0.1244941   0.7241159   0.1201839   0.0000000
 98.1203203  20.7484529 740.7542929  -0.6912825  -0.1271239   0.7113143   0.2308345   0.0000000
 96.4685940  18.3326193  -6.3744729  -0.5077685  -0.1007649   0.8555803  -0.1092662   0.0000000
 96.6865579  17.1167030 -36.6474971  -0.5041364  -0.1004518   0.8577622  -0.0565267   0.0000000
 95.8906898  21.9003736  19.5538357  -0.5248684  -0.1026889   0.8449664   0.0210822   0.0000000
 96.2566291  19.2725546  41.8665948  -0.5059980  -0.1002257   0.8566918   0.0758369   0.0000000
 96.2486304  19.1685617  64.4705415  -0.5028541  -0.0997153   0.8586004   0.1047507   0.0000000
 96.1806417  19.8985115 100.8519528  -0.5117927  -0.1010507   0.8531454   0.0405395   0.0000000
 96.1846410  20.1544938 105.6045694  -0.5177764  -0.1019848   0.8494155  -0.0261558   0.0000000
 97.4244356  20.7304542 1056.4837990  -0.6411782  -0.1206632   0.7578462   0.0170418   0.0000000
 95.6087365  23.0562941 106.5960762  -0.5208070  -0.1017554   0.8475883  -0.0523551   0.0000000
 95.7927060  23.4522668 208.2485484  -0.5472267  -0.1057693   0.8302746  -0.0143280   0.0000000
 95.7627110  22.1483566  35.1420530  -0.5170959  -0.1013736   0.8499031  -0.0503899   0.0000000
 95.6607279  22.6063250  60.6378859  -0.5164634  -0.1011646   0.8503124  -0.0195377   0.0000000
 95.6547288  23.8622386 149.1508086  -0.5421259  -0.1048726   0.8337274  -0.0028227   0.0000000
 97.8423664  20.8084488 926.8607609  -0.6731732  -0.1248405   0.7288707   0.2399989   0.0000000
 96.0106699  22.1583559  16.3811197  -0.5421917  -0.1053704   0.8336218   0.3445473   0.0000000
 97.0944903  21.0964290 827.6853826  -0.6205220  -0.1175576   0.7753275  -0.0044215   0.0000000
 95.6587282  23.9782306 428.5118515  -0.5450032  -0.1052836   0.8317974  -0.0334359   0.0000000
 96.0966556  21.2844160  60.5556315  -0.5327305  -0.1041224   0.8398552   0.0996630   0.0000000
 95.5067534  23.7882437 391.2415840  -0.5261782  -0.1024339   0.8441823  -0.0871243   0.0000000
 96.4825917  18.5226062  -0.6268611  -0.5134751  -0.1016926   0.8520575  -0.1127139   0.0000000
 97.8263690  22.4223377 878.9963439  -0.6936406  -0.1260095   0.7092139   0.0480191   0.0000000
 96.0926563  20.9984357 100.1381085  -0.5263594  -0.1031714   0.8439795   0.0310339   0.0000000
 95.8666937  22.8803062 115.7424631  -0.5428388  -0.1052603   0.8332144  -0.0527822   0.0000000
 95.9926729  20.7744512 137.5190959  -0.5112253  -0.1007414   0.8535221  -0.0440086   0.0000000
 95.5647438  23.9402332 356.6188381  -0.5350850  -0.1037769   0.8383999  -0.0064198   0.0000000
 95.9386818  22.2203516  39.6719488  -0.5363837  -0.1044386   0.8374874  -0.1240829   0.0000000
 96.0506632  20.7904501 116.7531798  -0.5176115  -0.1017934   0.8495390   0.1026689   0.0000000
 96.1746427  20.7324540 131.1365902  -0.5290973  -0.1036916   0.8422019   0.0394488   0.0000000
 96.0606616  20.1564937 242.6989267  -0.5048367  -0.0998210   0.8574238  -0.0344591   0.0000000
 96.2986222  19.9645069 711.3255508  -0.5258153  -0.1033794   0.8442932  -0.0155802   0.0000000
 95.5447471  23.5562596 163.3117194  -0.5249779  -0.1022969   0.8449459  -0.0253153   0.0000000
 96.0066705  21.8583765  18.8583143  -0.5356641  -0.1044272   0.8379492   0.1300362   0.0000000
 98.5562481  17.5166754 1264.2838059  -0.6776978  -0.1280194   0.7241110   0.0337997   0.0000000
 96.5865744  18.0406394  -7.8502069  -0.5139210  -0.1019003   0.8517638  -0.0522500   0.0000000
 95.6847239  22.8403089 101.8620297  -0.5239427  -0.1023056   0.8455871  -0.1255967   0.0000000
 96.2326331  19.9185101  65.9908354  -0.5176585  -0.1020266   0.8494824  -0.0549973   0.0000000
 96.2366324  19.3385500  46.4115541  -0.5053448  -0.1000987   0.8570921  -0.0096007   0.0000000
 97.8603634  19.3705478 301.8303902  -0.6533098  -0.1232105   0.7469976   0.0736093   0.0000000
 95.5247504  22.9383022  70.7252894  -0.5096434  -0.0999925   0.8545554  -0.0179640   0.0000000
 95.9626778  22.4563354  18.4717225  -0.5435294  -0.1054907   0.8327349  -0.0163034   0.0000000
 96.5145864  18.4026145 -11.2421059  -0.5142133  -0.1018509   0.8515933  -0.0703214   0.0000000
 95.8606947  23.2222826 146.1805830  -0.5491375  -0.1061283   0.8289661  -0.0159419   0.0000000
 96.3086205  19.2065591  19.8812163  -0.5100932  -0.1009377   0.8541759  -0.0796334   0.0000000
 96.1426480  20.5684653 135.6542528  -0.5223600  -0.1026337   0.8465260   0.0379674   0.0000000
 95.6627275  23.2602800 182.6529173  -0.5305800  -0.1032488   0.8413231  -0.0146957   0.0000000
 95.6867235  23.7222482 126.0876735  -0.5423911  -0.1049514   0.8335449  -0.0109505   0.0000000
 96.0106699  21.7523838  27.0026556  -0.5338618  -0.1041702   0.8391306   0.0607036   0.0000000
 98.5382510  17.9566452 1100.6832265  -0.6824557  -0.1283143   0.7195761  -0.1109144   0.0000000
 95.8406980  22.7983118 125.2590442  -0.5386201  -0.1046281   0.8360271  -0.0171185   0.0000000
 96.0146692  21.8203791  22.4434427  -0.5356650  -0.1044381   0.8379472   0.0962031   0.0000000
 95.8247007  22.8783063 137.6317536  -0.5386924  -0.1046172   0.8359820  -0.0169562   0.0000000
 96.6145698  18.5906015 -14.4459855  -0.5286974  -0.1042522   0.8423839  -0.0654614   0.0000000
 95.5787414  23.2662796 141.2829994  -0.5222744  -0.1019392   0.8466628  -0.0502991   0.0000000
 95.5107527  23.3382746 118.9127869  -0.5168753  -0.1010656   0.8500739  -0.0492761   0.0000000
 97.2524641  17.3506869 -18.2776174  -0.5666543  -0.1110252   0.8164413   0.0156504   0.0000000
 96.0026712  21.2464187 110.7808795  -0.5224463  -0.1024682   0.8464928   0.0611972   0.0000000
 97.8943577  19.3025525 363.8870851  -0.6548818  -0.1234779   0.7455756  -0.0131547   0.0000000
 96.4385990  18.8005871  -9.8498194  -0.5148903  -0.1018583   0.8511832  -0.0880422   0.0000000
 96.3226182  18.9145792  23.3969587  -0.5051048  -0.1001614   0.8572263  -0.1019496   0.0000000
 96.0366656  21.8503771  23.2662684  -0.5384573  -0.1048727   0.8361014   0.1289131   0.0000000
 96.2186354  19.9385087  70.0793586  -0.5166150  -0.1018472   0.8501388  -0.0207280   0.0000000
 95.6047371  23.8022427 217.0512498  -0.5360765  -0.1039626   0.8377432   0.0270216   0.0000000
 96.3006218  19.3385500  16.7814771  -0.5121359  -0.1012498   0.8529158  -0.1117888   0.0000000
 95.4847570  23.8262411 207.3209034  -0.5246806  -0.1021872   0.8451438  -0.0065744   0.0000000
 95.6707262  22.9463016 118.9941901  -0.5247824  -0.1024131   0.8450533  -0.0171271   0.0000000
 96.1026546  23.0442949 310.2160387  -0.5684899  -0.1091079   0.8154230   0.0544435   0.0000000
 95.7727093  21.7683827 120.1036483  -0.5099148  -0.1002934   0.8543583  -0.0239769   0.0000000
 95.9066871  21.6723893  74.6487701  -0.5216910  -0.1022354   0.8469867  -0.1956588   0.0000000
 95.8826911  22.7563147  80.7114266  -0.5418367  -0.1051403   0.8338816  -0.0253387   0.0000000
 95.6367318  23.7482464 129.6445181  -0.5380652  -0.1042813   0.8364277  -0.0099007   0.0000000
 95.9306831  23.6042563 360.8389067  -0.5633079  -0.1081445   0.8191391   0.0561735   0.0000000
 95.5907395  23.9422331 523.1014830  -0.5377405  -0.1041878   0.8366481  -0.0069095   0.0000000
 96.1446477  19.9465082 149.3147273  -0.5090641  -0.1005811   0.8548317   0.0195073   0.0000000
 95.9206848  22.3243445  60.2450770  -0.5367512  -0.1044675   0.8372483  -0.1604469   0.0000000
 96.2386321  19.9185101  66.3491493  -0.5182567  -0.1021265   0.8491055  -0.0215304   0.0000000
 95.8007047  23.9642316 153.5137131  -0.5580510  -0.1072414   0.8228477   0.0154865   0.0000000
 96.6445648  17.4846776 -38.1251846  -0.5078025  -0.1009938   0.8555331   0.0079877   0.0000000
 96.2466308  20.3804783 181.4385442  -0.5290185  -0.1037796   0.8422406  -0.0254866   0.0000000
 96.4745930  18.6725959 -12.6084092  -0.5159136  -0.1020668   0.8505384  -0.1173486   0.0000000
 95.5647438  22.6763202  53.6263181  -0.5080650  -0.0997922   0.8555182   0.0514139   0.0000000
 96.1606450  20.8284474  96.8548503  -0.5296770  -0.1037583   0.8418292   0.0719109   0.0000000
 96.2966225  20.0125036 268.4912203  -0.5263869  -0.1034529   0.8439279  -0.0165325   0.0000000
 95.8007047  21.9063732  12.4951552  -0.5157788  -0.1012171   0.8507216  -0.0552513   0.0000000
 95.7507129  21.8243789  94.9717116  -0.5088336  -0.1001033   0.8550249  -0.0568462   0.0000000
 96.0946560  21.6103936  36.4786411  -0.5392906  -0.1050760   0.8355386   0.1698832   0.0000000
 96.0646609  20.8444463 113.1954741  -0.5202333  -0.1022108   0.8478857   0.1389338   0.0000000
 96.3526132  19.0985665  11.9870239  -0.5123430  -0.1013471   0.8527798  -0.1026800   0.0000000
 96.2866241  19.4025456  17.6388341  -0.5120437  -0.1012179   0.8529749  -0.1143406   0.0000000
 96.6325668  17.4506800 -34.0265270  -0.5057452  -0.1006450   0.8567919  -0.0283489   0.0000000
 96.2766258  19.3245510  24.1681296  -0.5093049  -0.1007742   0.8546655  -0.1137505   0.0000000
 96.6745599  17.1447011 -37.4103398  -0.5034397  -0.1003224   0.8581864  -0.0485535   0.0000000
 95.8806914  21.0904294 141.3784451  -0.5063752  -0.0998628   0.8565113  -0.0153461   0.0000000
 96.1386487  20.5424671 141.2772189  -0.5213978  -0.1024825   0.8471373   0.0380393   0.0000000
 95.9866738  22.0683621 193.4500240  -0.5380788  -0.1047529   0.8363600   0.0719570   0.0000000
 95.6047371  23.8402401 396.8875049  -0.5369737  -0.1040943   0.8371521   0.0255790   0.0000000
 95.4727590  23.8682382 256.4736002  -0.5243791  -0.1021313   0.8453376   0.0493191   0.0000000
 96.4405986  19.3025525 162.7764554  -0.5260484  -0.1035991   0.8441210  -0.1713994   0.0000000
 96.3286172  19.3085521  17.8477979  -0.5144224  -0.1016437   0.8514917  -0.0012190   0.0000000
 95.7027209  22.8383091 100.0189604  -0.5257210  -0.1025883   0.8444484  -0.1254983   0.0000000
 95.7787083  23.0362954 159.7624979  -0.5374029  -0.1043729   0.8368419  -0.0523363   0.0000000
 95.9046874  23.0762927  84.9716333  -0.5504069  -0.1063656   0.8280933  -0.0524475   0.0000000
 96.6285675  17.5846708 -36.6214099  -0.5083290  -0.1010583   0.8552128  -0.0530261   0.0000000
 95.9106864  22.9083042  69.5205065  -0.5476198  -0.1059892   0.8299872  -0.0167405   0.0000000
 96.0566622  20.3444808 224.8873590  -0.5085559  -0.1004009   0.8551553  -0.0373564   0.0000000
 95.9726762  20.4584729 195.2197619   0.0000000   0.0000000   1.0000000  -0.0323316   0.0000000
 96.1306500  19.8545145 208.7132926  -0.5055819  -0.1000173   0.8569617   0.0067768   0.0000000
 96.6765595  17.1447011 -37.5865561  -0.5036544  -0.1003601   0.8580559  -0.0482865   0.0000000
 95.8786917  23.1322888 173.3421073  -0.5490866  -0.1061484   0.8289972   0.0107016   0.0000000
 95.8366987  22.3903399  38.2513885  -0.5297230  -0.1033373   0.8418521  -0.0538920   0.0000000
 96.0366656  21.6443913  32.9848067  -0.5342021  -0.1042553   0.8389034   0.1678959   0.0000000
 95.4887564  23.1702862 120.5600821  -0.5109802  -0.1001596   0.8537372  -0.0513373   0.0000000
 95.6447305  23.9022358 190.2998864  -0.5419995  -0.1048430   0.8338133   0.0556323   0.0000000
 96.2906235  20.1544938 117.4051583  -0.5287041  -0.1037916   0.8424365  -0.0242827   0.0000000
 96.2086371  19.6705272  43.0151990  -0.5096941  -0.1007538   0.8544358  -0.0173459   0.0000000
 95.4847570  23.4522668 125.1088408  -0.5166622  -0.1010066   0.8502104  -0.0118460   0.0000000
 96.0826579  20.5744649 148.7054383  -0.5162754  -0.1016279   0.8503714   0.0704575   0.0000000
 96.6405655  17.4646790 -35.1455724  -0.5069476  -0.1008506   0.8560568  -0.0277964   0.0000000
 96.1086536  20.0245028 458.5837300  -0.5071290  -0.1002414   0.8560209  -0.1366236   0.0000000
 95.6847239  23.7982430 132.8985230  -0.5437298  -0.1051345   0.8326491  -0.0102245   0.0000000
 95.2467964  23.9442329 244.9726929  -0.5028987  -0.0987114   0.8586903  -0.0322359   0.0000000
 96.4705937  18.1466321  12.5420297  -0.5038466  -0.1001365   0.8579693  -0.0776880   0.0000000
 96.7905406  16.8327225 -47.4981956  -0.5089760  -0.1013763   0.8547902  -0.5614388   0.0000000
 96.4965894  18.3746164  -9.2820133  -0.5117041  -0.1014293   0.8531535  -0.0714604   0.0000000
 97.7903750  21.0404328 932.8955292  -0.6727424  -0.1246119   0.7293075   0.0818250   0.0000000
 95.5947388  23.9302339 602.1867240  -0.5379277  -0.1042216   0.8365235  -0.0083807   0.0000000
 96.0586619  21.3424121  57.3424849  -0.5301393  -0.1036885   0.8415468   0.0987163   0.0000000
 96.2586288  19.2365570  42.3921790  -0.5054459  -0.1001406   0.8570276   0.1019223   0.0000000
 96.3726099  19.2805540  31.9192311  -0.5184279  -0.1023265   0.8489769  -0.1046849   0.0000000
 95.5847404  23.6962500 149.1149836  -0.5319209  -0.1033461   0.8404641  -0.0096993   0.0000000
 96.7045549  16.9427150 -38.5902581   0.0000000   0.0000000   1.0000000  -0.0373690   0.0000000
 95.6527292  23.3702724 172.1902111  -0.5318651  -0.1034213   0.8404900  -0.0321102   0.0000000
 96.2486304  19.1665619  69.7188040  -0.5028117  -0.0997085   0.8586260   0.1166189   0.0000000
 95.8107030  21.8023804  69.2187470  -0.5145824  -0.1010479   0.8514660  -0.0223128   0.0000000
 97.9643461  19.4165446 229.1007544  -0.6616910  -0.1243316   0.7393962  -0.0363074   0.0000000
 95.9606782  21.8683758  14.4393452  -0.5312641  -0.1037230   0.8408329  -0.1228288   0.0000000
 96.6465645  17.3346880 -36.3079893  -0.5046896  -0.1004912   0.8574321  -0.0228956   0.0000000
 95.9886735  21.7063870  30.4922010  -0.5306831  -0.1036749   0.8412057  -0.0157175   0.0000000
 96.1486470  21.1064283  86.1115199  -0.5342852  -0.1044242   0.8388295   0.1043478   0.0000000
 96.2506301  19.5265371  37.4601504  -0.5109937  -0.1010090   0.8536291   0.0242671   0.0000000
 95.7887066  22.0583628  74.1195239  -0.5178456  -0.1015172   0.8494294  -0.0553597   0.0000000
 96.4845913  18.2626241  -5.2420418  -0.5079367  -0.1008120   0.8554749  -0.1057048   0.0000000
 96.2826248  19.3525491  18.6741154  -0.5105405  -0.1009764   0.8539041  -0.1137565   0.0000000
 96.3446145  18.9445771  10.4417072  -0.5081316  -0.1006706   0.8553758  -0.1352779   0.0000000
 95.9446808  22.0003668  43.0733986  -0.5324078  -0.1038696   0.8400911  -0.1922759   0.0000000
 96.4625950  20.1464944 832.8915601  -0.5461501  -0.1066485   0.8308707   0.1178543   0.0000000
 96.1746427  20.0704996 125.3182650  -0.5149435  -0.1015350   0.8511896   0.0102603   0.0000000
 96.1126530  20.3524802 176.3568785  -0.5146207  -0.1014101   0.8513997   0.1151961   0.0000000
 96.3806086  19.1225649  16.3176203  -0.5158415  -0.1019331   0.8505982  -0.1006963   0.0000000
 95.7187182  22.5543286  54.8539925  -0.5213052  -0.1019539   0.8472581  -0.0190910   0.0000000
 95.7527126  24.0382265 357.8046334  -0.5551246  -0.1067870   0.8248838   0.0097843   0.0000000
 96.4845913  18.4306125  -0.8441809  -0.5116553  -0.1014062   0.8531855  -0.0382560   0.0000000
 96.1026546  21.2624176  58.9216434  -0.5328828  -0.1041530   0.8397548   0.1369687   0.0000000
 96.0726596  20.2784853 215.5416114  -0.5087993  -0.1004573   0.8550039  -0.1043484   0.0000000
 95.5567451  23.7942433 346.1914700  -0.5312458  -0.1032205   0.8409063  -0.0081156   0.0000000
 95.7567120  21.8483772  74.3778067  -0.5099942  -0.1002875   0.8543116  -0.0566154   0.0000000
 96.1846410  21.1864228 140.9982930  -0.5395335  -0.1052438   0.8353606   0.0691531   0.0000000
 96.2026381  19.7865192  44.3402518  -0.5116293  -0.1010504   0.8532434   0.0548776   0.0000000
 95.5647438  23.7762445 206.8298133  -0.5315744  -0.1032732   0.8406921  -0.0084616   0.0000000
 95.6547288  22.1663553  26.7940981  -0.5062575  -0.0996053   0.8566108  -0.0256339   0.0000000
 95.7847073  22.6463223  97.5412658  -0.5299226  -0.1033025   0.8417308  -0.0179662   0.0000000
 95.8666937  22.3803406  57.9594550  -0.5325280  -0.1037849   0.8400254  -0.0534542   0.0000000
 95.8127027  23.1462879 176.2240662  -0.5429951  -0.1052089   0.8331191  -0.0159774   0.0000000
 95.9506798  21.5543975  66.3154692  -0.5236529  -0.1025832   0.8457330  -0.0141485   0.0000000
 95.8666937  21.3544112 105.2662313  -0.5106783  -0.1005134   0.8538763  -0.0166984   0.0000000
 96.4206019  19.2925532 103.7088719  -0.5237021  -0.1032090   0.8456265  -0.1172930   0.0000000
 96.0906566  21.2704170  54.8113796  -0.5318516  -0.1039845   0.8404291   0.1361172   0.0000000
 97.5924078  18.6165997 645.5593079  -0.6202688  -0.1188989   0.7753255  -0.0162132   0.0000000
 96.1646444  20.1164965 111.7799881  -0.5148717  -0.1015110   0.8512359   0.0063158   0.0000000
 95.5487464  23.6842508 139.7821752  -0.5280461  -0.1027458   0.8429772  -0.0093676   0.0000000
 95.6587282  23.4202690 173.4646496  -0.5335153  -0.1036654   0.8394135  -0.0133025   0.0000000
 96.4126033  19.2605554  46.5869917  -0.5221881  -0.1029636   0.8465921  -0.1009305   0.0000000
 96.2206351  19.2845537  79.0980638   0.0000001   0.0000000   1.0000000  -0.1538058   0.0000000
 96.1606450  21.6063939  60.1763894  -0.5457044  -0.1060925   0.8312347   0.0998569   0.0000000
 95.6507295  22.2603489  29.9699005  -0.5079203  -0.0998570   0.8555966  -0.0217309   0.0000000
 95.8726927  20.9384399 165.5847374   0.0000000   0.0000000   1.0000000  -0.0511542   0.0000000
 95.5807411  23.8182416 225.8912747  -0.5340560  -0.1036470   0.8390718  -0.0807600   0.0000000
 97.7263856  20.8104487 989.2596518  -0.6649542  -0.1237857   0.7365548   0.0020327   0.0000000
 96.5705771  17.9686443 -13.5823649  -0.5106397  -0.1013553   0.8537998  -0.0519264   0.0000000
 95.7147189  22.5463292  49.5965060  -0.5206949  -0.1018580   0.8476448  -0.0191827   0.0000000
 95.8506964  21.1224272 140.7427542  -0.5038994  -0.0994438   0.8580188  -0.0168528   0.0000000
 95.7207179  22.3063457  33.9793240  -0.5161571  -0.1011846   0.8504961  -0.0201770   0.0000000
 95.8087033  23.3322751 189.5876776  -0.5463702  -0.1056732   0.8308506  -0.0151214   0.0000000
 96.5245847  18.6225993 -14.6468711  -0.5200675  -0.1027859   0.8479180  -0.0752399   0.0000000
 96.1206516  20.9344401  93.2688883  -0.5278596  -0.1034330   0.8430100   0.1048126   0.0000000
 96.0726596  20.4364744 204.5468364  -0.5122582  -0.1009963   0.8528724   0.0353088   0.0000000
 96.1246510  20.2424878 164.8779072  -0.5134807  -0.1012478   0.8521070   0.0406871   0.0000000
 95.8147023  21.4944016 149.8756451  -0.5083503  -0.1000984   0.8553130  -0.0189450   0.0000000
 96.0906566  21.3784096  47.6553046  -0.5340953  -0.1043144   0.8389641   0.0636947   0.0000000
 95.6627275  23.0782925 124.9352630  -0.5267429  -0.1026905   0.8437989  -0.0520942   0.0000000
 96.2446311  19.8985115  66.5755586  -0.5184744  -0.1021681   0.8489676  -0.0182646   0.0000000
 95.7867070  22.2983462  51.2346992  -0.5227670  -0.1022508   0.8463212  -0.0549038   0.0000000
 96.1606450  20.0465013 128.8251081  -0.5129408  -0.1012063   0.8524371   0.0096263   0.0000000
 95.4787580  23.9022358 242.9374236  -0.5256994  -0.1023292   0.8444933  -0.0413074   0.0000000
 95.8806914  21.8823749  19.7085415  -0.5234790  -0.1024699   0.8458543   0.0521404   0.0000000
 95.7507129  22.9363023 137.2015297  -0.5325720  -0.1036445   0.8400148  -0.0169252   0.0000000
 95.6527292  23.7542460 132.2043871  -0.5397625  -0.1045404   0.8353010  -0.0100976   0.0000000
 95.6307328  23.3522737 163.9508235  -0.5293208  -0.1030279   0.8421429  -0.0496669   0.0000000
 96.1606450  19.5985321  47.0043537  -0.5029840  -0.0996352   0.8585336  -0.1637940   0.0000000
 96.0926563  21.7283855  34.7678265  -0.5414755  -0.1053869   0.8340850   0.0971121   0.0000000
 95.7667103  22.1163588  58.3361129  -0.5168001  -0.1013338   0.8500878  -0.0544024   0.0000000
 96.0346659  21.2824162  66.4419242  -0.5264445  -0.1031077   0.8439342   0.0978802   0.0000000
 96.5025884  18.1586312  -1.4747967  -0.5075759  -0.1007769   0.8556931  -0.0649908   0.0000000
 96.2086371  20.3524802 150.7882115  -0.5245463  -0.1030524   0.8451222   0.0085824   0.0000000
 97.4164369  22.7883125 536.8990794  -0.6705887  -0.1230512   0.7315526  -0.0708455   0.0000000
 95.9706765  22.0063663  79.3552110  -0.5351595  -0.1043060   0.8382867  -0.2067811   0.0000000
 96.1586454  20.6824575 116.4130612  -0.5264075  -0.1032661   0.8439379   0.0375286   0.0000000
 95.7287166  22.9802993 137.4354213  -0.5313148  -0.1034356   0.8408362  -0.0167359   0.0000000
 95.9566788  21.8743754  27.3721847  -0.5309919  -0.1036782   0.8410104  -0.1499110   0.0000000
 96.4565960  18.6405981 -13.0129609  -0.5132924  -0.1016294   0.8521751  -0.0823900   0.0000000
 96.1646444  21.0664311 101.1135714  -0.5350630  -0.1045615   0.8383164   0.1048608   0.0000000
 96.0386652  21.2684171  64.8252561  -0.5265441  -0.1031275   0.8438697   0.1228386   0.0000000
 96.3286172  19.4065453  56.9932479  -0.5165786  -0.1019817   0.8501449  -0.0750101   0.0000000
 96.5085874  18.4506111  -8.0731232  -0.5146379  -0.1019104   0.8513296  -0.0722311   0.0000000
 95.8366987  21.3484116 112.6941041  -0.5074052  -0.0999748   0.8558884  -0.0179216   0.0000000
 95.6247338  23.9782306 711.7646653  -0.5418927  -0.1048170   0.8338860   0.1004575   0.0000000
 96.1206516  19.8745131 191.1493712  -0.5049349  -0.0999029   0.8573565  -0.1368456   0.0000000
 95.8746924  22.7123177  80.5561560  -0.5401655  -0.1048928   0.8349963  -0.0170982   0.0000000
 97.0724939  21.9063732 657.9539564  -0.6318310  -0.1186702   0.7659680   0.0342161   0.0000000
 95.7807080  22.3923398  38.8964895  -0.5241413  -0.1024473   0.8454469  -0.0188201   0.0000000
 96.0066705  21.5084006  56.4832351  -0.5283623  -0.1033565   0.8427044   0.0239251   0.0000000
 95.7747090  23.9582320 155.5373064  -0.5554897  -0.1068616   0.8246283   0.0191683   0.0000000
 96.2866241  19.8145172  61.9145189  -0.5210141  -0.1026139   0.8473575   0.0220824   0.0000000
 96.1686437  20.5124692 135.5003707  -0.5238444  -0.1028929   0.8455768   0.0041608   0.0000000
 95.8167020  22.5763271  88.4659058  -0.5316324  -0.1035912   0.8406163  -0.0535137   0.0000000
 95.8127027  21.4244064 180.4350285  -0.5066009  -0.0998257   0.8563821  -0.0189814   0.0000000
 96.4785923  18.1686306  10.4287010  -0.5052025  -0.1003652   0.8571448  -0.1038593   0.0000000
 96.1366490  20.3804783 156.0775115  -0.5176990  -0.1019138   0.8494712   0.0398031   0.0000000
 96.0206682  20.4244753 205.3063813  -0.5065231  -0.1000412   0.8564030  -0.0396317   0.0000000
 95.6347322  24.1602181 741.0141403  -0.5465540  -0.1054737   0.8307551   0.1060103   0.0000000
 95.9906732  20.8924430 130.1991444  -0.5135939  -0.1011050   0.8520558  -0.0089857   0.0000000
 95.8746924  21.0684309 143.4051574  -0.5052558  -0.0996816   0.8571932   0.0180587   0.0000000
 95.6147355  24.1302201 537.3104154  -0.5438834  -0.1050738   0.8325565  -0.0051670   0.0000000
 95.8027043  22.5583283  75.3320258  -0.5298519  -0.1033142   0.8417738  -0.0180524   0.0000000
 96.2866241  23.8042426  47.0802905  -0.5985031  -0.1131180   0.7930941   0.0117116   0.0000000
 95.6927226  22.3523425  32.8716266  -0.5142642  -0.1008677   0.8516796  -0.0202798   0.0000000
 96.2206351  19.8045179  46.2886146  -0.5139146  -0.1014298   0.8518237   0.0533473   0.0000000
 96.8365330  17.0827053 -37.5885237  -0.5193952  -0.1031192   0.8482895  -0.0246934   0.0000000
 96.1606450  20.1684929 123.0691720  -0.5155948  -0.1016183   0.8507853   0.0183234   0.0000000
 95.4607610  23.8922365 218.2515785  -0.5236676  -0.1020136   0.8457928  -0.0411555   0.0000000
 95.9526795  20.5724651 175.7070117  -0.0000000  -0.0000000   1.0000000  -0.0090549   0.0000000
 95.9886735  21.5863953  73.6455466  -0.5282103  -0.1033109   0.8428053   0.0581631   0.0000000
 96.0686603  21.0604315  86.9291921  -0.5252255  -0.1029696   0.8447102   0.1012892   0.0000000
 96.2746261  19.5065384  28.5354705  -0.5130641  -0.1013633   0.8523443  -0.0812618   0.0000000
 98.0803269  18.3506180 1002.7182655  -0.6549366  -0.1241660   0.7454133   0.0394399   0.0000000
 95.5767418  24.0682244 444.6867719  -0.5389225  -0.1043338   0.8358690   0.0314177   0.0000000
 96.3766092  19.2625552  15.4268303  -0.5184608  -0.1023366   0.8489556  -0.1035591   0.0000000
 95.7187182  22.1763546  26.4613297  -0.5131416  -0.1007258   0.8523732   0.0109384   0.0000000
 96.0486636  21.1224272  86.6576571  -0.5245026  -0.1028354   0.8451757   0.2077325   0.0000000
 95.7367153  23.4902642 205.2444172  -0.5425729  -0.1050461   0.8334147  -0.0134885   0.0000000
 96.0146692  20.5584660 166.2738163  -0.5088121  -0.1003918   0.8550040  -0.0074369   0.0000000
 95.6847239  22.6883194  82.9173355  -0.5207046  -0.1018259   0.8476427  -0.0546844   0.0000000
 95.7467136  23.3322751 205.4586830  -0.5403470  -0.1047480   0.8348970  -0.0146391   0.0000000
 96.3646112  18.8345847   2.7390921  -0.5077989  -0.1006414   0.8555768  -0.0959135   0.0000000
 96.7045549  17.7106621 -36.7320228  -0.5191593  -0.1028931   0.8484613  -0.0281445   0.0000000
 96.2646278  19.6005320  31.3523927  -0.5140637  -0.1015073   0.8517246   0.0204514   0.0000000
 95.9266838  21.6943878  58.3709091  -0.5241727  -0.1026308   0.8454052  -0.2310214   0.0000000
 96.0286669  21.9503702  23.5495964  -0.5397058  -0.1050409   0.8352748   0.1660882   0.0000000
 95.9986719  21.8423776  17.7084528  -0.5345135  -0.1042488   0.8387058   0.2017729   0.0000000
 95.8067037  23.4662658 200.7692548  -0.5488560  -0.1060130   0.8291672   0.0215051   0.0000000
 98.2762945  17.1027039 191.5057497  -0.6504378  -0.1243657   0.7493089  -0.0366148   0.0000000
 96.5045880  18.2406256  -8.6138500  -0.5096048  -0.1011047   0.8544477  -0.1029423   0.0000000
 96.6385658  17.6706648 -36.3539284  -0.5112789  -0.1015461   0.8533945  -0.0347305   0.0000000
 96.9085211  23.7402470 130.0506464  -0.6472729  -0.1195700   0.7528219  -0.0798665   0.0000000
 95.3467799  23.8582388 184.2142877  -0.5113440  -0.1000760   0.8535293  -0.0042780   0.0000000
 95.8546957  21.2824162 106.9327672  -0.5078593  -0.1000645   0.8556086  -0.0529802   0.0000000
 95.6027375  23.1722861 139.0988564  -0.5226954  -0.1020281   0.8463922  -0.0434883   0.0000000
 95.9066871  21.8083800  34.1964599  -0.5245450  -0.1026610   0.8451705  -0.0522042   0.0000000
 95.7987050  22.8223102 144.5631777  -0.5349829  -0.1040532   0.8384308  -0.0172440   0.0000000
 95.8906898  21.3384123  93.4498778  -0.5128320  -0.1008714   0.8525422  -0.0156777   0.0000000
 95.6747255  23.0682932 127.1949600  -0.5277475  -0.1028515   0.8431513  -0.0188907   0.0000000
 96.3486139  19.6985252 160.7103677  -0.5250051  -0.1033116   0.8448055  -0.0790677   0.0000000
 95.9046874  20.9344401 154.4785863  -0.5054793  -0.0997488   0.8570536  -0.0488629   0.0000000
 95.9166854  21.4944016  90.5133962  -0.5189213  -0.1018302   0.8487352  -0.0151425   0.0000000
 96.2746261  20.0605003 206.2377500  -0.5251210  -0.1032294   0.8447435   0.0171370   0.0000000
 97.7163872  17.5866706 -22.1870477  -0.6128331  -0.1183271   0.7813030  -0.0831855   0.0000000
 95.4887564  23.7442467 164.4916749  -0.5233252  -0.1019933   0.8460071  -0.0077967   0.0000000
 95.9246841  21.1204273 119.5397398  -0.5116490  -0.1007288   0.8532697  -0.0134160   0.0000000
 95.7807080  21.9383710  26.3487410  -0.5144017  -0.1009858   0.8515825  -0.1276398   0.0000000
 96.4505970  18.2726234   1.1095055  -0.5045269  -0.1002220   0.8575594  -0.1096600   0.0000000
 95.8666937  23.3502738 189.1871577  -0.5522773  -0.1065678   0.8268211   0.0217900   0.0000000
 95.8067037  22.3643417  58.8488258  -0.5261866  -0.1027814   0.8441348  -0.0544080   0.0000000
 95.7507129  23.0022978 153.0886449  -0.5339563  -0.1038441   0.8391109  -0.0165799   0.0000000
 95.8207013  22.8243100 139.3259115  -0.5371911  -0.1043982   0.8369747  -0.0171368   0.0000000
 96.1846410  20.6904569 134.8392180  -0.5292285  -0.1037250   0.8421154   0.0387975   0.0000000
 95.7007212  23.4242687 177.9964432  -0.5377419  -0.1043198   0.8366308  -0.0136208   0.0000000
 95.7507129  23.4722654 276.2686714  -0.5436349  -0.1052157   0.8327008  -0.0137652   0.0000000
 95.7867070  23.0202965 154.2823146  -0.5378842  -0.1044521   0.8365227  -0.0496381   0.0000000
 96.1126530  20.8384468 100.8535078  -0.5250055  -0.1029942   0.8448440   0.0694378   0.0000000
 98.0703286  18.8445840 1074.6145844  -0.6615807  -0.1247519   0.7394241   0.1138475   0.0000000
 96.2846245  19.0305712  40.8308374  -0.5036179  -0.0998787   0.8581336  -0.0719176   0.0000000
 96.2166357  19.2725546  58.6414303   0.0000000   0.0000000   1.0000000  -0.1655805   0.0000000
 96.0206682  22.1983531  16.4040934  -0.5439759  -0.1056377   0.8324246   0.1967220   0.0000000
 95.6747255  23.4862645 155.8173974  -0.5364317  -0.1041000   0.8374988  -0.0128697   0.0000000
 95.7987050  21.5763959 191.3943648  -0.5084830  -0.1001028   0.8552336  -0.0554960   0.0000000
 95.8746924  22.7223171  65.0120267  -0.5403838  -0.1049236   0.8348511  -0.0170844   0.0000000
 95.4527623  23.7682450 246.3300400  -0.5202563  -0.1015070   0.8479562  -0.1198062   0.0000000
 96.4985890  18.3306194 -16.1160352  -0.5109316  -0.1013086   0.8536308  -0.1029547   0.0000000
 96.4505970  18.5506043  -4.9294005  -0.5106805  -0.1012073   0.8537930  -0.0807559   0.0000000
 95.6767252  23.6262548 149.7108329  -0.5394911  -0.1045339   0.8354771  -0.0116632   0.0000000
 96.4785923  18.5886016  -7.7274429  -0.5144969  -0.1018488   0.8514222  -0.0788850   0.0000000
 96.2706268  19.7105244  38.2812887  -0.5171092  -0.1019895   0.8498213  -0.1210689   0.0000000
 96.3046212  19.9585073 696.9371975  -0.5262960  -0.1034602   0.8439838  -0.1229023   0.0000000
 96.2946228  19.1425635  38.5256583  -0.5071763  -0.1004585   0.8559675  -0.0728182   0.0000000
 95.7947057  23.9422331 147.6038999  -0.5570637  -0.1071013   0.8235347   0.0242430   0.0000000
 97.6503982  24.1322200 1292.6668587  -0.7039721  -0.1256677   0.6990214   0.1764346   0.0000000
 96.3586122  19.5725339 305.3826339  -0.5233984  -0.1030819   0.8458299  -0.0067094   0.0000000
 95.7887066  21.3764097 129.7930644  -0.5029721  -0.0992344   0.8585870  -0.0558765   0.0000000
 95.9226844  22.6083249  53.7411997  -0.5427290  -0.1053219   0.8332782  -0.0168189   0.0000000
 95.6627275  21.9123728  10.8793721   0.0000000   0.0000000   1.0000000  -0.0412312   0.0000000
 95.7747090  22.4423363  38.0430175  -0.5246049  -0.1025087   0.8451518   0.0171752   0.0000000
 95.7987050  22.5963257  83.5935386  -0.5302688  -0.1033702   0.8415044  -0.0179871   0.0000000
 96.0906566  20.7424534 113.6764241  -0.5207081  -0.1023154   0.8475816   0.0692537   0.0000000
 96.2526298  20.0325022 103.0112918  -0.5222134  -0.1027543   0.8466018  -0.0198100   0.0000000
 95.6787249  24.1902160 757.8092430  -0.5513246  -0.1061822   0.8275062  -0.0548778   0.0000000
 96.1266507  20.1804920 155.9293839  -0.5123239  -0.1010699   0.8528242   0.0869467   0.0000000
 96.2746261  20.3024836 232.5831750  -0.5302465  -0.1040043   0.8414403  -0.0213790   0.0000000
 95.8986884  21.9183724  16.4227347  -0.5260630  -0.1028763   0.8442004  -0.0507479   0.0000000
 96.3826082  18.5546040  21.3310935  -0.5035111  -0.0999768   0.8581848   0.0918794   0.0000000
 95.9566788  22.4203378  32.8799687  -0.5422359  -0.1052999   0.8336019  -0.2319427   0.0000000
 95.9046874  21.7543837  52.3644300  -0.5232283  -0.1024628   0.8460104  -0.0521532   0.0000000
 95.4847570  23.7742446 318.4028176  -0.5236701  -0.1020435   0.8457877  -0.0256706   0.0000000
 95.7347156  22.9203034 131.1001793  -0.5306486  -0.1033462   0.8412678  -0.0170594   0.0000000
 95.7807080  22.6803199  94.5380957  -0.5302209  -0.1033410   0.8415381  -0.0538187   0.0000000
 96.3206185  24.1382196  41.3987534  -0.6071064  -0.1141457   0.7863794  -0.0017063   0.0000000
 96.5105870  18.3666169 -12.3246545  -0.5130086  -0.1016548   0.8523430  -0.0602477   0.0000000
 95.9626778  21.1644243 101.5006718  -0.5165587  -0.1015261   0.8502115   0.0597822   0.0000000
 95.7327159  22.5383297  50.6718499  -0.5223696  -0.1021279   0.8465813  -0.0189833   0.0000000
 95.8366987  23.0022978 122.5584177  -0.5423905  -0.1051559   0.8335195  -0.0165533   0.0000000
 96.3106202  19.6665274 295.0639621  -0.5204518  -0.1025641   0.8477090  -0.0097528   0.0000000
 95.7887066  23.2482808 177.7156571  -0.5427271  -0.1051382   0.8333026  -0.0179650   0.0000000
 96.3166192  19.8385156 134.7937051  -0.5246838  -0.1032183   0.8450165  -0.0121163   0.0000000
 95.7107196  23.9202346 197.4015015  -0.5487286  -0.1058592   0.8292712  -0.0096315   0.0000000
 96.7625453  16.7147307 -57.1049001  -0.5033126  -0.1004133   0.8582503  -3.1473722   0.0000000
 96.1546460  20.3544801 151.3645514  -0.5190247  -0.1021402   0.8486347   0.0412150   0.0000000
 95.6407312  24.1642178 725.1262848  -0.5471795  -0.1055665   0.8303314   0.1382909   0.0000000
 96.1946394  20.1484943 102.8660320  -0.5187002  -0.1021398   0.8488331  -0.0254159   0.0000000
 96.3386155  18.9885741  12.0731725  -0.5084665  -0.1007165   0.8551714  -0.1016608   0.0000000
 96.2006384  20.3804783 155.3277909  -0.5243021  -0.1030047   0.8452794   0.0077224   0.0000000
 96.2086371  19.9825057  90.4772864  -0.5165614  -0.1018271   0.8501739   0.0111871   0.0000000
 95.8406980  21.9003736  16.4024838  -0.5197614  -0.1018646   0.8482167  -0.0182086   0.0000000
 96.1626447  20.1784922 123.1144069  -0.5160055  -0.1016842   0.8505285   0.0080180   0.0000000
 95.6887232  22.2523494  33.8566675  -0.5116943  -0.1004737   0.8532726  -0.0570011   0.0000000
 96.1206516  21.0704308  76.6569515  -0.5306946  -0.1038549   0.8411762   0.1034983   0.0000000
 96.4286006  18.5006077  -1.0217874  -0.5072229  -0.1006279   0.8559199  -0.0817776   0.0000000
 95.9806748  20.5944635 164.4195122  -0.5060186  -0.0999167   0.8567157  -0.0075661   0.0000000
 95.6207345  23.6422537 131.4011310  -0.5343077  -0.1037295   0.8389014  -0.0107693   0.0000000
 96.3426149  19.3145517  29.3564557  -0.5160358  -0.1019144   0.8504825  -0.0720306   0.0000000
 95.7927060  22.1983531  64.1420606  -0.5212523  -0.1020325   0.8472812  -0.0550089   0.0000000
 95.5207510  23.6222551 139.3743782  -0.5239486  -0.1021190   0.8456060  -0.0062045   0.0000000
 96.0286669  22.1383573  24.3118040  -0.5435526  -0.1055898   0.8327072   0.0962391   0.0000000
 95.8506964  21.1384261 134.0269881  -0.5042647  -0.0995010   0.8577976  -0.0151348   0.0000000
 96.0026712  21.7783820  20.9487910  -0.5336068  -0.1041222   0.8392987   0.0908982   0.0000000
 96.0486636  20.8704445 130.9444791  -0.5191269  -0.1020227   0.8485863   0.1378369   0.0000000
 95.8766921  21.4824024 113.2448166  -0.5145189  -0.1011143   0.8514965  -0.0165868   0.0000000
 96.2646278  19.5525353  27.3133109  -0.5130162  -0.1013432   0.8523754   0.0249397   0.0000000
 95.5267501  24.0762238 498.4881070  -0.5342337  -0.1036141   0.8389627  -0.0397483   0.0000000
 96.1306500  19.6945255  65.8355742   0.0000000   0.0000000   1.0000000  -0.2019583   0.0000000
 95.6707262  23.7582457 131.0665879  -0.5415666  -0.1048155   0.8340980  -0.0103560   0.0000000
 96.2386321  19.6605278  38.3416926  -0.5126666  -0.1012568   0.8525960  -0.0148627   0.0000000
 96.1166523  21.3404122  54.4193202  -0.5359095  -0.1046165   0.8377687   0.1008958   0.0000000
 95.8666937  22.6343231  90.5633603  -0.5378039  -0.1045461   0.8365627  -0.0137204   0.0000000
 95.8247007  21.2364194 124.0386419  -0.5036824  -0.0993824   0.8581533  -0.0542071   0.0000000
 96.6205688  17.4206821 -33.6058216  -0.5037662  -0.1003078   0.8579965   0.0070395   0.0000000
 95.5027540  23.4302683 125.6412695  -0.5180557  -0.1012326   0.8493352  -0.0121461   0.0000000
 95.5427474  23.2542804 133.2339389  -0.5183724  -0.1013232   0.8491312  -0.0144133   0.0000000
 96.3046212  21.9203723 381.6987046  -0.5658187  -0.1091130   0.8172781  -0.0075861   0.0000000
 95.7327159  24.0802236 397.8469943  -0.5540585  -0.1066158   0.8256224   0.0990781   0.0000000
 95.6267335  22.6843197  60.6983949  -0.5146533  -0.1008554   0.8514460  -0.1054308   0.0000000
 95.7987050  22.5123315  70.4768890  -0.5284932  -0.1031106   0.8426524  -0.0541643   0.0000000
 95.7867070  21.7863815 100.4406247  -0.5117611  -0.1005914   0.8532186  -0.0198477   0.0000000
 95.7687100  23.2202828 181.0430557  -0.5401980  -0.1047559   0.8349924  -0.0154353   0.0000000
 96.0906566  19.9905051 257.9201352  -0.5043637  -0.0997803   0.8577069  -0.1742708   0.0000000
 96.1406483  21.7063870  44.7699229  -0.5457504  -0.1060681   0.8312076   0.0603018   0.0000000
 96.2186354  20.7124554 171.0348596  -0.5331473  -0.1043565   0.8395616   0.0311001   0.0000000
 96.2446311  20.3024836 167.5495512  -0.5271794  -0.1034998   0.8434273   0.0133246   0.0000000
 96.3486139  20.0864985 598.0409421  -0.5334204  -0.1045938   0.8393586  -0.0143979   0.0000000
 96.2146361  20.6204618 156.7241148  -0.5308235  -0.1040053   0.8410763   0.0053276   0.0000000
 96.0126695  21.4544043  55.6326529  -0.5278369  -0.1032861   0.8430422   0.0603709   0.0000000
 96.3546129  19.4285438  51.9349097  -0.5197632  -0.1025103   0.8481379  -0.0733204   0.0000000
 95.7087199  22.8163106 115.1231482  -0.5258695  -0.1026176   0.8443524  -0.0537172   0.0000000
 95.7667103  22.8083111 127.1078100  -0.5315149  -0.1035118   0.8407004  -0.0174672   0.0000000
 96.2206351  19.4165446  48.5839594  -0.5053586  -0.1000821   0.8570859   0.0604172   0.0000000
 96.3666109  18.6525972  21.9997008  -0.5039774  -0.1000327   0.8579046  -0.1304476   0.0000000
 95.7347156  24.0902229 437.3010088  -0.5544742  -0.1066759   0.8253354   0.1012870   0.0000000
 95.7967053  21.4064076 165.6906874  -0.5045165  -0.0994846   0.8576514  -0.0555552   0.0000000
 95.9986719  21.8343782  20.8949968  -0.5343618  -0.1042268   0.8388053   0.2035670   0.0000000
 96.0566622  20.9364400 114.0126546  -0.5213849  -0.1023758   0.8471581   0.1376867   0.0000000
 95.5727424  23.5402607 139.1471339  -0.5274378  -0.1026858   0.8433653  -0.0113415   0.0000000
 96.1626447  21.4404053  49.3529169  -0.5425177  -0.1056398   0.8333755   0.0323521   0.0000000
 96.1386487  19.7925188 105.6543223  -0.5049815  -0.0999288   0.8573260   0.0473668   0.0000000
 95.7287166  23.2482808 264.3460826  -0.5369112  -0.1042407   0.8371739   0.0057578   0.0000000
 96.4306003  18.9945737   1.0724271  -0.5182804  -0.1023796   0.8490605  -0.1292900   0.0000000
 95.9066871  20.9284406 155.7601909  -0.5055378  -0.0997602   0.8570178  -0.0144353   0.0000000
 95.8167020  23.6622523 175.2332932  -0.5536659  -0.1066805   0.8258773   0.0224138   0.0000000
 95.9986719  21.0444326 108.8305005  -0.5177140  -0.1017458   0.8494822  -0.0455339   0.0000000
 96.1566457  21.0944291  92.8501797  -0.5348402  -0.1045172   0.8384642   0.1048084   0.0000000
 96.2406318  19.4985390  53.2208327  -0.5093236  -0.1007342   0.8546590   0.0203487   0.0000000
 95.7647106  22.5923260  70.2225181  -0.5267535  -0.1028137   0.8437773  -0.0183699   0.0000000
 95.8586951  23.1122902 133.7821094  -0.5467356  -0.1057934   0.8305950  -0.0162654   0.0000000
 95.7907063  23.6602525 145.0281848  -0.5511544  -0.1063017   0.8276042  -0.0131047   0.0000000
 96.2866241  19.0965667  57.6118875  -0.5052966  -0.1001497   0.8571146  -0.0726532   0.0000000
 96.0366656  20.4644725 178.1107628  -0.5090891  -0.1004607   0.8548310  -0.1462133   0.0000000
 96.2806251  19.7585211  39.1653415  -0.5191888  -0.1023244   0.8485121  -0.0852057   0.0000000
 96.0086702  21.7923811  28.9779787  -0.5344800  -0.1042577   0.8387260   0.0980286   0.0000000
 95.5347487  24.0542254 482.9163619  -0.5345349  -0.1036657   0.8387645   0.0133313   0.0000000
 95.9386818  21.7143864  45.6774563  -0.5258034  -0.1028886   0.8443605  -0.2307104   0.0000000
 95.6827242  23.2842784 225.6311441  -0.5330907  -0.1036356   0.8396869  -0.0145906   0.0000000
 95.9046874  22.7643142  90.4194100  -0.5441748  -0.1055009   0.8323120  -0.0183582   0.0000000
 95.6227342  24.1082216 557.9756366  -0.5442269  -0.1051323   0.8323246   0.0302776   0.0000000
 95.8826911  22.1183586  32.8726185  -0.5286494  -0.1032382   0.8425388  -0.0172480   0.0000000
 96.2406318  20.4264751 190.7423913  -0.5293942  -0.1038280   0.8419985   0.0094351   0.0000000
 95.9646775  21.1124279 106.8086415  -0.5156276  -0.1013860   0.8507932   0.0243803   0.0000000
 97.3324509  19.4505423 821.9784850  -0.6126610  -0.1173002   0.7815926   0.0642755   0.0000000
 96.0646609  20.2744856 231.8478617  -0.5078708  -0.1003030   0.8555738  -0.0354212   0.0000000
 95.7087199  22.3063457  32.4766430  -0.5149278  -0.1009858   0.8512644  -0.0311271   0.0000000
 96.5865744  18.3426186 -22.2452387  -0.5204691  -0.1029341   0.8476536  -0.0611181   0.0000000
 96.0246676  20.8244477 121.9227274  -0.5156406  -0.1014597   0.8507766  -0.0427009   0.0000000
 96.0886569  20.2624864 219.8575406  -0.5101257  -0.1006832   0.8541865  -0.0339543   0.0000000
 95.7987050  21.6643899 140.6797129  -0.5103878  -0.1003949   0.8540639  -0.0195380   0.0000000
 95.6687265  22.8343093  94.4951611  -0.5221881  -0.1020278   0.8467053  -0.0192284   0.0000000
 96.4086039  19.4685411 310.6072429  -0.5263341  -0.1036008   0.8439426  -0.0698157   0.0000000
 96.6745599  17.2886911 -37.9117760  -0.5066733  -0.1008497   0.8562192  -0.1002638   0.0000000
 95.8706931  21.4084075 114.9900818  -0.5122980  -0.1007677   0.8528755  -0.0358936   0.0000000
 96.9665115  23.9902298 136.0109016  -0.6552711  -0.1203874   0.7457390  -0.0532443   0.0000000
 95.7747090  21.4604039 176.3369508  -0.5033712  -0.0992833   0.8583474  -0.0205007   0.0000000
 96.0006715  21.7343851  25.5239883  -0.5324596  -0.1039513   0.8400481   0.0460128   0.0000000
 95.6447305  23.6502532 134.0702038  -0.5368419  -0.1041191   0.8372335  -0.0110057   0.0000000
 95.7667103  23.2602800 226.6679471  -0.5408486  -0.1048462   0.8345598  -0.0167185   0.0000000
 95.8446974  21.7043871 100.9983916  -0.5159978  -0.1013025   0.8505787  -0.0180164   0.0000000
 96.3386155  18.7145930 101.3113069   0.0000000   0.0000000   1.0000000  -0.2125860   0.0000000
 95.5767418  23.5202621 145.7391013  -0.5274301  -0.1026898   0.8433697  -0.0116040   0.0000000
 95.5367484  23.7582457 304.8286050  -0.5285037  -0.1028024   0.8426836  -0.0085739   0.0000000
 95.8506964  22.7843128 106.5396392  -0.5393054  -0.1047386   0.8355713  -0.0171035   0.0000000
 95.8267004  23.4922640 171.4172597  -0.5512452  -0.1063673   0.8275353  -0.0139981   0.0000000
 96.3126198  19.8685135 144.2054711  -0.5248862  -0.1032434   0.8448877  -0.1207477   0.0000000
 95.7647106  23.4302683 231.2955334  -0.5440953  -0.1052972   0.8323898   0.0008066   0.0000000
 95.4967550  23.9122351 269.7990802  -0.5277171  -0.1026419   0.8431959   0.0088472   0.0000000
 96.6505638  17.2666927 -39.0798971  -0.5035739  -0.1003139   0.8581086   0.0854755   0.0000000
 96.6445648  17.2526936 -36.6406412  -0.5026008  -0.1001474   0.8586983   0.6515247   0.0000000
 96.0146692  21.9363712  18.3874222  -0.5380575  -0.1047841   0.8363698   0.3055714   0.0000000
 97.7683786  19.2745544 740.7419565  -0.6450549  -0.1221261   0.7543139  -0.0031848   0.0000000
 95.7967053  23.3602731 185.0579655  -0.5457532  -0.1055705   0.8312690   0.0210579   0.0000000
 96.4365993  18.8465839  -6.7293298  -0.5156968  -0.1019826   0.8506800  -0.0893277   0.0000000
 96.5145864  17.8646515  -7.9281509  -0.0000000  -0.0000000   1.0000000  -0.0554166   0.0000000
 96.0766589  20.8464462 108.3153148  -0.5215164  -0.1024210   0.8470718   0.1394434   0.0000000
 96.0686603  20.5784647 148.9440482  -0.5149255  -0.1014033   0.8512163   0.0696218   0.0000000
 95.7187182  21.9043734  19.2071506  -0.5072049  -0.0998169   0.8560255  -0.0216713   0.0000000
 96.2006384  19.6865261  44.3841920  -0.5092131  -0.1006686   0.8547326   0.0177237   0.0000000
 95.7507129  24.0582251 468.7083417  -0.5553771  -0.1068209   0.8247094   0.0265230   0.0000000
 95.7107196  24.0542254 398.9446394  -0.5514768  -0.1062375   0.8273976   0.1002993   0.0000000
 96.0966556  21.5004012  40.8370646  -0.5371992  -0.1047756   0.8369224   0.0629572   0.0000000
 95.9806748  20.6784578 144.7595607  -0.5078511  -0.1002029   0.8555973  -0.0337051   0.0000000
 95.6267335  23.5522599 153.8258562  -0.5330789  -0.1035628   0.8397033  -0.0117597   0.0000000
 95.8227010  22.9443018 144.8394889  -0.5398440  -0.1047779   0.8352185  -0.0167474   0.0000000
 95.8326994  22.5403296  86.3687838  -0.5324814  -0.1037349   0.8400611  -0.0177537   0.0000000
 96.0666606  20.7344539 119.1666486  -0.5180839  -0.1018856   0.8492399   0.1399369   0.0000000
 96.0066705  21.2084213 115.4416898  -0.5220332  -0.1024108   0.8467546   0.1334702   0.0000000
 96.5185857  18.2746233 -15.6965918  -0.5118418  -0.1014798   0.8530650  -0.1023091   0.0000000
 96.3906069  19.0065729   3.6980197  -0.5143554  -0.1017123   0.8515240  -0.0613345   0.0000000
 95.4807577  23.8422399 234.0141932  -0.5246271  -0.1021757   0.8451784  -0.0062810   0.0000000
 96.1606450  20.5024699 137.8901312  -0.5227999  -0.1027240   0.8462435   0.0038256   0.0000000
 95.9626778  21.3184137  85.4487929  -0.5198635  -0.1020280   0.8481346   0.0951223   0.0000000
 95.7947057  23.7942433 215.7661330  -0.5541828  -0.1067182   0.8255256   0.0236044   0.0000000
 96.2586288  20.4504735 221.8987422  -0.5317466  -0.1042060   0.8404682  -0.0257552   0.0000000
 96.0046709  20.7744512 129.8378554  -0.5124868  -0.1009505   0.8527405  -0.0368659   0.0000000
 96.1926397  19.8125174  52.4171238  -0.5111564  -0.1009646   0.8535369   0.0870892   0.0000000
 95.5747421  23.9542322 533.6679566  -0.5364469  -0.1039863   0.8375032  -0.0423794   0.0000000
 95.8606947  22.5143314  88.2488427  -0.5347438  -0.1040988   0.8385777  -0.0174742   0.0000000
 95.7627110  21.4484048 197.7353143   0.0000000   0.0000000   1.0000000  -0.0569241   0.0000000
 96.4206019  21.2664173 1555.8907832  -0.5646977  -0.1092042   0.8180409   0.0046942   0.0000000
 95.8826911  21.2344195 101.9258382  -0.5097481  -0.1003877   0.8544467  -0.0516474   0.0000000
 95.7147189  22.8283098 107.2616543  -0.5266986  -0.1027459   0.8438198  -0.1254843   0.0000000
 95.9246841  22.4703344  63.1812111  -0.5401246  -0.1049557   0.8350148  -0.0167502   0.0000000
 95.8287000  22.3063457  47.9346302  -0.5271748  -0.1029539   0.8434970  -0.0552293   0.0000000
 95.7767086  22.7463154 123.5879668  -0.5312192  -0.1034815   0.8408910  -0.0199901   0.0000000
 96.2766258  19.0425704  59.2373578  -0.5030377  -0.0997768   0.8584856   0.0352790   0.0000000
 96.0166689  22.0763615  16.4987706  -0.5410958  -0.1052227   0.8343522   0.2013120   0.0000000
 95.5547454  23.1442880 125.2969232  -0.5172058  -0.1011618   0.8498614  -0.0515661   0.0000000
 96.3566125  18.7605898  12.2040963  -0.5053043  -0.1002335   0.8571002  -0.1310044   0.0000000
 95.9026878  21.0644312 130.4122638  -0.5081110  -0.1001566   0.8554484  -0.0501458   0.0000000
 95.7367153  22.1603557  26.9946822  -0.5146528  -0.1009747   0.8514321  -0.0203863   0.0000000
 97.8663624  23.2442811 663.5664405  -0.7063150  -0.1266518   0.6964757  -0.1009390   0.0000000
 96.2846245  19.2705547  22.5292750  -0.5089362  -0.1007252   0.8548908  -0.0755266   0.0000000
 97.1764767  21.3924086 891.3488782  -0.6320053  -0.1189980   0.7657732  -0.0902139   0.0000000
 96.0786586  20.9944360 100.3582886  -0.5248626  -0.1029286   0.8449408   0.0663607   0.0000000
 95.7807080  22.5583283  71.3548505  -0.5276535  -0.1029654   0.8431963  -0.0183076   0.0000000
 96.3846079  19.5125380  81.9851572  -0.5246823  -0.1033095   0.8450063  -0.0726280   0.0000000
 95.8886901  21.0144346 139.9784641  -0.5055546  -0.0997434   0.8570098  -0.0146921   0.0000000
 96.1746427  21.0424327 105.4455374  -0.5355691  -0.1046501   0.8379822   0.0342573   0.0000000
 95.6387315  22.7683139  77.4887136  -0.5177162  -0.1013287   0.8495308  -0.0545779   0.0000000
 95.7827076  22.4483359  38.0872440  -0.5255150  -0.1026525   0.8445688  -0.0186266   0.0000000
 96.2346328  19.8665137  58.9353581  -0.5167229  -0.1018841   0.8500688   0.0533999   0.0000000
 95.5387481  23.6922503 142.8453467  -0.5272371  -0.1026176   0.8434991  -0.0091400   0.0000000
 96.6685609  17.2986905 -38.7153927  -0.5062388  -0.1007711   0.8564856  -0.0744820   0.0000000
 96.4365993  18.4986078   8.3773508  -0.5080662  -0.1007734   0.8554025  -0.0809016   0.0000000
 96.4286006  19.0945668   6.4876067  -0.5202367  -0.1026818   0.8478268  -0.1243793   0.0000000
 95.8686934  21.1124279 135.0066816  -0.5055725  -0.0997243   0.8570015  -0.0159807   0.0000000
 96.3526132  19.0285714  12.0694116  -0.5108232  -0.1011073   0.8537195  -0.1012108   0.0000000
 95.6467302  23.7962431 137.8864827  -0.5400200  -0.1045684   0.8351310  -0.0095745   0.0000000
 96.0926563  21.8443775  24.6615092  -0.5438471  -0.1057255   0.8324977   0.0734453   0.0000000
 96.1086536  20.6544594 129.5653989  -0.5206987  -0.1023373   0.8475847   0.0870615   0.0000000
 95.4107693  24.0402263 247.5907901  -0.5217818  -0.1016853   0.8469969  -0.0019511   0.0000000
 97.2744605  23.5342612 831.4386494  -0.6711549  -0.1225929   0.7311102  -0.1595133   0.0000000
 95.6487298  24.1882161 553.9189757  -0.5483240  -0.1057281   0.8295555   0.3515447   0.0000000
 96.1446477  20.4064765 155.4913219  -0.5190918  -0.1021376   0.8485939   0.0399775   0.0000000
 95.7487133  22.9862989 153.7449534  -0.5334200  -0.1037643   0.8394618  -0.0166676   0.0000000
 96.0826579  20.9404397 105.0359489  -0.5241113  -0.1028207   0.8454201   0.1029589   0.0000000
 95.7767086  21.4144071 178.5917241   0.0048702   0.0009609   1.0013680  -0.0563712   0.0000000
 95.7887066  21.5263994 164.4576274  -0.5062944  -0.0997525   0.8565719  -0.0199377   0.0000000
 95.9546791  20.5964634 169.2097209  -0.5032905  -0.0994595   0.8583744  -0.0089807   0.0000000
 98.3342848  19.2365570 517.4281368  -0.6855279  -0.1276519   0.7167680   0.0246100   0.0000000
 95.6267335  23.1802855 155.1756216  -0.5252815  -0.1024354   0.8447403  -0.0152912   0.0000000
 95.9446808  21.7883814  25.4382120  -0.5279957  -0.1032214   0.8429507  -0.0151325   0.0000000
 95.8806914  21.4504046 111.9123885  -0.5142432  -0.1010768   0.8516674  -0.0177021   0.0000000
 95.4647603  23.6142556 146.6148681  -0.5181254  -0.1012032   0.8492962  -0.0453042   0.0000000
 95.5827408  23.6862507 134.5580011  -0.5314822  -0.1032801   0.8407496  -0.0097873   0.0000000
 95.4747587  24.0802236 230.2157792  -0.5290356  -0.1028054   0.8423494  -0.0510360   0.0000000
 95.9426811  22.4503358  38.4986329  -0.5414638  -0.1051704   0.8341200  -0.0524623   0.0000000
 95.8686934  21.3584110 103.9795624  -0.5109973  -0.1005652   0.8536794  -0.0166259   0.0000000
 95.9846742  21.8283786  27.3198034  -0.5328219  -0.1039830   0.8398145   0.0936466   0.0000000
 97.5064220  20.4604728 1249.2954608  -0.6434249  -0.1211472   0.7558623   0.1745462   0.0000000
 96.3786089  19.3425497  42.1773861  -0.5203930  -0.1026396   0.8477359  -0.0695936   0.0000000
 95.7667103  22.4183380  43.1173173  -0.5232645  -0.1023006   0.8460076   0.0839822   0.0000000
 95.8027043  23.2222826 153.6424367  -0.5435541  -0.1052726   0.8327464  -0.0178639   0.0000000
 95.9806748  23.0262961  29.9789028  -0.5566134  -0.1073245   0.8238100  -0.0168004   0.0000000
 96.1006550  19.8385156 123.5441223   0.0000000   0.0000000   1.0000000  -0.2809552   0.0000000
 96.5805754  17.9766438 -14.2382224  -0.5118731  -0.1015657   0.8530359  -0.0510217   0.0000000
 96.2606285  19.8505148  55.0715483  -0.5191051  -0.1022858   0.8485680   0.0009555   0.0000000
 95.5287497  24.0442260 329.2437049  -0.5336645  -0.1035307   0.8393352  -0.0402391   0.0000000
 95.5867401  24.0842233 532.9838365  -0.5402567  -0.1045348   0.8349822   0.0308601   0.0000000
 96.7425486  18.6465977 283.4926616  -0.5429778  -0.1066232   0.8329505  -0.1625903   0.0000000
 95.9026878  23.0202965  82.2593032  -0.5490935  -0.1061818   0.8289884  -0.0165931   0.0000000
 95.5907395  23.4822647 146.9557211  -0.5280150  -0.1027907   0.8429912  -0.0480796   0.0000000
 95.6847239  22.6783201  80.9883004  -0.5204822  -0.1017927   0.8477833  -0.0547454   0.0000000
 96.6145698  22.0023666 1271.6297025  -0.5957538  -0.1135609   0.7950983   0.1304590   0.0000000
 95.6587282  24.1722172 1003.3270166  -0.5491924  -0.1058732   0.8289624   0.0683066   0.0000000
 95.7667103  21.7283855 143.2593709  -0.5084479  -0.1000620   0.8552592  -0.0207388   0.0000000
 95.7307163  22.4883332  43.5089035  -0.5210910  -0.1019355   0.8473920  -0.0192330   0.0000000
 96.3206185  19.7545214  42.4698707  -0.5232319  -0.1029991   0.8459430  -0.0821842   0.0000000
 95.8446974  22.9423019 136.1458257  -0.5419747  -0.1051089   0.8337958  -0.0167293   0.0000000
 95.9746758  22.1543562  64.8803047  -0.5385834  -0.1048049   0.8360286   0.1702505   0.0000000
 95.6327325  23.9182347 333.7565679  -0.5412449  -0.1047264   0.8343179  -0.1158380   0.0000000
 98.3102888  18.4866087 789.8890884  -0.6736677  -0.1266802   0.7280961  -0.0248796   0.0000000
 95.4767583  24.0782237 331.0250210  -0.5292457  -0.1028403   0.8422130  -0.0761510   0.0000000
 95.5627441  23.1202897 109.8160699  -0.5175297  -0.1012188   0.8496574  -0.0518111   0.0000000
 95.5167517  23.7402470 182.8890799  -0.5260915  -0.1024278   0.8442371   0.0120872   0.0000000
 96.5005887  19.2425566 222.7899718  -0.5309390  -0.1044325   0.8409504  -0.0917745   0.0000000
 96.3346162  18.9805747  14.4071496  -0.5078568  -0.1006145   0.8555456  -0.0657896   0.0000000
 95.9866738  21.2384192  77.9460244  -0.5206128  -0.1021706   0.8476577   0.0246432   0.0000000
 95.9686768  20.9124417 140.8624332  -0.5117333  -0.1007927   0.8532115  -0.0138019   0.0000000
 96.0986553  20.8624451 103.3418471  -0.5241002  -0.1028396   0.8454247   0.1044500   0.0000000
 95.8726927  21.3824093 110.5714525  -0.5119178  -0.1007113   0.8531104  -0.0165195   0.0000000
 95.7707096  23.4302683 239.8624771  -0.5447031  -0.1053907   0.8319804  -0.0117602   0.0000000
 95.8127027  23.4682657 186.6448349  -0.5494528  -0.1061027   0.8287604   0.0214450   0.0000000
 97.8323680  19.0625690 647.7844734  -0.6466720  -0.1224932   0.7528684   0.1567451   0.0000000
 95.6627275  22.3603420  33.6582087  -0.5113369  -0.1003913   0.8534964   0.0149231   0.0000000
 96.1306500  19.9845055 240.5084450  -0.5084633  -0.1004724   0.8552020   0.0348599   0.0000000
 96.6865579  17.0227095 -40.7946038   0.0000000   0.0000000   1.0000000  -0.1504932   0.0000000
 95.8326994  22.0083662  63.2078744  -0.5212700  -0.1020825   0.8472643  -0.1262079   0.0000000
 95.6247338  22.6043252  48.1534962  -0.5127199  -0.1005613   0.8526464   0.0159184   0.0000000
 95.5267501  23.2922778 119.1061725  -0.5175311  -0.1011802   0.8496612  -0.0157208   0.0000000
 95.7967053  22.4143383  39.1722854  -0.5262243  -0.1027742   0.8441122  -0.0184562   0.0000000
 95.9846742  22.2763478  28.1616386  -0.5420340  -0.1053107   0.8337319  -0.0156264   0.0000000
 96.3546129  19.1905602  12.7810249  -0.5145792  -0.1017015   0.8513901  -0.1044150   0.0000000
 96.2226347  19.8045179  49.1652839  -0.5141129  -0.1014631   0.8517002   0.0534755   0.0000000
 96.0286669  22.1443568  25.9682650  -0.5436640  -0.1056056   0.8326325   0.0933628   0.0000000
 96.0466639  21.5084006  39.6229191  -0.5323710  -0.1040007   0.8400982   0.0252908   0.0000000
 96.1426480  21.2904156  58.1371944  -0.5374530  -0.1048784   0.8367466   0.1020933   0.0000000
 95.6327325  23.0022978 104.4162774  -0.5221149  -0.1019761   0.8467566  -0.1246370   0.0000000
 95.9386818  21.0084350 129.5825976  -0.5106826  -0.1005955   0.8538640  -0.0122312   0.0000000
 95.7327159  23.3282753 199.8067190  -0.5389163  -0.1045280   0.8358487  -0.0145665   0.0000000
 95.7787083  22.8463085 127.0086487  -0.5334980  -0.1038135   0.8394061  -0.0531807   0.0000000
 96.1406483  21.2384192  63.4418946  -0.5362076  -0.1046941   0.8375682   0.0794786   0.0000000
 96.2146361  19.3365502  79.8639905  -0.5029578  -0.0996933   0.8585422  -0.1192644   0.0000000
 95.7207179  22.5343300  54.8448326  -0.5210622  -0.1019198   0.8474116  -0.0191611   0.0000000
 96.0526629  20.3864779 224.2481641  -0.5090700  -0.1004768   0.8548405  -0.0372999   0.0000000
 95.7347156  23.4762651 272.7957732  -0.5421219  -0.1049822   0.8337162  -0.0135655   0.0000000
 95.9746758  21.0504322 115.8079817  -0.5153367  -0.1013536   0.8509733  -0.0107497   0.0000000
 95.7227176  22.8443087 113.2539912  -0.5278739  -0.1029278   0.8430628  -0.1253474   0.0000000
 96.1246510  20.4604728 151.7441822  -0.5181770  -0.1019723   0.8491727   0.0022226   0.0000000
 95.8306997  21.9203723  19.3666887  -0.5191863  -0.1017666   0.8485807  -0.0544164   0.0000000
 95.9466805  21.9443706  29.9300866  -0.5314569  -0.1037331   0.8407097  -0.1592668   0.0000000
 96.4226016  19.1465632   8.0608475  -0.5207451  -0.1027528   0.8475060  -0.0975367   0.0000000
 96.4865910  19.0965667  74.8716411  -0.5263326  -0.1037054   0.8439308  -0.1262475   0.0000000
 95.5667434  23.3962707 145.2313152  -0.5238271  -0.1021536   0.8456771  -0.0488493   0.0000000
 95.8646941  23.0022978 129.3430977  -0.5451162  -0.1055767   0.8316862  -0.0165722   0.0000000
 95.8966888  22.5423294  94.1179628  -0.5388566  -0.1047370   0.8358611  -0.0170625   0.0000000
 96.0146692  22.8403089 248.3270373  -0.5562973  -0.1073419   0.8240212  -0.0166483   0.0000000
 96.0646609  21.6463911  30.0771112  -0.5370316  -0.1047058   0.8370387   0.0968559   0.0000000
 96.4326000  18.3366190   2.1881646  -0.5040167  -0.1001179   0.8578715  -0.1503090   0.0000000
 96.3786089  19.4725408  91.4105458  -0.5232161  -0.1030765   0.8459433  -0.0722821   0.0000000
 96.0206682  20.6184619 149.4685099  -0.5107636  -0.1007026   0.8538029  -0.0088554   0.0000000
 95.6647272  23.1382884 165.5360729  -0.5282467  -0.1029132   0.8428311  -0.0166847   0.0000000
 95.6867235  23.3502738 156.1583608  -0.5347979  -0.1038827   0.8385700  -0.0140936   0.0000000
 95.7847073  22.5903261  84.4237143  -0.5287568  -0.1031323   0.8424844  -0.0181560   0.0000000
 96.4685940  18.5406049  -5.8052900  -0.5123672  -0.1014984   0.8527473  -0.0786734   0.0000000
 95.5067534  23.3742722 132.8090269  -0.5172383  -0.1011157   0.8498471  -0.0483463   0.0000000
 95.8566954  22.6323232 102.5101605  -0.5367877  -0.1043877   0.8372349  -0.0082103   0.0000000
 97.7643793  21.3844092 1060.1137161  -0.6757818  -0.1247361   0.7264708  -0.1576886   0.0000000
 96.9165198  18.6485975 1185.2797797  -0.5605406  -0.1095222   0.8208527  -0.1466167   0.0000000
 96.2606285  19.9225098  77.8208452  -0.5206580  -0.1025254   0.8475870  -0.0892201   0.0000000
 95.4307660  24.0082285 356.5554908  -0.5232008  -0.1019168   0.8460933   0.1200476   0.0000000
 95.8227010  22.6043252 107.8328485  -0.5328435  -0.1037753   0.8398265  -0.0177210   0.0000000
 96.3366159  18.9965736   9.8551240  -0.5084096  -0.1007047   0.8552066  -0.1020115   0.0000000
 95.8726927  23.4882643 212.7068051  -0.5555691  -0.1070225   0.8245540  -0.0128768   0.0000000
 96.3066208  22.3583421 102.6860827  -0.5741114  -0.1101953   0.8113280   0.0234874   0.0000000
 95.6247338  24.1622179 669.0607538  -0.5455596  -0.1053212   0.8314278   0.0667992   0.0000000
 95.6427308  22.0803612  21.2407558  -0.5030934  -0.0991040   0.8585309  -0.0589753   0.0000000
 96.2406318  20.3304817 167.7973634  -0.5273562  -0.1035209   0.8433142   0.0108232   0.0000000
 95.5727424  23.3782719 138.9942033  -0.5240268  -0.1021895   0.8455490  -0.0208823   0.0000000
 96.0346659  20.2744856 331.3815773  -0.5047332  -0.0997775   0.8574899  -0.1086273   0.0000000
 96.0986553  21.4804026  43.0995728  -0.5370054  -0.1047507   0.8370498   0.0631772   0.0000000
 95.8966888  22.9303027 106.9424622  -0.5467338  -0.1058469   0.8305893  -0.0195006   0.0000000
 97.0564966  20.5364675 1309.7438143  -0.6081684  -0.1160789   0.7852751   0.0470339   0.0000000
 95.7567120  22.7323164 103.8598219  -0.5289135  -0.1031208   0.8423874  -0.0538063   0.0000000
 96.6885575  17.0207096 -36.7407279   0.0000000   0.0000000   1.0000000  -0.1142129   0.0000000
 95.9306831  22.5323301  52.9251904  -0.5419798  -0.1052273   0.8337776   0.0190135   0.0000000
 95.5427474  24.1602181 358.6928571  -0.5374343  -0.1040804   0.8368582   0.2101240   0.0000000
 95.9186851  22.0703619  34.7742049  -0.5312855  -0.1036716   0.8408257  -0.0883983   0.0000000
 95.6607279  23.2182829 173.4073869  -0.5294965  -0.1030894   0.8420250  -0.0150355   0.0000000
 95.8446974  22.9043045 121.6384204  -0.5411671  -0.1049944   0.8343347  -0.0522033   0.0000000
 96.3806086  19.2585555  15.3302220  -0.5187884  -0.1023929   0.8487486  -0.1035978   0.0000000
 96.1966391  20.5204686 148.5644849  -0.5268685  -0.1033873   0.8436354   0.0056439   0.0000000
 95.9186851  21.4244064  94.4319652  -0.5176031  -0.1016327   0.8495633   0.0193346   0.0000000
 95.9506798  22.5163312  92.6008206  -0.5436239  -0.1054890   0.8326735  -0.0153149   0.0000000
 95.7827076  23.6402539 157.9940502  -0.5500078  -0.1061347   0.8283882  -0.0131014   0.0000000
 95.4787580  23.9862300 285.0275009  -0.5274876  -0.1025885   0.8433459  -0.1853085   0.0000000
 96.2146361  19.3085521  78.2593037  -0.0000000  -0.0000000   1.0000000  -0.1223096   0.0000000
 95.8546957  21.6403915 121.0329518  -0.5156904  -0.1012681   0.8507692  -0.0535645   0.0000000
 96.0626613  20.0844987 285.7338040  -0.5034795  -0.0996097   0.8582461  -0.1390653   0.0000000
 95.9026878  22.1003599  33.2461097  -0.5302815  -0.1035036   0.8414800  -0.0168095   0.0000000
 95.6387315  23.8742377 158.1772234  -0.5408488  -0.1046744   0.8345812  -0.0086175   0.0000000
 96.0206682  20.9164414 127.0894367  -0.5172285  -0.1016986   0.8497835   0.0232025   0.0000000
 95.7607113  23.0062975 161.6693418  -0.5350483  -0.1040139   0.8383940  -0.0524872   0.0000000
 95.7007212  22.5143314  45.8634332  -0.5185807  -0.1015264   0.8489797   0.0163201   0.0000000
 96.1446477  21.1864228  78.0270280  -0.5355177  -0.1045991   0.8380214   0.0674522   0.0000000
 95.8966888  22.6323232  66.5077167  -0.5406879  -0.1049969   0.8346450   0.0189164   0.0000000
 95.5967385  22.7483153  64.6249755  -0.5129655  -0.1005695   0.8524976  -0.0551391   0.0000000
 96.6665612  23.2762789 152.2449033  -0.6211910  -0.1164692   0.7749559  -0.0276854   0.0000000
 96.4765927  18.1146343  15.4644844  -0.5037878  -0.1001345   0.8580040  -0.1051050   0.0000000
 96.0906566  21.4204067  49.1464870  -0.5349554  -0.1044402   0.8384002   0.1352423   0.0000000
 96.2066374  19.7085245  44.9022818  -0.5103338  -0.1008523   0.8540423   0.0508888   0.0000000
 96.0126695  23.0722930  48.9264792  -0.5605190  -0.1078995   0.8210823  -0.0169840   0.0000000
 95.9266838  21.5943947  77.8015401  -0.5220746  -0.1023175   0.8467404  -0.1229145   0.0000000
 95.8486967  21.8483772  32.2240882  -0.5194734  -0.1018312   0.8483972  -0.0179733   0.0000000
 95.8466970  21.2124210 112.4297658  -0.5054563  -0.0996825   0.8570748  -0.0172552   0.0000000
 95.3627772  23.8722379 196.5759869  -0.5133002  -0.1003842   0.8523180  -0.0204232   0.0000000
 95.6427308  23.3782719 155.0419904  -0.5310521  -0.1032917   0.8410199  -0.0135633   0.0000000
 95.8426977  22.7863126 115.6718705  -0.5385689  -0.1046234   0.8360607  -0.0171383   0.0000000
 97.6483985  21.8163794 1075.2818546  -0.6736384  -0.1241491   0.7285591  -0.0316037   0.0000000
 97.9763442  17.9206476 323.8053777  -0.6399005  -0.1222507   0.7586713  -0.1922875   0.0000000
 95.8826911  21.9323714  27.8031259  -0.5247303  -0.1026589   0.8450558  -0.0530438   0.0000000
 96.5285841  18.6165997 -14.6330275  -0.5203459  -0.1028348   0.8477412  -0.0746402   0.0000000
 95.6567285  23.6582526 142.5152960  -0.5381907  -0.1043251   0.8363414  -0.0110930   0.0000000
 96.3086205  19.9625071 732.7180990  -0.5268148  -0.1035455   0.8436494  -0.1398529   0.0000000
 96.2506301  19.2865536  54.7982291  -0.5057057  -0.1001729   0.8568705   0.0284526   0.0000000
 95.8886901  22.2863471  69.0569568  -0.5327792  -0.1038506   0.8398579  -0.1063865   0.0000000
 95.9166854  21.8523769  14.1932705  -0.5264977  -0.1029634   0.8439187  -0.0707423   0.0000000
 95.8187017  22.9922985 137.7033265  -0.5404230  -0.1048541   0.8348345  -0.0165841   0.0000000
 95.8047040  22.6683208 113.4052368  -0.5323882  -0.1036862   0.8401262  -0.0536514   0.0000000
 97.4544306  20.4744718 1112.5195655  -0.6395226  -0.1205947   0.7592547   0.0611073   0.0000000
 95.6627275  22.9942983 114.3549540  -0.5249903  -0.1024339   0.8449216  -0.1246123   0.0000000
 96.0046709  20.8664448 131.3749973  -0.5144820  -0.1012581   0.8515016  -0.0087270   0.0000000
 95.7967053  23.6702518 145.7944046  -0.5519221  -0.1064147   0.8270779   0.0218139   0.0000000
 95.7007212  22.8703069 106.9302980  -0.5262042  -0.1026569   0.8441390  -0.0534377   0.0000000
 96.1346493  20.5504666 142.4923159  -0.5211650  -0.1024418   0.8472855   0.0377221   0.0000000
 97.1504810  20.0365020 874.8028632  -0.6072937  -0.1161941   0.7859347  -0.0740562   0.0000000
 95.5607444  23.8102422 491.1036552  -0.5320724  -0.1033476   0.8403679  -0.0117761   0.0000000
 95.9466805  22.3563422  79.9446323  -0.5399582  -0.1049629   0.8351215  -0.1601033   0.0000000
 96.1646444  20.0784991 122.7437766  -0.5140429  -0.1013824   0.8517520   0.0094724   0.0000000
 96.4685940  18.7325917 -11.1487766  -0.5165573  -0.1021597   0.8501365  -0.1193629   0.0000000
 95.8686934  21.2024217 108.3430540  -0.5075631  -0.1000337   0.8557880  -0.0187453   0.0000000
 95.9626778  21.1284268 105.9920723  -0.5158014  -0.1014106   0.8506849   0.0242046   0.0000000
 96.2006384  20.1104969 103.7293161  -0.5185094  -0.1021183   0.8489522  -0.0244848   0.0000000
 95.7567120  21.5183999 160.1720168  -0.5027454  -0.0991669   0.8587276  -0.0211644   0.0000000
 95.6947222  23.0742928 139.3492827  -0.5298781  -0.1031854   0.8417732  -0.0402970   0.0000000
 96.1426480  20.5504666 139.4092191  -0.5219790  -0.1025758   0.8467680   0.0381738   0.0000000
 95.6007378  23.0562941 102.8493894  -0.5200195  -0.1016300   0.8480867  -0.0523728   0.0000000
 95.9386818  22.1943534  39.8033002  -0.5358444  -0.1043608   0.8378422  -0.0521642   0.0000000
 96.3346162  19.7625208 151.8702834  -0.5248782  -0.1032719   0.8448892  -0.0487931   0.0000000
 96.2326331  19.9905051  78.6870191  -0.5192202  -0.1022679   0.8484997   0.0052440   0.0000000
 95.9586785  21.4344057  83.8892407  -0.5219392  -0.1023365   0.8468215   0.0192607   0.0000000
 95.8107030  21.6343920 169.5191562  -0.5109882  -0.1005008   0.8536924  -0.0191300   0.0000000
 96.0706599  21.2264200  61.8542828  -0.5289286  -0.1035250   0.8423284   0.1000505   0.0000000
 95.9466805  20.5644656 177.8028618   0.0000000   0.0000000   1.0000000  -0.0451808   0.0000000
 96.1886404  20.3364813 142.2940001  -0.5221207  -0.1026569   0.8466709   0.0435225   0.0000000
 96.0286669  20.7384536 126.0971585  -0.5141965  -0.1012425   0.8516759  -0.0418115   0.0000000
 95.9566788  23.2402814 208.6588038  -0.5586417  -0.1075648   0.8224046  -0.0166261   0.0000000
 96.1446477  21.0164345  83.1532414  -0.5319924  -0.1040802   0.8403282   0.0691509   0.0000000
 95.7707096  21.9443706  22.9797990  -0.5135075  -0.1008388   0.8521394  -0.1279045   0.0000000
 96.2126364  19.5445358  36.4015908  -0.5073407  -0.1003870   0.8558785   0.0209064   0.0000000
 96.0986553  20.3984770 191.3777960  -0.5141521  -0.1013208   0.8516934   0.0747758   0.0000000
 95.7787083  23.3062768 283.2815717  -0.5429841  -0.1051633   0.8331320  -0.0150235   0.0000000
 96.1426480  20.2864848 153.5599866  -0.5162879  -0.1017038   0.8503547   0.0413051   0.0000000
 95.7107196  24.1222207 953.7178136  -0.5531483  -0.1064798   0.8262500   0.0993248   0.0000000
 96.1066540  20.8504459 102.2261319  -0.5246569  -0.1029340   0.8450679   0.1042511   0.0000000
 95.7867070  21.5823955 207.0584213  -0.5073557  -0.0999158   0.8559246  -0.0559311   0.0000000
 96.2086371  20.0265027  89.6960789  -0.5175039  -0.1019728   0.8495830   0.0132037   0.0000000
 95.8287000  22.7583146 111.9341870  -0.5366222  -0.1043269   0.8373486  -0.0532220   0.0000000
 96.1186520  19.8585142 140.7737602  -0.5043417  -0.0998055   0.8577169  -0.0987322   0.0000000
 95.5787414  23.6402539 140.2901675  -0.5301138  -0.1030789   0.8416377  -0.0462025   0.0000000
 96.3486139  22.0463636 744.8108214  -0.5724559  -0.1100803   0.8125125  -0.0083711   0.0000000
 96.0946560  21.2444188  62.5150609  -0.5317150  -0.1039700   0.8405173   0.1368050   0.0000000
 95.6647272  23.7522461 127.9428751  -0.5408697  -0.1047105   0.8345631  -0.0103137   0.0000000
 95.5047537  23.9322338 287.0717976  -0.5289477  -0.1028286   0.8424017  -0.0413322   0.0000000
 95.9206848  22.9263030  56.4479602  -0.5489237  -0.1061838   0.8291006  -0.0167213   0.0000000
 96.1666440  20.8124485 103.4010185  -0.5299705  -0.1038108   0.8416380   0.0490603   0.0000000
 96.2646278  19.8345159  53.6858817  -0.5191662  -0.1023003   0.8485288  -0.1236009   0.0000000
 96.1626447  21.8043802  29.5696064  -0.5498243  -0.1066754   0.8284404  -0.0114304   0.0000000
 96.0086702  21.1824231 104.8960159  -0.5217004  -0.1023632   0.8469654   0.0932794   0.0000000
 95.8167020  22.9283029 161.8112237  -0.5389513  -0.1046440   0.8358117  -0.0181395   0.0000000
 95.6667269  23.9542322 427.3041745  -0.5453118  -0.1053373   0.8315883   0.0275815   0.0000000
 95.8846907  23.1602869 171.8092765  -0.5502130  -0.1063119   0.8282291   0.0196837   0.0000000
 96.6305672  17.4186822 -40.1230684  -0.5048357  -0.1004946   0.8573458  -0.0275588   0.0000000
 95.7787083  22.3223446  37.3664020  -0.5224333  -0.1021911   0.8465344  -0.0549862   0.0000000
 95.8027043  22.0663622  89.1757067  -0.5194553  -0.1017758   0.8484150  -0.0550100   0.0000000
 96.4865910  18.4306125  -4.8977176  -0.5118625  -0.1014415   0.8530570  -0.0386185   0.0000000
 95.9666772  20.9944360 124.6746146  -0.5132797  -0.1010283   0.8522542  -0.0108040   0.0000000
 95.6307328  22.3523425  31.4404136  -0.5078261  -0.0998217   0.8556567  -0.0216783   0.0000000
 96.7005556  17.4006834 -35.6077151  -0.5119343  -0.1017343   0.8529791  -0.0180682   0.0000000
 95.4467633  23.8482395 338.4036282  -0.5213943  -0.1016696   0.8472374  -0.0056703   0.0000000
 95.7607113  22.0223652 102.6700802  -0.5141969  -0.1009341   0.8517123  -0.0561330   0.0000000
 95.6367318  22.9563009 102.5254811  -0.5215424  -0.1018961   0.8471190  -0.0531248   0.0000000
 95.8926894  21.2304198  96.3888493  -0.5107023  -0.1005462   0.8538581  -0.0511996   0.0000000
 96.6325668  17.3826847 -36.0796748  -0.5042360  -0.1003996   0.8577097  -0.0261320   0.0000000
 95.7707096  23.5122627 225.1753593  -0.5463321  -0.1056154   0.8308831   0.0220999   0.0000000
 95.6967219  23.8282409 139.4408315  -0.5455078  -0.1053966   0.8314522  -0.0101724   0.0000000
 95.6787249  22.8763065 100.9461636  -0.5240811  -0.1023188   0.8454998  -0.0535169   0.0000000
 95.6927226  22.3843403  35.9797361  -0.5149765  -0.1009757   0.8512362  -0.0203350   0.0000000
 96.3666109  18.6905946  36.2128832  -0.5048485  -0.1001730   0.8573759  -0.1487094   0.0000000
 96.1606450  21.3364125  61.7076252  -0.5402083  -0.1053047   0.8349167   0.0945597   0.0000000
 95.6727259  22.1143589  28.5407759  -0.5070073  -0.0997391   0.8561517  -0.0220954   0.0000000
 96.2946228  20.5204686 831.0346178  -0.5371519  -0.1050749   0.8369152   0.0110710   0.0000000
 96.1186520  21.4024079  52.7767063  -0.5373908  -0.1048353   0.8367919   0.1004376   0.0000000
 96.0186685  20.5184688 211.5909920  -0.5083803  -0.1003301   0.8552679  -0.0772534   0.0000000
 96.1426480  20.8624451  97.5202065  -0.5285675  -0.1035683   0.8425497   0.0706682   0.0000000
 96.2626281  19.8025181  47.5622341  -0.5182498  -0.1021558   0.8491063  -0.0876440   0.0000000
 95.8366987  21.7903812  65.2687174  -0.5170102  -0.1014461   0.8499466  -0.0183080   0.0000000
 96.3526132  18.7465908  24.0735028  -0.5045827  -0.1001134   0.8575393  -0.1310909   0.0000000
 95.5307494  23.8062424 365.4411369  -0.5289548  -0.1028620   0.8423932  -0.0121729   0.0000000
 95.7807080  23.3882712 222.8229921  -0.5447904  -0.1054158   0.8319200   0.0213538   0.0000000
 95.6947222  23.4442673 172.2712435  -0.5375275  -0.1042809   0.8367733  -0.0134091   0.0000000
 95.9086868  22.9163037  70.0243949  -0.5475924  -0.1059826   0.8300062  -0.0167338   0.0000000
 96.2966225  20.3644794 509.9779751  -0.5338992  -0.1045871   0.8390549   0.0135811   0.0000000
 95.9906732  21.8003805  21.0697429  -0.5328363  -0.1039929   0.8398041   0.0820179   0.0000000
 96.5885741  23.6602525 102.2945017  -0.6211272  -0.1162594   0.7750385   0.0352732   0.0000000
 95.9486801  20.9024423 150.7826439  -0.5094069  -0.1004096   0.8546476  -0.1189846   0.0000000
 96.1506467  21.1324265  86.6747819  -0.5350031  -0.1045323   0.8383583   0.1048705   0.0000000
 95.9266838  22.6383228  49.9323738  -0.5437502  -0.1054717   0.8325932   0.0191448   0.0000000
 95.9686768  22.5063319  27.6209892  -0.5451439  -0.1057271   0.8316489   0.0196184   0.0000000
 98.3642799  19.2705547 765.9560358  -0.6881506  -0.1279696   0.7141936  -0.1870141   0.0000000
 95.5327491  23.3562734 129.0940120  -0.5195053  -0.1014796   0.8484198  -0.0491403   0.0000000
 96.3686106  18.7585899   6.9000703  -0.5065641  -0.1004498   0.8563309  -0.1297843   0.0000000
 95.6547288  22.4103385  37.6087814  -0.5115860  -0.1004208   0.8533437   0.0150741   0.0000000
 96.2746261  19.3985459  22.9785861  -0.5107165  -0.1009945   0.8537967  -0.1152659   0.0000000
 96.6045715  17.7646584 -29.7439271  -0.5097352  -0.1012538   0.8543522  -0.0058386   0.0000000
 96.7085542  21.7503840 961.2221488  -0.5992560  -0.1141778   0.7923735   0.1175765   0.0000000
 96.0786586  21.1084282  85.4238976  -0.5272558  -0.1032868   0.8434057   0.1353168   0.0000000
 96.2746261  19.6025318  37.4425449  -0.5151656  -0.1016920   0.8510365   0.0317798   0.0000000
 95.8746924  21.2344195 101.5241117  -0.5089198  -0.1002509   0.8549564  -0.0162213   0.0000000
 95.7687100  23.6762514 150.3745685  -0.5493747  -0.1060280   0.8288217  -0.0126422   0.0000000
 95.8586951  22.8723067 121.3551305  -0.5418793  -0.1051141   0.8338572  -0.0528177   0.0000000
 95.9086868  21.1644243 109.3176922  -0.5109382  -0.1006008   0.8537105  -0.0143213   0.0000000
 96.0886569  21.3544112  52.6727537  -0.5333915  -0.1042085   0.8394248   0.0997473   0.0000000
 95.6907229  24.0962225 703.4015391  -0.5506006  -0.1061004   0.8279986   0.0284355   0.0000000
 96.1626447  19.6145310  47.7330242  -0.5035605  -0.0997294   0.8581846   0.0512567   0.0000000
 96.2686271  20.0145035 108.1625345  -0.5234774  -0.1029686   0.8457948  -0.0184579   0.0000000
 95.6487298  22.9143038  93.3352746  -0.5218698  -0.1019580   0.8469100  -0.0174629   0.0000000
 96.1946394  20.6484598 138.2222568  -0.5293677  -0.1037596   0.8420236   0.0398416   0.0000000
 97.9323514  19.1805609 336.1379075  -0.6559020  -0.1237039   0.7446408  -0.0237292   0.0000000
 95.7167186  23.8222413 138.4152791  -0.5472880  -0.1056686   0.8302469  -0.0106059   0.0000000
 97.3424492  17.9626447  84.0499418  -0.5866929  -0.1140125   0.8017435  -0.2506700   0.0000000
 95.7727093  21.8503771  81.0369526  -0.5116955  -0.1005656   0.8532610  -0.0561315   0.0000000
 96.6605622  22.3623418 788.7460675  -0.6056877  -0.1148068   0.7873765   0.0250636   0.0000000
 96.2386321  20.3384812 168.0057816  -0.5273205  -0.1035127   0.8433375   0.0105862   0.0000000
 95.8686934  21.9543699  33.9911967  -0.5237941  -0.1025024   0.8456553  -0.0534220   0.0000000
 96.3406152  19.4405430  58.9594293  -0.5185577  -0.1023052   0.8489001  -0.1103282   0.0000000
 95.9686768  22.5763271  24.0559998  -0.5465353  -0.1059218   0.8307104  -0.0523609   0.0000000
 95.8247007  22.8403089 142.4154302  -0.5379190  -0.1045075   0.8364934  -0.0170720   0.0000000
 96.3066208  23.9642316  43.2195676  -0.6029752  -0.1136631   0.7896212  -0.0257869   0.0000000
 95.6707262  23.0902917 121.3113968  -0.5277993  -0.1028541   0.8431185  -0.0519984   0.0000000
 95.8346990  22.8843059 128.9148856  -0.5397873  -0.1047857   0.8352543  -0.0465573   0.0000000
 95.8247007  23.4042701 201.7119898  -0.5493328  -0.1061041   0.8288398   0.0197104   0.0000000
 98.1043230  22.0063663 763.2730466  -0.7061406  -0.1277380   0.6964542   0.1011846   0.0000000
 95.6967219  22.4303372  35.2097958  -0.5163589  -0.1011883   0.8503731  -0.0559706   0.0000000
 96.2066374  19.8705134  68.5168629  -0.5138950  -0.1014098   0.8518381   0.0153761   0.0000000
 96.0466639  21.6823886  30.0045437  -0.5359931  -0.1045302   0.8377260   0.0961003   0.0000000
 95.9026878  22.4243376  65.8624027  -0.5370209  -0.1044818   0.8370736  -0.0170042   0.0000000
 95.6767252  23.6462534 144.2598085  -0.5398981  -0.1045909   0.8352070  -0.0239450   0.0000000
 95.5207510  23.5122627 128.7236451  -0.5216112  -0.1017768   0.8470911  -0.0202189   0.0000000
 95.5567451  24.1222207 516.3533124  -0.5381059  -0.1041961   0.8364121   0.1008396   0.0000000
 95.5947388  23.6882506 144.2069171  -0.5326986  -0.1034686   0.8399562  -0.0086280   0.0000000
 95.6587282  24.0142281 558.2910905  -0.5458001  -0.1053971   0.8312603  -0.0902332   0.0000000
 95.7727093  21.6543906 192.3279620  -0.5074794  -0.0999199   0.8558509  -0.0204414   0.0000000
 95.7267169  23.5502601 152.0411816  -0.5427869  -0.1050609   0.8332734   0.0230023   0.0000000
 95.7987050  22.4903330  62.6192576  -0.5280362  -0.1030435   0.8429471  -0.0542239   0.0000000
 96.5945731  20.6184619 1256.3756439  -0.5683723  -0.1100119   0.8153836   0.0244068   0.0000000
 96.6185691  17.5026764 -35.9399998  -0.5053985  -0.1005708   0.8570052   0.0981240   0.0000000
 95.9106864  22.0583628  34.3622574  -0.5302153  -0.1035043   0.8415216  -0.0367133   0.0000000
 95.6527292  24.0462259 532.1783412  -0.5458606  -0.1053967   0.8312206   0.0992630   0.0000000
 96.0766589  20.6544594 136.0846451  -0.5173652  -0.1017879   0.8496896   0.1052825   0.0000000
 95.7967053  22.6943190 104.3438132  -0.5321215  -0.1036373   0.8403012  -0.0536358   0.0000000
 96.2326331  19.4165446  57.3842413  -0.5066529  -0.1003022   0.8562957   0.0269751   0.0000000
 96.1446477  20.1784922 140.4796956  -0.5141657  -0.1013777   0.8516784   0.0427739   0.0000000
 96.2206351  19.4605416  61.0107014  -0.5063581  -0.1002415   0.8564771   0.0567868   0.0000000
 95.9626778  20.6384605 159.2467331  -0.5050574  -0.0997459   0.8573027  -0.0087963   0.0000000
 96.0686603  21.4944016  40.8755150  -0.5342784  -0.1043104   0.8388480   0.0261268   0.0000000
 96.1926397  20.1444945  97.8813838  -0.5183804  -0.1020878   0.8490346  -0.0254918   0.0000000
 95.6507295  23.7742446 133.7901803  -0.5399558  -0.1045646   0.8351730  -0.0098649   0.0000000
 97.4164369  18.9045799 697.6934869  -0.6103705  -0.1172443   0.7833911  -0.0434033   0.0000000
 95.6887232  23.6162555 173.5951274  -0.5404562  -0.1046854   0.8348342   0.0240248   0.0000000
 95.6727259  24.0242274 594.5667753  -0.5473880  -0.1056353   0.8301852  -0.0077745   0.0000000
 95.8267004  22.7223171 104.6951083  -0.5356557  -0.1041853   0.8379847  -0.0533293   0.0000000
 96.3906069  18.6165997   4.8134019  -0.5057354  -0.1003434   0.8568331  -0.0884370   0.0000000
 95.8846907  20.9944360 143.4007724  -0.5046988  -0.0996054   0.8575301  -0.0148149   0.0000000
 96.3726099  18.8305850  -0.1138370  -0.5085605  -0.1007726   0.8551088  -0.0591247   0.0000000
 98.1763110  17.3906841 577.7494891  -0.6473724  -0.1237192   0.7520655  -0.0618062   0.0000000
 95.7747090  22.2423501  37.8582418  -0.5203319  -0.1018733   0.8478659  -0.0481898   0.0000000
 95.8466970  21.6163932 131.5731826  -0.5143202  -0.1010501   0.8516241  -0.0485042   0.0000000
 96.6025718  17.5926702 -39.5105768  -0.5056868  -0.1005973   0.8568320  -0.0361779   0.0000000
 96.0726596  20.0385018 259.0233381  -0.5035164  -0.0996259   0.8582225  -0.2467002   0.0000000
 95.7647106  24.1682175 684.8285120  -0.5589440  -0.1073214   0.8222309   0.2765670   0.0000000
 95.6127358  23.2822785 160.9291263  -0.5260497  -0.1025317   0.8442506  -0.0198988   0.0000000
 95.9526795  22.1323577  38.0008192  -0.5359437  -0.1043939   0.8377746  -0.1595896   0.0000000
 96.0046709  20.3144828 328.8938564  -0.0000000  -0.0000000   1.0000000  -0.0037483   0.0000000
 96.1106533  19.9645069 321.2265744  -0.5059175  -0.1000494   0.8567600  -0.0338283   0.0000000
 96.0386652  22.0843610  24.3416248  -0.5434380  -0.1055883   0.8327822   0.0566109   0.0000000
 95.9126861  21.4344057  95.0737390  -0.5172215  -0.1015679   0.8498034  -0.0151025   0.0000000
 97.1144870  24.3582044 134.7886514  -0.6710154  -0.1219672   0.7313428  -0.1042841   0.0000000
 96.6225685  17.5886705 -36.8118864  -0.5077417  -0.1009554   0.8555737  -0.0314908   0.0000000
 95.9086868  21.8523769  22.2365535  -0.5256924  -0.1028339   0.8444363  -0.0522336   0.0000000
 96.2066374  20.4244753 168.6565195  -0.5258814  -0.1032523   0.8442675   0.0074853   0.0000000
 97.1424823  18.1706304 1246.6045359  -0.5728095  -0.1117079   0.8120410  -0.1778441   0.0000000
 95.8646941  21.5543975 122.1372608  -0.5148400  -0.1011500   0.8512981  -0.0530986   0.0000000
 96.4745930  18.4246129  -7.0550564  -0.5104764  -0.1012056   0.8539153  -0.0391436   0.0000000
 96.3446145  18.7885879  13.4284115  -0.5046353  -0.1001120   0.8575085  -0.0968495   0.0000000
 97.6184035  22.4023391 869.0751326  -0.6794727  -0.1244010   0.7230775   0.0513084   0.0000000
 95.7587116  22.7823129 127.0388229  -0.5301657  -0.1033060   0.8415772  -0.0176316   0.0000000
 95.9646775  21.7263856  31.7124259  -0.5286989  -0.1033509   0.8424940  -0.2659070   0.0000000
 95.5607444  24.1522186 381.1163465  -0.5390501  -0.1043296   0.8357873   0.0794676   0.0000000
 96.2426314  20.1484943  95.8003360  -0.5236329  -0.1029573   0.8457000  -0.0222825   0.0000000
 95.8406980  21.1524251 136.8360952  -0.5035157  -0.0993734   0.8582522   0.0185484   0.0000000
 95.7107196  23.5242618 157.7024751  -0.5407425  -0.1047546   0.8346401   0.0229948   0.0000000
 98.1023233  20.7724513 742.7710943  -0.6904083  -0.1269986   0.7121851   0.3536727   0.0000000
 96.0226679  20.5624658 160.5741082  -0.5097317  -0.1005442   0.8544381  -0.0406958   0.0000000
 95.8506964  22.3723411  50.8841510  -0.5307775  -0.1035097   0.8411664  -0.0537016   0.0000000
 95.7387149  23.6142556 160.3469965  -0.5452673  -0.1054220   0.8316067  -0.0126208   0.0000000
 95.6027375  24.1602181 500.0580553  -0.5433039  -0.1049767   0.8329470   0.0314085   0.0000000
 95.9146858  22.0503633  30.7532219  -0.5304649  -0.1035461   0.8413591  -0.0182228   0.0000000
 95.5487464  23.9242343 386.6531881  -0.5331951  -0.1034902   0.8396385  -0.0063195   0.0000000
 95.9226844  21.6543906  66.1614786  -0.5229170  -0.1024382   0.8462058  -0.2310359   0.0000000
 95.8826911  22.5063319  91.7615701  -0.5367625  -0.1044186   0.8372471  -0.0172299   0.0000000
 96.6805589  17.6666651 -37.2677052  -0.5156471  -0.1023016   0.8506718   0.0060970   0.0000000
 96.2086371  19.4765405  68.6531533  -0.5054395  -0.1000816   0.8570382  -0.0139333   0.0000000
 96.6725602  17.6386670 -37.2836554  -0.5142039  -0.1020606   0.8515738  -0.0237835   0.0000000
 95.8766921  23.3702724 186.3640275  -0.5536041  -0.1067623   0.8259081   0.0300960   0.0000000
 96.5565794  17.8666513 -20.9717189  -0.5068635  -0.1007300   0.8561208  -0.0505338   0.0000000
 96.8185360  17.7526592 -33.8937092  -0.5318876  -0.1050535   0.8402734  -0.0162673   0.0000000
 96.5885741  17.6186684 -37.4945468  -0.5047460  -0.1004270   0.8574065  -0.0391828   0.0000000
 95.8966888  21.6163932  88.2984757  -0.5194812  -0.1018909   0.8483852  -0.0517083   0.0000000
 96.3366159  19.3065522  19.8553479  -0.5152353  -0.1017815   0.8509836  -0.0723773   0.0000000
 95.9386818  21.0364331 121.5773952  -0.5113046  -0.1006918   0.8534804  -0.0123711   0.0000000
 95.9166854  20.9164414 157.1886782  -0.5063409  -0.0998968   0.8565276  -0.0152833   0.0000000
 95.7527126  23.9742309 252.2154525  -0.5538012  -0.1066065   0.8257962   0.0258146   0.0000000
 95.8606947  21.3204136 103.4412519  -0.5093091  -0.1002955   0.8547193  -0.0528082   0.0000000
 95.4587613  23.9622317 234.6697314  -0.5249559  -0.1021990   0.8449714  -0.0400502   0.0000000
 96.0146692  22.9243031 124.2296537  -0.5578268  -0.1075434   0.8229603  -0.0167910   0.0000000
 95.9646775  21.0664311 114.6496624  -0.5146496  -0.1012364   0.8514029  -0.0113056   0.0000000
 97.0085045  23.3482740 841.2594280  -0.6492726  -0.1200840   0.7510159  -0.0981670   0.0000000
 95.4807577  23.7862438 372.0128307  -0.5235055  -0.1020156   0.8458929  -0.0798591   0.0000000
 95.8746924  22.5683277  91.9027393  -0.5372261  -0.1044742   0.8369429  -0.0172664   0.0000000
 95.7787083  21.6363918 234.2820122  -0.5077043  -0.0999617   0.8557126  -0.0202474   0.0000000
 96.1006550  20.1664930 142.8628056  -0.5092499  -0.1005587   0.8547237   0.0316166   0.0000000
 96.4725933  18.0646377   7.5331028  -0.0000000  -0.0000000   1.0000000  -0.0658125   0.0000000
 95.9966722  21.7563836  25.8116334  -0.5325295  -0.1039563   0.8400033   0.0580988   0.0000000
 98.3602805  19.6085314 1025.1631938  -0.6924822  -0.1282426   0.7099453   0.0550950   0.0000000
 96.0486636  20.1004976 276.6449116   0.0000000   0.0000000   1.0000000  -0.1065746   0.0000000
 97.3204528  21.8263787 818.0711107  -0.6498240  -0.1211202   0.7503724  -0.0885874   0.0000000
 96.2246344  19.9845055  81.6779669  -0.5182516  -0.1021083   0.8491108   0.0149324   0.0000000
 95.8526960  21.2984151 108.5086742  -0.5079891  -0.1000825   0.8555294  -0.0530988   0.0000000
 95.9026878  21.8223790  32.8035570  -0.5244341  -0.1026396   0.8452420  -0.0880386   0.0000000
 96.2146361  20.5424671 169.3250162  -0.5291858  -0.1037605   0.8421378   0.0063593   0.0000000
 98.7002242  18.1986285 340.4837388  -0.6962481  -0.1299302   0.7059438  -0.0199918   0.0000000
 95.6767252  22.7403158  89.9177948  -0.5209882  -0.1018590   0.8474645  -0.0544334   0.0000000
 95.8406980  22.2023529  58.2194007  -0.5262108  -0.1028270   0.8441142  -0.0540322   0.0000000
 95.9486801  21.9583696  33.9982433  -0.5319412  -0.1038067   0.8403944  -0.1584089   0.0000000
 96.5825751  17.6386670 -35.4382084  -0.5045719  -0.1003915   0.8575131  -0.0764752   0.0000000
 96.1526463  21.6183931  39.8774451  -0.5451349  -0.1059985   0.8316202   0.0637335   0.0000000
 96.5765761  18.2926220 -19.1749889  -0.5183451  -0.1025867   0.8489960  -0.0607281   0.0000000
 95.7507129  23.5402607 154.5881122  -0.5449207  -0.1053903   0.8318380   0.0226306   0.0000000
 96.1146526  19.8305161 131.1846594  -0.5032829  -0.0996329   0.8583587  -0.2070322   0.0000000
 96.2986222  19.5265371  28.1507722  -0.5160097  -0.1018537   0.8505057  -0.0797006   0.0000000
 96.2666275  20.2124898 131.8297353  -0.5275070  -0.1035784   0.8432128  -0.0217340   0.0000000
 95.9886735  22.7343162 206.1257557  -0.5517232  -0.1066763   0.8271769   0.0194066   0.0000000
 95.5747421  23.3562734 139.7570703  -0.5237746  -0.1021548   0.8457096  -0.0473399   0.0000000
 95.8446974  21.5543975 133.9866291  -0.5127727  -0.1008116   0.8525850  -0.0538176   0.0000000
 96.1046543  20.9544388  97.1914979  -0.5266348  -0.1032284   0.8438007   0.1038692   0.0000000
 96.3966059  19.2465563  16.9636147  -0.5201982  -0.1026331   0.8478563  -0.1379189   0.0000000
 96.1966391  19.4705409 124.4719927  -0.5040490  -0.0998476   0.8578840  -0.0709531   0.0000000
 95.7567120  23.0042976 158.8461309  -0.5346015  -0.1039447   0.8386875  -0.0525005   0.0000000
 97.9403501  21.6203929 1254.5065484  -0.6909819  -0.1263822   0.7117384  -0.0340445   0.0000000
 96.2706268  19.5525353  28.3300528  -0.5136669  -0.1014529   0.8519704   0.0237453   0.0000000
 96.0086702  20.8784440 127.7654677  -0.5151652  -0.1013680   0.8510754  -0.0079818   0.0000000
 95.8866904  22.9083042 109.9918750  -0.5453368  -0.1056382   0.8315337  -0.0167617   0.0000000
 95.9586785  22.5523288  42.2401909  -0.5450860  -0.1057045   0.8316897   0.0093438   0.0000000
 96.0626613  20.7464531 117.4179287  -0.5179018  -0.1018526   0.8493549   0.1396177   0.0000000
 95.6207345  22.1743548  38.1501961  -0.5028619  -0.0990468   0.8586732  -0.0230412   0.0000000
 95.7547123  22.5263305  56.1573015  -0.5243606  -0.1024489   0.8453107  -0.0187456   0.0000000
 97.6264021  21.9103730 1101.1940933  -0.6734161  -0.1240530   0.7287809  -0.1377684   0.0000000
 96.0226679  20.5564662 166.8380984  -0.5096172  -0.1005266   0.8545085  -0.0406453   0.0000000
 96.1426480  19.9785060 178.7838506  -0.5095824  -0.1006609   0.8545134   0.0811426   0.0000000
 96.3566125  18.6525972  29.9519203  -0.5029024  -0.0998480   0.8585566  -0.1561916   0.0000000
 96.3866076  19.2465563  13.8109136  -0.5191563  -0.1024579   0.8485158  -0.1028327   0.0000000
 95.7527126  23.0542942 172.2017738  -0.5352337  -0.1040302   0.8382736  -0.0521918   0.0000000
 96.0366656  21.2744167  66.2967951  -0.5264984  -0.1031185   0.8438993   0.0983346   0.0000000
 95.5727424  23.9282340 378.4426390  -0.5356304  -0.1038643   0.8380408  -0.0067264   0.0000000
 96.2046377  19.6305299  42.0609946  -0.5083935  -0.1005440   0.8552350  -0.0104184   0.0000000
 96.1006550  20.1904914 274.5098027  -0.5098581  -0.1006569   0.8543494   0.0756622   0.0000000
 95.8846907  22.9962982 112.6008438  -0.5468925  -0.1058520   0.8304842  -0.0166060   0.0000000
 97.8023730  19.3345503 626.0740164  -0.6485430  -0.1225763   0.7512437  -0.0150369   0.0000000
 95.4087696  24.0962225 219.4819576  -0.5227476  -0.1018231   0.8463847  -0.0027898   0.0000000
 95.8207013  23.3582733 210.6607217  -0.5480366  -0.1059205   0.8297209   0.0208322   0.0000000
 96.5005887  18.3886154  -9.5619027  -0.5124165  -0.1015475   0.8527118  -0.0714120   0.0000000
 95.6487298  22.9982981 112.7708832  -0.5236541  -0.1022214   0.8457760  -0.1246213   0.0000000
 96.0746593  20.8104487 112.5815059  -0.5205041  -0.1022642   0.8477131   0.1107812   0.0000000
 96.0566622  20.8204480 114.3385269  -0.5188650  -0.1019923   0.8487501   0.1054809   0.0000000
 96.6165695  23.1302890 201.7352664  -0.6147242  -0.1156709   0.7802143  -0.1320864   0.0000000
 96.3326165  18.8145861  21.4786326  -0.5039420  -0.0999867   0.8579307  -0.0641349   0.0000000
 97.5084217  23.1782857 527.3428585  -0.6822281  -0.1241122   0.7205283  -0.0582349   0.0000000
 95.6447305  22.7303165  73.8279028  -0.5175140  -0.1013050   0.8496567  -0.0548023   0.0000000
 97.2264684  21.7123866 807.2357032  -0.6409085  -0.1200130   0.7581775   0.2147730   0.0000000
 95.9826745  22.4803337  25.2919476  -0.5459625  -0.1058621   0.8310946   0.1541955   0.0000000
 96.2446311  19.9385087  71.2182586  -0.5193353  -0.1023008   0.8484253  -0.0548861   0.0000000
 95.5667434  23.8382402 338.9582531  -0.5331682  -0.1035071   0.8396534  -0.0066747   0.0000000
 95.8187017  23.2062837 162.9617558  -0.5447674  -0.1054640   0.8319290  -0.0078987   0.0000000
 96.2806251  19.5085383  24.8652653  -0.5137535  -0.1014789   0.8519152  -0.0808164   0.0000000
 95.8287000  23.1102903 144.1061656  -0.5438031  -0.1053434   0.8325749  -0.0161722   0.0000000
 95.8606947  21.0584316 148.2048063  -0.5035487  -0.0993998   0.8582298  -0.0106103   0.0000000
 96.1406483  21.1744236  76.1986565  -0.5348879  -0.1045012   0.8384358   0.1033443   0.0000000
 95.8107030  21.5703964 188.2190822  -0.5096134  -0.1002898   0.8545386  -0.0550595   0.0000000
 95.6307328  23.1462879 145.3017720  -0.5249837  -0.1023965   0.8449302  -0.0391198   0.0000000
 97.3724442  23.7522461 1438.5049261  -0.6811841  -0.1235910   0.7216049  -0.0282865   0.0000000
 95.7287166  23.1522874 163.6267051  -0.5348967  -0.1039512   0.8384984  -0.0156925   0.0000000
 95.7187182  23.4382678 191.9108178  -0.5397835  -0.1046314   0.8352761  -0.0136786   0.0000000
 96.1926397  19.6705272  44.2374805  -0.5079994  -0.1004676   0.8554781   0.0532858   0.0000000
 96.2286338  19.7005251  43.4625004  -0.5124940  -0.1012179   0.8527044   0.0174351   0.0000000
 95.7667103  23.8522393 141.1224152  -0.5526731  -0.1064722   0.8265689  -0.0042492   0.0000000
 96.3966059  19.6365295 310.3607748  -0.5287129  -0.1039471   0.8424118  -0.1723404   0.0000000
 95.7167186  22.2363505  29.2968937  -0.5142415  -0.1008905   0.8516905  -0.0564810   0.0000000
 96.4286006  18.4546109   3.7181289  -0.5061983  -0.1004639   0.8565456  -0.1165856   0.0000000
 96.1186520  20.4764717 151.7309628  -0.5179121  -0.1019242   0.8493401   0.0016905   0.0000000
 95.8207013  22.9383022 152.4328258  -0.5395215  -0.1047298   0.8354330  -0.0167704   0.0000000
 95.8107030  23.0222964 127.6282021  -0.5402433  -0.1048176   0.8349553  -0.0490277   0.0000000
 96.4445980  18.9785748   0.7828477  -0.5194153  -0.1025756   0.8483430  -0.0917065   0.0000000
 95.9326828  20.7164551 149.1015581  -0.5036015  -0.0994845   0.8581890  -0.0109762   0.0000000
 95.6867235  23.0582939 135.9887443  -0.5287563  -0.1030132   0.8424993  -0.0162890   0.0000000
 96.5345831  18.7665894 -11.3936454  -0.5242012  -0.1034427   0.8452886  -0.0803833   0.0000000
 96.1106533  20.4004769 181.6826047  -0.5154256  -0.1015320   0.8508981   0.0379935   0.0000000
 96.3346162  19.5525353  49.2879526  -0.5203807  -0.1025797   0.8477507  -0.0054697   0.0000000
 95.8586951  21.6663897 108.0838540  -0.5166544  -0.1014187   0.8501662  -0.0532950   0.0000000
 96.5685774  17.6286677 -31.2336604  -0.5028168  -0.1000885   0.8585788  -0.0778886   0.0000000
 95.8326994  22.9263030 134.7688347  -0.5404521  -0.1048772   0.8348128  -0.0351764   0.0000000
 95.8866904  20.8624451 175.1249335   0.0000000   0.0000000   1.0000000   0.0217419   0.0000000
 95.5067534  23.4502669 128.2128811  -0.5188763  -0.1013586   0.8488191  -0.0119133   0.0000000
 95.5667434  23.8322406 381.5403178  -0.5330611  -0.1034928   0.8397233  -0.0078164   0.0000000
 95.9726762  21.1444257 102.0979287  -0.5171453  -0.1016274   0.8498427   0.0245641   0.0000000
 95.8007047  21.2844160 122.8431743   0.0000000   0.0000000   1.0000000  -0.0553207   0.0000000
 96.0586619  21.2204205  67.2560516  -0.5275897  -0.1033103   0.8431940   0.1355449   0.0000000
 96.3586122  18.9625759   9.7097376  -0.5099929  -0.1009831   0.8542305  -0.1351928   0.0000000
 95.7927060  22.6603213 108.9272951  -0.5310129  -0.1034716   0.8410226  -0.0289396   0.0000000
 96.2106367  20.2984839 133.3984065  -0.5235820  -0.1029080   0.8457374   0.0453881   0.0000000
 95.8546957  22.5163312  89.4990609  -0.5341740  -0.1040087   0.8389519  -0.0175411   0.0000000
 95.6627275  22.4943327  43.3202075  -0.5142671  -0.1008360   0.8516816   0.0157204   0.0000000
 96.2846245  19.4105451  23.7097787  -0.5120110  -0.1012103   0.8529954  -0.1146533   0.0000000
 95.7727093  21.6103936 227.7252308  -0.5065054  -0.0997698   0.8564451  -0.0563573   0.0000000
 98.2722951  17.6686650 1350.5854911  -0.6593307  -0.1252936   0.7413397   0.1799674   0.0000000
 96.1686437  20.2564868 130.1373997  -0.5183328  -0.1020509   0.8490681   0.0433280   0.0000000
 96.0006715  22.3163450  25.6519248  -0.5443993  -0.1056685   0.8321440   0.8402636   0.0000000
 96.1186520  20.4384743 160.6333452  -0.5170857  -0.1017974   0.8498586   0.0021144   0.0000000
 96.1946394  20.7944498 117.3116775  -0.5324247  -0.1042148   0.8400376   0.0739791   0.0000000
 96.4945897  18.0986354  10.1405024  -0.5053682  -0.1004116   0.8570417  -0.1001827   0.0000000
 95.5387481  23.3082767 119.8760587  -0.5190918  -0.1014248   0.8486794  -0.0497236   0.0000000
 95.8606947  20.9784371 174.1285046   0.0000000   0.0000000   1.0000000  -0.0159609   0.0000000
 96.0246676  20.5624658 159.8971053  -0.5099525  -0.1005809   0.8543020  -0.0405795   0.0000000
 96.3446145  19.0045730   8.0016618  -0.5094289  -0.1008763   0.8545795  -0.1361122   0.0000000
 96.4106036  18.4906084   5.9601088  -0.5050893  -0.1002641   0.8572234  -0.1193387   0.0000000
 96.0866573  20.1144966 250.0092569  -0.5066757  -0.1001405   0.8563011  -0.1041044   0.0000000
 95.9506798  22.9043045  71.6304283  -0.5513822  -0.1065678   0.8274183  -0.0167278   0.0000000
 96.3306169  19.2265577  14.9348525  -0.5128390  -0.1013978   0.8524756  -0.0712965   0.0000000
 95.7787083  22.0023666  71.5786369  -0.5155899  -0.1011646   0.8508424  -0.0557096   0.0000000
 95.9186851  23.3282753 204.0033308  -0.5567498  -0.1072510   0.8237274  -0.0161493   0.0000000
 96.3206185  19.0965667  28.7662934  -0.5089290  -0.1007682   0.8548901  -0.1055146   0.0000000
 96.1866407  19.8465150  72.7365461  -0.5112597  -0.1009737   0.8534740   0.0484115   0.0000000
 95.7307163  24.1202208 675.4460613  -0.5548216  -0.1067238   0.8250958  -0.1161411   0.0000000
 95.9886735  20.7484529 133.3389338  -0.5102125  -0.1005794   0.8541470  -0.0440403   0.0000000
 95.8386984  21.6383917 121.6793807  -0.5139716  -0.1009877   0.8518419  -0.0201820   0.0000000
 95.8706931  20.9664379 156.5275582   0.0310977   0.0061417   1.0087366  -0.0154162   0.0000000
 95.6967219  23.7302477 129.1862592  -0.5435286  -0.1051232   0.8327820  -0.0110425   0.0000000
 96.3646112  18.7805884   0.8136254  -0.5065992  -0.1004502   0.8563101  -0.1306627   0.0000000
 96.0766589  21.1444257  77.3876646  -0.5277853  -0.1033627   0.8430651   0.1387091   0.0000000
 96.8685277  21.6823886 661.8330825  -0.6115286  -0.1159676   0.7826777   0.0486683   0.0000000
 95.8766921  22.0603626  30.7376107  -0.5268232  -0.1029613   0.8437158  -0.0173504   0.0000000
 95.8107030  21.9923673  43.4808127  -0.5186792  -0.1016675   0.8489026  -0.1266920   0.0000000
 96.4146029  18.8405843  -6.0189019  -0.5132416  -0.1015674   0.8522131  -0.0912718   0.0000000
 95.8147023  23.7322475 152.5435616  -0.5548521  -0.1068367   0.8250607   0.0219581   0.0000000
 95.8306997  22.3443431  42.2254410  -0.5281731  -0.1031031   0.8428540  -0.0540526   0.0000000
 95.5507461  24.1622179 404.8382050  -0.5382760  -0.1042092   0.8363010   0.1164219   0.0000000
 96.1726430  19.8905120 114.9636822  -0.5107746  -0.1008820   0.8537753   0.0485548   0.0000000
 95.4447636  23.6402539 123.9261533  -0.5166311  -0.1009603   0.8502349  -0.0447317   0.0000000
 96.2686271  19.2425566  31.4072136  -0.5066373  -0.1003419   0.8563002   0.1026880   0.0000000
 95.7427143  23.4342680 334.1881036  -0.5421161  -0.1049946   0.8337184  -0.0139373   0.0000000
 96.3826082  19.1285645  12.3933170  -0.5161799  -0.1019886   0.8503861  -0.1006486   0.0000000
 96.0746593  20.9484392 104.0167582  -0.5234665  -0.1027131   0.8458326   0.1147419   0.0000000
 96.3006218  20.0964978 150.4968961  -0.5285177  -0.1037784   0.8425551  -0.0176817   0.0000000
 96.2346328  20.5764648 199.3827533  -0.5319275  -0.1041985   0.8403545   0.0069938   0.0000000
 95.8826911  22.0243651  29.8031999  -0.5266773  -0.1029474   0.8438086  -0.1241295   0.0000000
 96.1206516  19.9045110 325.7062377  -0.5057276  -0.1000318   0.8568741  -0.2060878   0.0000000
 96.3646112  18.5666032 119.0030798   0.0000000   0.0000000   1.0000000   0.0896766   0.0000000
 95.9586785  22.2923467  59.4851891  -0.5398477  -0.1049636   0.8351929  -0.1957558   0.0000000
 96.5245847  18.7025938 -10.4103063  -0.5217928  -0.1030551   0.8468246  -0.1132500   0.0000000
 95.9826745  21.2104211  88.8955030  -0.5195964  -0.1020118   0.8483002   0.0246314   0.0000000
 95.5187514  23.5342612 134.2501647  -0.5218848  -0.1018150   0.8469179  -0.0467285   0.0000000
 95.9026878  21.6563904  77.3220315  -0.5209500  -0.1021192   0.8474566  -0.1598729   0.0000000
 95.6807245  23.5142625 153.7673511  -0.5375898  -0.1042715   0.8367345   0.0230572   0.0000000
 96.0226679  21.9083731  17.0638956  -0.5382562  -0.1048239   0.8362369   0.2020828   0.0000000
 95.8366987  22.1303578  43.6112140  -0.5242664  -0.1025336   0.8453588  -0.0487383   0.0000000
 95.7407146  22.2103523  36.4588114  -0.5161515  -0.1012063   0.8504968  -0.0201539   0.0000000
 95.8706931  21.4624038 122.5968476  -0.5134690  -0.1009471   0.8521498  -0.0167712   0.0000000
 98.4042732  18.2146274 940.5630123  -0.6765887  -0.1272987   0.7252742   0.0394428   0.0000000
 96.6945566  17.5506731 -37.5329462  -0.5145924  -0.1021524   0.8513281  -0.0239446   0.0000000
 96.4425983  18.5906015  -6.8232958  -0.5107331  -0.1012060   0.8537617  -0.0825567   0.0000000
 95.5507461  23.6322544 134.9966218  -0.5271613  -0.1026203   0.8435461  -0.0100292   0.0000000
 96.2866241  19.1765612  29.9078064  -0.5070986  -0.1004365   0.8560160   0.0644681   0.0000000
 96.1586454  20.3844780 148.3854411  -0.5200507  -0.1023020   0.8479868   0.0051499   0.0000000
 96.0566622  21.6663897  34.3090075  -0.5366735  -0.1046431   0.8372762   0.0906975   0.0000000
 95.8187017  22.3103454  40.3320431  -0.5262539  -0.1028058   0.8440899  -0.1105387   0.0000000
 96.1006550  20.3964772 190.3952696  -0.5143225  -0.1013496   0.8515871   0.0742008   0.0000000
 95.9506798  22.4103385  31.5457002  -0.5414318  -0.1051771   0.8341399  -0.2319433   0.0000000
 95.8486967  22.8303096 120.9926919  -0.5400420  -0.1048406   0.8350827  -0.0170073   0.0000000
 96.2266341  19.7065247  45.7637238  -0.5123978  -0.1012001   0.8527644   0.0194073   0.0000000
 95.9986719  22.1923535  16.2872465  -0.5417062  -0.1052841   0.8339482   0.2723528   0.0000000
 96.0666606  21.9483703  17.9708796  -0.5433948  -0.1056226   0.8328061   0.0591474   0.0000000
 96.1226513  20.0964978 177.6671049  -0.5100595  -0.1007121   0.8542227   0.0423185   0.0000000
 95.7527126  23.1022909 160.7271333  -0.5362114  -0.1041694   0.8376312  -0.0519731   0.0000000
 96.0126695  20.7884502 124.3180837  -0.5136070  -0.1011326   0.8520446  -0.0321027   0.0000000
 96.4465976  18.5926014  -6.8592928  -0.5111845  -0.1012825   0.8534824  -0.0822027   0.0000000
 95.8726927  22.3083456  70.7984975  -0.5316579  -0.1036669   0.8405909  -0.0533937   0.0000000
 96.2806251  20.1924912 131.3475536  -0.5285058  -0.1037487   0.8425663  -0.0205367   0.0000000
 96.0886569  19.9445083 261.3766906  -0.5031131  -0.0995796   0.8584644  -0.0267425   0.0000000
 95.7627110  23.3862713 306.1012246  -0.5430613  -0.1051529   0.8330830   0.0215055   0.0000000
 95.7227176  22.0363643  93.9881633  -0.5105490  -0.1003364   0.8539743  -0.0570765   0.0000000
 96.0946560  21.1904225  64.4839829  -0.5305799  -0.1038022   0.8412551   0.1013214   0.0000000
 98.7442169  17.6106690 431.7050604  -0.6915034  -0.1298179   0.7106127  -0.0211830   0.0000000
 96.3306169  19.2985528  13.8149905  -0.5144228  -0.1016465   0.8514912  -0.0727270   0.0000000
 96.3406152  18.7945875  11.5510996  -0.5043508  -0.1000617   0.8576817  -0.0950536   0.0000000
 95.7087199  24.0402263 529.3495768  -0.5510890  -0.1061862   0.8276626   0.1193705   0.0000000
 95.8786917  22.5043321  85.4293947  -0.5363163  -0.1043491   0.8375417  -0.0172767   0.0000000
 96.5125867  18.1706304  -3.5027171  -0.5089046  -0.1010028   0.8548769  -0.0642145   0.0000000
 96.2886238  19.5325367  27.6990446  -0.5151080  -0.1017006   0.8510703  -0.0806074   0.0000000
 96.2706268  20.1424947 112.7520426  -0.5264049  -0.1034167   0.8439211  -0.0203783   0.0000000
 95.9486801  21.6183931  56.3000312  -0.5247963  -0.1027515   0.8450035  -0.1941388   0.0000000
 95.9126861  20.9764373 138.6640410  -0.5072605  -0.1000356   0.8559671  -0.0133522   0.0000000
 96.9905075  19.7885190 1295.3795170  -0.5891251  -0.1135732   0.8000205   0.0322636   0.0000000
 96.2946228  19.8585142  98.1243374  -0.5228088  -0.1029008   0.8462164   0.0210660   0.0000000
 96.2966225  19.5345365  28.7215966  -0.5160060  -0.1018510   0.8505082  -0.0440736   0.0000000
 96.3446145  19.2745544  15.6678526  -0.5153561  -0.1018105   0.8509070  -0.1069939   0.0000000
 96.0086702  20.4904707 191.1071139  -0.5066986  -0.1000549   0.8562976  -0.0409248   0.0000000
 96.0266672  20.3904776 216.6279816  -0.5063921  -0.1000275   0.8564821  -0.1162358   0.0000000
 96.3286172  18.8745820  14.4413850  -0.5048428  -0.1001263   0.8573847  -0.0642838   0.0000000
 96.2786255  19.2445565  26.1575310  -0.5077412  -0.1005288   0.8556243   0.0675863   0.0000000
 95.7047206  22.8043114 112.9991308  -0.5251945  -0.1025136   0.8447850  -0.0538145   0.0000000
 95.7987050  22.4683345  52.6930461  -0.5275490  -0.1029717   0.8432609  -0.0542671   0.0000000
 96.1986387  20.4484736 162.4700583  -0.5255676  -0.1031940   0.8444701   0.0066993   0.0000000
 97.3004562  16.8947183 -31.7513131  -0.5623302  -0.1104951   0.8194971   0.0083778   0.0000000
 96.3586122  19.0085727   7.1820179  -0.5109939  -0.1011415   0.8536133  -0.1002379   0.0000000
 95.4787580  23.6582526 126.9220768  -0.5204788  -0.1015645   0.8478127   0.0205289   0.0000000
 96.3546129  19.3925463  45.2356479  -0.5190030  -0.1023926   0.8486176  -0.0725982   0.0000000
 95.5447471  24.0162280 409.5041642  -0.5346885  -0.1036972   0.8386627   0.1350331   0.0000000
 95.5307494  24.1202208 318.1852603  -0.5354329  -0.1037832   0.8381770   0.0685891   0.0000000
 95.9186851  23.4502669 362.7731193  -0.5592245  -0.1075868   0.8220055   0.0204803   0.0000000
 95.7687100  24.0842233 544.0036370  -0.5576112  -0.1071469   0.8231581   0.1157714   0.0000000
 95.8167020  23.0542942 130.4973981  -0.5415015  -0.1050035   0.8341166  -0.0522914   0.0000000
 96.7185526  17.6066692 -36.3399262  -0.5183790  -0.1027893   0.8489509  -0.0229288   0.0000000
 96.0786586  20.3384812 245.8440807  -0.5107813  -0.1007748   0.8537838  -0.0195694   0.0000000
 95.6267335  23.3142763 147.6865109  -0.5281101  -0.1028473   0.8429248  -0.0226656   0.0000000
 96.1686437  20.6804576 124.1982007  -0.5273695  -0.1034241   0.8433178   0.0380790   0.0000000
 96.5125867  18.0646377  11.8096884  -0.5065686  -0.1006278   0.8563074  -0.0972159   0.0000000
 95.7907063  22.1363574  57.7773784  -0.5197294  -0.1018024   0.8482438  -0.0192355   0.0000000
 95.7887066  23.3682726 225.5172448  -0.5451798  -0.1054813   0.8316566   0.0211709   0.0000000
 95.6747255  23.2502807 197.0256948  -0.5315945  -0.1034103   0.8406626  -0.0148241   0.0000000
 95.6527292  22.6683208  65.9991717  -0.5170050  -0.1012375   0.8499746  -0.0113047   0.0000000
 95.7607113  23.7282478 133.2566224  -0.5496299  -0.1060507   0.8286497  -0.0121459   0.0000000
 96.1006550  19.9645069 237.1803814  -0.5048332  -0.0998653   0.8574208  -0.1013695   0.0000000
 95.9586785  20.9764373 137.3721869  -0.5120875  -0.1008358   0.8529939  -0.0110892   0.0000000
 95.9546791  21.8903743  21.5132163  -0.5311016  -0.1036911   0.8409395  -0.1948531   0.0000000
 95.8686934  22.5503289  86.7232726  -0.5362774  -0.1043301   0.8375691  -0.0173460   0.0000000
 95.8746924  21.9403709  32.1598002  -0.5240831  -0.1025525   0.8454702  -0.0532582   0.0000000
 98.1543147  20.0545007 1480.5625633  -0.6847706  -0.1269148   0.7176224   0.1166106   0.0000000
 95.7807080  21.8523769  77.9003880  -0.5125697  -0.1007079   0.8527194  -0.0558904   0.0000000
 96.3006218  19.6925256  37.9160528  -0.5198331  -0.1024496   0.8481023  -0.0825528   0.0000000
 95.9866738  20.5364675 234.0580338  -0.5053865  -0.0998254   0.8570994  -0.0426055   0.0000000
 96.1126530  21.4504046  44.4022897  -0.5377787  -0.1048827   0.8365367   0.0572743   0.0000000
 96.0626613  21.5683965  36.4441838  -0.5352234  -0.1044402   0.8382292   0.0613653   0.0000000
 95.8386984  22.2523494  54.2296905  -0.5270596  -0.1029495   0.8435695  -0.0540257   0.0000000
 95.6387315  22.5963257  51.2837602  -0.5139716  -0.1007654   0.8518683  -0.0000133   0.0000000
 95.8107030  23.3082767 182.9259830  -0.5460519  -0.1056316   0.8310651  -0.0151643   0.0000000
 95.9366821  21.3144140  85.8591112  -0.5170987  -0.1015771   0.8498770   0.0540096   0.0000000
 95.6347322  23.8982361 284.8788091  -0.5410009  -0.1046937   0.8344802   0.0242058   0.0000000
 96.6865579  17.0467078 -38.8118114  -0.5025382  -0.1001898   0.8587301  -0.0794624   0.0000000
 95.5307494  23.5582595 148.6861897  -0.5236181  -0.1020825   0.8458151  -0.0108341   0.0000000
 95.5907395  23.2602800 142.7447132  -0.5233536  -0.1021114   0.8459753  -0.0503930   0.0000000
 96.4166026  19.1105657   2.3714483  -0.5193288  -0.1025245   0.8484022  -0.0972531   0.0000000
 95.9066871  21.2044216  97.4303634  -0.5115976  -0.1007000   0.8533038  -0.0145603   0.0000000
 96.1746427  21.5603970  44.6680075  -0.5461041  -0.1061698   0.8309622   0.0310424   0.0000000
 95.9066871  21.1824231 105.4373060  -0.5111115  -0.1006251   0.8536039  -0.0144788   0.0000000
 96.4266009  18.2566245  63.6616473   0.0000000   0.0000000   1.0000000  -0.2655953   0.0000000
 96.2026381  20.3544801 149.2680718  -0.5239497  -0.1029537   0.8455042   0.0081934   0.0000000
 95.9446808  21.2204205  92.9157746  -0.5158965  -0.1014033   0.8506281   0.0229600   0.0000000
 95.8466970  21.1444257 136.2182547  -0.5039627  -0.0994495   0.8579810   0.0176510   0.0000000
 96.3246178  19.1045661  24.0299421  -0.5095395  -0.1008697   0.8545144  -0.1053152   0.0000000
 96.1666440  21.3224134  57.5646987  -0.5405169  -0.1053581   0.8347102   0.1028942   0.0000000
 96.4485973  18.2186271   9.0792088  -0.5031263  -0.0999936   0.8584085  -0.0763998   0.0000000
 95.4287663  23.7402470 144.2759153  -0.5171491  -0.1010209   0.8499127  -0.1149981   0.0000000
 96.2726265  19.1845606  26.8057017  -0.5057650  -0.1002074   0.8568315   0.0706735   0.0000000
 96.4006053  18.5986010   1.8005467  -0.5064250  -0.1004661   0.8564113  -0.0869724   0.0000000
 95.6707262  23.2942777 219.3909388  -0.5320988  -0.1034780   0.8403352  -0.0144516   0.0000000
 96.3306169  19.4905396  37.1894945  -0.5186005  -0.1022983   0.8488749  -0.0764708   0.0000000
 96.3446145  19.3225511  26.0247238  -0.5164055  -0.1019747   0.8502509  -0.0720226   0.0000000
 95.4867567  24.0322269 285.3459697  -0.5292389  -0.1028493   0.8422162  -0.1439399   0.0000000
 95.8227010  22.1003599  84.3241674  -0.5222411  -0.1022166   0.8466499  -0.0545044   0.0000000
 95.5527457  23.4442673 135.5219387  -0.5233954  -0.1020741   0.8459540  -0.0122805   0.0000000
 95.8187017  23.1302890 167.0737542  -0.5432491  -0.1052523   0.8329480  -0.0160637   0.0000000
 96.0146692  21.5104005  47.9587681  -0.5292340  -0.1034959   0.8421401   0.0241898   0.0000000
 95.7007212  21.9323714  23.5877950  -0.5059389  -0.0996029   0.8567993   0.0138330   0.0000000
 96.0166689  21.2144209  94.2767838  -0.5232041  -0.1025998   0.8460087   0.3299025   0.0000000
 95.9426811  21.0664311 121.5943858  -0.5123527  -0.1008577   0.8528321  -0.0123311   0.0000000
 96.4745930  18.0306401  35.9986147   0.0000000   0.0000000   1.0000000  -0.1006070   0.0000000
 95.8906898  22.5323301  83.0576435  -0.5380630  -0.1046153   0.8363873  -0.0171287   0.0000000
 95.5847404  23.0882919 112.5661493  -0.5190707  -0.1014717   0.8486866  -0.0521003   0.0000000
 95.9266838  20.7084557 151.3919301  -0.5027697  -0.0993470   0.8586925  -0.0112671   0.0000000
 95.8586951  22.6123246 105.2131706  -0.5365512  -0.1043563   0.8373904  -0.0173641   0.0000000
 96.7765430  21.9743685 396.5776556  -0.6086397  -0.1154041   0.7850094   0.1048113   0.0000000
 97.1184863  21.2864159 743.7479996  -0.6255658  -0.1181608   0.7711715  -0.0139242   0.0000000
 98.4422670  17.8046556 1060.2676147  -0.6735764  -0.1272087   0.7280884   0.0008264   0.0000000
 95.9006881  22.6963188  47.9094738  -0.5423737  -0.1052405   0.8335197  -0.0169526   0.0000000
 97.2624624  22.0843610 600.3165356  -0.6492403  -0.1208722   0.7509174  -0.0121383   0.0000000
 96.1406483  20.7404535 111.0970241  -0.5257896  -0.1031492   0.8443373   0.0359383   0.0000000
 95.7767086  22.3343438  36.7000174  -0.5225090  -0.1022004   0.8464864  -0.0549885   0.0000000
 95.9346825  23.5682588 276.2082454  -0.5629505  -0.1081019   0.8193904   0.0200842   0.0000000
 96.3206185  19.4325435  27.9259114  -0.5162982  -0.1019272   0.8503217  -0.1036645   0.0000000
 96.7245516  16.9187166 -40.2116999  -0.5037831  -0.1004421   0.8579708  -0.0696740   0.0000000
 95.6807245  23.4702656 164.7626223  -0.5367065  -0.1041469   0.8373169  -0.0130644   0.0000000
 96.4505970  18.3786161  -3.8305477  -0.5068904  -0.1006020   0.8561199  -0.0525973   0.0000000
 95.7447139  23.1682863 200.2721981  -0.5367907  -0.1042424   0.8372511  -0.0156376   0.0000000
 96.5645781  18.2866224 -19.0596715  -0.5169415  -0.1023488   0.8498801  -0.0618625   0.0000000
 96.2926231  18.9465770  19.8926664  -0.5026004  -0.0997245   0.8587478   0.0577443   0.0000000
 95.8047040  23.6922503 137.4039923  -0.5531131  -0.1065873   0.8262597  -0.0131476   0.0000000
 96.0066705  21.8363780  22.7066719  -0.5352080  -0.1043609   0.8382488   0.2071024   0.0000000
 95.9986719  21.7943809  23.0015398  -0.5335269  -0.1041048   0.8393517   0.0919058   0.0000000
 95.6607279  23.3322751 226.3750427  -0.5318992  -0.1034373   0.8404665  -0.0141803   0.0000000
 95.9466805  22.6263237  66.6916795  -0.5454437  -0.1057383   0.8314509  -0.0166435   0.0000000
 96.3146195  18.9745751  19.6399735  -0.5055804  -0.1002277   0.8569381   0.0745357   0.0000000
 95.6327325  24.0542254 870.5259802  -0.5442733  -0.1051613   0.8322906  -0.0780501   0.0000000
 96.2686271  19.5045386  27.6483167  -0.5123791  -0.1012483   0.8527699  -0.0124183   0.0000000
 95.9786752  22.3243445  48.1158267  -0.5424476  -0.1053616   0.8334564   0.0560354   0.0000000
 96.4126033  21.6983875 107.3579911  -0.5714522  -0.1100476   0.8132232   0.0191282   0.0000000
 96.3026215  18.9585762  29.1953590  -0.5039508  -0.0999530   0.8579295   0.0752820   0.0000000
 95.9766755  20.9784371 125.9375766  -0.5140176  -0.1011540   0.8517945  -0.0461629   0.0000000
 96.1686437  20.6924568 125.5223143  -0.5276319  -0.1034638   0.8431488   0.0379379   0.0000000
 95.7327159  22.5243307  55.4897490  -0.5220706  -0.1020837   0.8467710  -0.0190457   0.0000000
 95.7827076  21.4204067 171.5672150  -0.5033323  -0.0992852   0.8583699  -0.0561260   0.0000000
 95.8007047  22.8583077 139.4454507  -0.5359133  -0.1041888   0.8378196  -0.0401261   0.0000000
 95.9046874  23.2422813 115.9049755  -0.5537093  -0.1068171   0.8258305   0.0196987   0.0000000
 95.6707262  23.6662521 133.8480107  -0.5397133  -0.1045568   0.8353307  -0.0112161   0.0000000
 96.1386487  20.7504528 111.8676251  -0.5258074  -0.1031493   0.8443263   0.0357266   0.0000000
 97.4664286  21.1664242 1585.9533545  -0.6513233  -0.1217693   0.7489661  -0.0014342   0.0000000
 95.8566954  21.2184206 111.0898310  -0.5066696  -0.0998822   0.8563349  -0.0168115   0.0000000
 95.6767252  23.0182967 121.0091818  -0.5268834  -0.1027276   0.8437067  -0.1244017   0.0000000
 95.8147023  23.4062700 216.4703327  -0.5484335  -0.1059670   0.8294526   0.0211156   0.0000000
 97.0325006  24.0102284  81.9818769  -0.6603091  -0.1209717   0.7411867   0.0617536   0.0000000
 95.9626778  21.2084213  89.2341442  -0.5175040  -0.1016699   0.8496193   0.0237892   0.0000000
 95.7487133  24.1942157 907.3863077  -0.5580804  -0.1071905   0.8228344   0.0035035   0.0000000
 96.4126033  19.9485080 344.9818834  -0.5368362  -0.1051904   0.8371032  -0.0158604   0.0000000
 95.7247173  22.5423294  52.3100712  -0.5216325  -0.1020091   0.8470500  -0.0190701   0.0000000
 96.0326662  21.6003943  35.9380362  -0.5328855  -0.1040573   0.8397650   0.0984176   0.0000000
 96.2106367  20.1144966 100.0301704  -0.5196284  -0.1023030   0.8482456  -0.0238778   0.0000000
 95.6607279  23.1522874 163.1877051  -0.5281429  -0.1028933   0.8428986  -0.0515086   0.0000000
 95.7707096  21.6083937 238.0745087  -0.5062765  -0.0997325   0.8565848  -0.0560630   0.0000000
 96.5305837  22.8863058 1033.4219154  -0.6038722  -0.1143094   0.7888420  -0.0702662   0.0000000
 96.1126530  21.1024286  76.5333252  -0.5305539  -0.1038229   0.8412688   0.1464459   0.0000000
 95.8047040  23.5382609 216.8452512  -0.5500993  -0.1061804   0.8283215  -0.0035518   0.0000000
 96.2746261  19.0565694  51.4813381  -0.5031423  -0.0997913   0.8584227   0.0596420   0.0000000
 95.8786917  22.3283442  63.8079497  -0.5326725  -0.1038223   0.8399291  -0.0532914   0.0000000
 95.9786752  21.4244064  78.6267185  -0.5237653  -0.1026355   0.8456571  -0.0152339   0.0000000
 95.8786917  21.4244064 114.2545603  -0.5134807  -0.1009579   0.8521414  -0.0498122   0.0000000
 95.8806914  20.9024423 165.8857948   0.0000000   0.0000000   1.0000000  -0.0506075   0.0000000
 95.6507295  22.9303027 101.7207728  -0.5223904  -0.1020371   0.8465794  -0.0192352   0.0000000
 96.5685774  19.6525284 732.6052212  -0.5465307  -0.1068734   0.8305916  -0.2422406   0.0000000
 95.6367318  24.1342198 817.7762002  -0.5462642  -0.1054390   0.8309501   0.0661637   0.0000000
 95.9006881  22.7923122  85.1889214  -0.5443475  -0.1055192   0.8321968  -0.0168755   0.0000000
 96.2526298  20.0245028  95.8219641  -0.5220181  -0.1027238   0.8467260  -0.0197028   0.0000000
 95.6587282  22.9063044 103.7744257  -0.5227072  -0.1020932   0.8463771  -0.0174723   0.0000000
 95.9526795  22.3323439  78.8859441  -0.5400695  -0.1049873   0.8350465  -0.1599802   0.0000000
 95.7347156  23.2442811 376.7178920  -0.5374726  -0.1043311   0.8368024  -0.0136009   0.0000000
 96.6005721  17.6626654 -35.0744196  -0.5070365  -0.1008135   0.8560085  -0.0390840   0.0000000
 95.9206848  21.2264200  94.0161234  -0.5135237  -0.1010120   0.8521091  -0.0140349   0.0000000
 96.0006715  20.4584729 193.7294052  -0.5051293  -0.0997995   0.8572540  -0.0760033   0.0000000
 96.6805589  17.1007041 -33.5371158  -0.5031183  -0.1002776   0.8583801  -0.0102863   0.0000000
 95.7387149  22.4103385  40.3163911  -0.5202540  -0.1018201   0.8479201  -0.0194356   0.0000000
 95.9746758  20.6164620 164.5922956  -0.5058694  -0.0998868   0.8568074  -0.0079559   0.0000000
 95.6327325  23.9242343 408.4894195  -0.5414017  -0.1047504   0.8342131  -0.1517111   0.0000000
 96.0926563  21.3464118  52.6331512  -0.5336220  -0.1042479   0.8392735   0.0999589   0.0000000
 95.8027043  22.9263030 166.8072788  -0.5375369  -0.1044243   0.8367494  -0.0351045   0.0000000
 97.9283521  18.6006008 539.4755965  -0.6468834  -0.1228284   0.7526321  -0.0242837   0.0000000
 96.2346328  19.4465426  48.9509423  -0.5075318  -0.1004436   0.8557585   0.0602593   0.0000000
 95.7147189  21.9863677  28.9407875  -0.5085698  -0.1000228   0.8551913  -0.0215207   0.0000000
 95.6147355  22.8683070  83.7668087  -0.5174208  -0.1012585   0.8497190  -0.0180340   0.0000000
 95.6847239  23.4982636 157.2416238  -0.5376590  -0.1042866   0.8366882  -0.0128619   0.0000000
 95.9966722  22.0643623 236.8869438  -0.5389990  -0.1049002   0.8357488   0.0943111   0.0000000
 95.4587613  23.2822785 106.5491920  -0.5103388  -0.1000328   0.8541356  -0.0139521   0.0000000
 98.1063226  20.9444395 807.8568649  -0.6929330  -0.1271594   0.7097003  -0.0083710   0.0000000
 95.7207179  22.9623005 132.3136303  -0.5301348  -0.1032546   0.8416030  -0.0168604   0.0000000
 96.0786586  20.2684860 202.6425255  -0.5092152  -0.1005291   0.8547478  -0.0824258   0.0000000
 95.5007544  23.7902435 359.5791931  -0.5256058  -0.1023434   0.8445498  -0.0856546   0.0000000
 95.8946891  21.3024148  91.5838425  -0.5124801  -0.1008221   0.8527597  -0.0154050   0.0000000
 95.9626778  22.6543217 100.0414867  -0.5475772  -0.1060606   0.8300062  -0.0165605   0.0000000
 95.8326994  23.1142901 129.6312109  -0.5442563  -0.1054113   0.8322701  -0.0161702   0.0000000
 95.7867070  21.9443706  22.4436181  -0.5151677  -0.1011088   0.8511048  -0.1274661   0.0000000
 96.0986553  19.9025112 191.9466044  -0.5032354  -0.0996090   0.8583893  -0.2085747   0.0000000
 95.6807245  24.1482189 1466.3067989  -0.5510902  -0.1061753   0.8276632  -0.0426521   0.0000000
 95.6047371  22.8563078  79.8915047  -0.5161164  -0.1010522   0.8505365  -0.0182065   0.0000000
 95.6667269  23.2942777 214.5731698  -0.5317185  -0.1034188   0.8405831  -0.0144321   0.0000000
 97.9583471  21.8863746 996.4698455  -0.6954631  -0.1266670   0.7073093   0.2062799   0.0000000
 95.9786752  20.4504735 197.1851798   0.0000000   0.0000000   1.0000000  -0.0065001   0.0000000
 97.9503485  19.7945186 1212.6101449  -0.6666859  -0.1247581   0.7348233   0.0103405   0.0000000
 96.0806583  22.4263374  32.1348927  -0.5543162  -0.1071698   0.8253776   0.0928505   0.0000000
 96.0486636  21.1064283  87.7639442  -0.5241727  -0.1027862   0.8453863   0.2078531   0.0000000
 96.5825751  23.5542598  94.1349227  -0.6189033  -0.1160177   0.7768517   0.1531634   0.0000000
 95.7827076  23.0862920 168.9756297  -0.5388463  -0.1045836   0.8358869  -0.0275131   0.0000000
 95.5647438  23.9342336 337.4377960  -0.5349265  -0.1037536   0.8385039  -0.0061602   0.0000000
 95.4647603  23.0922916  81.5860509  -0.5067619  -0.0994956   0.8563253  -0.0164461   0.0000000
 96.0346659  21.9623694  21.3591259  -0.5405422  -0.1051693   0.8347176   0.1321227   0.0000000
 96.6845582  19.6185307 680.9540073  -0.5570997  -0.1085926   0.8233150   0.0548709   0.0000000
 98.4862597  17.1407013 601.7982357  -0.6669723  -0.1267733   0.7342184   0.0574155   0.0000000
 95.8526960  21.8443775  38.0668339  -0.5198236  -0.1018889   0.8481757  -0.0178569   0.0000000
 95.6527292  22.0523632  21.7540060  -0.5035233  -0.0991806   0.8582700   0.0489539   0.0000000
 95.7887066  23.2582802 199.5540268  -0.5429238  -0.1051661   0.8331710  -0.0153430   0.0000000
 96.0726596  21.0464324  88.1479002  -0.5253301  -0.1029906   0.8446426   0.1015842   0.0000000
 95.6027375  23.3402745 156.7955298  -0.5262523  -0.1025492   0.8441221  -0.0496334   0.0000000
 95.9146858  22.8363092 106.3866318  -0.5465798  -0.1058518   0.8306901  -0.0527334   0.0000000
 95.9866738  20.5184688 231.8519117  -0.5050063  -0.0997659   0.8573304  -0.0332079   0.0000000
 95.7027209  24.0822234 886.9274762  -0.5515107  -0.1062449   0.8273742   0.0703810   0.0000000
 95.9666772  21.0724306 111.6543997  -0.5149674  -0.1012872   0.8512047  -0.0112462   0.0000000
 95.9806748  21.1204273 103.1381265  -0.5174791  -0.1016880   0.8496323   0.0250556   0.0000000
 96.2746261  19.5765336  34.2391405  -0.5146011  -0.1016039   0.8513885  -0.0189720   0.0000000
 96.3986056  18.6265990   0.9060752  -0.5068387  -0.1005300   0.8561590  -0.0878559   0.0000000
 96.6425652  17.4766782 -36.4347101  -0.5074157  -0.1009287   0.8557703   0.0079987   0.0000000
 95.6307328  22.4363367  39.3389235  -0.5096701  -0.1001040   0.8545265   0.0169239   0.0000000
 96.4485973  18.7485906  -7.8207881  -0.5148063  -0.1018582   0.8512341  -0.1222057   0.0000000
 95.6987216  22.6823198  97.6842568  -0.5219882  -0.1020329   0.8468280  -0.0545784   0.0000000
 96.3126198  19.4245441  20.6064028  -0.5152808  -0.1017581   0.8509588  -0.0769974   0.0000000
 95.7527126  21.8063801 114.9235973  -0.5086443  -0.1000764   0.8551407  -0.0267977   0.0000000
 96.5805754  17.9726441  -7.1926104  -0.5118020  -0.1015545   0.8530799  -0.0509023   0.0000000
 95.6587282  23.6722517 129.8110708  -0.5386584  -0.1043928   0.8360319  -0.0109876   0.0000000
 95.6087365  23.6942501 131.0734437  -0.5342057  -0.1037002   0.8389699   0.0255242   0.0000000
 96.1866407  20.2064903 114.3411300  -0.5191141  -0.1021935   0.8485736   0.0124736   0.0000000
 95.7127192  23.9782306 262.1671735  -0.5500866  -0.1060481   0.8283469  -0.0534863   0.0000000
 96.2426314  19.3745475  34.4644572  -0.5067797  -0.1003335   0.8562170  -0.0465029   0.0000000
 96.2226347  20.0045042  81.7037735  -0.5184917  -0.1021430   0.8489600  -0.0125241   0.0000000
 95.9386818  21.8983738  19.8805594  -0.5296601  -0.1034584   0.8418768  -0.2574769   0.0000000
 95.7347156  23.9582320 171.2518258  -0.5517331  -0.1062996   0.8272188  -0.0098342   0.0000000
 96.0226679  20.6844574 134.8186934  -0.5124053  -0.1009590   0.8527884  -0.0057642   0.0000000
 95.8247007  21.9863677  50.4720247  -0.5199725  -0.1018784   0.8480857  -0.0545462   0.0000000
 96.2726265  20.6184619 227.3757051  -0.5366402  -0.1049516   0.8372589   0.0084238   0.0000000
 95.7027209  22.6463223  72.6894070  -0.5216129  -0.1019809   0.8470654  -0.0539625   0.0000000
 97.3924409  19.5705340 666.3472841  -0.6196182  -0.1182640   0.7759426   0.1387928   0.0000000
 95.9386818  21.5663966  69.0293497  -0.5226840  -0.1024233   0.8463515  -0.0505403   0.0000000
 95.5747421  24.1602181 470.0987963  -0.5406041  -0.1045661   0.8347533  -0.0035366   0.0000000
 96.4665943  18.7765887 -11.0066254  -0.5173159  -0.1022764   0.8496610  -0.0847798   0.0000000
 95.8906898  22.0103661  48.8680517  -0.5272067  -0.1030363   0.8434670  -0.1247993   0.0000000
 96.2286338  20.5624658 183.7987233  -0.5310237  -0.1040551   0.8409438   0.0068592   0.0000000
 96.0386652  21.7483841  32.8034168  -0.5365442  -0.1045987   0.8373646   0.1438092   0.0000000
 96.2506301  19.2945530  40.3943368  -0.5058618  -0.1001971   0.8567756  -0.0076266   0.0000000
 96.2986222  19.7925188  77.7154681  -0.5218048  -0.1027516   0.8468540  -0.0125998   0.0000000
 96.0946560  21.5563973  41.3475272  -0.5381817  -0.1049156   0.8362734   0.0639970   0.0000000
 96.2086371  20.3284819 144.1911400  -0.5240130  -0.1029711   0.8454628   0.0422824   0.0000000
 95.8187017  22.8363092 145.3202771  -0.5372324  -0.1044014   0.8369479  -0.0387623   0.0000000
 96.4725933  18.3686168 -10.8407173  -0.5090130  -0.1009694   0.8548164  -0.0738397   0.0000000
 96.1366490  21.1784233  70.5981655  -0.5345478  -0.1044453   0.8386595   0.1031433   0.0000000
 95.6867235  23.8642384 165.2603027  -0.5452914  -0.1053542   0.8315996  -0.0096479   0.0000000
 95.8946891  21.3344126  91.6244828  -0.5131651  -0.1009272   0.8523352  -0.0154167   0.0000000
 96.3326165  19.6125312  74.9983168  -0.5214596  -0.1027440   0.8470676  -0.0765976   0.0000000
 96.1866407  20.2664861 125.7068391  -0.5204080  -0.1023922   0.8477567   0.0443319   0.0000000
 96.1206516  20.3304817 173.1769438  -0.5149717  -0.1014740   0.8511799   0.1112058   0.0000000
 95.6647272  22.4583352  39.8087839  -0.5136797  -0.1007490   0.8520463  -0.0204035   0.0000000
 95.6127358  23.9202346 517.4008487  -0.5394427  -0.1044544   0.8355183  -0.0498295   0.0000000
 95.7567120  23.7002497 134.3750876  -0.5486952  -0.1059176   0.8292859   0.0213769   0.0000000
 96.1026546  20.1924912 244.0844601  -0.5100952  -0.1006957   0.8542034   0.0757716   0.0000000
 95.6787249  22.5943259  63.8340230  -0.5180682  -0.1014255   0.8493045  -0.0193853   0.0000000
 95.9066871  21.9123728  18.0640337  -0.5267614  -0.1029902   0.8437508  -0.0746851   0.0000000
 97.9143544  19.7745200 1100.5816954  -0.6637200  -0.1243722   0.7375685  -0.0414386   0.0000000
 96.1166523  20.4364744 161.6172853  -0.5168583  -0.1017602   0.8500014   0.0031679   0.0000000
 95.9666772  20.5944635 171.7403959  -0.5045344  -0.0996685   0.8576195  -0.0082664   0.0000000
 95.8306997  23.1302890 148.1343805  -0.5443910  -0.1054279   0.8321798  -0.0161054   0.0000000
 95.8147023  22.0203654  58.1297783  -0.5196844  -0.1018235   0.8482689  -0.1261351   0.0000000
 95.9146858  21.9103730  19.3600668  -0.5274915  -0.1031079   0.8432802  -0.1578496   0.0000000
 96.6665612  17.2686925 -36.6007800  -0.5053483  -0.1006236   0.8570286  -0.0538553   0.0000000
 95.9846742  21.8803750  28.0260812  -0.5339080  -0.1041416   0.8391047  -0.0143651   0.0000000
 96.8985228  18.0966355  42.4628202  -0.5471157  -0.1074981   0.8301256  -0.0764608   0.0000000
 96.3566125  19.0845675  14.5300655  -0.5124654  -0.1013717   0.8527033  -0.1020276   0.0000000
 98.9401844  17.4046832 569.4813320  -0.7018353  -0.1313898   0.7001171   0.0419031   0.0000000
 95.8267004  22.8903055 141.5056272  -0.5391202  -0.1046806   0.8356981  -0.0528504   0.0000000
 95.5527457  23.4022702 145.8126123  -0.5225466  -0.1019504   0.8464935  -0.0487019   0.0000000
 96.4865910  19.1705616 187.8032722  -0.5279574  -0.1039568   0.8428844  -0.2722617   0.0000000
 95.9366821  22.0563629  45.1514616  -0.5327916  -0.1039152   0.8398421  -0.1250204   0.0000000
 95.8366987  23.0142969 123.4576244  -0.5426351  -0.1051902   0.8333559  -0.0165156   0.0000000
 95.7847073  23.8482395 144.1480373  -0.5542766  -0.1067140   0.8254632  -0.0117443   0.0000000
 96.1066540  21.4804026  44.7769844  -0.5377937  -0.1048763   0.8365279   0.0275087   0.0000000
 95.6127358  23.8582388 202.0170890  -0.5379944  -0.1042423   0.8364781   0.0275702   0.0000000
 95.6567285  22.4503358  36.2074904  -0.5126801  -0.1005892   0.8526670   0.0123593   0.0000000
 95.8366987  21.7323852  75.9360409  -0.5157648  -0.1012574   0.8507254  -0.0182885   0.0000000
 95.5787414  22.9083042  79.3436922  -0.5145870  -0.1007950   0.8514932  -0.0179157   0.0000000
 96.0986553  20.7704514 112.0660509  -0.5221490  -0.1025447   0.8466669   0.0693983   0.0000000
 96.2586288  19.4025456  29.5948900  -0.5090827  -0.1007171   0.8548046  -0.1166717   0.0000000
 95.9526795  21.1824231  99.6061886  -0.5159081  -0.1014147   0.8506198   0.0234906   0.0000000
 97.2864585  22.6643210 551.2633534  -0.6595449  -0.1217958   0.7417319   0.0479773   0.0000000
 96.6545632  17.1646997 -39.3558837   0.0000000   0.0000000   1.0000000  -0.0494216   0.0000000
 95.9806748  22.3743410  25.1152770  -0.5436213  -0.1055297   0.8326700   0.3075107   0.0000000
 96.1126530  20.5564662 147.7010745  -0.5190098  -0.1020850   0.8486503   0.0368109   0.0000000
 95.8466970  21.1164276 143.2481165  -0.5033695  -0.0993571   0.8583398  -0.0170266   0.0000000
 96.0186685  21.5963946  32.9667013  -0.5314177  -0.1038230   0.8407235   0.1316625   0.0000000
 96.1246510  21.1284268  74.7026259  -0.5323128  -0.1040998   0.8401228   0.1985186   0.0000000
 97.4244356  19.3905464 216.9888805  -0.6190225  -0.1182663   0.7764176  -0.0292615   0.0000000
 96.5985725  17.8446529 -26.4857819  -0.5108757  -0.1014292   0.8536499  -0.0449510   0.0000000
 96.0786586  21.7423845  28.2562519  -0.5403825  -0.1052096   0.8348159   0.0966327   0.0000000
 95.9446808  20.8204480 142.6859105  -0.5072026  -0.1000619   0.8559984  -0.0109169   0.0000000
 96.0166689  22.1643555  15.8892614  -0.5428832  -0.1054770   0.8331581   1.1909126   0.0000000
 95.6527292  23.0262961 112.7276602  -0.5246369  -0.1023705   0.8451487  -0.0525155   0.0000000
 95.7827076  22.3903399  39.5031774  -0.5242941  -0.1024721   0.8453491  -0.0187938   0.0000000
 96.5225850  18.2586244 -11.8006938  -0.5119131  -0.1014962   0.8530202  -0.1011009   0.0000000
 95.6607279  23.6022565 140.2084923  -0.5374241  -0.1042219   0.8368471  -0.0116736   0.0000000
 96.2206351  19.9185101  71.2063728  -0.5163984  -0.1018163   0.8502742  -0.0398642   0.0000000
 95.7667103  22.6463223  93.5384073  -0.5281120  -0.1030160   0.8429030  -0.0181398   0.0000000
 95.8786917  21.2644174  96.5407952  -0.5099759  -0.1004184   0.8543072  -0.0159699   0.0000000
 97.1284846  22.1963533 653.4107772  -0.6407597  -0.1196942   0.7583537  -0.0808101   0.0000000
 95.4827573  23.8022427 201.7318482  -0.5239646  -0.1020809   0.8456007  -0.0783849   0.0000000
 96.0866573  19.9085108 215.2318411   0.0000000   0.0000000   1.0000000   0.0723924   0.0000000
 96.0406649  21.3484116  55.3652103  -0.5284309  -0.1034111   0.8426546   0.1676102   0.0000000
 95.5827408  23.3282753 142.1728940  -0.5239969  -0.1021966   0.8455667  -0.0476746   0.0000000
 96.3566125  18.6285989  64.3260134  -0.0000000  -0.0000000   1.0000000  -0.0973533   0.0000000
 98.2742948  17.1167030 157.4155404  -0.6504777  -0.1243608   0.7492751  -0.0706489   0.0000000
 96.1586454  20.7924499 103.2920856  -0.5287379  -0.1036158   0.8424370   0.0362775   0.0000000
 97.1664784  23.0282960 1902.0277118  -0.6568111  -0.1212584   0.7442416  -0.1553389   0.0000000
 95.9266838  20.6764579 157.5673668   0.0000000   0.0000000   1.0000000  -0.0470249   0.0000000
 96.0626613  21.3444119  58.3101951  -0.5305833  -0.1037595   0.8412582   0.0988530   0.0000000
 97.4404330  24.1902160 935.7225875  -0.6911262  -0.1243019   0.7119647  -0.0138562   0.0000000
 96.0406649  21.0424327 101.0790896  -0.5219778  -0.1024448   0.8467846   0.1490393   0.0000000
 95.7487133  22.1103592  54.9758193  -0.5148186  -0.1010139   0.8513272  -0.0202633   0.0000000
 95.7127192  22.0043665  36.9973236  -0.5087677  -0.1000514   0.8550702  -0.0215134   0.0000000
 95.8606947  21.2124210 111.9315225  -0.5069424  -0.0999287   0.8561680  -0.0176589   0.0000000
 96.2526298  19.5225373  29.8043854  -0.5111009  -0.1010283   0.8535627  -0.0105009   0.0000000
 97.3364502  23.6942501 504.0593037  -0.6774483  -0.1231837   0.7251825   0.1193813   0.0000000
 95.8087033  22.1963533  58.4589242  -0.5228401  -0.1022882   0.8462715  -0.0546831   0.0000000
 96.1926397  19.9205099  81.8177061  -0.5135382  -0.1013374   0.8520618   0.0133503   0.0000000
 95.9306831  22.6803199 109.5497397  -0.5449992  -0.1056541   0.8317530  -0.0167721   0.0000000
 95.8506964  21.8103798  44.9123524  -0.5188786  -0.1017443   0.8487715  -0.0537511   0.0000000
 95.8067037  22.7803131 152.0695773  -0.5349088  -0.1040530   0.8384781  -0.0173468   0.0000000
 95.9906732  20.6424602 152.9583214  -0.5081300  -0.1002581   0.8554252  -0.0431658   0.0000000
 95.8326994  22.6443224 108.1237220  -0.5346480  -0.1040485   0.8386450  -0.0175350   0.0000000
 96.1206516  19.7905189 117.4749506  -0.5030360  -0.0996002   0.8585072  -0.0273637   0.0000000
 96.1106533  21.1464255  70.2778090  -0.5312853  -0.1039288   0.8407941   0.1383064   0.0000000
 95.8866904  22.8183104  96.6750315  -0.5434998  -0.1053807   0.8327682  -0.0168955   0.0000000
 95.9786752  21.5084006  70.3259599  -0.5255340  -0.1028999   0.8445268  -0.1207969   0.0000000
 96.3806086  18.5126069  38.4106666  -0.0000000  -0.0000000   1.0000000  -0.0870405   0.0000000
 96.0586619  21.1824231  73.4689941  -0.5267845  -0.1031898   0.8437120   0.1717684   0.0000000
 98.2562978  18.1606311 903.8584240  -0.6651517  -0.1257499   0.7360436  -0.0801049   0.0000000
 96.4146029  18.8105864  -5.7802464  -0.5125809  -0.1014629   0.8526231  -0.0905754   0.0000000
 95.7847073  21.9863677  53.3304719  -0.5158554  -0.1012112   0.8506759  -0.1274557   0.0000000
 96.4326000  18.7965873  -5.8627342  -0.5141904  -0.1017405   0.8516203  -0.0885214   0.0000000
 96.1806417  20.0205031 122.1728309  -0.5144743  -0.1014692   0.8514812   0.0113615   0.0000000
 97.4024393  22.8343093 650.4734949  -0.6703021  -0.1229879   0.7318258   0.2079591   0.0000000
 96.3766092  19.0745682   8.6518725  -0.5143608  -0.1016951   0.8515229  -0.0942360   0.0000000
 95.7047206  22.3263443  32.9678179  -0.5149536  -0.1009852   0.8512489  -0.0588831   0.0000000
 96.1146526  21.1104280  75.3716878  -0.5309528  -0.1038852   0.8410096   0.1747408   0.0000000
 96.3786089  19.0745682  10.2790846  -0.5145528  -0.1017278   0.8514029  -0.0981419   0.0000000
 95.8926894  21.6363918  91.8069970  -0.5194829  -0.1018861   0.8483847  -0.1241607   0.0000000
 96.3746096  18.7905877   0.6466861  -0.5079013  -0.1006701   0.8555126  -0.0939751   0.0000000
 95.9846742  23.0082974  46.0747484  -0.5566617  -0.1073381   0.8237756   0.0191256   0.0000000
 96.2206351  19.8545145  57.3332181  -0.5150125  -0.1016010   0.8511400   0.0525736   0.0000000
 95.9386818  22.7083180 100.7098036  -0.5463440  -0.1058537   0.8308448  -0.0167323   0.0000000
 98.5222537  19.7505217 979.9121707  -0.7048098  -0.1296299   0.6974519   0.3429838   0.0000000
 95.8606947  22.3843403  58.7770735  -0.5320303  -0.1037050   0.8403505  -0.0535401   0.0000000
 98.3442832  17.5026764 1361.5095450  -0.6622252  -0.1258336   0.7386634  -0.1323058   0.0000000
 95.7587116  23.2022840 213.4395737  -0.5388919  -0.1045592   0.8358606  -0.0154908   0.0000000
 95.8306997  21.8963739  26.9667970  -0.5186645  -0.1016883   0.8489090  -0.0184842   0.0000000
 95.6427308  23.3062768 167.5574396  -0.5295556  -0.1030763   0.8419894  -0.0471184   0.0000000
 96.6085708  17.5266748 -36.4744095  -0.5048847  -0.1004748   0.8573192  -0.1287675   0.0000000
 96.0866573  20.8944429 101.2400725  -0.5235597  -0.1027424   0.8457714   0.1042259   0.0000000
 96.1346493  20.8244477 103.3196934  -0.5269545  -0.1033163   0.8435904   0.0706722   0.0000000
 96.6945566  21.8803750 336.6909234  -0.6000049  -0.1142106   0.7918018   0.0571295   0.0000000
 95.7527126  22.9862989 159.5267279  -0.5338299  -0.1038286   0.8391932  -0.0166618   0.0000000
 95.6247338  24.1082216 615.3529099  -0.5444458  -0.1051669   0.8321771   0.0302292   0.0000000
 96.3846079  18.9825745   2.0417761  -0.5131874  -0.1015206   0.8522513  -0.1423488   0.0000000
 96.0786586  20.6164620 141.2896390  -0.5167535  -0.1016966   0.8500727   0.0839151   0.0000000
 96.0026712  21.3404122  78.1714994  -0.5244186  -0.1027636   0.8452365   0.1136904   0.0000000
 97.7843760  20.0585004 737.2736501  -0.6581079  -0.1234042   0.7427419  -0.0098625   0.0000000
 95.6607279  23.7282478 127.2710984  -0.5399899  -0.1045821   0.8351488  -0.0104802   0.0000000
 96.5045880  18.0506387   5.0908581  -0.5053848  -0.1004267   0.8570302  -0.0617961   0.0000000
 95.9286835  20.9324403 151.0420809  -0.5079699  -0.1001638   0.8555313  -0.0123440   0.0000000
 96.9045218  19.9925050 1195.6142111  -0.5850739  -0.1128560   0.8030891   0.0578089   0.0000000
 96.3206185  18.8305850  16.6157829  -0.5030128  -0.0998234   0.8584949  -0.0206806   0.0000000
 95.7007212  23.5762583 150.2446873  -0.5407916  -0.1047475   0.8346091  -0.0120385   0.0000000
 96.0466639  20.3304817 244.9131519  -0.5072079  -0.1001787   0.8559816  -0.1090109   0.0000000
 98.5622471  19.2985528 1086.9981217  -0.7017675  -0.1296725   0.7005051  -0.2796302   0.0000000
 95.5187514  23.7822441 320.1111245  -0.5272088  -0.1025949   0.8435195  -0.0683028   0.0000000
 96.2206351  20.1484943  98.8239767  -0.5213882  -0.1025857   0.8471308  -0.0237136   0.0000000
 96.1206516  21.1264269  69.3671052  -0.5318528  -0.1040259   0.8404232   0.1841987   0.0000000
 96.2886238  18.9385776  20.6674729  -0.0000000  -0.0000000   1.0000000   0.0382985   0.0000000
 95.9586785  22.3803406  30.4081716  -0.5416270  -0.1052164   0.8340082  -0.1240404   0.0000000
 96.0766589  21.7263856  27.3591803  -0.5398841  -0.1051354   0.8351477   0.0966865   0.0000000
 95.7487133  22.4223377  39.0012830  -0.5215356  -0.1020227   0.8471079   0.0167076   0.0000000
 96.4485973  18.9825745   2.1424222  -0.5199255  -0.1026606   0.8480202  -0.0914376   0.0000000
 95.4907560  23.5202621 119.9927209  -0.5187340  -0.1013200   0.8489106  -0.0108890   0.0000000
 96.3226182  18.7725890  68.6121549   0.0000000   0.0000000   1.0000000  -0.0623862   0.0000000
 95.8926894  23.0122971 103.3449879  -0.5479835  -0.1060143   0.8297439  -0.0165877   0.0000000
 96.6865579  17.2586932 -35.8424257  -0.5072884  -0.1009651   0.8558414  -0.0509057   0.0000000
 96.4146029  19.0385707   0.1392757  -0.5175813  -0.1022494   0.8495026  -0.1312144   0.0000000
 96.5005887  18.0406394  -6.1354268  -0.5047033  -0.1003113   0.8574451  -0.0619742   0.0000000
 95.7867070  21.4024079 167.4797628  -0.5033408  -0.0992906   0.8583643  -0.0559629   0.0000000
 95.6467302  24.0022289 600.9594508  -0.5444441  -0.1051958   0.8321745  -0.1127373   0.0000000
 97.4404330  23.4302683 1632.4277596  -0.6815763  -0.1238859   0.7211837  -0.3428567   0.0000000
 95.8187017  22.9443018 155.4432563  -0.5394707  -0.1047200   0.8354669  -0.0167526   0.0000000
 95.9606782  21.1744236  97.2236738  -0.5165730  -0.1015258   0.8502029   0.0598130   0.0000000
 95.6007378  23.7682450 150.2967462  -0.5349644  -0.1037986   0.8384742   0.0268225   0.0000000
 96.1366490  19.7505217  78.8971558  -0.5038313  -0.0997437   0.8580241  -0.0885420   0.0000000
 95.4787580  24.1522186 309.2897229  -0.5309486  -0.1030850   0.8411106   0.0702795   0.0000000
 96.5945731  17.5786712 -39.5332640  -0.5045289  -0.1003994   0.8575375   0.1008011   0.0000000
 96.0126695  21.1624244 106.8864707  -0.5216851  -0.1023658   0.8469746   0.2420479   0.0000000
 95.6367318  22.9023047  93.3437731  -0.5203906  -0.1017252   0.8478476  -0.0394618   0.0000000
 95.5567451  23.2622799 131.6680683  -0.5199363  -0.1015695   0.8481449  -0.0146323   0.0000000
 95.8746924  21.8443775  20.0533138  -0.5220473  -0.1022483   0.8467656  -0.1131727   0.0000000
 96.3006218  19.7405223  37.0348077  -0.5208803  -0.1026115   0.8474401  -0.0834097   0.0000000
 95.9606782  22.1843541  40.2693971  -0.5378111  -0.1046741   0.8365420  -0.0517439   0.0000000
 95.9606782  21.0584316 116.5185121  -0.5140538  -0.1011405   0.8517742  -0.0114481   0.0000000
 95.9906732  21.5963946  57.8927080  -0.5286051  -0.1033718   0.8425503   0.0225460   0.0000000
 95.6427308  23.4942639 166.4132621  -0.5334458  -0.1036350   0.8394613  -0.0124863   0.0000000
 95.4347653  24.0782237 217.0272992  -0.5249617  -0.1021724   0.8449711  -0.0018013   0.0000000
 95.7487133  22.6883194  97.2509840  -0.5271898  -0.1028588   0.8434992  -0.0181327   0.0000000
 95.6147355  23.5122627 148.0419050  -0.5310308  -0.1032542   0.8410380  -0.0120424   0.0000000
 96.3686106  18.6445978  29.3842898  -0.5040244  -0.1000428   0.8578757  -0.1272300   0.0000000
 96.7505473  18.3466183 -23.3733430  -0.5374319  -0.1057949   0.8366448  -0.0443181   0.0000000
 96.2486304  21.0204342 627.3635057  -0.5427381  -0.1058159   0.8332097   0.0338058   0.0000000
 96.0606616  21.5463980  40.7556587  -0.5345840  -0.1043446   0.8386489   0.0951590   0.0000000
 96.7005556  17.0987042 -35.3687677  -0.5052328  -0.1006487   0.8570937  -0.0434661   0.0000000
