Number xind yind east north data err wgt Elos Nlos Ulos
********************************************************
   0  155 2447 95.658073 22.096666 -0.037700716943437296 0.026464244723367527 1241 -0.5004353107083315 -0.09851193483799885 0.8601510905013895
   1  155 2437 95.668302 22.007755 0.03552607216275328 0.03967514826699664 869 -0.4976940386630869 -0.09801950064811499 0.8617962760257902
   2  153 2462 95.641756 22.235424 -0.03768832155253077 0.025624699632033544 3621 -0.503772626549017 -0.09909530230482684 0.858133592047893
   3  152 2482 95.620820 22.413247 -0.010945303767676114 0.04074095381109213 5142 -0.5061113847596643 -0.09945981490674326 0.8567140779953202
   4  150 2502 95.599894 22.592204 0.029877902735874397 0.06050587458159468 6664 -0.5083847174127125 -0.09980882200297775 0.8553263576855179
   5  148 2518 95.581957 22.740380 -0.02187644902135717 0.0439115864245152 5305 -0.5101305450637159 -0.10007205148906329 0.8542554720361856
   6  176 2323 95.885009 20.984918 -0.03010871247588211 0.03307504933219809 1515 -0.49848883492453583 -0.09838689510380239 0.8612948974232997
   7  174 2342 95.864925 21.157691 -0.017430069931251766 0.015770281834721452 3071 -0.5030800964319622 -0.09920210728279391 0.8585274360698444
   8  172 2362 95.844331 21.335268 -0.035705957039011145 0.017672198959086963 4611 -0.505584652331798 -0.09960091209721549 0.857008645018204
   9  170 2382 95.823940 21.514258 -0.033263104080022816 0.018134692528917144 6113 -0.5079319949911179 -0.09996512230337495 0.8555770349811957
  10  169 2402 95.802716 21.693706 -0.0285268041489182 0.01732304997613406 7686 -0.510158906190955 -0.10030650534475319 0.8542110368167641
  11  168 2422 95.787972 21.870946 -0.04662084361963165 0.03313584231991379 8711 -0.5135846628590869 -0.10086231650693916 0.8520901285572859
  12  163 2446 95.734273 22.095218 -0.038797523008947024 0.017753484027834568 2183 -0.5130124309458011 -0.10072328596784295 0.8524512099580361
  13  173 2447 95.831042 22.097411 -0.046445019173199306 0.014990073114027945 2185 -0.5230015217418956 -0.10233842221650413 0.8461656194823197
  14  163 2436 95.736366 22.005051 -0.05026197786708418 0.02930040628927726 2182 -0.5112654660213748 -0.10045911606648501 0.853531246793629
  15  170 2439 95.807873 22.028904 -0.07020994427706703 0.02851763618461811 542 -0.5191780649375548 -0.10173945593842162 0.8485889582083014
  16  174 2440 95.844040 22.040893 -0.05866327621042729 0.023967464925308924 140 -0.5231190773856237 -0.10237193937794149 0.8460888942086481
  17  176 2441 95.861695 22.047364 -0.01999765344791942 0.006460608682386912 36 -0.5250449994813167 -0.10267968107669379 0.8448577582135662
  18  177 2441 95.873693 22.047364 0.026474082014626928 0.08627161432007885 36 -0.5262585556152952 -0.1028743813273788 0.8440786659477967
  19  176 2440 95.862541 22.035287 -0.07353657054213378 0.03761079266215157 39 -0.5248733100487086 -0.10265524869425513 0.8449674007404268
  20  177 2440 95.875255 22.036552 -0.05087828857358545 0.043028953833175065 32 -0.5261908569358567 -0.10286630474589528 0.8441218546069242
  21  174 2438 95.845408 22.018543 -0.12589251807442417 0.00017251906668880413 135 -0.5227968567823267 -0.102326214873684 0.8462935615305981
  22  176 2438 95.863694 22.024365 -0.12545150965452195 8.164615645278692e-05 30 -0.5247652967505215 -0.10264084799416093 0.8450362357019826
  23  177 2438 95.875692 22.025365 -0.12465023725397056 0.0012573662024957372 36 -0.5259979771776641 -0.10283833340610098 0.8442454650084069
  24  176 2437 95.863694 22.013366 -0.1254483266837067 8.253196265956605e-05 36 -0.5245454684098639 -0.10260875110286763 0.8451766062591808
  25  177 2437 95.875692 22.013366 -0.12515967960158983 8.183255176364077e-05 36 -0.5257530412675945 -0.10280242966160454 0.8444023922594879
  26  170 2434 95.809877 21.984167 -0.11044926382941782 0.028030602072441804 547 -0.5184099912549629 -0.10162563156965962 0.8490720299097699
  27  175 2434 95.857435 21.984941 -0.08882537765296862 0.034529181793802086 538 -0.5233012110469009 -0.10241560036468357 0.8459709730946968
  28  167 2462 95.779539 22.231660 -0.053495573087959436 0.02594356288347263 8747 -0.5205843599919281 -0.10191371726353148 0.8477060329886319
  29  167 2482 95.775313 22.412087 -0.029621129202300915 0.03164483307773501 8757 -0.523990498735984 -0.10241538265831598 0.8455442310307401
  30  168 2502 95.771229 22.592484 -0.019979504785943923 0.018741066939955774 8766 -0.5274031323206048 -0.10291404843866644 0.8433591374096674
  31  167 2518 95.767232 22.740962 -0.041565057492966295 0.016585442239946045 5674 -0.5301276167175618 -0.10330766960929776 0.8416009953613731
  32  192 2229 96.054603 20.140772 -0.073674942449768 0.03663193741834454 202 -0.49058036838598323 -0.09703293962696116 0.8659766225375968
  33  194 2230 96.075404 20.150056 -0.0655907379449719 0.030250621430780736 137 -0.5062436457578536 -0.10005851993058867 0.8565662050998141
  34  196 2230 96.099655 20.150494 -0.014001553031531248 0.07147373001153062 132 -0.5088034200775642 -0.10048773577966326 0.8549978331406755
  35  194 2228 96.075911 20.127100 -0.11030007507518041 0.013576961300000925 139 -0.505818596344124 -0.0999932866398281 0.8568248888888705
  36  196 2228 96.099514 20.127651 -0.03847988285648991 0.0508052255237729 142 -0.5083025131283304 -0.10040972392538507 0.8553048827690927
  37  192 2224 96.059719 20.096544 -0.11896047736892755 0.018173440554867356 87 -0.47575710587465636 -0.09412270947963888 0.8745262098816607
  38  194 2225 96.075659 20.104497 -0.09707753442114953 0.02349135956625673 132 -0.5052942682902407 -0.09991041685363306 0.8571438683425108
  39  196 2225 96.099804 20.104677 -0.01666898922577723 0.025282011803364434 134 -0.5078415820440134 -0.10033822704317165 0.8555870310733248
  40  194 2223 96.076101 20.082638 -0.09941824360988862 0.03914033365466848 129 -0.5048596779907658 -0.09984241660840143 0.8574078360878531
  41  196 2223 96.099739 20.082575 -0.05426313620032245 0.04938543156253631 131 -0.5073618411481523 -0.10026331416301494 0.8558803829857333
  42  194 2220 96.077659 20.059501 -0.18545878512991798 0.02611208845453155 144 -0.5045423133165484 -0.09979512040569506 0.857600132938655
  43  196 2220 96.101486 20.060362 -0.14708981703107174 0.03750783067307696 130 -0.5070912041371016 -0.1002241187721987 0.8560453473403851
  44  194 2218 96.078528 20.036846 -0.2198417448118085 0.013482711652110093 122 -0.4942312137909815 -0.09777179381510626 0.8638149012658148
  45  196 2218 96.101655 20.037502 -0.17356243305322197 0.03195079953838516 144 -0.5066458450684247 -0.1001557725605583 0.8563170025742216
  46  195 2214 96.093695 20.004372 -0.13345937251840084 0.03762888903157416 437 -0.4997169687415486 -0.098838709738849 0.8605311502838917
  47  190 2249 96.035872 20.318662 -0.06939077699451386 0.03902775471157428 547 -0.5033649906139155 -0.09946333023741676 0.8583301999593952
  48  194 2250 96.071660 20.330482 -0.08405719485811212 0.044744870257734916 132 -0.5098513040889033 -0.10062102649970571 0.8543576866541263
  49  196 2250 96.095656 20.330482 0.10467833845001279 0.016063651448479672 132 -0.5123628294048945 -0.10104001794166793 0.8528043420495456
  50  194 2248 96.071408 20.307879 -0.08723457790107178 0.037514081298931426 139 -0.5093253315859795 -0.10053845256734124 0.8546810669250821
  51  196 2248 96.095656 20.308483 0.06902033496986736 0.03022475883920112 132 -0.5118837852983906 -0.10096556101240754 0.8531007829313257
  52  190 2244 96.040753 20.274284 -0.06763381451335654 0.0335446250059278 456 -0.5019829628306923 -0.09921419090838296 0.8591679983275184
  53  195 2244 96.085556 20.274091 -0.018312545000900845 0.04692836423805449 541 -0.5100666357337581 -0.10067027826375255 0.8542233444395817
  54  193 2237 96.071440 20.207961 0.028933926809206388 0.031209836922662108 1729 -0.5045600062152609 -0.09968575962161765 0.8576024425435815
  55  186 2267 95.991501 20.479716 -0.036368421884017246 0.036355011079117774 788 -0.49807029682415604 -0.09841382755015221 0.861533921542516
  56  190 2269 96.032711 20.498811 -0.11142551490620412 0.031020801717443577 541 -0.5094133829640383 -0.10050649200370988 0.8546323480434391
  57  195 2269 96.080940 20.499723 0.08611834321619201 0.048951915936487345 532 -0.5144885791458246 -0.10135081664711858 0.8514866492749448
  58  190 2264 96.033917 20.453859 -0.09153010064885159 0.047919738697042004 537 -0.5085529233458657 -0.10037349800941037 0.8551602686360779
  59  195 2264 96.081658 20.454474 0.03059897292405367 0.015947654499620868 552 -0.5135850173418011 -0.10121216378116091 0.8520484304690417
  60  187 2257 96.001743 20.393779 -0.0684666350347007 0.05805958066699845 381 -0.4914863494984956 -0.09715580880348759 0.86544896849692
  61  190 2259 96.034359 20.408550 -0.07423983075159744 0.035011829149479 548 -0.5076122584396469 -0.10022724316945421 0.8557361128341214
  62  195 2259 96.082017 20.409584 0.0573782162342704 0.03391143832282405 524 -0.5126535648620868 -0.10106861765936065 0.8526262117473401
  63  190 2254 96.035709 20.363523 -0.06346389689326061 0.03577755573172168 529 -0.5067766324375698 -0.10009833503654243 0.8562463244523437
  64  194 2255 96.071660 20.375479 0.03637965553854075 0.04831572909963888 144 -0.5108367377677316 -0.10077462745422874 0.8537507258024929
  65  196 2255 96.095421 20.376126 0.11637182478957317 0.012990719965619539 136 -0.5133272618873352 -0.10118914928254577 0.8522064763135315
  66  194 2253 96.071660 20.352480 -0.005690607214064309 0.03733378719193572 132 -0.5103357270352955 -0.10069670417788236 0.8540594941097889
  67  196 2253 96.095884 20.353166 0.12332219704985618 0.01702752701714417 140 -0.5128765087079606 -0.10111982207817663 0.8524860517324674
  68  184 2287 95.970574 20.658094 -0.02688037881654914 0.0170995433495961 1573 -0.5032888566424583 -0.099352189277222 0.8583877150014149
  69  190 2289 96.029623 20.679415 -0.003088317874868335 0.027429111826220934 529 -0.5130248327791457 -0.10106304901574746 0.8524035318295967
  70  195 2289 96.077773 20.680338 0.10406123062354837 0.006338277946505222 549 -0.5180498489166064 -0.10189388553027971 0.8492596717900971
  71  190 2284 96.029708 20.634421 -0.00025473485029760593 0.018094480291448185 551 -0.5120579166630244 -0.10091373645631922 0.8530024078378371
  72  195 2284 96.077393 20.634992 0.08975400199253174 0.017337340500543953 539 -0.5170406818484434 -0.1017390716427049 0.849892990096387
  73  185 2277 95.981059 20.568747 -0.017105196665357862 0.0151600758057399 1188 -0.4999861842240792 -0.09874620349641719 0.8603853804430254
  74  190 2279 96.031341 20.589045 -0.021809334960881242 0.02803484281329621 534 -0.5112326747261465 -0.10078744367921011 0.8535121812188506
  75  195 2279 96.079655 20.589987 0.07024501081970003 0.0009398624120660243 540 -0.5163027629252699 -0.10162847128090548 0.8503546970651945
  76  190 2274 96.031902 20.544144 -0.060839492663302845 0.036485188385774026 544 -0.5103178062938681 -0.10064626100302175 0.8540761480837208
  77  195 2274 96.079461 20.544709 0.09655769118841315 0.04393438262335069 546 -0.5153058589819054 -0.10147496335088887 0.8509774988281749
  78  182 2307 95.954070 20.836134 -0.019216709249804634 0.014748099233283038 2167 -0.5085145350229194 -0.10027590891978627 0.8551945449783546
  79  189 2310 96.013669 20.870445 -0.019013284620913593 0.019739902009482207 132 -0.5155041557975479 -0.10142588911729992 0.8508632406986582
  80  191 2310 96.037742 20.871368 0.09805184462062129 0.040994737693856226 143 -0.5180283454441119 -0.10184182028924316 0.8492790336259393
  81  189 2308 96.013669 20.848446 -0.06869979256368948 0.033720454714694995 132 -0.5150265013295913 -0.10135249160906074 0.8511611923559695
  82  191 2308 96.037665 20.848446 0.06709710093723102 0.052356485486658715 132 -0.5175179527422066 -0.10176336427203421 0.8495995446571005
  83  195 2309 96.073579 20.860526 0.1336015558378263 0.01590855549613494 550 -0.5214782435323684 -0.10241077628309185 0.8470964965241506
  84  189 2305 96.013434 20.826095 -0.04382088133955703 0.0033343051991971888 136 -0.5145150262261083 -0.10127348832254517 0.8514798696096875
  85  191 2305 96.037665 20.826448 0.06795113372870466 0.05929605630276721 132 -0.5170426204044002 -0.10169057233434069 0.8498976151182361
  86  189 2303 96.015783 20.803135 -0.04273388412381921 0.0016245837078352635 140 -0.514262463052682 -0.10123738977984577 0.8516367241996746
  87  191 2303 96.039346 20.803839 0.06379951325291437 0.05604522931221054 141 -0.5167266961349101 -0.10164415130116898 0.8500952817230345
  88  195 2304 96.074739 20.815536 0.11342200455519388 0.014034198043590528 530 -0.5206356769594329 -0.10228430834943816 0.8476298792176158
  89  183 2297 95.960203 20.747499 -0.021022191807976688 0.017978693766926613 1964 -0.5041529687794986 -0.09947525799500076 0.8578662233225213
  90  189 2300 96.015669 20.780451 -0.031863270778999184 0.01430030180800062 132 -0.5137565661477831 -0.10115927664771805 0.8519512846918824
  91  191 2300 96.039900 20.780804 0.03884620871394873 0.05693464870769524 136 -0.5162867466075788 -0.10157736160603931 0.8503705279973651
  92  189 2298 96.015669 20.758452 -0.025008680383590134 0.01661817026776288 132 -0.5132811530184291 -0.10108597965907018 0.8522464917337226
  93  191 2298 96.039665 20.758452 0.07503829261457379 0.07614191298608389 132 -0.5157795996798317 -0.10149927305008768 0.8506875467082002
  94  195 2299 96.075659 20.770452 0.10641879426396411 0.018007832151145105 552 -0.5197636604349547 -0.10215275917080575 0.8481807302014404
  95  189 2295 96.015592 20.735531 -0.0462065326583969 0.011961304297439915 143 -0.5127726473448792 -0.10100732791015563 0.8525618639391364
  96  191 2295 96.039665 20.736454 0.08675740803168579 0.08973493303055552 132 -0.5153037275444532 -0.10142615825731444 0.8509846078513725
  97  189 2293 96.016745 20.712546 -0.01646746601909399 0.01524018150816028 132 -0.5123895464435628 -0.10094946720163962 0.852799013699632
  98  191 2293 96.040498 20.713456 0.05150566700225075 0.060375410381118454 144 -0.5148955942193512 -0.10136450258202681 0.8512389586184361
  99  195 2294 96.075913 20.725325 0.1081051075806501 0.020887576589101783 531 -0.5188212201072882 -0.10200931841287798 0.8487747878697417
 100  183 2326 95.950590 21.016449 -0.015186683864571482 0.009714597414596678 2165 -0.5120925209301456 -0.10082618139944491 0.8529919877418629
 101  189 2330 96.009670 21.051432 0.00829323779584633 0.08029852753941512 144 -0.5189954230819628 -0.10195455431925574 0.8486748609883153
 102  191 2330 96.033466 21.052166 0.16986446049478318 0.011079768436133352 135 -0.5214519309644331 -0.10235639344154239 0.8471192669365419
 103  189 2328 96.009670 21.028434 0.013675075955688953 0.08220029900673792 132 -0.5185056607799555 -0.10188022084291755 0.8489830977941435
 104  191 2328 96.033948 21.029124 0.16290029673509196 0.0127153688850679 142 -0.5210126948478223 -0.10229066128991686 0.8473974229488083
 105  195 2329 96.069558 21.041059 0.10761990187276897 0.018782694797189987 537 -0.5249031123930271 -0.10292235168429924 0.8449163935703264
 106  189 2325 96.011572 21.006511 0.01653325535300979 0.05543048333913993 133 -0.5182263321087744 -0.10183987331215844 0.8491584710246077
 107  191 2325 96.035666 21.006435 0.1864097061933893 0.018300046404531752 132 -0.52070440209031 -0.10224603579804582 0.8475922804080731
 108  189 2323 96.011409 20.983915 -0.003964890361480091 0.015847674163715946 138 -0.5177203737767068 -0.10176234423747113 0.8494763327319964
 109  191 2323 96.035666 20.984437 0.16594527125584357 0.02695198494702712 132 -0.5202326793445043 -0.10217443457913652 0.8478905261060957
 110  195 2324 96.071878 20.996154 0.09733395554603787 0.03834618003158556 545 -0.524192187897896 -0.10281865528472615 0.8453702586868416
 111  182 2317 95.952312 20.926346 -0.03949652946040736 0.035411788030120094 2166 -0.5103114710288762 -0.10055308086821317 0.8540909087821126
 112  189 2320 96.011931 20.960960 0.011328374103143595 0.035798708906491214 138 -0.5172798339134766 -0.10169571883761727 0.8497526429476676
 113  191 2320 96.035525 20.961593 0.16936447822921713 0.018720601489362255 142 -0.5197285313779008 -0.10209770767834972 0.8482088845081716
 114  189 2318 96.011670 20.938440 0.0036055077093117166 0.023084009327568926 132 -0.5167671985741485 -0.10161705684131356 0.8500739004561519
 115  191 2318 96.035815 20.938619 0.15643107162705108 0.024483450822699242 134 -0.5192663000930181 -0.10202778726370361 0.848500347798267
 116  195 2319 96.071411 20.950804 0.12519220238067827 0.021383995203030515 543 -0.5231822331231387 -0.10266586585140917 0.8460142262002844
 117  189 2315 96.012579 20.916442 -0.002647606994618069 0.01429527997790183 132 -0.5163880174672719 -0.10156015144883249 0.8503110907508561
 118  191 2315 96.036666 20.916442 0.11287178491291247 0.02579161672440732 133 -0.5188814075159737 -0.101970379416898 0.8487426739924274
 119  189 2313 96.013669 20.893443 -0.0054459234492646325 0.008993091963485175 144 -0.5160044397418011 -0.10150275820341342 0.8505507675875963
 120  191 2313 96.037583 20.894353 0.09708241552562642 0.02449179058921322 133 -0.5185091817082151 -0.10191512137754977 0.8489767585269201
 121  195 2314 96.073474 20.905852 0.1272246152938077 0.01583263339206821 538 -0.522435564135139 -0.10255565060567597 0.846488877573501
 122  183 2346 95.947001 21.196893 0.017276913436790574 0.025634555662922373 2173 -0.5156251505196561 -0.10136400903878443 0.8507972977291166
 123  189 2350 96.005521 21.232241 0.1546074466696426 0.1298342259468332 134 -0.5224279580014732 -0.10246876913446439 0.846504093345377
 124  191 2350 96.029667 21.232420 0.28524920773325546 0.058676739739467014 132 -0.5248850883292095 -0.10286807871503943 0.8449342000600487
 125  188 2348 96.000786 21.215107 0.039825777070862906 0.03133278711624678 35 -0.5215771893144923 -0.1023344416853606 0.8470448026118451
 126  189 2348 96.012832 21.215448 0.2921120492187706 0.052760608912734604 37 -0.522818084269276 -0.1025367015973287 0.8462549707898587
 127  188 2347 96.001671 21.203422 0.03275001959668265 0.022216545393228423 36 -0.5214184177783555 -0.10231164093494134 0.8471453014275154
 128  189 2347 96.013669 21.203422 0.2980663925409317 0.03371637273125632 36 -0.5226489803966251 -0.10251229077971656 0.8463623771939908
 129  191 2348 96.031228 21.210119 0.26106916164322724 0.057754255498013066 139 -0.5245738441079919 -0.1028234444070174 0.8451329015947973
 130  195 2349 96.066963 21.221652 0.1183223200739542 0.022540983653221117 536 -0.5284407320682123 -0.10344737041638943 0.8426440732866671
 131  189 2345 96.007670 21.186423 0.12281134549641248 0.1090754658329747 132 -0.5216685760562179 -0.10235677997232626 0.8469858241725035
 132  191 2345 96.031918 21.187027 0.22102878634020579 0.0258372408647311 139 -0.5241545213702655 -0.10276141811727245 0.8454005729082724
 133  189 2343 96.007670 21.164424 0.1323288684767304 0.09882090573100233 132 -0.5211977979499112 -0.10228561990146609 0.8472841951633091
 134  191 2343 96.031666 21.164424 0.23407556635863852 0.01726805715198264 132 -0.5236511609656409 -0.10268553827595778 0.8457216692555024
 135  195 2344 96.067660 21.176424 0.14952412243608548 0.027850747576832573 552 -0.5275636018179298 -0.10331782367633406 0.8432093887924154
 136  183 2336 95.948876 21.106608 -0.004982816600225753 0.023177870630484487 2171 -0.5138711208802097 -0.1010977704084367 0.8518894951481442
 137  188 2341 96.001671 21.147426 0.046367761161592275 0.021163543932579826 36 -0.5202185173513075 -0.10212999334547598 0.8479045693142951
 138  189 2341 96.013669 21.147426 0.22730988367564148 0.07093127721569446 36 -0.5214597933133803 -0.10233306829861916 0.8471172451851967
 139  188 2340 96.001671 21.135426 0.031169921366704836 0.012390672824706414 36 -0.5199628165207645 -0.10209129082010378 0.8480660574356685
 140  189 2340 96.013397 21.135881 0.22510015896775507 0.09063644839792737 33 -0.5211832174062332 -0.10229081976664224 0.8472925363093642
 141  191 2340 96.031666 21.142426 0.26716879800413595 0.01961084983333757 132 -0.5231844433981748 -0.10261536492922747 0.8460189862329235
 142  188 2338 96.001671 21.124427 0.019167482356230416 0.012307283923540477 30 -0.5197293176070669 -0.1020559101767781 0.8482134328208213
 143  189 2338 96.013942 21.124973 0.21200344598654544 0.11566679198551844 33 -0.5210032012312094 -0.10226418111038509 0.8474064559399194
 144  188 2337 96.003004 21.113428 0.0012632246232695049 0.016261972544436433 36 -0.5196327219618454 -0.10204297159449252 0.8482741692487689
 145  189 2337 96.015156 21.113509 0.19181415901796237 0.1207899193804216 37 -0.520885120032975 -0.1022479090549841 0.8474810067618724
 146  191 2338 96.032584 21.119421 0.28568844343053884 0.02462913063788741 145 -0.5227899963546887 -0.10255712736314494 0.8462698478254346
 147  195 2339 96.068254 21.131376 0.16686735236263095 0.030042584869616005 531 -0.5266768160900384 -0.10318633724626838 0.8437796579670307
 148  188 2336 96.003398 21.101883 0.0015602457252415743 0.016274690529841103 33 -0.5194228042989992 -0.10201150413046008 0.8484065083432616
 149  189 2336 96.015669 21.102429 0.17668621043364208 0.11679954479395113 30 -0.5206981742860027 -0.10222006317080788 0.8475992390160455
 150  188 2335 96.003944 21.090975 0.009436149714571056 0.01759529121499549 33 -0.519241676055359 -0.10198456813942826 0.848520612424139
 151  189 2335 96.015669 21.091429 0.13900647105442154 0.09234130105721232 36 -0.5204640340022065 -0.10218456379365429 0.8477473115453983
 152  191 2335 96.033666 21.096429 0.2799316555487387 0.02828339278625515 132 -0.5224123208842751 -0.10250157833706822 0.8465097716073424
 153  188 2333 96.003671 21.079430 0.008214379971226057 0.017952097167164057 36 -0.5189636125385045 -0.10194188495337249 0.8486958353574845
 154  189 2333 96.015669 21.079430 0.11594951835771401 0.07546766044343425 36 -0.520211020606947 -0.10214654275146377 0.8479071752515143
 155  188 2332 96.003671 21.068431 -0.010241242870688439 0.021497985379986543 30 -0.5187292554997952 -0.10190632458587376 0.8488433662920544
 156  189 2332 96.015669 21.068431 0.08626771569252015 0.06671600496612153 30 -0.5199806983326825 -0.10211173403157744 0.8480526322903079
 157  191 2333 96.033666 21.074431 0.21932268503940466 0.02567119490692719 132 -0.5219463589694728 -0.10243131198054754 0.8468056593365765
 158  195 2334 96.069660 21.086430 0.13806179654447065 0.03410634594390248 552 -0.5258713810340976 -0.10306767316400846 0.8442963610947569
 159  183 2367 95.943195 21.377466 0.034521041855044746 0.03971668973503581 2175 -0.5191190696450695 -0.10189100442007933 0.8486068670174105
 160  193 2367 96.039566 21.379200 0.11445944551763863 0.040071050231944204 2175 -0.5289752042544541 -0.10348984659978445 0.8423034399399729
 161  180 2359 95.920124 21.309211 0.005009803329115716 0.0302380019207847 535 -0.5152674972788168 -0.10127824757479 0.8510241611236452
 162  185 2359 95.968699 21.310234 0.06909940578043461 0.03214030364762028 552 -0.5203041397042651 -0.10210187532999616 0.8478554176631192
 163  180 2354 95.921799 21.264298 -0.020074607509244335 0.03096568129795068 549 -0.514469188994298 -0.10115808245420406 0.8515212833098992
 164  185 2354 95.969416 21.264990 0.07650131253061684 0.023103959643298273 538 -0.5194063185093416 -0.1019667385776462 0.8484219825749509
 165  193 2357 96.041463 21.288905 0.11485517933718203 0.05971690062751727 2176 -0.5272703495859569 -0.10323901875263539 0.84340244453908
 166  180 2389 95.915167 21.580090 -0.07310809560785093 0.035488661372064155 549 -0.5205845177078088 -0.10207912351882181 0.8476860341332498
 167  184 2390 95.950858 21.592439 -0.14746161765522428 0.01633477118341683 135 -0.5244837534741293 -0.10270773057675171 0.8452028835856288
 168  186 2391 95.968993 21.597500 -0.16227924823760986 0.010128743999616321 38 -0.5264299125914383 -0.10302063309880283 0.8439539657379971
 169  187 2391 95.981300 21.598332 -0.13793643447570503 0.02205690914235418 32 -0.5276935720039136 -0.10322412654216316 0.8431395339831704
 170  186 2390 95.969677 21.586395 -0.15464571118354797 0.007170630702349273 30 -0.5262646631159851 -0.10299694916727341 0.8440599106803099
 171  187 2390 95.981818 21.587252 -0.10197866463235446 0.04559566739521029 35 -0.5275122234850906 -0.10319804337369512 0.8432561994540312
 172  184 2388 95.951680 21.569397 -0.06535285442239708 0.03277651909593028 144 -0.5240809242245171 -0.10264862354570281 0.8454599014430836
 173  186 2388 95.975476 21.570130 -0.07122634944540483 0.047754472318899004 135 -0.5265105372018949 -0.10304099363783899 0.8439011836971783
 174  180 2384 95.915437 21.534764 -0.02064643807805265 0.012463034896241012 543 -0.5196433361180129 -0.10193754320622872 0.8482803431137729
 175  185 2384 95.963929 21.535785 -0.04070778893830612 0.032860771712448375 537 -0.5246160441581592 -0.10274395404503604 0.8451163743053591
 176  192 2386 96.035809 21.559474 0.07790601290659704 0.04138115349044762 2176 -0.5323595219189302 -0.10398389021696235 0.8401075466853007
 177  183 2377 95.941280 21.467780 -0.03945779481935217 0.04644458063784806 2178 -0.52086036236411 -0.10215198210348382 0.8475077908021008
 178  190 2379 96.013611 21.491596 0.018623707882402984 0.038480898154722686 533 -0.52872015499115 -0.10341853179845867 0.8424723170447712
 179  195 2379 96.061661 21.492402 0.030909181747963463 0.017625579644381932 552 -0.5335568617600424 -0.10419527220146771 0.8393214047786683
 180  189 2375 96.001671 21.457404 -0.015096670689268244 0.07574527988089828 144 -0.5267925453996377 -0.10311684893547689 0.8437159057271522
 181  191 2375 96.025585 21.458314 0.06700896763039711 0.01272380231874813 133 -0.5292257142912206 -0.10350906812136408 0.8421437027904407
 182  189 2373 96.001671 21.434406 0.05170566450352922 0.0560792187353381 132 -0.5263099766240438 -0.1030450930909709 0.8440257799948244
 183  191 2373 96.025744 21.435329 0.09685587757950896 0.0005260923264975107 143 -0.5287620122593809 -0.1034406183653998 0.8424433351054503
 184  195 2374 96.061577 21.447116 0.06480917955670401 0.010466948713986683 535 -0.5326079702316657 -0.10405596664609507 0.8399411323724132
 185  180 2409 95.911202 21.760534 -0.04413435486860053 0.030639569967662292 559 -0.5240033888522883 -0.10258605935132958 0.8455155521325927
 186  185 2409 95.959466 21.761329 -0.11693272440507309 0.05455587010703033 533 -0.5289013924176051 -0.10337389325026937 0.842364027777184
 187  179 2405 95.899688 21.726386 -0.05450350424331246 0.0391180910998585 132 -0.5221133795618925 -0.10228979180873421 0.8467197986194637
 188  181 2405 95.923684 21.726386 -0.1538755687687433 0.02225142374050397 132 -0.5245529192906758 -0.10268379279742473 0.8451628680676674
 189  179 2403 95.899453 21.704034 -0.08202880881178905 0.052219261530598395 136 -0.5216147931471702 -0.10221482785980358 0.8470360892757908
 190  181 2403 95.923684 21.704387 -0.2069170575476054 0.03035216736075344 132 -0.5240894815015619 -0.10261480722980049 0.8454587019580642
 191  184 2405 95.947872 21.727152 -0.24374603929249108 0.04151141609077754 141 -0.5270157550258658 -0.10308029090554963 0.843580966820224
 192  186 2406 95.965677 21.733385 -0.22647521810399163 0.042797263069490464 36 -0.5289424545161817 -0.10338819974421153 0.8423364885626456
 193  187 2406 95.977675 21.733385 -0.08297291522224744 0.04887874104535107 36 -0.5301599559665471 -0.10358373232874168 0.8415466900216508
 194  186 2405 95.965677 21.721386 -0.296091768062777 0.02477782490043409 36 -0.5286913841045948 -0.10335116738023707 0.8424986389156423
 195  187 2405 95.977675 21.722386 -0.10736495231588682 0.07194918624359245 30 -0.5299293266844525 -0.10354978430023247 0.8416961155257509
 196  184 2403 95.947680 21.704387 -0.30411867932839826 0.031667117359060075 132 -0.5265190571542632 -0.10300647083354478 0.8439000826044537
 197  186 2403 95.965677 21.710387 -0.33583130141099293 0.006935604058419985 30 -0.5284618876433855 -0.10331731427953296 0.8426467622191721
 198  187 2403 95.977675 21.711387 -0.19999739548398388 0.09206905305043141 36 -0.5296972976899499 -0.1035155184355717 0.841846369751025
 199  186 2402 95.966046 21.699177 -0.33763910986875234 0.0001137620454437338 38 -0.5282650432248153 -0.10328872954744198 0.8427736840072543
 200  187 2402 95.978513 21.699360 -0.24452770622195424 0.08744846002415832 37 -0.5295276643374464 -0.10349159239612904 0.841956022013408
 201  189 2410 95.995864 21.773148 0.04551386310065046 0.038594218990664626 141 -0.5328025877191443 -0.10399527951225811 0.8398252105997717
 202  191 2410 96.019408 21.773861 0.10030900832751523 0.02073031822422221 138 -0.5351666476412816 -0.10437213561084957 0.8382738911360789
 203  188 2408 95.989673 21.756384 0.017348150039712587 0.02426738821569694 30 -0.5318376627293432 -0.1038458358379666 0.8404550808233022
 204  189 2408 96.001671 21.756384 0.058847913642724355 0.0014724016601692547 30 -0.533039262327577 -0.10403784473086011 0.8396697396482917
 205  188 2407 95.989673 21.745384 0.0235121405373017 0.0034212497831201663 36 -0.5316110028827761 -0.10381275205732081 0.8406025541980313
 206  189 2407 96.001671 21.745384 0.05585835253198942 0.0063122961799753656 36 -0.5328078057389224 -0.10400393223144429 0.8398208286438672
 207  191 2408 96.019929 21.750906 0.10056183103849922 0.03234742782670928 138 -0.5347427219567273 -0.1043111391997769 0.8385519706930245
 208  195 2409 96.055402 21.762956 0.09774723527156731 0.0281883551325562 538 -0.5385162049378465 -0.10490760650435704 0.8360590237039884
 209  188 2406 95.989673 21.733385 0.015083280702431997 0.01302594520453604 36 -0.5313619619263017 -0.10377621512863944 0.8407645107825413
 210  189 2406 96.001671 21.733385 0.044665267484055624 0.01583985458990894 36 -0.5325547621687045 -0.10396681263859828 0.8399859089063372
 211  188 2405 95.989673 21.722386 0.0072664173940817514 0.016208370380750965 30 -0.5311299772639908 -0.10374202788044677 0.8409152982927621
 212  189 2405 96.001671 21.722386 0.04616417760650317 0.01577881810901834 30 -0.5323258092168918 -0.10393332001581568 0.8401351664060204
 213  191 2405 96.019668 21.728386 0.09533333851758277 0.03314819021978607 132 -0.5342512613109468 -0.10423918632786543 0.8388741155986201
 214  188 2403 95.989673 21.711387 -0.01821556490742498 0.026524897318432692 36 -0.5308995983139897 -0.10370813405642848 0.8410649436521405
 215  189 2403 96.001861 21.711252 0.04133060212070878 0.017352827069096275 37 -0.532113077473373 -0.10390239715120075 0.8402737438763931
 216  188 2402 95.990989 21.699493 -0.0467975487638461 0.03320222591848794 38 -0.5307840711784346 -0.10369298853570529 0.8411397231802696
 217  189 2402 96.003201 21.699976 0.03169681372887948 0.02356752685228145 34 -0.5320157587171098 -0.10388997175730048 0.8403369004422722
 218  191 2403 96.021109 21.706534 0.08596188810599201 0.020267352407025777 136 -0.5339442091286818 -0.10419639161314032 0.8390749033982291
 219  195 2404 96.057110 21.718037 0.15762737534519536 0.04342292568290105 549 -0.5377632379260389 -0.10480125649928208 0.8365568698967657
 220  179 2400 95.900520 21.680976 -0.15080174952224418 0.04749057755066499 143 -0.5212341532439799 -0.10215903911689166 0.8472771023807645
 221  181 2400 95.924471 21.681878 -0.24466093486927926 0.01857017584829322 141 -0.5236943473184277 -0.10255684693963178 0.8457105437042434
 222  179 2398 95.901688 21.658390 -0.17049372009932995 0.01911186990456285 132 -0.520875110883887 -0.10210658435944955 0.8475041972121111
 223  181 2398 95.925945 21.658912 -0.2414908351889555 0.023555860609635437 138 -0.5233569523682369 -0.10250823117710375 0.845925270309838
 224  184 2400 95.949298 21.682595 -0.30690379922880845 0.01426807614353756 136 -0.5262262164604682 -0.10296512733826121 0.8440877630092242
 225  186 2401 95.967516 21.688195 -0.33060763439824503 0.012555783137533374 31 -0.5281836861040203 -0.1032786697175457 0.8428259073586573
 226  187 2401 95.979675 21.688388 -0.23781264101465543 0.07419762954015557 30 -0.529415955525777 -0.1034766825420861 0.8420281006028318
 227  186 2400 95.967820 21.677246 -0.29713110157421657 0.010259605962930306 35 -0.5279855640103062 -0.10324974527818181 0.8429535777827326
 228  187 2400 95.979675 21.677389 -0.23310392225782076 0.04705698007005032 36 -0.5291853700569835 -0.10344260364855189 0.8421772211761976
 229  184 2398 95.949489 21.659624 -0.256549856341477 0.020387126271868325 141 -0.5257613282623153 -0.10289624325414541 0.844385805676546
 230  186 2398 95.967677 21.665390 -0.25259875630338985 0.016670919708076323 36 -0.5277203505410315 -0.10321025073986202 0.8431244722857152
 231  187 2398 95.979675 21.665390 -0.2210714862578445 0.023826156452595573 36 -0.5289315467644236 -0.10340499213033734 0.842341276704353
 232  186 2397 95.967677 21.654391 -0.2294023424386978 0.0005549084927326945 30 -0.5274912083844774 -0.10317632639354113 0.8432720028253144
 233  187 2397 95.979675 21.654391 -0.2123502587278684 0.016417464061348773 30 -0.5287005711380137 -0.10337084821422289 0.8424904591850344
 234  179 2395 95.901688 21.636392 -0.14647095424659323 0.034140071092378786 132 -0.5204072243631345 -0.10203627111011358 0.8478000473039629
 235  181 2395 95.925684 21.636392 -0.23010090366005898 0.011902594969817345 132 -0.5228552592754169 -0.10243291475792184 0.8462445721079886
 236  179 2393 95.901496 21.613628 -0.07591325211081099 0.04260331481607582 141 -0.5199015244885097 -0.1019599011923672 0.8481194393382139
 237  181 2393 95.925684 21.614393 -0.17358280842502913 0.02676864605489463 132 -0.5223864654884454 -0.10236270380586247 0.8465425314442521
 238  184 2395 95.949880 21.636659 -0.21610350178347693 0.01675332307856938 135 -0.525317222490947 -0.10283071730331192 0.8446701482432556
 239  186 2395 95.973676 21.637392 -0.19529562081313795 0.01082131603243003 144 -0.5277385471752042 -0.10322070584977805 0.8431118026153342
 240  184 2393 95.949680 21.614393 -0.18117412529659993 0.01652965334703182 132 -0.5248269161020992 -0.10275741215425648 0.8449838000708181
 241  186 2393 95.973676 21.614393 -0.16979624376152502 0.01897935364744691 132 -0.5272552545780473 -0.10314909604057557 0.8434228835559601
 242  188 2401 95.991673 21.688388 -0.06165956271191438 0.02583191396566859 30 -0.5306194964847432 -0.10366967671117441 0.841246425300505
 243  189 2401 96.003944 21.688934 0.016137249542005135 0.027301513418727642 33 -0.5318623371371862 -0.10386850745094538 0.8404366647730708
 244  188 2400 95.991673 21.677389 -0.0748573766193456 0.03259289511044171 36 -0.5303909557119323 -0.10363598824849844 0.841394685054963
 245  189 2400 96.003671 21.677389 0.012433406482968066 0.0360495891385876 36 -0.531594433720268 -0.10382881214792358 0.8406110490622752
 246  191 2400 96.021668 21.683389 0.0900052214662234 0.012056429659141749 144 -0.5335191215523725 -0.104135020177294 0.8393528724622673
 247  188 2398 95.991530 21.665533 -0.09136923966663224 0.04816526546482262 35 -0.5301265560544351 -0.10359677257758704 0.8415661253148036
 248  189 2398 96.003671 21.666390 0.02857230119407177 0.04021205851126072 30 -0.5313657032779135 -0.10379522331426044 0.8407597998222269
 249  188 2397 95.991834 21.654584 -0.09926418887992058 0.06600670408124185 31 -0.5299300589097476 -0.10356824364988276 0.8416933833476355
 250  189 2397 96.003671 21.655391 0.04724544141855505 0.029407390366823757 36 -0.5311331779235406 -0.10376102014087428 0.8409109334573821
 251  191 2398 96.021668 21.660390 0.10449422760443254 0.014707280895126426 132 -0.5330405290388065 -0.10406502679327533 0.8396655671161849
 252  195 2399 96.057444 21.672672 0.10308656894832575 0.01589445651050415 545 -0.5368616389385867 -0.10467111985883382 0.8371520395386205
 253  188 2396 95.991673 21.643391 -0.09404142614867952 0.06737327705095687 36 -0.529678295804325 -0.10353088255835513 0.8418564362826443
 254  189 2396 96.003671 21.643391 0.04502309920887152 0.02234601760111975 36 -0.5308849705543126 -0.10372458217493132 0.8410721485652598
 255  188 2395 95.991512 21.632199 -0.09209245467378248 0.058365684467495835 31 -0.5294308506037448 -0.10349423569348551 0.8420165779883533
 256  189 2395 96.003671 21.632392 0.041522613664468126 0.018959563218777925 30 -0.5306551876951305 -0.10369075392954721 0.841221314115238
 257  191 2395 96.021668 21.638392 0.12076371693701456 0.025159358794350984 132 -0.5325847256829443 -0.10399829379773975 0.8399630139812002
 258  188 2393 95.991816 21.621250 -0.05696890598961285 0.049382426813213094 35 -0.5292325715665841 -0.10346541404896491 0.8421447579179584
 259  189 2393 96.003671 21.621393 0.06343678529891703 0.028493907465480268 36 -0.5304248911618819 -0.10365688288748001 0.8413707182128203
 260  188 2392 95.992041 21.609183 -0.021035191946123775 0.06221886792328712 38 -0.5290062424163735 -0.10343246198156747 0.842290995614307
 261  189 2392 96.004509 21.609367 0.09451492412670238 0.010437787787672967 37 -0.5302588426520861 -0.10363349746629703 0.8414782575873088
 262  191 2393 96.022236 21.616048 0.10464981552079428 0.014711238463247909 139 -0.5321769899856061 -0.1039392827625027 0.8402287050730156
 263  195 2394 96.058736 21.627651 0.10490592844041952 0.027677010118090713 542 -0.5360628193933188 -0.10455694393604337 0.8376780402629886
 264  180 2429 95.907123 21.940935 -0.10680504107339815 0.04016229717798771 550 -0.5273913754891237 -0.10308360247179685 0.8433457819667605
 265  184 2430 95.943681 21.952370 -0.15219290001374303 0.013426575640398378 132 -0.5313126276372089 -0.10370799708201993 0.8408041050414065
 266  186 2431 95.961913 21.959076 -0.15897912751225865 0.00018276445011986505 34 -0.533284015414749 -0.10402055304776722 0.8395164581154788
 267  187 2431 95.973676 21.959370 -0.12010239385482338 0.0340181135066737 36 -0.5344735386820748 -0.10421002057306354 0.8387361373285537
 268  186 2430 95.961678 21.947370 -0.16970777387420335 0.014841537168418599 36 -0.5330100885130324 -0.10398007946022743 0.8396954141942029
 269  187 2430 95.973676 21.947370 -0.12697791701389682 0.025731212983101243 36 -0.5342195480885689 -0.1041729499199845 0.8389025395986196
 270  184 2428 95.943681 21.930372 -0.19056262053323514 0.011057334040110592 132 -0.5308506748744563 -0.10364015111448151 0.8411042028561633
 271  186 2428 95.961678 21.936371 -0.1943000540137291 0.0026980345969064676 30 -0.5327819897584442 -0.10394675606980608 0.8398442851455247
 272  187 2428 95.973676 21.936371 -0.14989088947574297 0.020121703618347822 30 -0.5339924690607943 -0.10413987223509183 0.8390512082091387
 273  186 2427 95.961678 21.925372 -0.19478192635708386 8.49828557221972e-05 36 -0.5325515768936565 -0.10391301413747052 0.8399945853640638
 274  187 2427 95.973676 21.925372 -0.16162015746037164 0.0236650492270027 36 -0.5337580221108977 -0.10410550637332884 0.8392046337902425
 275  179 2425 95.895689 21.906373 -0.012933655698416811 0.04241332505785148 132 -0.5255027943951882 -0.1027894199085882 0.8445597363346802
 276  181 2425 95.919876 21.907139 -0.17670718834121177 0.03780557188472189 141 -0.5279645177532902 -0.10318447632856868 0.8429747516019295
 277  179 2423 95.895689 21.884375 -0.03088683948259462 0.05903818338543214 132 -0.5250360175246208 -0.10272003353493908 0.8448584348945491
 278  181 2423 95.919685 21.884375 -0.2060596760023724 0.030852388443068146 132 -0.52746861122788 -0.10311101922660311 0.8432941253698989
 279  184 2425 95.943420 21.907852 -0.218890818780747 0.018894238506268805 138 -0.5303491947374782 -0.10356601568798354 0.8414296239352549
 280  186 2426 95.961678 21.913373 -0.19475056479374567 9.788893248946833e-05 36 -0.5322991225460111 -0.10387609833641373 0.8401591517868208
 281  187 2426 95.973676 21.913373 -0.15390970640712315 0.036082906985800314 36 -0.5335082288257512 -0.10406902960974881 0.8393679805968864
 282  186 2425 95.961678 21.902374 -0.19482425649960836 0.0005879887082845945 30 -0.5320700696757367 -0.1038424595744058 0.8403083865729264
 283  187 2425 95.973676 21.902374 -0.11992842157681784 0.0715776742834828 30 -0.5332754496875252 -0.10403489823620052 0.839520121682352
 284  184 2423 95.944387 21.884669 -0.21112865459668886 0.024138886186443873 143 -0.529962791208529 -0.10351058229208182 0.8416798674603185
 285  186 2423 95.961867 21.891239 -0.18760351272853645 0.01398667745617053 37 -0.531854784070403 -0.103811135918655 0.8404485330588088
 286  187 2423 95.974360 21.891269 -0.0863926497925269 0.06402932811973969 38 -0.5331095546339443 -0.1040114182046824 0.8396283866336633
 287  186 2422 95.963489 21.879510 -0.15401159387988014 0.019996302374204744 37 -0.5317761565788521 -0.1038018861477368 0.840499427558637
 288  187 2422 95.975426 21.880000 -0.045837525045499206 0.036472110668804625 32 -0.5329797794433081 -0.1039938180620446 0.839712951257417
 289  188 2431 95.985674 21.959370 0.15644757656587494 0.02037963088691466 36 -0.5356853629111048 -0.10440302941344112 0.8379386608887874
 290  189 2431 95.997672 21.959370 0.1794740106496546 0.01678449243048875 36 -0.5368644787061354 -0.10458971608144219 0.8371603925136406
 291  188 2430 95.985674 21.947370 0.17391754997273287 0.03189706681009415 36 -0.5354463584588315 -0.10436884051831793 0.8380956641947497
 292  189 2430 95.997672 21.948370 0.20133433093627293 0.00013590709582951297 30 -0.5366531975761748 -0.10455984194419415 0.8372995789942046
 293  191 2430 96.015669 21.954370 0.19903087536945488 0.03474617701155422 132 -0.5385133119561266 -0.10485114972241658 0.8360679692751846
 294  188 2428 95.985674 21.936371 0.17539892370502155 0.04307782899122055 30 -0.5352150053571231 -0.10433511953292345 0.8382476250324992
 295  189 2428 95.997672 21.937371 0.21855042005578676 0.015806967686482803 36 -0.5364151010519372 -0.1045248421261093 0.8374565043881096
 296  188 2427 95.985674 21.925372 0.1691597517993715 0.05650845049423515 36 -0.534986481951334 -0.1043019908873573 0.8383976138004382
 297  189 2427 95.997672 21.925372 0.23433016323381 0.008034108793738013 36 -0.536179450502944 -0.10449132625765951 0.8376115803851308
 298  191 2428 96.015478 21.931606 0.2879948032663224 0.04045617865194373 141 -0.5380231596976789 -0.10478013350915846 0.8363923739792998
 299  194 2430 96.039665 21.954370 0.09623212327785564 0.04277859562013768 132 -0.5408753567117772 -0.1052240764301601 0.8344949024657536
 300  196 2430 96.063861 21.954637 0.05750174864574715 0.00616246261285486 135 -0.5432559125387932 -0.1055988574542014 0.8328996907167214
 301  194 2428 96.039665 21.932372 0.0752661924131892 0.036054794285153687 132 -0.5404257216635386 -0.10515967187150965 0.834794275720863
 302  196 2428 96.063950 21.932194 0.08178292038264098 0.016294833482191413 135 -0.5428102958771269 -0.10553559993498451 0.833198187609736
 303  188 2426 95.985424 21.913998 0.17239257949404418 0.04585048351867888 32 -0.5347170993251595 -0.10426199187719774 0.8385744217057224
 304  189 2426 95.997672 21.914373 0.23346654425064722 0.009133438909016637 30 -0.5359458472211635 -0.10445713455527364 0.8377653346175711
 305  188 2425 95.985909 21.903079 0.17078018035082257 0.036770550594791444 34 -0.5345264965729786 -0.10423435859579297 0.8386993638661837
 306  189 2425 95.997861 21.903238 0.20858833797880122 0.011530754774416513 37 -0.5357209322897979 -0.10442424291909422 0.837913277253275
 307  191 2425 96.016497 21.908488 0.22435835035783905 0.05529815319963929 140 -0.5376489812783893 -0.10472755197078717 0.8366395357551041
 308  188 2423 95.986990 21.891480 0.11580805068737582 0.05825955714735557 38 -0.5343814725369582 -0.10421407707271428 0.8387942941801132
 309  189 2423 95.999483 21.891509 0.18822050658432213 0.016075557174803343 37 -0.5356155602531139 -0.10441000461288205 0.8379824118389843
 310  188 2422 95.987674 21.880375 0.027978061387936275 0.05032385258128313 30 -0.5342114476336646 -0.10418993109171924 0.8389055891316062
 311  189 2422 95.999672 21.880375 0.128169738004605 0.016525555086557914 30 -0.5353995973436597 -0.104378726693027 0.838124306161198
 312  191 2423 96.017669 21.886375 0.15334912005699042 0.02134399744025389 132 -0.5373132381519438 -0.10468081661886439 0.8368610462548011
 313  195 2424 96.053394 21.898557 0.10411187217280429 0.01818033443786779 558 -0.5410882115841914 -0.10527422552028916 0.8343505766317446
 314  180 2419 95.909215 21.850712 -0.10635439301147068 0.05150269617168084 557 -0.5256969759180322 -0.10283508560481534 0.844433321630125
 315  184 2420 95.945681 21.862376 -0.16027762103035595 0.023392172818039632 132 -0.5296233536919761 -0.10346220191261088 0.8418994453017878
 316  186 2421 95.963678 21.868376 -0.11798649479945501 0.015592437380790705 30 -0.5315578356458379 -0.10376996921928754 0.8406414579663202
 317  187 2421 95.975911 21.869082 -0.028258802478804308 0.01570446206197772 34 -0.5327975371596416 -0.10396767766176532 0.839831832212997
 318  186 2420 95.963678 21.857377 -0.11670359203384982 0.01308907834921114 36 -0.5313293379712851 -0.10373646996161444 0.8407900328922192
 319  187 2420 95.975676 21.857377 -0.028394793884621725 0.01902157887277298 36 -0.5325301611950637 -0.1039283035304636 0.8400062708949495
 320  184 2418 95.945681 21.840378 -0.0965017198274533 0.032810631805147907 132 -0.5291651161647565 -0.10339481564208354 0.8421958156703697
 321  186 2418 95.969677 21.840378 -0.05467353304001418 0.05082950181236977 132 -0.5315780130946948 -0.10378095959229225 0.8406273421798742
 322  180 2414 95.909805 21.805511 -0.04119209060533123 0.025786985225501602 531 -0.5248076662300362 -0.10270389094459159 0.8450022628673988
 323  185 2414 95.957947 21.806198 -0.06587970475783057 0.04136050989067831 558 -0.5296862822037306 -0.10348753978367602 0.8418567405174778
 324  192 2416 96.030210 21.830177 0.11119326820272371 0.03991309284734336 2180 -0.5373961676816478 -0.10470965824970181 0.836804186432112
 325  180 2449 95.903291 22.121409 -0.045511013913199 0.01956361410142653 537 -0.5307919542135624 -0.10357890702986022 0.8411488045290483
 326  184 2450 95.939822 22.133203 -0.11809282427207685 0.03568109344566267 142 -0.5346851246309785 -0.10419427529425417 0.8386032259026078
 327  186 2451 95.957679 22.139357 -0.12598212684194246 0.0068020123604741614 36 -0.5365881854905383 -0.10449390489670267 0.8373494748499042
 328  187 2451 95.969677 22.139357 0.0008145918448766073 0.11497651314449837 36 -0.5377845020473496 -0.10468323709485387 0.8365579772072148
 329  186 2450 95.957679 22.127358 -0.1504144941767057 0.014251286802691098 36 -0.5363437229730554 -0.1044586336474499 0.83751048034273
 330  187 2450 95.969677 22.128358 -0.0670647531747818 0.07807360529992681 30 -0.5375593630582579 -0.10465092559897134 0.8367067078490997
 331  184 2448 95.939682 22.110359 -0.15035116774114696 0.02205305974378557 132 -0.534199370038303 -0.10412365404757597 0.83892150867555
 332  186 2448 95.957679 22.116359 -0.16996888518333436 0.01382325317835225 30 -0.5361116481075572 -0.10442504789335164 0.8376632438730196
 333  187 2448 95.969677 22.117359 -0.10758429848485523 0.052104881401609994 36 -0.5373338356345699 -0.10461841475584079 0.8368556245710581
 334  186 2447 95.957679 22.105360 -0.18988766769568124 0.006614259412703139 36 -0.5358854052007578 -0.10439237500775889 0.8378120699375601
 335  187 2447 95.969677 22.105360 -0.13735839020874765 0.03733394366717145 36 -0.5370876741910406 -0.10458290987790052 0.8370180674235949
 336  179 2445 95.891881 22.087127 -0.02407085137270021 0.024198250996982577 141 -0.528928531267306 -0.10329106418530702 0.842357148049969
 337  181 2445 95.915425 22.087839 -0.024827601469081383 0.01964237828848816 138 -0.5313086549017677 -0.10367047687643821 0.8408112424621155
 338  178 2443 95.885691 22.070362 -0.043101457258065544 0.023212135983097598 30 -0.5279548518881949 -0.10313993843629232 0.8429862557996256
 339  179 2443 95.897689 22.070362 0.017034455637137094 0.0090663504484933 30 -0.5291606312726658 -0.10333262329712566 0.8422062664654355
 340  178 2442 95.885691 22.059363 0.023572027683258057 0.16613517675553785 36 -0.5277218968651389 -0.10310554522128217 0.8431363152620588
 341  179 2442 95.897689 22.059363 0.0976690747257736 0.09536862213695846 36 -0.5289313047027983 -0.10329885856209979 0.8423544507659249
 342  181 2443 95.909687 22.070362 -0.02673130196829637 0.016618266002060282 30 -0.5303696146396759 -0.10352560744561215 0.8414217256940653
 343  182 2443 95.921685 22.071362 -0.10377186816185713 0.03266087467528651 36 -0.5315930793948431 -0.10372031796539179 0.8406252991557333
 344  181 2442 95.909876 22.059228 -0.020886799975021464 0.032232451074329656 37 -0.5301538334335948 -0.1034941268290696 0.8415615714893073
 345  182 2442 95.922369 22.059257 -0.12399673785426114 0.02225178251592323 38 -0.53141016351371 -0.10369441651134764 0.840744138307668
 346  185 2444 95.952108 22.076879 -0.14663881927237407 0.029961631489453622 546 -0.5347533836698056 -0.104221152910512 0.8385563606220499
 347  188 2451 95.981675 22.139357 0.19746052184038693 0.02936765599189375 36 -0.5389746141326097 -0.10487117651069948 0.8357681506601373
 348  189 2451 95.993673 22.139357 0.26952531188726425 0.015903292263826065 36 -0.5401304464458431 -0.10505221351495483 0.8349988821895648
 349  188 2450 95.981675 22.128358 0.14442388142148654 0.042819141029230935 30 -0.5387608132930464 -0.10484103170646077 0.8359097703284369
 350  189 2450 95.993673 22.128358 0.2572097380956014 0.024271605566156707 30 -0.5399137678774708 -0.1050215727545112 0.8351428575474508
 351  191 2450 96.011670 22.134358 0.3988222068909443 0.11191927083362747 132 -0.5417952950386767 -0.10531528629683004 0.8338864123765117
 352  188 2448 95.981675 22.117359 0.08628486117555036 0.021275928214190415 36 -0.5385518719596607 -0.10481181865408774 0.8360480631394153
 353  189 2448 95.993673 22.117359 0.17371625991331208 0.04486212503049782 36 -0.5397011211233809 -0.10499173148831588 0.835284045206929
 354  188 2447 95.981675 22.105360 0.07584381993446085 0.025465542096208264 36 -0.5383074072135654 -0.10477669616547296 0.8362098894892698
 355  189 2447 95.993400 22.105814 0.12179155309091914 0.022853013997230078 33 -0.5394361911297934 -0.10495332111072599 0.8354599907160186
 356  191 2448 96.011670 22.112359 0.23519373826231016 0.109550875986145 132 -0.5413456100348121 -0.1052511445164313 0.8341865061687456
 357  193 2451 96.029667 22.140357 0.11421798889835676 0.02833801464440419 30 -0.5436769367550875 -0.10560865177472627 0.8326236851729172
 358  194 2451 96.041937 22.140903 0.09861164020769524 0.007817883149081486 33 -0.5448823771158056 -0.10579720627229647 0.8318113645855088
 359  193 2450 96.029667 22.129358 0.1992691560751862 0.05445836596428575 36 -0.5434545716009209 -0.10557705942495127 0.832772846056618
 360  194 2450 96.041665 22.129358 0.09560344575179948 0.019000482572182877 36 -0.5446252950765426 -0.1057605417479622 0.8319843723123448
 361  196 2450 96.059662 22.135358 0.042969125943879284 0.018802817561387675 144 -0.5464971692859871 -0.10605112974356366 0.8307189668248324
 362  194 2448 96.036140 22.112140 0.09310879444118834 0.08589304187657065 137 -0.5437390794594527 -0.10562693163094389 0.8325807857396296
 363  196 2448 96.061012 22.112505 0.03516020979324397 0.016343896520554176 137 -0.5461679339823244 -0.10600679703621892 0.8309411211822418
 364  188 2446 95.981675 22.094360 0.07791037584344546 0.024923556789841254 30 -0.5380823404579764 -0.10474439304907342 0.8363587788814365
 365  189 2446 95.993945 22.094906 0.11148837389367999 0.017108469941228385 33 -0.539270066470627 -0.10493043655296924 0.8355701041166855
 366  188 2445 95.982521 22.083284 0.06917938647361901 0.029966941264446444 39 -0.5379528375530885 -0.10472775030386143 0.8364441660295517
 367  189 2445 95.995304 22.083572 0.11411068215966225 0.015724482750748198 38 -0.5391956354510693 -0.10492279456793474 0.835619096173952
 368  191 2445 96.012994 22.089604 0.1900526661224462 0.1556381954331749 148 -0.5410152181523545 -0.10520608486316088 0.8344065037110663
 369  188 2443 95.983439 22.071656 0.05739907788879731 0.027246966699146172 34 -0.5378276051058094 -0.10471209315572029 0.8365266551240895
 370  189 2443 95.995672 22.072362 0.1125564269721508 0.015307326121432322 30 -0.5390322880628808 -0.10490145677470689 0.8357271545141032
 371  188 2442 95.983924 22.060738 0.0461519593372941 0.020264627646327197 32 -0.5376677099208865 -0.10469042774880784 0.8366321461946111
 372  189 2442 95.995672 22.061363 0.09316600590116447 0.000957800179062974 36 -0.5388525273521719 -0.10487779354196576 0.8358460397632722
 373  191 2443 96.013752 22.066453 0.1808998799861822 0.13280358759047617 133 -0.5406292767507481 -0.10515261749976346 0.8346633525876834
 374  194 2445 96.037568 22.090436 0.15351146997365736 0.21062484024662925 133 -0.5434379434071038 -0.10558626359982864 0.8327825301989018
 375  196 2445 96.061661 22.090361 0.04771276173943823 0.014556705197115053 132 -0.5457841009018284 -0.10595365386012585 0.8312000592134673
 376  194 2443 96.037665 22.067362 0.21746631442672676 0.19469679962733796 144 -0.5429787150044756 -0.10552115431632259 0.8330902718456382
 377  196 2443 96.061461 22.068096 0.030247843044775503 0.015200132176843099 135 -0.5453163085180815 -0.10588734531072205 0.8315154801729552
 378  178 2441 95.886059 22.047153 0.6672897103585695 0.5819879664729011 38 -0.527504232449821 -0.10307392669985986 0.8432763784087617
 379  179 2441 95.898842 22.047440 2.236762300515786 1.289453419029997 39 -0.5287952116643038 -0.10328029833675723 0.8424421666182045
 380  178 2440 95.887690 22.036364 0.42855941789845625 0.6377202162272005 30 -0.5274409319803695 -0.10306668291791275 0.8433168575001794
 381  179 2440 95.899688 22.036364 1.1128035500645637 1.047719205623558 30 -0.5286490350537038 -0.1032599540274004 0.8425363966209691
 382  181 2441 95.911311 22.048301 0.12926128739491105 0.1999533609119511 32 -0.5300695094309524 -0.10348359058073883 0.841615982293675
 383  182 2441 95.923684 22.048363 -0.09997699744999408 0.04820652229794302 30 -0.5313135781715526 -0.10368200053177791 0.8408067104966931
 384  181 2440 95.911829 22.037221 0.15873419110264098 0.10478036018063841 35 -0.529890431003487 -0.10345802680836914 0.8417318859469787
 385  182 2440 95.923684 22.037364 -0.04606403617395295 0.04291469459655748 36 -0.5310830396633041 -0.10364827040053036 0.840956503646273
 386  178 2438 95.887690 22.025365 -0.06947359422014819 0.04013712315863463 36 -0.5272083934271915 -0.10303230197703472 0.8434664514070686
 387  179 2438 95.899688 22.025365 -0.025729319287670985 0.049500930584576844 36 -0.5284208670258842 -0.10322643580575473 0.8426836240502441
 388  178 2437 95.887690 22.013366 -0.12485245760116312 0.00012476618333895175 36 -0.526964405587475 -0.10299658395874357 0.8436232683708224
 389  179 2437 95.899416 22.013820 -0.12000512004350171 0.015276588294630081 33 -0.5281527211073322 -0.10318663762412666 0.8428565838876432
 390  181 2438 95.911686 22.025365 -0.014224435720178816 0.038198760179941935 36 -0.5296258395321242 -0.10341897339039086 0.8419031927975865
 391  182 2438 95.923684 22.025365 -0.07026413031336334 0.034872932766189926 36 -0.5308327928512753 -0.10361164596815355 0.8411190004116451
 392  181 2437 95.911686 22.014366 -0.09511413152019182 0.031255672955512126 30 -0.5293975681766647 -0.10338551134046682 0.8420508600158924
 393  182 2437 95.923684 22.014366 -0.1172147606809934 0.016028828072979725 30 -0.5306041549292595 -0.10357815315979693 0.8412673754281763
 394  185 2439 95.953915 22.032042 -0.17336747120134532 0.03533352756652301 544 -0.5340074209307095 -0.10411541020860389 0.8390447280973918
 395  180 2434 95.906027 21.985928 -0.12886018352497608 0.010911276651140042 545 -0.5282401381063554 -0.10320812894086771 0.8427991686124897
 396  184 2435 95.941681 21.998367 -0.1653312025309512 0.023824680155992532 132 -0.5320783079918998 -0.10381775211940926 0.8403062230576125
 397  186 2435 95.965677 21.998367 -0.2003284306688742 0.01851978391732842 132 -0.534484958931483 -0.10420093823447099 0.8387299882244983
 398  184 2433 95.942357 21.975261 -0.14008593267282923 0.017387736970854117 148 -0.5316628191522877 -0.10375776831779442 0.8405765713156373
 399  186 2433 95.960217 21.981137 -0.18183124791353178 0.016017666873924374 39 -0.5335768981949345 -0.10406116418319145 0.8393253051240094
 400  187 2433 95.972992 21.981473 -0.15796822074212527 0.0225364596005455 38 -0.534868095498313 -0.10426661804199444 0.838477544589056
 401  186 2432 95.961428 21.969994 -0.15898334793746471 8.071141828605225e-05 32 -0.5334621024523438 -0.10404589349584689 0.8394001651737841
 402  187 2432 95.973676 21.970369 -0.12494162879884244 0.031469389287152975 30 -0.5347038538717184 -0.10424360566472433 0.8385851532985482
 403  188 2441 95.983674 22.049363 0.03959754130078687 0.021837168627950775 36 -0.5374118388198299 -0.10465335832318141 0.8368011652047151
 404  189 2441 95.995672 22.049363 0.09290929780238205 0.000636107835172201 36 -0.538605658822309 -0.10484234762644896 0.8360095851297169
 405  188 2440 95.983674 22.038364 0.02452290045718352 0.06454941778929127 30 -0.5371544183183736 -0.10461477814536498 0.8369712534338595
 406  189 2440 95.995672 22.038364 0.09303826714555423 0.0003380812249707316 30 -0.5383403990545145 -0.10480219492970698 0.8361854547190724
 407  191 2440 96.013669 22.044364 0.09516358951276 0.0073240983922350745 132 -0.5401748808727612 -0.10508773201075629 0.8349656679498467
 408  188 2438 95.983674 22.027365 0.0021899748179647657 0.08466038201688997 36 -0.536927140603044 -0.10458196564600833 0.8371211729167147
 409  189 2438 95.995672 22.027365 0.09252685246368249 0.0030215480519745113 36 -0.5380929348171409 -0.1047654801737642 0.8363493215540004
 410  188 2437 95.983674 22.015366 -0.028927825184332 0.10229922599522252 36 -0.5366667296596255 -0.10454357894109838 0.8372929364198821
 411  189 2437 95.995672 22.015366 0.0833428841498163 0.014753106437330174 36 -0.5378348945198249 -0.10472774643954536 0.8365200089433265
 412  191 2438 96.013469 22.022099 0.10995957470602459 0.035412036987604194 135 -0.5396924141828661 -0.10501793003873396 0.8352863775040565
 413  194 2440 96.037665 22.044364 0.05487929126529983 0.05268995982420606 132 -0.5425130213556525 -0.10545495084552324 0.8334019888395573
 414  196 2440 96.061853 22.045130 -0.00899557129922488 0.012453383769294243 141 -0.5448897610731227 -0.10582759516959454 0.8318026619206599
 415  194 2438 96.037763 22.022290 0.38349303395900514 0.18226605312397162 133 -0.5420701456456988 -0.10539190094370786 0.833698089487509
 416  196 2438 96.062311 22.022219 0.08044502090146072 0.043509166299670804 137 -0.5444711442447593 -0.105768998784508 0.8320841856332359
 417  188 2436 95.983674 22.004367 -0.029123916973670325 0.07850007513352829 30 -0.536423886858089 -0.10450772435962553 0.8374530131041578
 418  189 2436 95.995672 22.004367 0.07526832669973374 0.01666687352030533 30 -0.5375940559680588 -0.10469246736765479 0.8366792206480834
 419  188 2435 95.983864 21.993232 -0.0233967549897529 0.06765370333608191 37 -0.5362088316804171 -0.10447673269266092 0.8375945923618348
 420  189 2435 95.996518 21.993290 0.07561447203923495 0.017817800558794547 39 -0.5374497656183677 -0.10467274549391949 0.8367743816510677
 421  191 2435 96.014957 21.999175 0.12050088908370227 0.047968605661450926 146 -0.5393660604104995 -0.10497296246472494 0.8355028007305761
 422  188 2433 95.985485 21.981503 0.027612989013259474 0.05190465659896783 37 -0.5361220163618763 -0.10446602003499668 0.8376514992705043
 423  189 2433 95.997437 21.981662 0.09802016747348449 0.020226768456671904 34 -0.5373024523725817 -0.10465279043296848 0.8368714764699552
 424  188 2432 95.985674 21.970369 0.09868943343559901 0.033920940907870026 30 -0.5358998490028484 -0.10443373506327135 0.8377976765421702
 425  189 2432 95.997922 21.970744 0.13868964789435267 0.023402176275417387 32 -0.5371222325316317 -0.10462727028470913 0.8369903473953605
 426  191 2433 96.015669 21.976369 0.11698914387009361 0.024755026993025283 132 -0.5389681815537903 -0.10491676957551808 0.8357665767033509
 427  194 2435 96.039133 22.000027 0.242796835060238 0.16738747651752872 141 -0.5417542901401573 -0.1053489171828613 0.8339088048240845
 428  196 2435 96.063661 22.000367 0.07490845730133129 0.024681257010717026 132 -0.5441623003483687 -0.10572724738398451 0.8322914994400564
 429  194 2433 96.039926 21.976890 0.07574126653481221 0.02851400310750636 138 -0.5413613203246679 -0.10529396768924017 0.8341709064841506
 430  196 2433 96.063470 21.977603 0.042094791189153144 0.016520766893419754 141 -0.5436828856922412 -0.10565899880051934 0.8326134131623326
 431  180 2469 95.899707 22.301885 -0.10819230166803427 0.031446008209249234 542 -0.5342004947574425 -0.10407100065261699 0.8389273259490757
 432  184 2470 95.935421 22.313824 -0.1572771414682485 0.008969073912203999 138 -0.5379809842076082 -0.1046640111060499 0.8364340412789318
 433  186 2471 95.953679 22.319345 -0.15883511884344947 0.003564717566110049 36 -0.5398979079933921 -0.10496396714877372 0.8351603525938895
 434  187 2471 95.965677 22.319345 -0.10321049185262786 0.037539637729406626 36 -0.5410665514037646 -0.1051468514374544 0.8343806844509449
 435  186 2470 95.953679 22.308346 -0.16018150250116983 0.0009016408078969831 30 -0.5396649253589318 -0.10493019227467322 0.8353151639270884
 436  187 2470 95.965677 22.308346 -0.13998659004767736 0.017196214691991177 30 -0.5408441723425196 -0.10511522399561518 0.8345288316933615
 437  184 2468 95.935943 22.290869 -0.16538214494568715 0.019597316508234527 138 -0.5375592724903957 -0.10460412280070377 0.8367126185571075
 438  186 2468 95.953679 22.297346 -0.19235760097702345 0.009170508113555544 36 -0.5394359038503089 -0.1048974111782665 0.8354671978990547
 439  187 2468 95.965677 22.297346 -0.1714491347471873 0.01801477834074617 36 -0.540621544417776 -0.10508367605587841 0.8346770433754135
 440  186 2467 95.953679 22.285347 -0.19582048762175772 5.3997231252634295e-05 36 -0.5391965874750719 -0.10486335985265355 0.8356259425219218
 441  187 2467 95.965405 22.285802 -0.18914427721139157 0.012055573575386917 33 -0.5403601141815735 -0.10504606830711115 0.834851046914894
 442  180 2464 95.899789 22.256306 -0.08812916234458397 0.04150173120381092 554 -0.5332610569265953 -0.10393475797585024 0.8395416673697809
 443  184 2465 95.935682 22.268348 -0.16018259220502593 0.00035350538752854126 132 -0.537069664394729 -0.10453332491178366 0.8370358173757086
 444  186 2466 95.953679 22.274348 -0.17614275763432186 0.016226921012492478 30 -0.5389740576014105 -0.10483163892834052 0.8357734697346342
 445  187 2466 95.965950 22.274893 -0.1636344124421929 0.01572003614016581 33 -0.540196572162997 -0.10502374535862147 0.8349596854544507
 446  186 2465 95.954048 22.263138 -0.1598295141991816 8.129185408756734e-05 38 -0.5387773162916331 -0.10480384358737178 0.8359037969879664
 447  187 2465 95.966831 22.263426 -0.12709723116877752 0.03165299475438198 39 -0.5400440184687259 -0.10500303627063473 0.8350609681275364
 448  184 2463 95.936943 22.246480 -0.15336952752609184 0.01293108191145236 138 -0.5367402919488431 -0.10448748089992771 0.8372527846080046
 449  186 2463 95.955250 22.251778 -0.15043365338018963 0.015293095545087497 35 -0.538663148235167 -0.10478909273216278 0.8359792214988054
 450  187 2463 95.967677 22.252349 -0.09521643097201983 0.0350214626862425 30 -0.5398996200662285 -0.10498355669997787 0.8351567835292751
 451  186 2462 95.955929 22.240725 -0.12956769112497568 0.011977511057355693 32 -0.5385014331413782 -0.10476675988062764 0.8360861992215854
 452  187 2462 95.967677 22.241350 -0.04799117882632547 0.06910832405652333 36 -0.5396718433275921 -0.10495076562407787 0.8353081098099784
 453  188 2471 95.977514 22.320151 0.04033430112946418 0.03731827051220111 31 -0.5422335978521248 -0.10532908496011369 0.8335997296195611
 454  189 2471 95.989673 22.320345 0.27877627735336624 0.18375291995976256 30 -0.5434217354421202 -0.10551454756146272 0.8328021960237462
 455  188 2470 95.977818 22.309203 -0.013221896226916994 0.05707461611174492 35 -0.5420550582449131 -0.10530484249513743 0.8337188998566473
 456  189 2470 95.989673 22.309346 0.27818440914981896 0.24226953054385558 36 -0.5431994969761201 -0.10548321329177748 0.8329511379417952
 457  191 2471 96.001671 22.320345 0.796727446715037 0.05214540715726388 30 -0.5445877925700958 -0.10569667853862234 0.8320170360813133
 458  192 2471 96.013905 22.321051 0.37368699952083473 0.21946107334213907 34 -0.5457950707898583 -0.10588464294764964 0.8312016500761668
 459  191 2470 96.001671 22.309346 0.8606418917576472 0.10010270100864938 36 -0.5443648477487399 -0.10566524242884094 0.8321669117899038
 460  192 2470 96.013669 22.309346 0.6200471189286973 0.21947087352487088 36 -0.5455381034964678 -0.10584816706396283 0.831374971455526
 461  188 2468 95.977675 22.297346 -0.07893889707823594 0.055762156471316084 36 -0.5417952091995081 -0.10526759745442454 0.8338924896020077
 462  189 2468 95.989673 22.297346 0.2528513237420056 0.2703591636938097 36 -0.5429554143402437 -0.1054485157398813 0.8331146551146908
 463  188 2467 95.977675 22.286347 -0.09370889179408551 0.04399810807310154 30 -0.5415645819265071 -0.10523451165846928 0.8340464622302352
 464  189 2467 95.989673 22.286347 0.1810425524910291 0.24201517223321506 30 -0.542729411600156 -0.1054164464045255 0.8332659591100493
 465  191 2468 96.008053 22.292141 0.7933882759774432 0.2638604249984494 136 -0.5446386449373339 -0.10571303721389341 0.8319816705936728
 466  193 2471 96.025667 22.321345 0.09704579330152935 0.032423286433734155 36 -0.5469400959722307 -0.10606275588789801 0.830425928804822
 467  194 2471 96.037665 22.321345 0.07142213711308108 0.015444471729887832 36 -0.5481019521177686 -0.10624318752668038 0.8296364476015153
 468  193 2470 96.025667 22.309346 0.19514422491192818 0.0497387482757294 36 -0.5466991553083241 -0.10602896846952715 0.8305888823181135
 469  194 2470 96.037665 22.309346 0.14333297974533504 0.029906485233521563 36 -0.5478611030394264 -0.10620956619190176 0.829799819128536
 470  196 2470 96.056045 22.316139 0.09724764257450313 0.015893018100321118 136 -0.5497690147276943 -0.1065033827938187 0.8284992817732636
 471  193 2468 96.025893 22.298217 0.2515554985692424 0.06031939656597001 31 -0.5464969101162619 -0.1060008845350295 0.8307255501735634
 472  194 2468 96.038665 22.298346 0.1989951522061319 0.006643385768146133 33 -0.5477366166808898 -0.10619363465267584 0.8298840344929078
 473  193 2467 96.027299 22.287558 0.2552542533529432 0.04451060249580748 38 -0.5464185227861064 -0.10599197120960481 0.8307782495921229
 474  194 2467 96.039665 22.287347 0.21060417137212223 0.012899545173765981 36 -0.5476128399829079 -0.10617782786984625 0.8299677381408842
 475  196 2468 96.057484 22.293484 0.13731409175551101 0.030539128844827696 146 -0.5494567335401186 -0.10646214817681408 0.8287117164448691
 476  188 2466 95.977865 22.275213 -0.06695693610487757 0.04410807628764809 37 -0.5413675227609855 -0.10520717744873659 0.8341778318277847
 477  189 2466 95.990519 22.275271 0.2100516439248354 0.2040740324545822 39 -0.5425895251313033 -0.10539788555818178 0.8333594020215115
 478  188 2465 95.979486 22.263484 -0.0010374021288510915 0.05347997438631269 37 -0.5412933255136215 -0.10519924901443924 0.8342269797610257
 479  189 2465 95.991530 22.263492 0.22581151170389993 0.1320575213019893 35 -0.5424473060591122 -0.10537915392097962 0.8334543503204662
 480  191 2465 96.009476 22.270483 0.6788351300047405 0.2679004145533831 134 -0.5443402344361371 -0.10567301917622456 0.8321820246750061
 481  188 2463 95.979675 22.252349 0.0768650167932113 0.059606439606514766 30 -0.5410777149454754 -0.10516841923125052 0.8343707269468308
 482  189 2463 95.991834 22.252543 0.30486083847861134 0.11878971839130055 31 -0.5422549313253433 -0.1053522855259832 0.8335829205230869
 483  188 2462 95.979675 22.241350 0.14054424025946194 0.03391442135474079 36 -0.5408527690629902 -0.10513632163230027 0.8345206025440746
 484  189 2462 95.991673 22.241350 0.35928795693649185 0.09963504984955096 36 -0.5420118582533917 -0.10531750241017768 0.833745386313344
 485  191 2463 96.009670 22.247350 0.5726973137093915 0.19028266933171756 144 -0.5438916221895985 -0.10560988842310315 0.8324833060063286
 486  193 2466 96.027667 22.275348 0.2729584318068292 0.016300886141157645 36 -0.5462082955884128 -0.10596296989847251 0.8309201807879603
 487  194 2466 96.039504 22.276154 0.22010360177486174 0.01718754805026136 31 -0.5473720434964175 -0.10614386288095728 0.8301309091771396
 488  193 2465 96.027667 22.264349 0.26738986869653064 0.013191446715938923 30 -0.5459866796395326 -0.10593182776718253 0.8310697885990697
 489  194 2465 96.039808 22.265206 0.21155121539320265 0.02236116077069771 35 -0.5471847370512714 -0.10611814112441535 0.8302576730524264
 490  196 2465 96.057662 22.270348 0.11545795535273624 0.036390827258794875 132 -0.5490101597178785 -0.10640014725537268 0.8290155928512953
 491  193 2463 96.027667 22.253349 0.24938457997308838 0.015739220109248244 36 -0.5457665858529578 -0.10590092607814527 0.8312182791675105
 492  194 2463 96.039665 22.253349 0.18714979622099134 0.031852783886963686 36 -0.5469295004685621 -0.10608208916751834 0.8304304377099047
 493  193 2462 96.027417 22.241975 0.2255008020438254 0.017716963664043354 32 -0.5455128822149944 -0.10586480823456978 0.8313894019741577
 494  194 2462 96.039665 22.242350 0.152035694817702 0.026905124129803608 30 -0.5467078025568352 -0.10605092291682129 0.8305803876639317
 495  196 2463 96.057662 22.248350 0.08945181373168122 0.015540698868043143 132 -0.5485712116564481 -0.10633888439942052 0.8293139739606847
 496  180 2459 95.901572 22.211640 -0.051464489278897865 0.02365219809484143 536 -0.5325057917169284 -0.10382703865857695 0.840034242058809
 497  184 2460 95.937682 22.223352 -0.12429577557163106 0.0010889571935233826 144 -0.5363379891039621 -0.10443049912942509 0.8375176608857258
 498  186 2461 95.955679 22.229351 -0.12380447031723128 5.8834992922387614e-05 36 -0.5382407924053879 -0.10472894272555748 0.8362587505948186
 499  187 2461 95.967677 22.229351 0.029143419323696032 0.08456462741145407 36 -0.5394271911430232 -0.10491574116780347 0.8354705217485286
 500  186 2460 95.955679 22.218352 -0.11713757825394472 0.017958488983661394 30 -0.538014303773472 -0.10469638953981152 0.8364085574361815
 501  187 2460 95.967677 22.218352 0.058633440732955934 0.07083910331095375 30 -0.5392010220559335 -0.10488330498879891 0.8356205778632211
 502  184 2458 95.937682 22.200353 -0.06563405980440704 0.026996802340574697 132 -0.5358630471638045 -0.1043619132470265 0.8378301652171174
 503  186 2458 95.955679 22.207353 -0.09415412735607889 0.03349331485686432 36 -0.5377864974148311 -0.10466359297687679 0.8365591524234606
 504  187 2458 95.967677 22.207353 0.06254205366389619 0.07663406521139372 36 -0.5389737763489575 -0.10485072388265093 0.8357712570490973
 505  186 2457 95.955679 22.195353 -0.0576197010361486 0.014441396269624918 36 -0.5375412382954282 -0.10462835631527034 0.8367211746971523
 506  187 2457 95.967677 22.195353 0.04308220433692137 0.0855475151159632 36 -0.5387268210216725 -0.10481533350334685 0.8359349006797508
 507  180 2454 95.901868 22.166219 -0.05241173568094591 0.005780295395835994 556 -0.5315849395000989 -0.10369299424701463 0.8406338174501218
 508  184 2455 95.937682 22.178355 -0.05143520221904372 0.002236600022620248 132 -0.5354075038876352 -0.1042960198545485 0.8381295514556873
 509  186 2456 95.955679 22.184354 -0.05183495345215003 6.258765301440979e-05 30 -0.5373128872840269 -0.10459543997929882 0.8368719466525566
 510  187 2456 95.967677 22.184354 0.03801000329355399 0.08504419666147668 30 -0.5385010875293492 -0.10478294541818087 0.8360843935149123
 511  186 2455 95.955679 22.173355 -0.05379355336642928 0.007238624213438498 36 -0.5370860303251458 -0.10456276295371893 0.8370216392860228
 512  187 2455 95.968215 22.173124 0.04808416112493246 0.09098012507500283 39 -0.5383257801243538 -0.10475854567455059 0.8362003357818382
 513  184 2453 95.938639 22.156228 -0.07702688023980175 0.03212702940681197 140 -0.5350451919920345 -0.10424488215258425 0.8383672507148648
 514  186 2453 95.957310 22.161566 -0.09646020123833104 0.029956970013338274 38 -0.5370053334855232 -0.10455338187016862 0.8370745857733424
 515  187 2453 95.969441 22.161650 0.06869419225875069 0.09643394621104714 34 -0.5382160097767194 -0.10474465664875462 0.8362727328590601
 516  186 2452 95.957679 22.150356 -0.1223036011060079 0.0066948987361590325 30 -0.5368124147108648 -0.10452615128420466 0.8372017170969025
 517  187 2452 95.969927 22.150731 0.07049875217489898 0.10352193144011408 32 -0.538040480394703 -0.10472025282452596 0.8363887314550602
 518  188 2461 95.979675 22.229351 0.170386736591657 0.033936544437526486 36 -0.5406038002274194 -0.10510069465907329 0.8346863933010126
 519  189 2461 95.991512 22.230157 0.3799122889195719 0.08297455658722425 31 -0.5417673706460397 -0.10528248372760099 0.8339086968747983
 520  188 2460 95.979675 22.218352 0.18916842788457872 0.028490158196828572 30 -0.5403809483111038 -0.1050689723112689 0.8348346792987495
 521  189 2460 95.991816 22.219209 0.34595624463898794 0.08302737570742959 35 -0.5415736773526906 -0.10525534232428771 0.8340379277412274
 522  191 2460 96.009670 22.224351 0.46082356481841114 0.15260216735206864 132 -0.5434263997525758 -0.10554405940387922 0.8327954127974674
 523  188 2458 95.979675 22.207353 0.19413212521208656 0.013910898277750524 36 -0.5401629374460977 -0.1050380344075731 0.8349796478581958
 524  189 2458 95.991673 22.207353 0.2580800900856654 0.036115944769574186 36 -0.5413235794307629 -0.10521969600079406 0.8342047697812371
 525  188 2457 95.979402 22.195808 0.1901660697026686 0.014311684189419504 33 -0.5398978200800446 -0.10499979599869683 0.8351559056326237
 526  189 2457 95.991673 22.196353 0.22693821638822556 0.02380414578779899 30 -0.5411001383048755 -0.10518793789523308 0.8343537247761248
 527  191 2458 96.009864 22.202219 0.3389215845225462 0.10130843787824537 134 -0.5429970962451004 -0.10548346144077847 0.8330830647851755
 528  193 2461 96.027902 22.231057 0.195607111296233 0.029516338121154492 34 -0.5453393349065248 -0.10584105727109931 0.8315062720144961
 529  194 2461 96.039665 22.231351 0.1370972970293628 0.014913132391151825 36 -0.5464879182170342 -0.10602005727881834 0.830729018812638
 530  193 2460 96.027667 22.219352 0.17327902879979876 0.03127784997860753 36 -0.5450813699192019 -0.10580438148289822 0.8316800665075649
 531  194 2460 96.039665 22.219352 0.12961594470673138 0.0020164945657660314 36 -0.5462466810450732 -0.10598615609780584 0.8308919894684589
 532  196 2460 96.057497 22.225761 0.09574504587933313 0.008049276184883625 139 -0.5481032024704322 -0.10627320931656448 0.8296317764063851
 533  193 2458 96.027667 22.208352 0.1544856533408165 0.018527219731126403 30 -0.5448569818850943 -0.10577263287466956 0.8318311243430522
 534  194 2458 96.039891 22.208223 0.1198726529555936 0.011480454906119344 31 -0.5460467669672514 -0.1059584168793848 0.8310269202480909
 535  193 2457 96.028821 22.197430 0.13572144546569923 0.026563165514148987 39 -0.5447497911345779 -0.10575919984839312 0.8319030332354014
 536  194 2457 96.041476 22.197488 0.09529817144613008 0.004940310386872058 37 -0.545981118015243 -0.10595145063670705 0.8310709409423498
 537  196 2458 96.059543 22.203136 0.09433171325005017 0.0037029388685450564 143 -0.5478467470745423 -0.10624039407280708 0.8298053509029073
 538  188 2456 95.979948 22.184900 0.1902461661533876 0.013549189711661254 33 -0.5397310643685841 -0.10497680930733112 0.8352665728156536
 539  189 2456 95.992041 22.185144 0.2146939384309869 0.01677998542941036 38 -0.5409074046294239 -0.10516099388433515 0.8344820818821214
 540  188 2455 95.981136 22.173586 0.17418681887479928 0.014216238362504604 39 -0.5396197842144381 -0.10496259109583915 0.8353402557968883
 541  189 2455 95.993673 22.173355 0.21182841145330006 0.015279982246761768 36 -0.5408282948823288 -0.10515194874973506 0.8345344948705272
 542  191 2455 96.011053 22.180128 0.5020222881584303 0.2848214338233728 141 -0.5426651869584668 -0.10543810276164599 0.8333050469962108
 543  188 2453 95.981675 22.162356 0.18436870276927947 0.016124565060843 30 -0.5394509151030435 -0.10493952020049575 0.8354522172420028
 544  189 2453 95.993673 22.162356 0.22359767109155654 0.01681589265646199 30 -0.5406078996878886 -0.10512077669973181 0.8346812092656063
 545  188 2452 95.981675 22.151356 0.2070641347931491 0.017942100096802433 36 -0.5392248104230285 -0.1049072836094919 0.8356022173677656
 546  189 2452 95.993673 22.151356 0.25856713702281314 0.016591009853115537 36 -0.5403812276317203 -0.10508834792612361 0.8348320597302147
 547  191 2453 96.011921 22.156960 0.46887236533405113 0.33524633781008834 139 -0.5422782339118972 -0.10538432989515037 0.8335637108451543
 548  193 2456 96.029667 22.185354 0.11831730003986093 0.028983331742835274 36 -0.5445868338785063 -0.10573740966956074 0.8320124882251202
 549  194 2456 96.041665 22.185354 0.0934144374397066 5.8946838487180304e-05 36 -0.5457540007526188 -0.10591978034811235 0.8312241399246765
 550  193 2455 96.029667 22.174355 0.13488167226314546 0.038935790608971246 30 -0.5443640606922895 -0.10570588500016333 0.8321622650078131
 551  194 2455 96.041665 22.174355 0.09346236189206442 5.929567841374165e-05 30 -0.5455350124357645 -0.10588896323933862 0.8313718047124333
 552  196 2455 96.059662 22.180355 0.09361311601418437 0.0004964467812610118 132 -0.5474016429047172 -0.1061782016955155 0.8301069996271102
 553  193 2453 96.029667 22.163356 0.11734966995815437 0.030361842321789144 36 -0.5441409831265358 -0.105674375535673 0.8323121510810908
 554  194 2453 96.041665 22.163356 0.09335776501231724 0.0005937864179930066 36 -0.545305575734646 -0.10585644360794169 0.8315264532288705
 555  193 2452 96.029667 22.151356 0.10090207991500695 0.01854449630267896 36 -0.5439015304560596 -0.10564049742661005 0.8324729487923404
 556  194 2452 96.041392 22.151811 0.0938372320749543 0.0012863292144615142 33 -0.5450512588389105 -0.1058202222131826 0.8316977851412565
 557  196 2453 96.059662 22.158356 0.06341820340039152 0.014782505897689657 132 -0.546959205761694 -0.10611607320731273 0.8304065307062541
 558  180 2489 95.895563 22.482338 -0.0083167075653584 0.014512923729838971 554 -0.5375197280495049 -0.10454399050276773 0.8367455383850837
 559  185 2489 95.943430 22.482949 -0.006707707971500951 0.028208399300477145 537 -0.5422156460431168 -0.1052783826293596 0.8336178113122293
 560  180 2484 95.895661 22.436757 -0.024160972630011664 0.017015798105624674 543 -0.5365856935218862 -0.10440977110198205 0.8373615665923939
 561  184 2485 95.931977 22.448527 -0.06053624332279844 0.029949471051682438 136 -0.5403947001658631 -0.10500390495882733 0.8348339643162852
 562  186 2486 95.949680 22.455335 -0.06028292007330391 0.017855169400259042 36 -0.5422625492589882 -0.10529391414635514 0.833585340151135
 563  187 2486 95.961867 22.455200 -0.011706426639009166 0.058838697427713985 37 -0.5434393052203047 -0.10547718046578379 0.8327954646506315
 564  186 2485 95.950526 22.443259 -0.15506943334371615 0.027300849868186337 39 -0.5420925377132898 -0.10527063539893282 0.833698850831804
 565  187 2485 95.963164 22.443688 -0.10814627270038063 0.06117916975109284 37 -0.5433326025968112 -0.10546387264024008 0.8328667687710315
 566  184 2483 95.933118 22.426555 -0.15053880330769048 0.054221897001963074 138 -0.5400607546659445 -0.10495808199547647 0.8350557959163456
 567  186 2483 95.951680 22.432337 -0.20373903115590414 0.018777871793820407 30 -0.541984753018726 -0.10525709426596909 0.833770634888226
 568  187 2483 95.963839 22.432531 -0.15596911551490908 0.05323125502969492 31 -0.5431739593396676 -0.10544251903120008 0.8329729437836646
 569  186 2482 95.951680 22.421338 -0.22744331591659123 0.010657760480041252 36 -0.541766417395747 -0.10522633700126097 0.8339164028746973
 570  187 2482 95.963678 22.421338 -0.18306856095376942 0.07379307501030154 36 -0.5429294818630036 -0.10540761419595283 0.8331367310312802
 571  190 2489 95.992267 22.483798 0.12062853748869637 0.053275432367964067 552 -0.5469683095957558 -0.10601700110904819 0.8304131885837348
 572  195 2489 96.040654 22.484871 0.132388130676102 0.021153077453964237 555 -0.5516485511673379 -0.10674009240572091 0.8272184890754045
 573  188 2486 95.974522 22.455259 0.22942433678186858 0.04109468132204695 39 -0.544673709314281 -0.10566934588382453 0.8319642658926564
 574  189 2486 95.987305 22.455546 0.20032346170199544 0.041052723971697014 38 -0.5459187460577253 -0.10586285742339537 0.8311232027328529
 575  188 2485 95.975676 22.444336 0.1858545184135437 0.06540874485285464 30 -0.5445628316590045 -0.10565541538980258 0.832038614232738
 576  189 2485 95.987674 22.444336 0.23760196169217426 0.02863471910424895 30 -0.5457324736343173 -0.10583740291367343 0.8312487662339462
 577  191 2485 96.005671 22.450336 0.1158675014634024 0.05077205361456224 132 -0.5475951044268714 -0.10612462372501905 0.8299862443721262
 578  188 2483 95.975676 22.433337 0.20140178439517817 0.0986430581947438 36 -0.5443401844323987 -0.10562397352093611 0.8321882838815688
 579  189 2483 95.987674 22.433337 0.2951587604151832 0.017402903914740486 36 -0.5455120003135963 -0.10580645493701028 0.8313974089492469
 580  188 2482 95.975676 22.421338 0.2617432891080777 0.10907481983322369 36 -0.5440982873753832 -0.10558991022515225 0.832350782142853
 581  189 2482 95.987674 22.421338 0.4242454187737571 0.08750824105528202 36 -0.5452676495722922 -0.1057720462317448 0.8315620629669548
 582  191 2483 95.999672 22.433337 0.2586737705601586 0.052098065475838055 36 -0.5466776272891615 -0.10598758302489418 0.8306083337325926
 583  192 2483 96.011670 22.433337 0.13328829490476185 0.03476457242531041 36 -0.5478317845920727 -0.10616661572056321 0.8298246715403845
 584  191 2482 95.999422 22.421963 0.46090699080377817 0.11607645511910555 32 -0.5464220188288408 -0.10595132695499296 0.8307811346290249
 585  192 2482 96.011670 22.422338 0.24826609541972477 0.07708695099391641 30 -0.547609376307632 -0.10613547932250127 0.8299754400034673
 586  195 2484 96.041925 22.439765 0.06953234609119512 0.03331814067390236 538 -0.5508740555909476 -0.1066349909624045 0.8277480012535394
 587  180 2479 95.897661 22.392144 -0.07049220822792236 0.03307020854616696 549 -0.5358597638902227 -0.10430778462029164 0.8378390057231292
 588  184 2480 95.933683 22.404339 -0.17585234073075381 0.02228416900113186 132 -0.5396640858302951 -0.10490242965581636 0.8353191933131061
 589  186 2481 95.951680 22.409339 -0.22338197338912222 0.013279042834187167 36 -0.5415197923149033 -0.10519119689403077 0.8340810072332454
 590  187 2481 95.963516 22.410145 -0.14765772776257607 0.11004549856411198 31 -0.5426892280918613 -0.10537343774815679 0.8332975700973784
 591  186 2480 95.951680 22.398339 -0.1791389688849449 0.01579044904261359 30 -0.5412969880124313 -0.10515960771405942 0.83422960129337
 592  187 2480 95.963820 22.399196 -0.11369374586003167 0.09095477392667238 35 -0.5424954632726362 -0.10534642227533599 0.8334271435718869
 593  184 2478 95.933683 22.381341 -0.14513164003276163 0.015530543915657101 144 -0.5391882879032824 -0.10483422409223489 0.8356349535813506
 594  186 2478 95.951680 22.387340 -0.15352887225647768 0.012653468332250832 36 -0.5410754655654414 -0.10512826680428411 0.834377245664015
 595  187 2478 95.963678 22.387340 -0.08564143007000287 0.08006045210801606 36 -0.54223873877254 -0.10530979163998416 0.8335988231512256
 596  186 2477 95.951407 22.375795 -0.13780821724371475 0.016093008663059058 33 -0.5408121380799464 -0.10509040878039988 0.834552716901554
 597  187 2477 95.963678 22.376341 -0.0956585317850113 0.05449800997510991 30 -0.5420211351212628 -0.10527922856250445 0.8337441892541991
 598  180 2474 95.897683 22.346518 -0.08834180351896365 0.04104298657969896 549 -0.5349237723625682 -0.10417298253570922 0.8384536644746771
 599  184 2475 95.933683 22.358342 -0.15324909731068395 0.011897239398309155 132 -0.5387282600656678 -0.10476894333844457 0.8359397886919632
 600  186 2476 95.951952 22.364887 -0.13887616314671256 0.016368753516259903 33 -0.5406648343393056 -0.10507112516946782 0.8346505829174705
 601  187 2476 95.963678 22.365342 -0.11183501366111967 0.026754196460870905 36 -0.5418015849786016 -0.10524825139331484 0.8338907890685234
 602  186 2475 95.952218 22.353112 -0.14795554811373735 0.01595114507323891 39 -0.5404505672016513 -0.10504098529399325 0.834793133548594
 603  187 2475 95.965139 22.353573 -0.09465272094194706 0.04567549551202155 39 -0.5417110796964114 -0.1052377908508609 0.8339509059357024
 604  184 2473 95.935117 22.336561 -0.16024283740831458 0.00010787954157663612 138 -0.5384266728750248 -0.10472791242388348 0.836139212270341
 605  186 2473 95.953679 22.342343 -0.1476572367052237 0.01574209308555309 30 -0.540377703344177 -0.10503276774507987 0.8348413354813481
 606  187 2473 95.965677 22.342343 -0.09393982812762261 0.043807055165345235 30 -0.5415414868177213 -0.10521467404285471 0.8340639606297034
 607  186 2472 95.953679 22.331344 -0.1545969910091824 0.011888921664945746 36 -0.5401444787598082 -0.1049993262601202 0.8349964572081824
 608  187 2472 95.965677 22.331344 -0.08986540356030066 0.04462788852754984 36 -0.5413150529190384 -0.10518239076253451 0.8342150071514753
 609  188 2481 95.975676 22.410339 0.4102417459090551 0.15414319030152465 30 -0.5438759457428847 -0.1055586314682397 0.8325000486275272
 610  189 2481 95.987674 22.410339 0.6904962450265885 0.12760655848554667 30 -0.5450442786419591 -0.10574055573445575 0.8317124919060883
 611  188 2480 95.975676 22.399339 0.32711346364683574 0.16600767708034075 36 -0.5436558072895218 -0.10552753954694864 0.832647765623343
 612  189 2480 95.987674 22.399339 0.813077805770768 0.159193626163795 36 -0.5448221205419679 -0.10570930865862561 0.8318620072049623
 613  191 2481 95.999907 22.411044 0.7364638868500205 0.12465607497886402 34 -0.5462496184453995 -0.10592784830634898 0.8308974938591659
 614  192 2481 96.011670 22.411338 0.39967211873994934 0.10936193871177391 36 -0.547389153781255 -0.10610462760830196 0.830124642642745
 615  191 2480 95.999672 22.399339 0.9022194792826971 0.1312947951037322 36 -0.5459881666258699 -0.10589069206422942 0.8310740540040218
 616  192 2480 96.011670 22.399339 0.43636082940631443 0.14591475279139865 36 -0.5471514430155526 -0.10607154414010489 0.8302855689036949
 617  188 2478 95.975676 22.387340 0.27423979383375907 0.1172954923159734 36 -0.5434121395558782 -0.10549314929306516 0.83281116829419
 618  189 2478 95.987438 22.387634 0.6228718091459835 0.09740891018995235 34 -0.5445598665834807 -0.1056719345009748 0.8320384570231135
 619  188 2477 95.975676 22.376341 0.23302056019504866 0.10095449614087292 30 -0.5431879016564785 -0.10546142623132199 0.8329614583348304
 620  189 2477 95.987924 22.376716 0.42414177767932415 0.09488571292164907 32 -0.5443861633301937 -0.10564810744170891 0.8321551433288248
 621  191 2478 95.999672 22.388340 0.562355204919974 0.2109798718382718 30 -0.5457661115949017 -0.10585952721110517 0.831223863909851
 622  192 2478 96.011670 22.388340 0.19401679535706837 0.0743679385091471 30 -0.5469295059691476 -0.10604045149948947 0.8304357519676815
 623  191 2477 96.000210 22.377110 0.2195884841374862 0.0988711482021907 39 -0.5455927582824329 -0.10583599366284993 0.8313406549394562
 624  192 2477 96.013131 22.377572 0.10307563077180813 0.015861353899513292 39 -0.5468547046812408 -0.10603216333116072 0.8304860699056349
 625  193 2481 96.023668 22.411338 0.18519362724489635 0.04036061137771063 36 -0.5485524305130518 -0.10628511519995672 0.8293332896159151
 626  194 2481 96.035666 22.411338 0.09674846484429306 0.022396873694654134 36 -0.5497075566140801 -0.10646389700909595 0.8285451350620644
 627  193 2480 96.023668 22.399339 0.18265400578578314 0.03196533339855057 36 -0.548315486209384 -0.10625214695540451 0.8294941885573002
 628  194 2480 96.035666 22.400339 0.11878850981593132 0.01465483118874056 30 -0.549487689122136 -0.10643332447937376 0.8286948937597498
 629  196 2480 96.054317 22.406138 0.06371039119984606 0.013462543736851885 139 -0.5513960044148511 -0.10672638671923088 0.8273886176961794
 630  193 2478 96.024304 22.388158 0.13669721556432318 0.013909080064015814 33 -0.5481500990676451 -0.1062299873994516 0.8296063275248347
 631  194 2478 96.037127 22.389571 0.11380607749407108 0.016727022389321302 39 -0.5494151009106205 -0.1064255195755609 0.828744023009786
 632  193 2477 96.025667 22.377341 0.12608255363172954 0.0075109858914393585 36 -0.5480651700896427 -0.1062201903806167 0.8296636911966899
 633  194 2477 96.037665 22.377341 0.12467905879020691 0.009078946674222325 36 -0.5492223397538352 -0.10639950841865503 0.8288751209462082
 634  196 2478 96.055434 22.383655 0.06226809924202306 0.03299806276729733 140 -0.5510557179380293 -0.10668101873810919 0.8276211427753657
 635  188 2476 95.976214 22.365111 0.17394869526227316 0.08519111293440218 39 -0.5430127048939627 -0.10543728356468751 0.8330787367099474
 636  189 2476 95.989135 22.365572 0.2926988540551601 0.016080426469116074 39 -0.544281592408807 -0.10563517994528228 0.8322251840234475
 637  188 2475 95.977532 22.353485 0.10856635485376631 0.060868534329720614 35 -0.5429129803531167 -0.10542545962909824 0.8331452263717831
 638  189 2475 95.989673 22.354342 0.2641077503561974 0.01932840901898188 30 -0.5441088013223662 -0.105611566981218 0.8323411615697673
 639  191 2475 96.007670 22.360342 0.13586136563257736 0.04940861494110224 132 -0.5459781914278793 -0.10590110497777995 0.8310792804838942
 640  188 2473 95.977837 22.342537 0.07947242115774462 0.045213991749388685 31 -0.542728591243095 -0.10540012146721253 0.8332685585343914
 641  189 2473 95.989673 22.343343 0.24421538578139412 0.03792385344763507 36 -0.5438873221107375 -0.10558033125155301 0.8324898645028799
 642  188 2472 95.977675 22.331344 0.0600488173464934 0.03392724900723957 36 -0.5424797048381362 -0.10536431705477235 0.833435138766245
 643  189 2472 95.989673 22.331344 0.25641050562262535 0.0858126193769436 36 -0.543645125960593 -0.10554612917717662 0.8326523834320092
 644  191 2473 96.001671 22.343343 0.24980556012855637 0.03599717203095586 36 -0.5450491349745126 -0.1057616242859558 0.8317066305446482
 645  192 2473 96.013669 22.343343 0.1318889483809471 0.03741986745548647 36 -0.5462241096532993 -0.10594464490016987 0.8309121218579238
 646  191 2472 96.001671 22.331344 0.4257439159684711 0.07071372307800698 36 -0.5448087561037058 -0.1057277991869598 0.8318684101177389
 647  192 2472 96.013419 22.331969 0.19912402285262942 0.07587586282312296 32 -0.5459686552728455 -0.10590834337327044 0.8310846228053376
 648  194 2475 96.031666 22.360342 0.13223307799886574 0.027266750743912983 132 -0.5483040095740707 -0.10626244318770937 0.8295004558484439
 649  196 2475 96.055898 22.360695 0.09459134509019992 0.04368460567867848 136 -0.5506429861256634 -0.10662453925913383 0.8279030797493084
 650  194 2473 96.031666 22.338344 0.05896506639141025 0.029940871698455152 132 -0.5478635120301514 -0.10620089598880345 0.8297993383205144
 651  196 2473 96.055662 22.338344 0.08589532418232976 0.019502469618284585 132 -0.5501752292672858 -0.10655923183551398 0.8282224020221348
 652  183 2506 95.915971 22.640311 -0.007031027382364669 0.015484473695134109 2191 -0.5427350130449109 -0.10531286764778224 0.8332754079672225
 653  192 2507 96.013026 22.642464 0.007050689274129776 0.024197638204257545 2191 -0.5521655137799782 -0.10677036400661372 0.8268695996116847
 654  182 2496 95.917833 22.550136 -0.008372233216956694 0.01596739491600183 2192 -0.5410838752081062 -0.10508185573375331 0.8343776384739282
 655  190 2499 95.990189 22.573984 0.02049378008585036 0.030870501392144194 558 -0.548578065945079 -0.10623847044260502 0.8293223094563249
 656  195 2499 96.038796 22.575197 0.08401918858289718 0.029929614094825925 550 -0.5532667821038825 -0.10696026306711225 0.8261085703132665
 657  190 2494 95.991251 22.529124 0.06005122467047638 0.034407611943684545 540 -0.5477792907336215 -0.10612869776102012 0.8298641745219036
 658  195 2494 96.039900 22.530007 0.1255963600706309 0.02257702039785181 544 -0.5524738210395592 -0.10685280112953643 0.8266529840003729
 659  187 2518 95.961771 22.742902 -0.00595746761199775 0.019488518996052404 5495 -0.549255610171247 -0.10629025421535655 0.8288670922133692
 660  212 2110 96.270327 19.065202 0.1417851038898031 0.0520224845312861 60 -0.44639101878148074 -0.08853907710810904 0.8904470170515909
 661  215 2109 96.296980 19.058346 -0.06085744469983285 0.059828387366700396 537 -0.5055635103040744 -0.10020427623875225 0.8569507804258597
 662  215 2104 96.299505 19.014280 -0.04233310502598581 0.05447546794340191 485 -0.500555803883307 -0.0992411601282237 0.8599971391435791
 663  216 2099 96.304083 18.969573 0.06757743292002755 0.03146034504716417 401 -0.4983908513342648 -0.09883637660551776 0.8613001393044117
 664  216 2094 96.309190 18.924396 -0.04716966343506918 0.06441928988012546 295 -0.4953878646134681 -0.09826395812588065 0.8630962044448715
 665  210 2129 96.250278 19.239447 0.10532059322866037 0.0445836009911606 443 -0.4987050505299586 -0.09882693059055235 0.861119335728772
 666  214 2130 96.281625 19.250556 0.050308262618879475 0.029734560554505445 132 -0.5081804203823843 -0.10060201665626727 0.8553548354833069
 667  216 2130 96.305621 19.250556 -0.05603060089616162 0.029912134848023252 132 -0.5107254270817004 -0.10103372765079578 0.8537866970205142
 668  214 2128 96.281625 19.227558 0.05876938207075 0.020761698969496378 144 -0.5076722785932583 -0.10052140795740418 0.8556660003121488
 669  216 2128 96.305538 19.228468 -0.03794647197246103 0.03562101902107428 133 -0.5102320773497265 -0.10095576655825031 0.8540908385189591
 670  211 2124 96.255419 19.194426 0.06417363985000472 0.042329571686709665 342 -0.4956546630704752 -0.09824539378099 0.8629451301081152
 671  214 2125 96.282058 19.204796 0.059125691857628934 0.01582513036961008 127 -0.5072144748737959 -0.10044923687228785 0.8559459254475569
 672  216 2125 96.305698 19.205482 -0.053455018262554714 0.04787924391075074 143 -0.5097422841720575 -0.1008784980592124 0.8543923761108657
 673  214 2123 96.283455 19.182422 0.06096908705165753 0.02621932588165149 130 -0.5068685018759962 -0.10039594592298068 0.856157097645177
 674  216 2123 96.306621 19.182561 -0.07358435967564583 0.03964791330273918 125 -0.5093359879797207 -0.10081534709557032 0.8546420988570136
 675  211 2119 96.260701 19.150280 0.09594285128419457 0.062119531367881335 247 -0.49496547305036837 -0.09813087447923019 0.8633536424675388
 676  214 2120 96.283425 19.160296 0.01348619485894839 0.05083479738177654 135 -0.5063795105665204 -0.10031829561585012 0.8564555042984674
 677  216 2120 96.307621 19.160562 -0.10718482032869801 0.005080672284494356 132 -0.5089584889089561 -0.10075684718588437 0.8548738587140632
 678  214 2118 96.283816 19.137330 -0.05844243123123409 0.02907151475643164 141 -0.5059176233665388 -0.1002454602421371 0.8567369526686679
 679  216 2118 96.307480 19.137719 -0.0570827338083739 0.03085685134991866 142 -0.5084407507449895 -0.10067467468155748 0.8551915650072994
 680  212 2114 96.265220 19.106166 0.06498518188794454 0.12067598770176645 135 -0.48598291038424823 -0.09637337911935183 0.8686384648468967
 681  215 2114 96.295706 19.103654 -0.07472655245647677 0.03580092516846892 530 -0.5064402177299383 -0.10034273149251158 0.8564167455755839
 682  206 2149 96.206851 19.420076 0.04398561524676865 0.04580947315108065 290 -0.4958082334906383 -0.09822738822199589 0.8628589547579477
 683  207 2144 96.211226 19.375625 -0.04259116409553422 0.0531630884780678 180 -0.4921877955235244 -0.09753483008461526 0.8650075900580634
 684  209 2150 96.231633 19.430544 0.056205758175840885 0.013175783057521392 132 -0.5068561491559105 -0.10033305837660757 0.8561717826812781
 685  211 2150 96.255629 19.430544 0.0013704792681065473 0.03955542582931568 132 -0.5093997425527255 -0.10076387112958939 0.8546101711085565
 686  209 2148 96.231633 19.407545 0.040092908622076116 0.01524391368351357 144 -0.506341880492358 -0.10025126800464303 0.8564856001842203
 687  211 2148 96.255368 19.408024 -0.04915559564487658 0.06015775336166655 138 -0.5088732346210323 -0.1006802840841503 0.8549336298702156
 688  215 2149 96.291176 19.419356 -0.09553215893625523 0.0236048486116158 518 -0.5129047171584655 -0.10135874029300437 0.8524407057871004
 689  210 2144 96.243833 19.373807 -0.05941704810642348 0.04731564349827347 534 -0.5068923454272424 -0.10035284254508839 0.856148034594713
 690  215 2144 96.291623 19.374548 -0.10032531527964317 0.019143873962799863 552 -0.5119700923755315 -0.10121246121276714 0.85301973142961
 691  210 2139 96.245031 19.328351 -0.03203892017611199 0.03418714400590643 540 -0.5060123080714097 -0.10021450180574289 0.8566846547639753
 692  215 2139 96.291911 19.329643 -0.10730132698598835 0.023732117204850644 522 -0.5110136696778343 -0.1010622159358621 0.853610835165842
 693  209 2135 96.233633 19.294553 -0.03619127777038199 0.04745831020878117 132 -0.5040374907249553 -0.09988662246398133 0.857886280690179
 694  211 2135 96.257629 19.294553 -0.003639561448697791 0.024263950613423735 132 -0.5066064837034979 -0.10032386037035217 0.856320613853227
 695  209 2133 96.234767 19.272941 0.07191174132984225 0.0543365732737306 119 -0.49502418631601186 -0.09811473319199669 0.8633218137478247
 696  211 2133 96.257629 19.272555 0.06912413767228524 0.02753483297090318 132 -0.5061201351679622 -0.10024658874270281 0.8566172016852189
 697  215 2134 96.293527 19.284268 -0.08793796569122658 0.050073416735616404 544 -0.5101874100068794 -0.10093387581452316 0.8541201082889519
 698  210 2162 96.241204 19.535668 -0.013414567075438021 0.05873220490170112 6430 -0.5085767870671345 -0.1005503943717962 0.8551252948241835
 699  200 2189 96.142438 19.779001 0.03490675238658295 0.06714928410215702 533 -0.5010280546506514 -0.09914553184366975 0.8597331283418242
 700  205 2189 96.189418 19.779219 0.1005814097055765 0.04290379677600581 535 -0.5100780384540625 -0.1007915412905256 0.854202235943653
 701  199 2185 96.133481 19.745106 -0.056366072465362176 0.026657820732462215 89 -0.4967025023195313 -0.09834612890759292 0.8623309475592343
 702  201 2185 96.153646 19.744522 0.03241241937785438 0.05985687636438633 132 -0.505511146500633 -0.1000293025776496 0.8570021116598514
 703  199 2183 96.136403 19.722907 -0.13234512293583725 0.044006469237241316 73 -0.4865765251298381 -0.09635088817637967 0.8683085808283797
 704  201 2183 96.154740 19.722492 -0.05817222691257484 0.07416996050322801 128 -0.5051368181568139 -0.09997119450714209 0.8572295813906711
 705  205 2184 96.190030 19.734379 0.07851588826578337 0.04306045453839976 541 -0.5091507451364788 -0.10064629942478238 0.8547723914230416
 706  210 2189 96.237806 19.780035 -0.04310176829221072 0.037481578530063814 540 -0.5151789930315015 -0.1016478823396035 0.8510336733378547
 707  215 2189 96.285066 19.780354 -0.053870093760048046 0.03822509908051803 543 -0.5201189613030442 -0.10247365872912785 0.8479241801952039
 708  209 2185 96.225552 19.746432 0.0020015662381971688 0.014323534235584117 133 -0.5131609278823653 -0.10131813463367492 0.852291322077881
 709  211 2185 96.249630 19.746522 -0.04160644257949157 0.05356186934473528 132 -0.515687812497291 -0.10174195896691801 0.850714202201499
 710  209 2183 96.225711 19.723447 0.009604390606388345 0.01359553228690155 143 -0.5126747644190683 -0.10124230331132417 0.8525928582553755
 711  211 2183 96.249379 19.723919 -0.07417617364377856 0.041177571642141864 139 -0.5151695709179973 -0.1016609661730604 0.8510378141756841
 712  215 2184 96.285624 19.735523 -0.10698277482791155 0.024990036677181606 528 -0.5192031818940831 -0.10233274039049368 0.8485022487626249
 713  204 2177 96.178207 19.668278 0.025781690258206296 0.04762951009461046 1666 -0.5037816689039243 -0.09967796231374486 0.858060798490035
 714  213 2176 96.262936 19.667420 -0.03200819723918278 0.051474725951170835 2149 -0.5153578498301264 -0.10170676228999802 0.8509183398675543
 715  203 2206 96.162931 19.936615 0.009108121602467698 0.05963013288714939 2153 -0.5107968559512748 -0.10087459544414527 0.8537627820093078
 716  212 2207 96.258050 19.938636 -0.036741672880152905 0.05128954099493575 2147 -0.5207725275488473 -0.10254060066944475 0.8475148374894298
 717  199 2200 96.127395 19.880075 -0.1527077798208181 0.024524452782979638 137 -0.5058533416392504 -0.10005845913895253 0.8567967679135715
 718  201 2200 96.151647 19.880513 0.016459313983267002 0.06666216236908111 132 -0.5083823682376266 -0.10048318232061725 0.8552487928876742
 719  198 2198 96.121813 19.862708 -0.08388077756089549 0.038131986341640264 31 -0.5048117828030695 -0.0998849634040948 0.857431080629195
 720  199 2198 96.133649 19.863514 -0.043088764055735536 0.04959501919081775 36 -0.5061202138494761 -0.10010659977573695 0.8566335259691281
 721  198 2197 96.121794 19.851658 -0.08106873003499848 0.07931101776969485 35 -0.5045455857842601 -0.09984210255053275 0.8575927392555902
 722  199 2197 96.133649 19.851515 0.02162608504295349 0.0285879968414495 36 -0.5058227260541162 -0.10005842069032646 0.856814847126344
 723  201 2198 96.151506 19.857669 0.10059248207425567 0.023635490361152988 142 -0.5078418779223792 -0.10039708797759538 0.8555799505329063
 724  205 2199 96.187641 19.869514 0.044994517963266735 0.024347334697086064 528 -0.5118867396077706 -0.10107348759962922 0.8530862300601119
 725  199 2195 96.129394 19.834330 -0.029325255358866018 0.06867449350438935 129 -0.504966374067133 -0.0999171371227709 0.8573362973598411
 726  201 2195 96.152877 19.834670 0.0787685454178315 0.01367136776388037 130 -0.5074487653421217 -0.10033557164244171 0.8558203804630624
 727  199 2193 96.129650 19.812518 0.007692286688269991 0.023601199927143733 132 -0.5044996399991205 -0.09984311226003527 0.8576196512294876
 728  201 2193 96.153646 19.812518 0.05277896130626852 0.015782517547839835 132 -0.5070335163551898 -0.10027065994864764 0.8560740669159148
 729  205 2194 96.188596 19.824532 0.07927997918416034 0.01729238849141862 544 -0.5109903157327735 -0.10093387393882629 0.8536400004211504
 730  212 2197 96.259635 19.848372 0.009091225557828755 0.0497012198031031 2162 -0.5189506385009772 -0.10226029536838066 0.8486654622350314
 731  208 2221 96.208145 20.072861 -0.004604612953152252 0.03759423924947904 8624 -0.5184597932626664 -0.10211778116655265 0.8489825684545316
 732  208 2242 96.204899 20.253524 0.01978518737990075 0.033241599010421743 8648 -0.5220169882017863 -0.10265959119633207 0.8467344757148713
 733  207 2262 96.201601 20.434096 0.01391564816705498 0.02480360348517124 8642 -0.5255588670210363 -0.10319478919104796 0.8444754068529053
 734  208 2282 96.198466 20.614513 0.027623641563797117 0.024720858475268403 8651 -0.5290490216081231 -0.10371561937882505 0.8422293054936728
 735  207 2301 96.194997 20.794975 0.050442353418793 0.020247735293026873 8667 -0.5324875142513936 -0.10422353220064602 0.8399967276733837
 736  208 2322 96.191699 20.975549 0.05617164867111413 0.035870235063629734 8683 -0.5359638042807289 -0.10473423557334051 0.8377192491520036
 737  203 2347 96.139381 21.200511 0.09235360729529561 0.02299345773250074 2170 -0.5352973985893591 -0.10455917573025433 0.8381670918343637
 738  212 2347 96.235499 21.202066 0.06023016825160325 0.021425003366285736 2169 -0.5450507069655661 -0.10612372591148102 0.8316594745657632
 739  202 2337 96.140998 21.110257 0.12186439744733854 0.030491907822294738 2173 -0.533586330771172 -0.10431006283004586 0.8392884119339128
 740  213 2337 96.237303 21.111826 0.05779727697714992 0.023261933326985614 2175 -0.5434439165035333 -0.10589816060111369 0.8327390282655194
 741  207 2361 96.184845 21.336436 0.09150792087392444 0.034912158622364 8682 -0.5425668890766207 -0.10567742727391344 0.8333387379946314
 742  208 2381 96.181457 21.516847 0.04964794163880948 0.03356942036976103 8717 -0.5458888553148268 -0.10614704381507827 0.8311065892726324
 743  202 2407 96.128661 21.741849 0.06874065792620646 0.038713676534445074 2183 -0.5452844013260583 -0.10598294753816198 0.8315242248435132
 744  213 2407 96.225342 21.743572 0.018931551746330585 0.023069194191911505 2181 -0.5546941917796312 -0.1074553227342817 0.8250864846923703
 745  200 2399 96.105876 21.673691 0.10510158491468875 0.013995608964083495 535 -0.5416701498218577 -0.10543401600821665 0.8339527067288321
 746  205 2399 96.153826 21.674253 0.04673997571410464 0.02162639041169703 556 -0.5463910938509857 -0.10617921437196143 0.8307723797741932
 747  200 2394 96.107083 21.628518 0.1554536418672751 0.02630138058422141 559 -0.5408684651030203 -0.10532071906548304 0.8344871776082797
 748  205 2394 96.155505 21.629500 0.05719608325237608 0.027599554780685636 531 -0.5456374959294638 -0.10607413909470392 0.8312809393046023
 749  213 2397 96.227151 21.653228 0.023149799618709534 0.027206456063808285 2182 -0.5530622074607537 -0.10723063909565787 0.8262104966155871
 750  207 2422 96.174262 21.878086 0.010962318261834475 0.030296193919138095 8725 -0.5524224321841213 -0.10705436058793312 0.8266612488189397
 751  207 2441 96.170784 22.058399 0.0020353308354703306 0.02158072794084588 8728 -0.5556806238833206 -0.1075004065641331 0.8244165857315036
 752  208 2461 96.167292 22.238798 0.044301189128192475 0.030201751713259447 8755 -0.5588466160753782 -0.10792480733538001 0.8222181557608175
 753  208 2482 96.163583 22.419344 0.07146058960287012 0.04034785594054964 8765 -0.5621282348577734 -0.10836799818583359 0.8199196451755983
 754  207 2502 96.159726 22.599824 0.09976382007331733 0.04135115717978074 8773 -0.5652500393625772 -0.10877743789371322 0.8177162478548927
 755  207 2518 96.156367 22.744677 0.043680781575607015 0.05350114659218036 5318 -0.5677809771619623 -0.10910916022762972 0.8159166336871855
 756  233 2004 96.482654 18.108709 -0.0875114357974353 0.029186398304899823 1366 -0.4972917169679361 -0.09883015139204726 0.8619359311520243
 757  231 2022 96.464923 18.279124 -0.11864168774147939 0.036724228520211816 3061 -0.5030230993509784 -0.09987678297592299 0.8584826088755182
 758  230 2042 96.446403 18.456609 -0.08659712645147699 0.027393342078669256 4745 -0.5064548640357615 -0.10046057471318348 0.8563942687937697
 759  228 2062 96.428207 18.635492 -0.09670222247990731 0.03803992276813971 6403 -0.5087821357801978 -0.10082093611074511 0.854971272706103
 760  227 2082 96.413287 18.813184 -0.0924301676146773 0.03579393518024517 7801 -0.5120201204001305 -0.10135157165196886 0.8529731855276061
 761  227 2102 96.410586 18.992759 -0.11132271673597567 0.03296680464857244 8035 -0.5161350967811854 -0.10201538620257396 0.8504101497798672
 762  222 2126 96.365406 19.217464 -0.1074065443682737 0.019223917066810287 2157 -0.5162989109600317 -0.10198407007011875 0.8503144618277513
 763  230 2129 96.435852 19.241350 -0.14645490162710764 0.041138609505818 527 -0.5242469030063035 -0.10331597041103849 0.845275691680723
 764  235 2129 96.479674 19.241661 -0.12426981114997314 0.029139983512430422 442 -0.5287819728826381 -0.10407381618923725 0.842352815593415
 765  230 2124 96.437688 19.196010 -0.1307867123056411 0.039555343329222 538 -0.523429518134576 -0.1031910217264708 0.845797347229496
 766  234 2125 96.472018 19.208135 -0.19469529593532736 0.03168635503373793 132 -0.527265825601771 -0.10383039861540953 0.8433326730750137
 767  236 2125 96.491590 19.208559 -0.22263782970945944 0.08049276012017874 88 -0.5293099865821951 -0.10417197357682541 0.8420089892783008
 768  234 2123 96.473849 19.184999 -0.21430885617750406 0.05702336127571691 137 -0.5269618851059513 -0.10378639132706828 0.8435280413957125
 769  236 2123 96.492590 19.185561 -0.3106577999535061 0.01191699188663768 84 -0.528933355423187 -0.10411638014657533 0.8422525066189726
 770  223 2116 96.367040 19.126985 -0.09788707527690878 0.01618596025102119 2141 -0.5144972054797039 -0.10170388858251088 0.8514393370057385
 771  230 2119 96.437484 19.150684 -0.10526757961468185 0.018743506510122552 549 -0.5223855584471851 -0.10302737981232846 0.8464624547697486
 772  234 2120 96.473593 19.162562 -0.18065958752325087 0.04305427051705026 132 -0.5264553662658144 -0.1037082230687334 0.843853868746155
 773  236 2120 96.492590 19.162562 -0.29428263802032967 0.026580472200124387 77 -0.5284117138525918 -0.1040351632349447 0.8425899034963837
 774  234 2118 96.473593 19.140564 -0.16350916716637034 0.03458787540163789 132 -0.5259559314327447 -0.10363027699112347 0.8441748183175432
 775  236 2118 96.492590 19.140564 -0.2899032159672155 0.051145209198172 77 -0.5279453177281549 -0.10396383467085799 0.8428910146451011
 776  230 2114 96.438390 19.105904 -0.12364383713277273 0.013984206046608706 516 -0.5215067998410149 -0.10289216561409596 0.8470205782475565
 777  234 2114 96.480592 19.106566 -0.13354546133454387 0.04450824124566732 437 -0.5259165146644514 -0.10363253124443854 0.8441990985964545
 778  227 2142 96.407680 19.353917 -0.08783179914360188 0.042147812574108885 8316 -0.523755885544061 -0.10320029986655316 0.845594152336338
 779  223 2166 96.359656 19.578572 -0.03556515829864208 0.050784339827799015 2154 -0.5235731387660052 -0.10310674445116721 0.845718728426535
 780  229 2170 96.418776 19.613415 -0.10822379837433498 0.069907287103062 138 -0.5304713881827244 -0.10424534695115154 0.8412686930811863
 781  231 2170 96.441723 19.614006 -0.17701513518708467 0.07108033277736955 137 -0.5329043058785081 -0.1046498144593464 0.8396793537474706
 782  229 2168 96.419602 19.590533 -0.12898325910227318 0.0366984785590188 132 -0.5300462488286897 -0.10418090994708257 0.841544598999502
 783  231 2168 96.443591 19.590668 -0.02475940571971854 0.09469639622093323 133 -0.5325981838639707 -0.10460620882237062 0.8398789886767084
 784  233 2171 96.459595 19.619531 -0.2522975185679065 0.02837397411571883 36 -0.5349396327701498 -0.10498708480634632 0.8383419954383786
 785  234 2171 96.471593 19.619531 -0.07994027404735486 0.059815831180765076 36 -0.5361113521173052 -0.10517867913586834 0.8375691395856159
 786  233 2170 96.459595 19.608531 -0.20251295268535613 0.052665703483629644 30 -0.5346570629201607 -0.10494221090126518 0.8385278513208382
 787  234 2170 96.471593 19.608531 -0.08015552219003438 0.04179627751527401 30 -0.5358844324620665 -0.10514498928636674 0.8377185722381824
 788  236 2170 96.488591 19.614531 0.08967546272006902 0.06574290520735536 121 -0.5377281198197368 -0.10544625512939854 0.8364983899771217
 789  234 2168 96.466681 19.591497 0.05766081913180059 0.11840461480957663 139 -0.5351194539261466 -0.10502676102507848 0.838222255430124
 790  236 2168 96.488672 19.592240 -0.10734792782099752 0.06122025919844369 123 -0.5373640193056402 -0.1053961805907868 0.836738642511843
 791  229 2165 96.419602 19.568534 -0.13686161482650222 0.039758540598909604 132 -0.5295613698985044 -0.10410655359911813 0.841859003045601
 792  231 2165 96.443598 19.568534 -0.09443757064979184 0.10547640213043563 132 -0.5320906943848853 -0.10452767679162238 0.8402103651666984
 793  229 2163 96.419525 19.545613 -0.1463212866752923 0.07227540636161822 143 -0.529068816077991 -0.10403165810852029 0.8421778921136702
 794  231 2163 96.443598 19.546536 -0.2203862298505776 0.03550140240093466 132 -0.5316297006662883 -0.1044581938165687 0.840510765614607
 795  234 2165 96.467594 19.568534 0.1899569294217861 0.050171026917987756 132 -0.5347660651284933 -0.10497665423571703 0.8384540283476862
 796  236 2165 96.489808 19.569056 -0.02931562077416026 0.12266109398351756 115 -0.5369783559527813 -0.10533955982921597 0.8369933227769714
 797  233 2163 96.461595 19.551535 -0.005950464504874415 0.09462291961509785 36 -0.533623901332833 -0.10478808084019399 0.8392049749853465
 798  234 2163 96.473593 19.551535 0.11795614163080852 0.0437077442829603 36 -0.5349504187402818 -0.10501014144524473 0.8383322251251272
 799  233 2162 96.461595 19.540536 -0.19005009780327478 0.04888285555848419 30 -0.5333525667265065 -0.10474518694543435 0.839382800263392
 800  234 2162 96.473593 19.540536 -0.03719822100053231 0.05677624260148129 30 -0.5346539739751481 -0.10496279281584137 0.8385272447791308
 801  236 2163 96.489591 19.546536 -0.025746662051162935 0.07119268294196791 110 -0.5364390089506588 -0.10525638283195221 0.8373495587561796
 802  223 2156 96.361195 19.488311 -0.07026093404101523 0.023190598434428795 2141 -0.5217481998152399 -0.10282599869373459 0.8468799383514717
 803  230 2159 96.431994 19.512200 -0.188806246661453 0.06527092584483593 538 -0.5296439090430249 -0.1041370724440839 0.8418033022959696
 804  234 2160 96.467342 19.523933 -0.22753989953788922 0.0353425654904551 139 -0.5335755119438143 -0.10478686599509396 0.8392358939945447
 805  236 2160 96.489591 19.524537 -0.1829497300765731 0.033299605639826264 110 -0.5358649047032945 -0.10516520951041619 0.8377285256071679
 806  233 2158 96.461595 19.506538 -0.1920614426334699 0.026564660208881898 30 -0.53262262346193 -0.10463471661501082 0.839859938951387
 807  234 2158 96.473736 19.507396 -0.1619042682860579 0.04601133831932182 35 -0.5339601085911455 -0.10485803897393121 0.8389823562482548
 808  233 2157 96.461595 19.495539 -0.0402658816633953 0.0627338689257903 36 -0.5324135429720012 -0.10460386199792374 0.8399963400605508
 809  234 2157 96.473593 19.495539 0.025184232275933027 0.05637262085585179 36 -0.5337042190008354 -0.10481990986199739 0.8391499229084343
 810  236 2158 96.485591 19.507538 -0.11670938149715464 0.06730831324138511 36 -0.5351587149403695 -0.10505547759807855 0.8381935912723336
 811  237 2158 96.495590 19.507538 -0.19112483660380045 0.03173349522615333 24 -0.53617412008911 -0.10522299356836454 0.8375233934471207
 812  236 2157 96.485591 19.495539 0.08171599047879378 0.03807179492957788 36 -0.5349897589247832 -0.10503415675180643 0.8383041117405065
 813  237 2157 96.495590 19.495539 -0.0005040362011641264 0.058385034388566445 24 -0.5360452898691898 -0.10520935018664669 0.837607569117161
 814  230 2154 96.433067 19.466471 -0.10618773564793073 0.027428149414735523 539 -0.5288731392875359 -0.10402525162217441 0.8423015787502063
 815  235 2154 96.478172 19.467790 0.057796440259286555 0.0690555486390959 471 -0.5336219262729449 -0.10481548354980631 0.8392028087470704
 816  220 2189 96.332200 19.781676 -0.005940431667947586 0.02934948846987886 519 -0.5250743515298215 -0.1032992577237951 0.8447639840329666
 817  224 2190 96.367862 19.793123 0.017434056446277837 0.02767062194368113 139 -0.5289556524521063 -0.10393834958746778 0.8422604924986092
 818  226 2190 96.391607 19.793519 -0.010049223059063984 0.04952601922324554 144 -0.5314152122764039 -0.10434504691027527 0.8406604447376581
 819  224 2188 96.367780 19.770659 -0.0184133277203028 0.05587367144288358 130 -0.5285645771993581 -0.10388297388301473 0.8425127983996947
 820  226 2188 96.391607 19.770520 -0.15925609405067834 0.03622863124646785 132 -0.5309528933087616 -0.10427631070442897 0.8409610431601029
 821  220 2184 96.333616 19.736523 -0.09691321045376253 0.02468423324567581 552 -0.5242939659424711 -0.10318345888578469 0.8452626876236052
 822  225 2184 96.381002 19.736710 -0.16567747470703018 0.061125580415972304 534 -0.5292714740667936 -0.10401186088719294 0.842052990929874
 823  230 2189 96.427486 19.782640 -0.23897753487967077 0.07414050165598349 549 -0.5349482882114074 -0.10493351798382458 0.8383431789805553
 824  235 2189 96.475593 19.783520 -0.15920986827096026 0.07731330068098477 528 -0.5399188251203982 -0.10575138445730832 0.8350474878508235
 825  229 2185 96.415859 19.748708 -0.1918699763310972 0.07237703645825867 129 -0.5329919070068329 -0.10462009238986482 0.8396274550856205
 826  231 2185 96.439799 19.748789 -0.0454468399838165 0.07976433121199743 135 -0.5354193780115718 -0.10501953258463606 0.8380316148125954
 827  229 2183 96.417518 19.726447 -0.1710835836315883 0.06193881698958988 131 -0.5327915190073829 -0.1045966860451662 0.8397575427122846
 828  231 2183 96.440977 19.726366 0.05440392604787049 0.07704029648078854 127 -0.5351265851283045 -0.10497987391548678 0.8382235763575301
 829  234 2185 96.463595 19.749522 -0.03160766560015165 0.04807923624781194 144 -0.5378946326745654 -0.10542724244393284 0.8363937234882639
 830  236 2185 96.487335 19.750084 -0.1535036606836493 0.03642684927099379 137 -0.540320207920234 -0.10582511257524724 0.8347784846661246
 831  234 2183 96.464028 19.726760 -0.02940242068739388 0.049936203327696424 127 -0.5374461191440375 -0.10536040351355772 0.8366904172921269
 832  236 2183 96.487843 19.727128 -0.16848625119427124 0.036048893744557706 139 -0.5399390127008977 -0.10577154007559625 0.8350318819503938
 833  223 2177 96.358204 19.668973 -0.09974515952537055 0.04951749750590435 2151 -0.525440945749656 -0.1033944632466386 0.8445243616969533
 834  229 2180 96.417462 19.703680 -0.14821060581631224 0.024954295365602806 142 -0.5323712097925222 -0.10453618097398869 0.84003159574591
 835  231 2180 96.441598 19.704525 -0.048814323631990134 0.05312370132379981 132 -0.5347524828240579 -0.10492576008285182 0.8384690614355079
 836  229 2178 96.417752 19.680706 -0.09563827942778814 0.03292903718213815 134 -0.5318883367483422 -0.10446245941509297 0.840346590285242
 837  231 2178 96.441598 19.681527 0.0036575255605081716 0.03568650717179363 144 -0.5343158142467287 -0.10486221873965304 0.8387553431882581
 838  234 2180 96.465594 19.704525 -0.054244709723262174 0.06781715450872496 132 -0.5371822945011362 -0.1053252673221604 0.836864248572019
 839  236 2180 96.488591 19.704525 -0.1818872881083449 0.02700451666805459 121 -0.5394561162027974 -0.1056969796980171 0.835353366650372
 840  234 2178 96.465343 19.681922 0.11190730015740549 0.07177203301504526 139 -0.5367344472977301 -0.1052602180637056 0.8371597336095313
 841  236 2178 96.488591 19.682526 0.01142437392768781 0.1457283478087938 121 -0.5389930086360718 -0.1056278172705038 0.835660996373592
 842  230 2174 96.429557 19.647486 -0.22351418674302012 0.06981490751227037 529 -0.5324123240975687 -0.10455963620658983 0.8400026188205434
 843  233 2176 96.459595 19.664528 -0.03632195002088944 0.07146688324311051 30 -0.5358242335438074 -0.10511704822038918 0.8377605844873722
 844  234 2176 96.471736 19.665385 0.06353574075869152 0.07654855780384999 35 -0.537057857878926 -0.10531923070292706 0.8369448709052724
 845  233 2175 96.459595 19.653528 -0.25814828897515935 0.02665294309515425 36 -0.5356327213089681 -0.10509014851171616 0.8378864174510379
 846  234 2175 96.471593 19.653528 -0.15163146435386604 0.0595732556186068 36 -0.5368400865783516 -0.1052884540526781 0.8370884438849606
 847  236 2175 96.488591 19.659528 0.06608346743847836 0.07439338222831553 132 -0.53859335329716 -0.10557189413486581 0.8359256994212447
 848  233 2173 96.459346 19.642154 -0.31545037403702736 0.010114982649535639 32 -0.5353760819311426 -0.10505156913395822 0.838055259943252
 849  234 2173 96.471593 19.642529 -0.24229947825272877 0.024438578165609445 30 -0.5366739950590708 -0.10526657436967149 0.8371976895260825
 850  233 2172 96.459831 19.631236 -0.30232836788191514 0.022343175588879077 34 -0.5352621281910543 -0.10503840175060065 0.8381296965756927
 851  234 2172 96.471593 19.631530 -0.2121047849456469 0.04743469875741091 36 -0.5364456655678637 -0.10523243974938737 0.8373483035856963
 852  236 2173 96.483592 19.642529 -0.10078317994872729 0.05130510996158981 30 -0.5378143672307658 -0.10545192615858871 0.8364422261397464
 853  237 2173 96.494590 19.642529 0.014038950577378273 0.04921659238385556 25 -0.5388987938087967 -0.10562906025861345 0.8357215993740418
 854  236 2172 96.483592 19.631530 -0.035818306263536215 0.08817494657664245 36 -0.5375729222159635 -0.1054152626700652 0.8366020414129951
 855  237 2172 96.494590 19.631530 0.07800455341736476 0.05053623139301447 30 -0.5386225738275214 -0.10558591735438586 0.8359051004868011
 856  222 2207 96.353595 19.939944 -0.11595395703795296 0.07282315965071592 2167 -0.5308906404779878 -0.10422263486413028 0.8410069977323912
 857  229 2210 96.413434 19.974368 -0.16143086501038992 0.04437663823614029 130 -0.5377070046415326 -0.10533227534028325 0.836526322915824
 858  231 2210 96.436971 19.974413 -0.16412169590245845 0.03246914816614052 129 -0.5401971358705248 -0.10574235444502166 0.834868617731979
 859  229 2208 96.413520 19.952418 -0.04922227477444742 0.039809458222402644 133 -0.5371145975530807 -0.1052376271408328 0.8369187242075298
 860  231 2208 96.437599 19.952508 -0.06996117549186404 0.06859231113249722 132 -0.5396918281003803 -0.1056633563078515 0.8352053554757833
 861  234 2210 96.460550 19.975048 -0.2605946716061212 0.04499743074881788 133 -0.5426164944252214 -0.10613760241107204 0.8332479518919401
 862  236 2211 96.477593 19.981506 -0.25285630859434605 0.06007634500097071 36 -0.5442460360988689 -0.10639403412359037 0.8321517660220261
 863  237 2211 96.489591 19.981506 0.0735824021200339 0.03870810382807069 36 -0.5453881613220442 -0.10657744121382454 0.8313801792886776
 864  236 2210 96.477887 19.969742 -0.2853190237108399 0.03583586823088762 34 -0.5441181844531429 -0.10637980984481503 0.8322371881890382
 865  237 2210 96.489591 19.969507 0.025056239010559186 0.10168100890863278 36 -0.5451662987305501 -0.1065463765363038 0.8315296605506125
 866  234 2208 96.461595 19.952508 -0.22875350820973064 0.05277791135647576 132 -0.5421547649860297 -0.106066552654011 0.8335574948442591
 867  236 2208 96.485422 19.952369 -0.17108928475242394 0.08525950748706912 130 -0.5443434894975963 -0.10641659637358047 0.8320851359433378
 868  230 2204 96.425643 19.918471 -0.07810119420168296 0.06534434835565571 551 -0.5376323242532584 -0.10533278916252171 0.8365742569821779
 869  234 2205 96.461595 19.930509 -0.1789184654639526 0.04471122532336005 132 -0.5415900697777943 -0.10597824511724747 0.8339357336629438
 870  236 2205 96.485591 19.930509 -0.09548718627598701 0.036321164292605 132 -0.5438629972325612 -0.10634421175708184 0.8324085228221657
 871  234 2203 96.461595 19.907511 -0.15324555127881467 0.041905981847260035 144 -0.540947844341653 -0.10587575845337344 0.8343654795555971
 872  236 2203 96.479592 19.913510 -0.12393243279722002 0.024678019191571934 36 -0.5428687210408636 -0.10618655222401344 0.8330774080733637
 873  237 2203 96.491590 19.913510 -0.053986052620328136 0.045803789812184706 36 -0.5440565627628395 -0.10637962349358089 0.832277497124636
 874  236 2202 96.479449 19.901654 0.01253075690141746 0.07470458723922445 35 -0.5426811878568979 -0.1061622568231636 0.8332026785677293
 875  237 2202 96.491590 19.902511 -0.04177178212751945 0.05014547473454183 30 -0.5439854982744213 -0.10637641342259312 0.8323243576481919
 876  223 2196 96.355307 19.849309 -0.07396248853653116 0.06021654734325748 2156 -0.5290111322613114 -0.10393502636701213 0.8422260576814836
 877  230 2199 96.425722 19.873291 -0.020838306067546584 0.12530863766178826 530 -0.5366792805160211 -0.10519017381979325 0.8372039041933379
 878  234 2200 96.461595 19.884513 -0.10134066294201395 0.09021008066228986 132 -0.5404756038276194 -0.10580615797677352 0.83468028525979
 879  236 2200 96.485843 19.885117 0.19077324982491328 0.07320496554675733 139 -0.5429543156338839 -0.10621122682799652 0.8330184790448725
 880  234 2198 96.461595 19.862514 -0.019883064623696333 0.07073311375327883 132 -0.5400116560744027 -0.10573725132732646 0.8349892484251058
 881  236 2198 96.485591 19.862514 0.16325157505431862 0.06916343951026185 132 -0.5423781250607858 -0.10612207798688171 0.833405107987282
 882  229 2195 96.415752 19.838695 -0.19755976519255497 0.07545965896348293 134 -0.5349360778594221 -0.10491459461461763 0.8383533386593202
 883  231 2195 96.439522 19.839439 -0.15580076713870455 0.05535361188526606 143 -0.5372486483930478 -0.10529043011652806 0.8368260363574499
 884  229 2193 96.415603 19.816517 -0.17551895098365616 0.05700197268188697 132 -0.534376882057683 -0.10482706299522815 0.8387208324502877
 885  231 2193 96.439599 19.816517 -0.20515285488782506 0.041309648735011785 132 -0.5368406335614334 -0.10523263166996615 0.8370951125106226
 886  233 2196 96.456949 19.845398 -0.10641729776911876 0.01946137037083249 34 -0.5391175480625156 -0.10559426877206847 0.8355848968079506
 887  234 2196 96.468241 19.845633 -0.09115590133211192 0.031627954921350024 34 -0.5403123424325086 -0.10579115070815576 0.8347878802707548
 888  233 2195 96.457596 19.833516 -0.17595154026316273 0.04033638066474878 36 -0.5390059357815438 -0.10558173521335289 0.8356584819060953
 889  234 2195 96.469594 19.834516 -0.10448967864116034 0.020322331451349263 30 -0.5403141148477325 -0.10579798339707037 0.8347858671572157
 890  236 2196 96.479735 19.845658 0.08795127623847553 0.025769277211825793 35 -0.5414523162469642 -0.10597688219045841 0.8340253531350154
 891  237 2196 96.491590 19.845515 0.09098167200055388 0.014071109164733727 36 -0.5426566981300521 -0.10617393520100374 0.8332171406413352
 892  236 2195 96.481419 19.834378 0.06469651452940085 0.039984174323399256 29 -0.5414620295186133 -0.10598425262206423 0.8340181105861711
 893  237 2195 96.492804 19.834444 0.10676665657332965 0.006702313450397766 28 -0.5425977512852405 -0.1061694071910303 0.8332561054543227
 894  234 2193 96.463856 19.817039 -0.1779790309028349 0.04061951191315082 138 -0.5393766294699981 -0.10565022127550648 0.835410607022691
 895  236 2193 96.481592 19.823517 -0.03750286385830906 0.05869780046648328 36 -0.5413472760626984 -0.1059721163069306 0.8340941417279749
 896  237 2193 96.493590 19.823517 0.07835164490259355 0.038016495905182406 36 -0.5424839970534755 -0.10615546975279969 0.833331944174977
 897  236 2192 96.481592 19.811517 -0.1707945346004433 0.060828721498354055 36 -0.541144173820165 -0.10594399854448161 0.8342294961896863
 898  237 2192 96.493590 19.811517 -0.051941877955363855 0.061474090847769954 36 -0.5422961517101059 -0.10613055933706365 0.8334573703646827
 899  222 2227 96.350637 20.120467 -0.033966541776303635 0.04240516317031552 2150 -0.5342500438665296 -0.10471630755693669 0.8388154657374005
 900  230 2229 96.421866 20.144048 -0.03603872872351939 0.06112972186585658 541 -0.5421181616636889 -0.10599863302717197 0.8335899403128335
 901  234 2230 96.457344 20.155890 0.12562168276996064 0.01839249855802786 139 -0.5457809728360349 -0.10658437295311181 0.8311214719475988
 902  236 2230 96.481592 20.156494 0.09980598354542797 0.044282425850972966 132 -0.5480180324552252 -0.10693961208274354 0.8296024080675611
 903  234 2228 96.457851 20.132933 -0.09026754788891242 0.07899728390016503 137 -0.5455367095510204 -0.10655807710883074 0.8312851945843341
 904  236 2228 96.481592 20.133495 -0.10378679141609205 0.06969202372033528 144 -0.5477638833776978 -0.10691324575306632 0.8297736353666151
 905  230 2224 96.422757 20.098583 -0.10442935987083564 0.045196481097795525 542 -0.541196978705586 -0.10586117352315899 0.8342057553027582
 906  234 2225 96.457596 20.110497 -0.09872480374619816 0.02819693478301909 132 -0.5450910283650561 -0.10649465172842022 0.8315856299559103
 907  236 2225 96.481592 20.110497 -0.17884107032847224 0.08366714807228101 132 -0.5473738493253081 -0.10686056417315286 0.830037763538136
 908  234 2223 96.459340 20.088312 -0.07086985763306766 0.037316716501636316 129 -0.5448307308371565 -0.10646047283849185 0.8317605679872392
 909  236 2223 96.476240 20.093616 -0.08694970980286598 0.060621887883887816 34 -0.5464620728959425 -0.10671773273221263 0.8306566850430842
 910  237 2223 96.487500 20.093953 -0.11991907272374991 0.040972373077991724 33 -0.5475222353233916 -0.10688686852539757 0.829936503091237
 911  236 2222 96.477592 20.082499 0.016722677399714787 0.034134955068038035 30 -0.5463921766078236 -0.10671074174211509 0.8307035614096117
 912  237 2222 96.489558 20.082757 -0.026994645475379882 0.032665858849481436 31 -0.5475907098251597 -0.10690467726472769 0.8298890314325778
 913  220 2219 96.327659 20.052461 0.002643692298723003 0.029838354762956543 551 -0.5305212169451089 -0.10412618629556272 0.8412520286445808
 914  225 2219 96.375361 20.052866 0.0412022823135113 0.04495197004891601 543 -0.5356230345486825 -0.10497086121761788 0.8379075624172947
 915  220 2214 96.328508 20.007032 -0.008618464419818193 0.048484336203213706 531 -0.5298261297458411 -0.10403040848981056 0.8417018155784067
 916  224 2215 96.363611 20.018503 -0.07304925419333758 0.04852350505892434 132 -0.5336737369447146 -0.10466056861089582 0.8391891967092447
 917  226 2216 96.381881 20.025048 -0.023336720737543972 0.031467147315070824 33 -0.5358006619233654 -0.10501139715204179 0.8377889096608164
 918  227 2216 96.393606 20.025503 -0.04316003817237086 0.0428416700152614 36 -0.537067356182745 -0.10522067970126964 0.836951171506486
 919  226 2215 96.381608 20.013504 -0.11223039569126235 0.025830635245559168 36 -0.5354978623575544 -0.10496434698609368 0.8379883801534915
 920  227 2215 96.393606 20.013504 -0.17998366678754488 0.03581230035387014 36 -0.5367491152616679 -0.10517020735188298 0.837161641949378
 921  224 2213 96.364983 19.996412 -0.13638973224532697 0.03400929727410585 129 -0.5332950804567577 -0.10460334749980231 0.8394370118433282
 922  226 2213 96.388326 19.996599 -0.2064887000597082 0.0438814556975045 128 -0.5356603764610403 -0.10499097367016115 0.8378811708932289
 923  230 2219 96.423752 20.053674 0.03761007561159313 0.058826901699475416 532 -0.5405237271095135 -0.10577067177690491 0.8346536200265967
 924  233 2221 96.453596 20.071500 -0.08744694851338863 0.02498308337385519 36 -0.543771372002366 -0.10628976943250015 0.8324753329106217
 925  234 2221 96.465594 20.071500 0.016595451678666804 0.055050777046745075 36 -0.5450409699856305 -0.10649792792385994 0.8316180207192767
 926  233 2220 96.453596 20.059500 0.05832785823278957 0.04618058403248224 36 -0.5436152922910404 -0.10627085308672887 0.8325796777315344
 927  234 2220 96.465594 20.059500 0.1700639319088724 0.07550781131262266 36 -0.5448363091144489 -0.10646987536699463 0.831755710476268
 928  236 2221 96.477593 20.071500 0.12915122053689426 0.04487925690046019 36 -0.546300071678412 -0.10670361616201701 0.8307650510114823
 929  237 2221 96.489591 20.071500 0.0866466537117958 0.039314878140185264 36 -0.5474704793280732 -0.10689240210861163 0.8299699323684808
 930  236 2220 96.477450 20.059643 0.29228889899594446 0.06623776913874178 35 -0.5460107561194577 -0.1066600062038573 0.8309608277641318
 931  237 2220 96.489591 20.060500 0.1935378536581993 0.019705288254481104 30 -0.5471879919461042 -0.10684843094400415 0.8301618602867723
 932  234 2218 96.459595 20.042502 0.20209534675108665 0.07499851228587334 132 -0.5438425397178462 -0.10631283654735463 0.8324258962685497
 933  236 2218 96.483843 20.043106 0.3019137923344434 0.0949886151039003 139 -0.5461901393181332 -0.1066908286258987 0.8308389728453748
 934  228 2216 96.405604 20.025503 0.005682930402043793 0.02069204050204239 36 -0.5383584223811996 -0.10543429948725008 0.8360943831547122
 935  229 2216 96.417602 20.025503 -0.013620713363505073 0.01482520352676048 36 -0.5395573731855904 -0.10562965626491415 0.8352964843445839
 936  228 2215 96.405604 20.013504 -0.16944145209466419 0.06275312360395266 36 -0.5379723316245849 -0.10537061570337329 0.8363508855454747
 937  229 2215 96.417460 20.013646 -0.17689202566232 0.056782187132032244 35 -0.5393122168881301 -0.10559368370715917 0.8354593387331084
 938  231 2216 96.429600 20.025503 -0.007464908787773715 0.004009667802492755 36 -0.5407829017457787 -0.10582979071376288 0.8344782253461719
 939  232 2216 96.441598 20.025503 -0.0416297045432859 0.026500265068875845 36 -0.5418173254099319 -0.10599318277096678 0.8337862022675288
 940  231 2215 96.429600 20.014504 -0.051878492906689645 0.04293860662341944 30 -0.5406250138378439 -0.1058102603306578 0.8345829996001534
 941  232 2215 96.441598 20.014504 -0.09277631801863512 0.017450333947295015 30 -0.5416618342353565 -0.10597356549484704 0.8338897173782025
 942  229 2213 96.411855 19.996734 -0.2846016031867675 0.03975678067254783 131 -0.538179649932468 -0.10540749059476817 0.836212846902677
 943  231 2213 96.435599 19.997505 -0.16360119567252696 0.036678377616803384 144 -0.5406607177862165 -0.10581446022710582 0.8345593377643913
 944  233 2216 96.453596 20.025503 0.03220099898883038 0.04830637257406873 36 -0.542889901673971 -0.10616340295514301 0.8330665558845883
 945  234 2216 96.465594 20.025503 0.05089451724456416 0.04463905167092455 36 -0.5439586728432926 -0.10633309758492267 0.8323474242145278
 946  233 2215 96.453596 20.014504 -0.05238226397583882 0.021544432612988346 30 -0.542750154667116 -0.10614709003167719 0.83315968750692
 947  234 2215 96.465594 20.014504 -0.08389202176282803 0.028813499300487155 30 -0.5438271143455354 -0.10631810697425095 0.8324353006882996
 948  236 2216 96.477592 20.026503 0.0968776283164819 0.061584647498856414 30 -0.5450882317322873 -0.10651326007827339 0.8315850798652332
 949  237 2216 96.489591 20.026503 0.06357142192622026 0.046848670589522065 30 -0.5462696138535821 -0.10670424551494999 0.8307849980406142
 950  236 2215 96.477593 20.015503 -0.11736313015636471 0.06762358938756337 36 -0.544878468732165 -0.10648343227822078 0.8317263570203487
 951  237 2215 96.489591 20.015503 -0.10516252554953098 0.042970162845153405 36 -0.5459959886698542 -0.10666204739921738 0.8309702690235286
 952  234 2213 96.459344 19.997900 -0.12701205995014245 0.047271455310922715 139 -0.5429736582455862 -0.10618857336966321 0.8330087594600197
 953  236 2213 96.483592 19.998505 -0.174867423589934 0.09412936148229005 132 -0.5451854999162822 -0.1065405293098458 0.8315178207924417
 954  223 2246 96.347762 20.300656 0.005097058518339512 0.034303553293056586 2168 -0.5377386352270443 -0.10523119729831944 0.8365187118644255
 955  230 2249 96.419519 20.324406 0.013539073074405843 0.06407419972983362 550 -0.5456302617766612 -0.1065095466170946 0.8312300126396742
 956  235 2249 96.467016 20.325074 0.0698915032701472 0.07937671685062908 531 -0.5501581300669491 -0.10723173121394641 0.8281469602323599
 957  230 2244 96.419519 20.279399 -0.08062712307316515 0.06055915489262934 530 -0.5446966791170739 -0.10637328437163962 0.8318595146602711
 958  234 2245 96.455852 20.290923 0.024136027266835645 0.060443100828121814 137 -0.5484444470589165 -0.10697069352726107 0.8293165615231232
 959  236 2245 96.479592 20.291485 0.12093617394566536 0.026718016101822565 144 -0.550707943177079 -0.10733118479674929 0.8277685534566996
 960  234 2243 96.455596 20.268486 -0.030494145752692766 0.07086660224333313 132 -0.5479449159773427 -0.10689729075063772 0.8296561566605508
 961  236 2243 96.479592 20.268486 0.06411370135505091 0.05102993000954887 132 -0.5502931886687492 -0.10727424999897023 0.8280517144429681
 962  223 2236 96.349283 20.210367 -0.04326785590044153 0.04374620349212056 2151 -0.5359478300443963 -0.10496512389751389 0.8377005707506008
 963  230 2239 96.420334 20.234482 -0.10730626058141025 0.06668042790620889 545 -0.54374460095844 -0.10623034060079882 0.8325004046031359
 964  234 2240 96.455596 20.246488 -0.16640902002991148 0.1182956905019646 132 -0.5473632624335489 -0.10680647710937058 0.8300517064530301
 965  236 2240 96.479592 20.246488 0.005016786399099863 0.060805344582380155 132 -0.549789765584861 -0.10719893182322722 0.8283958007342278
 966  233 2238 96.449597 20.229489 -0.16368762196766007 0.04757450515842976 36 -0.5463892069640971 -0.10665414983491964 0.830712782396019
 967  234 2238 96.461595 20.229489 0.027626193232006498 0.05238384128243514 36 -0.5475308900710677 -0.1068366642287647 0.8299372576252103
 968  233 2237 96.451111 20.217404 -0.021619390696287155 0.053971399465196454 35 -0.5462878485259329 -0.10664172008178781 0.8307810361887812
 969  234 2237 96.462766 20.217461 0.077188050534044 0.021845397863733084 35 -0.5473941272294132 -0.1068184183698026 0.8300298157124977
 970  236 2238 96.479577 20.224265 0.11153748231147652 0.022281654742337693 134 -0.5492229183514761 -0.10711163893905074 0.8287830130747602
 971  229 2235 96.409604 20.200491 -0.16115647085914106 0.043800706968408 132 -0.5420103809305665 -0.10596151094776758 0.8336647438636039
 972  231 2235 96.433600 20.200491 -0.06364572426360665 0.09239804616333193 132 -0.544373001163241 -0.10634327876929472 0.8320752025298688
 973  229 2233 96.409527 20.177569 -0.06305030392079086 0.0637685838630463 143 -0.5415591398425472 -0.10589658255293898 0.8339661934734579
 974  231 2233 96.433600 20.178492 -0.02860171895361308 0.057544612373744815 132 -0.5438950547841318 -0.10627215975843149 0.8323967788510744
 975  235 2234 96.469790 20.189793 0.11939412707062526 0.024641746825229998 535 -0.547531400810304 -0.10684994304739331 0.8299352112047512
 976  222 2267 96.344482 20.481386 0.055825705192432275 0.04056627877820637 2164 -0.5412507353553011 -0.10574744825058519 0.8341853023554392
 977  229 2270 96.403605 20.516469 0.12677107254664102 0.05110815647299667 132 -0.5478461091037352 -0.10679858294822513 0.8297341160999403
 978  231 2270 96.427601 20.516469 0.053631114180792465 0.07648119048435953 132 -0.5501736053663934 -0.10717010251382518 0.8281446571012339
 979  229 2268 96.403605 20.493471 0.1293583122961637 0.04269215816548257 144 -0.547330910300453 -0.10672187273585186 0.8300839213654425
 980  231 2268 96.421602 20.499470 -0.0546932773043712 0.054161921942786635 36 -0.5491787332236665 -0.10701422010882082 0.8288248763576958
 981  232 2268 96.433600 20.499470 -0.09793023144205411 0.029414133979708944 36 -0.5503492836665723 -0.10720170684420341 0.8280238281700473
 982  231 2267 96.421602 20.488471 -0.03734183584650357 0.07216767825064618 30 -0.5489981014605275 -0.1069907411109441 0.8289475652351402
 983  232 2267 96.433600 20.488471 -0.1535246305167675 0.020810428035402315 30 -0.550105650374875 -0.10716559954997842 0.8281903813126119
 984  234 2270 96.451597 20.516469 0.011112759651785547 0.035836990977292614 132 -0.5524262147050383 -0.10752640611175647 0.8265974529935067
 985  236 2270 96.475845 20.517073 0.00778066833242238 0.016554416500073936 139 -0.5548226567587335 -0.1079084322182924 0.8249409614047364
 986  234 2268 96.451597 20.494471 -0.12486254141637773 0.05948563537148254 132 -0.5519539823678329 -0.10745763836068524 0.8269217963666421
 987  236 2268 96.475593 20.494471 -0.06726875833489677 0.03804037314846431 132 -0.5543466697915924 -0.10784078834554735 0.8252697341233242
 988  229 2265 96.404421 20.470487 0.1850672471159287 0.017460282835984883 131 -0.5469942276022662 -0.10667705853629753 0.8303115801624373
 989  231 2266 96.421602 20.477472 0.05800469799174203 0.0874201848416694 36 -0.5487961272259131 -0.10696283791757208 0.8290848943542867
 990  232 2266 96.433600 20.477472 -0.1572288734217485 0.02766016636810409 36 -0.5499490464613621 -0.10714647020577767 0.8282968551302612
 991  231 2265 96.422773 20.465444 0.026067596673965455 0.1276901586699829 35 -0.5486723139500503 -0.10694709942463891 0.8291688668958536
 992  232 2265 96.434600 20.465472 -0.1971023773981465 0.0019033678876602383 36 -0.5497970993066794 -0.10712585506823116 0.8284003867513954
 993  229 2263 96.405604 20.448474 0.17275129882336565 0.03743134430758843 132 -0.5467441052299051 -0.1066467864751415 0.8304801902097821
 994  231 2263 96.429600 20.448474 -0.12949665122185694 0.1308272866221372 132 -0.5489999749044415 -0.10700521306056458 0.8289444564823303
 995  234 2265 96.451604 20.471990 -0.19243268336910402 0.02739452516777247 137 -0.5515554500666773 -0.10740350435146528 0.8271947006326683
 996  236 2265 96.475593 20.472472 -0.07740896847099066 0.04634675546529717 132 -0.5538563040538815 -0.10776905031383052 0.8256082765175199
 997  234 2263 96.453852 20.448912 -0.10685975142639048 0.10336515398326365 137 -0.5512937192761181 -0.10736906118562718 0.827373627683903
 998  236 2263 96.477516 20.449397 0.037655218771391816 0.056686172968090934 143 -0.5536058729262606 -0.1077376639864712 0.8257803177724032
 999  220 2259 96.321500 20.413347 0.024007280379982766 0.020668863893254456 531 -0.5374000749777061 -0.10514060707199914 0.8367476394699225
1000  225 2259 96.369829 20.414194 -0.05363525948529944 0.04711115073779591 545 -0.5425074788333347 -0.10597589395423768 0.833339513830047
1001  220 2254 96.322431 20.368410 -0.034388884543142186 0.04677872842595768 545 -0.5367255960206738 -0.10504998910685166 0.8371918145591861
1002  225 2254 96.369738 20.368883 -0.07674952026959268 0.058744329267797504 541 -0.5415317722344564 -0.10583132640668393 0.833992248172374
1003  230 2259 96.417522 20.414556 -0.03381498782472177 0.07387047895140739 550 -0.547179437333967 -0.10672623739277198 0.8301832168930331
1004  235 2259 96.465594 20.415476 0.036310155195127605 0.06395637185467197 528 -0.551748056006057 -0.10745235578829765 0.8270598974252603
1005  230 2254 96.417773 20.369642 -0.05132485853479893 0.05945823661228515 528 -0.5463007713705825 -0.10660008071979683 0.8307778824634413
1006  235 2254 96.465594 20.370480 0.020001438898506804 0.02875660859219926 552 -0.5508515867496102 -0.10732461229019143 0.8276738228143963
1007  228 2282 96.390244 20.617523 0.04746891481854951 0.04021176199904989 8667 -0.5484756039994723 -0.10686035384867434 0.8293101811703207
1008  227 2302 96.386874 20.798130 0.05678871182775129 0.02816620910341632 8666 -0.5516385885616149 -0.10729872361971175 0.8271528586176379
1009  228 2322 96.383942 20.978600 0.035634865841750456 0.057164270247235874 8675 -0.5549983514929414 -0.10776991610927274 0.8248408786074547
1010  228 2341 96.380731 21.159031 0.030696393793076707 0.03959600002997146 8685 -0.5583631224771765 -0.1082390848310411 0.8225052729146947
1011  227 2362 96.377490 21.339661 0.021130632264210494 0.029426862840339595 8716 -0.5614916576932882 -0.10865838064683889 0.8203173012048751
1012  228 2382 96.374305 21.520266 0.010763650212822289 0.030281548676065147 8700 -0.5645795156596655 -0.10906594262469087 0.8181409356931636
1013  223 2406 96.321969 21.744704 -0.009469559730603061 0.03342754568170847 2180 -0.5639619350079242 -0.10888954358276329 0.8185902535215377
1014  229 2410 96.381459 21.780203 -0.02544737810185596 0.02113944334581842 134 -0.5704153630107253 -0.1098712392000613 0.8139745846388482
1015  231 2410 96.405604 21.780382 0.055438400161537255 0.0335461583399637 132 -0.5726728639368953 -0.11021473326045085 0.812341371273581
1016  229 2408 96.381749 21.757229 -0.06019284667998132 0.036184694152250396 142 -0.5699748943935823 -0.10981181659681784 0.8142910933423818
1017  231 2408 96.405376 21.757698 0.05381355636886188 0.06041851757092264 140 -0.5722054164416449 -0.11015196276243944 0.8126792150008673
1018  235 2409 96.441879 21.769204 0.19759512253189354 0.04148094398958608 534 -0.5756730718491734 -0.1106679627739208 0.8101562296021715
1019  229 2405 96.382083 21.734166 -0.006276651428346216 0.024228882172059523 137 -0.5695542891393003 -0.10975605388705481 0.8145928555776613
1020  231 2405 96.407061 21.734814 0.09836660506469863 0.043038214731208446 140 -0.5719180775929057 -0.11011678785096542 0.812886219317206
1021  229 2403 96.383608 21.712387 0.008050689247973038 0.019556280249670075 132 -0.5692083685169637 -0.10970869550996042 0.8148409877637227
1022  231 2403 96.407604 21.712387 0.06268126099850192 0.032790816991024624 132 -0.571319960258378 -0.11002583612965029 0.8133190139141817
1023  234 2405 96.431335 21.735569 0.16645634878857607 0.038530641621164506 147 -0.5739586610572642 -0.11041765743911724 0.8114058148195699
1024  236 2405 96.455447 21.736206 0.17694156494603228 0.02339069305392096 134 -0.5762503616794751 -0.11076658240185752 0.8097322303621652
1025  234 2403 96.431600 21.712387 0.02978647675252322 0.026193376207077013 132 -0.5734779049876068 -0.11035114630214092 0.8117547148004925
1026  236 2403 96.455737 21.713232 0.10989314559060083 0.04204261633028635 142 -0.5757761597487463 -0.11070117203475427 0.8100784310022814
1027  223 2396 96.323698 21.654615 -0.0007737979926597113 0.034225987605027354 2175 -0.5624438561149515 -0.10869079399482573 0.8196604297020309
1028  230 2399 96.395606 21.678390 0.027827707247511633 0.027049116907774586 552 -0.5694722464569074 -0.10975390776411278 0.8146505018999436
1029  235 2399 96.443448 21.679217 0.03983294244687584 0.03574322711621012 532 -0.573916403726746 -0.11042948915827835 0.8114340943401381
1030  230 2394 96.396069 21.633214 0.022918991647215923 0.0434929970467091 536 -0.56880431279129 -0.1096747692900515 0.8151276579353706
1031  235 2394 96.444879 21.634277 0.11461405605479753 0.07424388491245965 556 -0.5732615651064561 -0.11035014971637261 0.8119076440268748
1032  228 2421 96.367790 21.881077 0.016885679385124294 0.04289865712943753 8747 -0.5710515501797878 -0.10992714009909962 0.8135208361848479
1033  227 2442 96.364308 22.061754 -0.0062223861018044346 0.03365394099920423 8747 -0.5741771671971369 -0.11033119133082384 0.811262971476569
1034  228 2462 96.361116 22.242228 0.013873223492992377 0.029721063531970224 8748 -0.5770857308168128 -0.11068915694364183 0.8091476810958126
1035  228 2481 96.357644 22.422556 0.043153148031724924 0.033584308751945756 8755 -0.5801051085392167 -0.11106563865603591 0.8069340040899444
1036  223 2507 96.304734 22.647514 0.09587486364750387 0.05914977671544107 2199 -0.5795153164446022 -0.11089150676714137 0.8073816146860329
1037  229 2510 96.365229 22.682526 0.09923204954932718 0.041096412509624924 136 -0.5857399555850963 -0.11179729952167357 0.8027515607277451
1038  231 2510 96.389607 22.682320 0.10314917005598545 0.043841499250456585 132 -0.5879008890864245 -0.11211201839250394 0.8011263570394814
1039  229 2508 96.365411 22.660055 0.035597239683071775 0.029635726068982748 135 -0.5853847537170065 -0.1117563196563635 0.8030163230797642
1040  231 2508 96.389607 22.660321 -0.05851817771679524 0.0647883472852019 132 -0.5875786985312377 -0.11207760945630514 0.8013675077583923
1041  234 2510 96.413855 22.682924 0.24612409466033358 0.0357505866893738 139 -0.5901022881500759 -0.11243310482938915 0.7994611225434721
1042  236 2510 96.437522 22.683397 -0.04961463405223159 0.17720587407296234 143 -0.5921995022314743 -0.11273626536371809 0.7978660815128286
1043  234 2508 96.413603 22.660321 0.13570731319487095 0.08461903064123402 132 -0.5895796565101343 -0.11236277917563244 0.7998565086847266
1044  236 2508 96.437682 22.660412 0.024753789396438384 0.18202100737274482 133 -0.5917424119963243 -0.11267762931206093 0.7982134236514606
1045  230 2504 96.377993 22.626022 -0.0046138897403940424 0.05296536433201542 555 -0.5858246330963581 -0.1118319841779077 0.8026849360567007
1046  234 2505 96.413797 22.638189 0.021608831499939533 0.10115556194061442 134 -0.589248535636632 -0.11232650708096717 0.800105567445368
1047  236 2505 96.438685 22.638380 0.18253737943513051 0.03229685436217337 140 -0.5915365217081906 -0.11266187559467745 0.7983682391433572
1048  234 2503 96.415083 22.615565 0.023981746360659598 0.0424810951882238 150 -0.5889827355892315 -0.11229879867331974 0.800305139927487
1049  236 2503 96.439516 22.616234 0.11298209473602754 0.030621956218159406 133 -0.5911411329717351 -0.11261110326687432 0.7986682041560881
1050  223 2496 96.306501 22.557048 0.10480911564675106 0.04566798213215292 2198 -0.5779192084646773 -0.11068811650775147 0.8085527375202728
1051  230 2499 96.378853 22.581129 -0.027324702828199703 0.060829969955659625 549 -0.5851073800778465 -0.11174692172596778 0.803219757764467
1052  235 2499 96.427866 22.581797 0.018552719890131356 0.0634131788601771 539 -0.5894520257894289 -0.11237903316793338 0.7999482872017284
1053  230 2494 96.379867 22.535925 0.08773705492490332 0.04358265604468148 542 -0.584280745248948 -0.11164056053247963 0.8038360504327531
1054  235 2494 96.428056 22.536217 0.020036655600809118 0.03831247347861104 562 -0.5886787862532022 -0.11228747795801973 0.8005303297872505
1055  219 2522 96.265525 22.790387 -0.008824279166270639 0.061561382455867744 107 -0.5785988867311807 -0.11069994102716359 0.8080648806438879
1056  221 2522 96.289624 22.791312 0.08425912672343354 0.08871764427916315 96 -0.5807781394368696 -0.11101928522927976 0.806456118495872
1057  225 2522 96.326002 22.791236 0.19006899110017678 0.06678798011167307 195 -0.5840753614593328 -0.11150331602841618 0.8040043424328109
1058  232 2522 96.397362 22.791878 0.0646803927458617 0.06720964370737771 362 -0.5904556875962511 -0.11243054943717984 0.7992005083447408
1059  220 2519 96.278295 22.759646 0.04042817370458083 0.08204025368320494 550 -0.5792176429683423 -0.11080439933023356 0.8076071490293187
1060  225 2519 96.326824 22.760736 0.07996831273198553 0.07356064735301104 561 -0.5836147826989712 -0.11144947529572047 0.804346194043051
1061  220 2514 96.279069 22.714773 0.025803414028850703 0.04470652412669728 554 -0.5785062550130311 -0.11071931881280343 0.8081285450671982
1062  224 2515 96.315619 22.726317 0.010919803330166773 0.03549792379540825 132 -0.5822114191102231 -0.11126805749084381 0.8053876599749181
1063  226 2515 96.339871 22.726755 0.08756573536317713 0.06197007690310548 137 -0.584373508152938 -0.11158353652803053 0.8037765344577594
1064  224 2513 96.315619 22.704318 0.005471200230672504 0.0476155646286328 132 -0.5817870676998136 -0.11121369701486143 0.8057017571369317
1065  226 2513 96.339615 22.704318 0.15515048006041485 0.06479169350734189 132 -0.5839253465285793 -0.11152647990308134 0.804110088210505
1066  233 2516 96.400286 22.739066 0.14649949956510813 0.07360385355948172 2199 -0.5898863007788414 -0.11237611673184834 0.799628514087463
1067  239 2342 96.488155 21.162852 0.00604020322049127 0.03823773847768725 1030 -0.5688417548794239 -0.10987548286325213 0.8150744973137515
1068  239 2362 96.486745 21.343353 0.007252117454282539 0.0433828502033198 1154 -0.5719075356358903 -0.11026780528953105 0.8128731646447145
1069  239 2390 96.481592 21.600394 0.06948110822475317 0.0437685893685448 132 -0.5760553887993437 -0.11078945499338133 0.8098678198925467
1070  240 2391 96.496589 21.606394 0.09195108811060587 0.01905126077649833 15 -0.5775796338555147 -0.1110186066496731 0.8087500451517111
1071  240 2390 96.496589 21.595395 0.029917313406864803 0.054413631636404114 18 -0.5775139860372172 -0.11101881564934266 0.808796895705728
1072  239 2388 96.481592 21.578396 -0.09288276142130296 0.04638339605960584 132 -0.5758672248790111 -0.11077827119750949 0.8100031567473287
1073  240 2388 96.496589 21.578396 -0.12408809476729596 0.018735256831545196 33 -0.5772609455229628 -0.11099000905761355 0.8089814699134498
1074  239 2384 96.484797 21.544663 -0.09265839327126742 0.04983997555314383 340 -0.5755925083490698 -0.11075249454899161 0.8102019188348061
1075  239 2376 96.485591 21.476403 0.03264411712094905 0.026196491467913266 630 -0.574187381998832 -0.1105586143530351 0.8112247796669332
1076  239 2402 96.483569 21.704116 0.152283778797917 0.04298780359716368 1456 -0.5781195630179778 -0.111056792305048 0.8083589300173629
1077  239 2427 96.481592 21.928372 0.06086910309982888 0.04389396539564621 810 -0.5824319921642321 -0.1116244868919808 0.8051788300928595
1078  239 2419 96.482365 21.860604 0.030063548172363126 0.0610676353083854 396 -0.5809675336110213 -0.11142271817706526 0.8062640403515222
1079  239 2415 96.477592 21.826379 0.06454276443092209 0.039843315201648064 132 -0.5798488964803398 -0.11126706047595006 0.8070903905409689
1080  241 2415 96.494590 21.826379 0.018820954046466134 0.0542415124403869 55 -0.5813023299004381 -0.11148109525703423 0.8060146193789628
1081  239 2413 96.477592 21.804380 0.12200440139029965 0.018380151209375854 132 -0.5794548803318433 -0.11121760937440292 0.8073801366299841
1082  240 2413 96.494590 21.804380 0.1305471280759031 0.016620660417608357 55 -0.5809294898305822 -0.11143597000444917 0.8062896206911925
1083  239 2442 96.480354 22.064682 -0.003030180745903467 0.02494065319807315 1730 -0.584926621644062 -0.11194241082441551 0.8033241835964371
1084  240 2462 96.478877 22.244933 0.02044020320322595 0.02532513439836436 1876 -0.5880631297854786 -0.11232770406617612 0.800977054781302
1085  240 2482 96.477064 22.425703 0.01808729630205158 0.019753517661157217 2036 -0.5911044074069702 -0.11269139723841451 0.7986840605223747
1086  239 2510 96.461595 22.684320 -0.038085840586008446 0.10861775297652682 132 -0.5943836579635637 -0.11305299220453248 0.7961953831186509
1087  241 2510 96.486066 22.684101 0.09619072384207789 0.054782224762914854 137 -0.5964861643707017 -0.11335358903328505 0.7945786427834576
1088  238 2508 96.455596 22.667321 -0.07752678160452181 0.13588526348939928 36 -0.5934783906624446 -0.11292679117628421 0.7968882855528386
1089  239 2508 96.467963 22.667110 0.18023069359754262 0.05025751638208161 38 -0.5945786560102513 -0.11308624644198594 0.7960450506615223
1090  238 2507 96.456296 22.655122 0.07413726169615983 0.09023344226196445 40 -0.5932757969951717 -0.11290105021542832 0.7970427727292916
1091  239 2507 96.469225 22.655532 0.2567348244943117 0.02671298246428294 38 -0.5944716460912367 -0.11307552286693667 0.7961264900265185
1092  241 2508 96.480892 22.667521 0.24475068859755994 0.03253368104822744 40 -0.5957058793261595 -0.11324749984393055 0.7951789164177745
1093  242 2508 96.493590 22.667321 0.26405364233586526 0.039200102867691516 36 -0.5968012081007614 -0.11340454117746795 0.7943347707672123
1094  241 2507 96.481357 22.655616 0.3253332157345379 0.04363808381523292 34 -0.5954828563481497 -0.11321857621021984 0.7953500624230688
1095  242 2507 96.493590 22.656322 0.37118560274442036 0.02760619759979572 30 -0.5965893950706989 -0.11337818143616497 0.7944976284819268
1096  239 2505 96.463497 22.638398 0.187879485687367 0.08503810725222595 133 -0.593635228339149 -0.1129613403697088 0.7967665600767927
1097  241 2505 96.487819 22.639009 0.3141186478414706 0.09091384570123766 140 -0.5957414130825184 -0.11326260711268345 0.7951501434122251
1098  239 2503 96.463595 22.616325 0.0307790669753696 0.031020652656602865 132 -0.5933332675159042 -0.11293123964732361 0.796995714399155
1099  241 2503 96.481592 22.622324 0.046378403156995776 0.033847045339364897 30 -0.5949592518336538 -0.11316028584073315 0.7957501105032802
1100  242 2503 96.493590 22.622324 0.15162567843993505 0.05203209422739182 30 -0.59594145626964 -0.1132985244463146 0.7949951100840233
1101  241 2502 96.481592 22.611325 0.005960477309094535 0.010362687433730021 36 -0.5948098196714092 -0.11314554222475372 0.795863910915134
1102  242 2502 96.493590 22.611325 0.06337153270012802 0.02688551813792538 36 -0.5957632731476546 -0.11327851685997947 0.7951314985500175
1103  240 2497 96.475851 22.560700 0.026061221838611343 0.02420533136086653 1068 -0.5933517434210216 -0.11295536912820014 0.796978539964751
1104  240 2517 96.474161 22.747815 0.09284810726101117 0.06194659551484366 1322 -0.5964994709214613 -0.1133233705842179 0.794572963842748
