Number xind yind east north data err wgt Elos Nlos Ulos
********************************************************
   0  152 2462 95.627807 22.229499 0.30216636228348054 0.2884897569448039 2235 -0.1931090955841516 0.9811772914222338 0.0
   1  150 2481 95.607183 22.405485 0.23250584760074755 0.29535184242920454 3765 -0.1929336624131078 0.9812118027764775 0.0
   2  148 2501 95.586298 22.583979 -0.1927703772773001 0.43665766312891147 5277 -0.1927544110361165 0.9812470316011763 0.0
   3  147 2521 95.565249 22.763067 0.03016012397800841 0.3529392950553831 6783 -0.19257363746978798 0.9812825251433221 0.0
   4  145 2539 95.545403 22.926431 0.13741581683582335 0.25955798273698355 6795 -0.19241212439178948 0.981314207778038 0.0
   5  172 2342 95.850664 21.155225 0.8166646251599418 0.09790968382338981 1689 -0.19355606907814052 0.9810892151700671 0.0
   6  171 2361 95.830559 21.328375 0.733434918449921 0.11522955530911207 3229 -0.19338526050276078 0.9811228980205687 0.0
   7  169 2381 95.810401 21.506155 0.6944614961718142 0.119499286965146 4728 -0.19320420190086626 0.9811585684117777 0.0
   8  167 2401 95.789315 21.685142 0.7122981419568024 0.13721573966627632 6300 -0.1930264474282002 0.9811935540927937 0.0
   9  165 2421 95.767607 21.864427 0.6860144089168001 0.2218409547104529 7910 -0.19285130918443588 0.9812279921332498 0.0
  10  164 2441 95.754809 22.041687 0.6510698946002395 0.1514829513348002 8733 -0.19262254151604108 0.9812729266110938 0.0
  11  164 2461 95.750628 22.222082 0.5879873339912104 0.12164848167170207 8743 -0.19232906899817773 0.9813304892941491 0.0
  12  165 2481 95.746558 22.402452 0.4121795361394489 0.2539610885041546 8753 -0.19203179027212883 0.9813887056232515 0.0
  13  165 2500 95.742402 22.582818 0.4434509704362481 0.19755657210062677 8766 -0.19173206999756956 0.9814473054293068 0.0
  14  165 2520 95.738068 22.763195 0.30867137419779506 0.14218929382157228 8777 -0.1914306063042863 0.9815061502456178 0.0
  15  164 2539 95.733615 22.926292 0.25020996971343074 0.1750859574445869 7108 -0.19115913026189552 0.9815590593120291 0.0
  16  193 2228 96.065477 20.130402 1.8344945867340285 0.1294909712538427 385 -0.19398626236812289 0.9810042456648421 0.0
  17  193 2223 96.070653 20.085837 1.7782810322336249 0.1353588813690542 296 -0.1940291933832431 0.9809957554011374 0.0
  18  194 2218 96.075533 20.040575 1.9165672603406405 0.1916854534472105 190 -0.1940767048368649 0.9809863570099557 0.0
  19  194 2213 96.080319 19.998540 2.0627071591360226 0.3351259939765929 112 -0.19411627429013462 0.980978527826026 0.0
  20  188 2248 96.021139 20.311630 1.685700519879659 0.11895539345740902 225 -0.1939455366346686 0.9810122979960497 0.0
  21  191 2249 96.043664 20.320483 1.6741144368142793 0.09157251760731255 132 -0.19380079379438017 0.9810409024728115 0.0
  22  193 2250 96.061661 20.326482 1.8688401699066162 0.07439529172640194 30 -0.19368483322328514 0.9810638029095092 0.0
  23  194 2250 96.073659 20.327482 1.889532791243659 0.07778210531790411 36 -0.1936124138958877 0.9810780973935803 0.0
  24  193 2249 96.061661 20.315483 1.8308261897828844 0.005939867845615834 36 -0.19370330899746638 0.9810601551808289 0.0
  25  194 2249 96.073659 20.315483 1.9358984132607777 0.08660283109174308 36 -0.19363259323538953 0.9810741148541929 0.0
  26  191 2247 96.043664 20.298484 1.705027545040304 0.09899957551177059 132 -0.19383752865522588 0.9810336449300985 0.0
  27  193 2247 96.061500 20.304290 1.8314728659968222 0.00861019221666271 31 -0.19372306330934172 0.9810562546266369 0.0
  28  194 2247 96.073659 20.304484 2.005335982640584 0.06587436532679412 30 -0.1936509312804622 0.9810704953336481 0.0
  29  193 2246 96.061804 20.293341 1.9048042706080845 0.09531576322366843 35 -0.19373924519675362 0.9810530591515384 0.0
  30  194 2246 96.073659 20.293484 2.0508034692870245 0.004844550862600695 36 -0.19366931190064648 0.9810668670523586 0.0
  31  189 2243 96.026803 20.267079 2.056206176846714 0.048387990617069325 118 -0.19398821507458486 0.9810038595297048 0.0
  32  192 2243 96.056093 20.264582 2.0246638527316767 0.0689481017221187 548 -0.19382081559410497 0.9810369470322898 0.0
  33  192 2238 96.057750 20.219566 1.9247760738710034 0.1610730103354755 526 -0.19388534599500395 0.9810241957303589 0.0
  34  192 2233 96.060290 20.175191 1.7884455109129147 0.10805316643954074 490 -0.19394418450095632 0.9810125653110968 0.0
  35  187 2268 96.003675 20.489468 1.5939680870735284 0.16516179648013615 528 -0.1937555736217677 0.9810498344582196 0.0
  36  191 2269 96.039857 20.501236 2.249018024045525 0.2127638434094852 141 -0.1935205773521668 0.9810962165564008 0.0
  37  193 2270 96.057662 20.507470 2.338172104623583 0.09614122978066074 36 -0.1934042534331528 0.9811191542080732 0.0
  38  194 2270 96.069660 20.507470 0.005494469569789039 1.4690824246491987 36 -0.19333291571703287 0.9811332140440209 0.0
  39  193 2269 96.057662 20.495470 2.227321141295963 0.07400775323156544 36 -0.19342446210933462 0.981115170333083 0.0
  40  194 2269 96.069410 20.496095 0.5374885825440288 1.2588456730058422 32 -0.1933536024636751 0.9811291374810551 0.0
  41  191 2267 96.039665 20.478472 2.1175041776714902 0.12544370948696207 132 -0.19356009229347937 0.9810884214337359 0.0
  42  193 2267 96.057662 20.484471 2.1980464696884154 0.09405609459542662 30 -0.1934428949435778 0.981111536164899 0.0
  43  194 2267 96.069895 20.485177 0.7159039395696977 1.1227810019031148 34 -0.19336901016393593 0.9811261009208856 0.0
  44  193 2266 96.057662 20.473472 2.050834748480055 0.043843310399518616 36 -0.1934616570317676 0.981107836712419 0.0
  45  194 2266 96.069660 20.473472 1.0684716271029577 0.8444959274217062 36 -0.19339055427148377 0.9811218545718815 0.0
  46  187 2263 96.006169 20.444757 1.6807848155276925 0.14026780408017026 538 -0.19381373574337 0.9810383457527025 0.0
  47  191 2264 96.041311 20.456366 1.963223149226262 0.10248533214598343 130 -0.19358741207151028 0.9810830310873058 0.0
  48  193 2265 96.058298 20.461927 2.021159959561897 0.052604947941549116 33 -0.1934773651496584 0.9811047391460026 0.0
  49  194 2265 96.070246 20.462542 0.994290292263031 1.0011472825970378 29 -0.1934054191403897 0.98111892441596 0.0
  50  193 2264 96.059934 20.451019 2.026023676901153 0.05290439021794812 33 -0.19348605838945096 0.9811030247679975 0.0
  51  194 2264 96.071660 20.451473 0.938267443743017 1.1315177427272018 36 -0.19341563806776652 0.9811169099301258 0.0
  52  191 2262 96.041524 20.433630 1.9884200515881392 0.14902669671518892 142 -0.19362424764727565 0.981075761968986 0.0
  53  193 2262 96.059662 20.439474 2.079887761010064 0.07729595790099943 36 -0.19350705952132188 0.9810988828428109 0.0
  54  194 2262 96.071660 20.439474 1.225822615954611 0.7722541862346559 36 -0.1934358090173939 0.9811129332496776 0.0
  55  193 2261 96.059662 20.428475 2.0875918944676717 0.08261086193084508 30 -0.19352543180615875 0.9810952590060965 0.0
  56  194 2261 96.071660 20.428475 1.4065565715233486 0.5045887533391935 30 -0.19345429073079604 0.9811092892220746 0.0
  57  187 2258 96.010233 20.400280 1.5270446348638043 0.13707316279414894 426 -0.19386320424610404 0.9810285714694722 0.0
  58  191 2259 96.041814 20.410655 1.9204284966881595 0.130095059780251 134 -0.1936613055946754 0.9810684475179934 0.0
  59  193 2260 96.059662 20.417476 2.042317569255829 0.00195950125398893 36 -0.19354422099320712 0.9810915525679205 0.0
  60  194 2260 96.071660 20.417476 1.5697651654481888 0.36923532483984545 36 -0.19347302520944362 0.98110559498777 0.0
  61  193 2259 96.059662 20.405477 2.04265597793791 0.00020266294585780348 36 -0.19356432868816925 0.9810875856209262 0.0
  62  194 2259 96.071660 20.405477 1.7565157976415422 0.303409822380995 36 -0.19349331682682336 0.9811015932834656 0.0
  63  191 2257 96.041665 20.388478 1.955814869114847 0.10520206399753458 132 -0.19369920799189663 0.9810609648861339 0.0
  64  193 2257 96.059662 20.394477 2.043264714876811 0.0001698325284993402 30 -0.1935825374709567 0.981083992931444 0.0
  65  194 2257 96.071660 20.394477 1.9342127799987794 0.16734199535310293 30 -0.19351169863314177 0.9810979678360954 0.0
  66  193 2256 96.059662 20.383478 2.044412122832404 0.0008574600828216522 36 -0.19360116246985845 0.981080317757073 0.0
  67  194 2256 96.071660 20.383478 2.0162585046556263 0.06840037396482643 36 -0.1935299777915206 0.9810943622791916 0.0
  68  188 2253 96.016042 20.355272 1.6664360218034113 0.22970909524112199 341 -0.1939049515844014 0.9810203207635665 0.0
  69  191 2254 96.041947 20.366495 1.9932711006120871 0.08628957896042683 131 -0.19373420017189155 0.9810540554341323 0.0
  70  193 2255 96.059662 20.371479 2.0452867878807917 0.0026027413909585503 36 -0.19362130700494162 0.9810763423269863 0.0
  71  194 2255 96.071517 20.371622 2.0329044580459597 0.037891150192762436 35 -0.19355084922256424 0.9810902449648677 0.0
  72  193 2254 96.059834 20.360618 2.045059483626793 0.0001539756614011352 29 -0.19363835364979204 0.9810729779154036 0.0
  73  194 2254 96.071821 20.360673 2.00222506061677 0.08286334530702787 31 -0.19356740142931445 0.9810869793774162 0.0
  74  191 2252 96.043741 20.343404 1.9134046772976856 0.10178811536678492 143 -0.19376219416904278 0.9810485268888579 0.0
  75  193 2252 96.061661 20.349480 2.0455886324246726 0.00018667471328772243 36 -0.19364627609301835 0.9810714141974103 0.0
  76  194 2252 96.073517 20.349338 1.9783544778823852 0.09547374322748908 35 -0.1935764717855617 0.9810851897623639 0.0
  77  193 2251 96.061661 20.337481 1.9934238096078236 0.08792467316842287 36 -0.1936662288801209 0.981067475656671 0.0
  78  194 2251 96.073659 20.338481 1.9244327028592427 0.10105396800012881 30 -0.19359383913019693 0.9810817628775043 0.0
  79  182 2288 95.954679 20.669624 1.2837661179408522 0.1329141750220939 491 -0.19374438661616203 0.981052043805387 0.0
  80  183 2283 95.960235 20.625122 1.1640174839298432 0.03269725374200708 397 -0.193786191768153 0.981043786933079 0.0
  81  187 2288 96.001051 20.669924 1.6351628256996324 0.11682950419312935 538 -0.1934675951849804 0.9811066657674591 0.0
  82  190 2290 96.029667 20.687457 1.8049370182885065 0.0002866894504847894 36 -0.19326600288690068 0.9811463968889252 0.0
  83  191 2290 96.041665 20.687457 1.80474939611223 0.0002867643781768542 36 -0.19319413802672067 0.9811605500794008 0.0
  84  190 2289 96.029810 20.675601 1.8059071336473738 0.0002750524321151153 35 -0.193285544758582 0.9811425473331478 0.0
  85  191 2289 96.041665 20.676458 1.8056507269541422 0.00023667414726258855 30 -0.19321286006992117 0.9811568634543619 0.0
  86  193 2290 96.053663 20.687457 -0.7300265232721964 1.508463836386895 36 -0.193122219448263 0.9811747083753111 0.0
  87  194 2290 96.065661 20.687457 -1.9143845869435205 0.00028596059691135946 36 -0.1930503909080835 0.981188843480314 0.0
  88  193 2289 96.053663 20.676458 -0.3038618793090185 1.6002598799767562 30 -0.19314096412044154 0.9811710187213166 0.0
  89  194 2289 96.065661 20.676458 -1.850975771745046 0.06922549944931827 30 -0.1930690348179002 0.9811851750788352 0.0
  90  190 2287 96.031828 20.664652 1.8582355822286298 0.08382233931780064 31 -0.19329200352125897 0.9811412749317693 0.0
  91  191 2287 96.043522 20.665316 1.8883612326213293 0.09445555526164144 35 -0.1932209299775425 0.9811552742652987 0.0
  92  190 2286 96.031666 20.653460 1.933202518357171 0.10375748661489782 36 -0.19331189915716818 0.9811373551365012 0.0
  93  191 2286 96.043664 20.653460 2.0252695745891995 0.004791773674424537 36 -0.19323997057405104 0.9811515243694726 0.0
  94  193 2287 96.055329 20.665459 -0.3165333676669333 1.5623850836360205 36 -0.1931497413067453 0.9811692909142323 0.0
  95  194 2287 96.067327 20.665459 -1.694605913427141 0.0021861839880223262 36 -0.19307817104627994 0.9811833772875607 0.0
  96  193 2286 96.055662 20.653460 -0.06336631129185359 1.6447834597777926 36 -0.19316818405905797 0.9811656601549639 0.0
  97  194 2286 96.067388 20.653914 -1.6929642684531934 0.0002664474286458935 33 -0.19309736190545984 0.9811796006976256 0.0
  98  187 2283 96.001525 20.624623 1.5853360934849203 0.16787638844056949 548 -0.1935413134950581 0.9810921261383191 0.0
  99  190 2285 96.031666 20.642460 1.9567277828852336 0.09979170057651239 30 -0.19333069734778088 0.9811336511724693 0.0
 100  191 2285 96.043664 20.642460 2.0270801623662313 0.00022808763914345339 30 -0.19325859242243024 0.9811478565715267 0.0
 101  190 2284 96.031666 20.631461 1.9845899310376909 0.08085275266340215 36 -0.19334944762572268 0.9811299562763477 0.0
 102  191 2284 96.043664 20.631461 2.027934451897939 0.0002698750959867493 36 -0.19327739891413057 0.9811441520332208 0.0
 103  193 2285 96.055662 20.642460 0.05397923986117045 1.641499240501771 30 -0.19318696575828723 0.9811619622983285 0.0
 104  194 2285 96.067933 20.643006 -1.6921182870864868 0.0002634367623600116 33 -0.19311256963069454 0.981176607676024 0.0
 105  193 2284 96.055662 20.631461 0.1487745311525133 1.5799531951765982 36 -0.1932057637373031 0.9811582608624795 0.0
 106  194 2284 96.067660 20.631461 -1.6912840372986264 0.00024968437286911315 36 -0.1931340012682132 0.9811723893150123 0.0
 107  190 2282 96.031666 20.619462 1.987076762649748 0.0802207412874414 36 -0.19336949746470727 0.9811260048792134 0.0
 108  191 2282 96.043664 20.619462 2.0288420452011957 0.000261505060337682 36 -0.19329802888793782 0.9811400878712672 0.0
 109  190 2281 96.031666 20.608463 1.9740145325660705 0.08971093116145433 30 -0.193388210315563 0.9811223165900078 0.0
 110  191 2281 96.043664 20.608463 2.0292285203933718 0.0013650719893697908 30 -0.19331663991709555 0.9811364210603764 0.0
 111  193 2282 96.055520 20.619605 0.5169345353330884 1.506920750674607 35 -0.1932267132222678 0.9811541353412927 0.0
 112  194 2282 96.067660 20.620462 -1.69128231604894 0.0012886154357715552 30 -0.1931527971508059 0.9811686893459348 0.0
 113  193 2281 96.055824 20.608656 0.7851313871722068 1.3785304898662578 31 -0.19324355088609407 0.9811508192122828 0.0
 114  194 2281 96.067660 20.609463 -1.689543667766783 0.00028499112439513743 36 -0.1931716140365898 0.981164984867733 0.0
 115  183 2278 95.965011 20.579989 1.2382888572962105 0.17893979443516078 294 -0.19383192887479617 0.9810347513460855 0.0
 116  184 2273 95.970637 20.536062 1.344309385460202 0.11015271065126889 202 -0.19387225248275763 0.981026783384257 0.0
 117  187 2278 96.002362 20.579676 1.6829199032963447 0.14934084919128787 530 -0.19361202876406736 0.981078173397952 0.0
 118  190 2280 96.031666 20.597463 2.017296446694268 0.04386362916881449 36 -0.19340699090778632 0.9811186145762373 0.0
 119  191 2280 96.043664 20.597463 2.0305024650361805 0.0002595928395986487 36 -0.19333544923397805 0.9811327148095185 0.0
 120  190 2279 96.031666 20.585464 2.031585031085544 0.0002578986143196356 36 -0.1934271557529958 0.9811146392839657 0.0
 121  191 2279 96.043664 20.585464 2.0314112636778088 0.00030427345102543475 36 -0.1933554930778523 0.9811287648910414 0.0
 122  193 2280 96.055662 20.597463 1.3654190086656146 0.9843817188539985 36 -0.19326355907530726 0.9811468782672373 0.0
 123  194 2280 96.067660 20.597463 -1.637288749217987 0.0910387203140728 36 -0.19319203198162624 0.9811609647651145 0.0
 124  193 2279 96.055501 20.586271 1.7389290178975751 0.4863458334403356 31 -0.19328338853685906 0.9811429721073833 0.0
 125  194 2279 96.067660 20.586464 -1.5545657356580098 0.22605601167529177 30 -0.19321062861905303 0.9811573028768784 0.0
 126  190 2277 96.031666 20.574465 2.046875063578288 0.051297123537003914 30 -0.19344606889226548 0.9811109103613764 0.0
 127  191 2277 96.043664 20.574465 2.205310845375061 0.07751807024882341 30 -0.1933741641490909 0.9811250851138403 0.0
 128  190 2276 96.033333 20.563466 2.1247029900550842 0.10407626938143243 36 -0.19345456397827684 0.9811092353433305 0.0
 129  191 2276 96.045331 20.563466 2.2516838047239514 0.0002410910963113852 36 -0.19338306098361577 0.9811233315565414 0.0
 130  193 2277 96.055805 20.575322 1.9731798206056868 0.31696017849036834 35 -0.19330011226485333 0.9811396774151963 0.0
 131  194 2277 96.067660 20.575465 -1.498768974509504 0.5356841551340327 36 -0.19322937200455712 0.9811536117217958 0.0
 132  193 2276 96.057176 20.563380 1.9746580055781773 0.4149754428446195 35 -0.19331260398039865 0.9811372162660621 0.0
 133  194 2276 96.068994 20.563466 -1.6088339686393738 0.5876029725361489 36 -0.19324180500219298 0.9811511630729968 0.0
 134  187 2273 96.003671 20.534468 1.6279424258332322 0.18916460010358477 552 -0.1936800856844642 0.9810647401722572 0.0
 135  190 2275 96.033666 20.551467 2.1419011288219028 0.1069416455526829 36 -0.19347278344819327 0.9811056426628115 0.0
 136  191 2275 96.045414 20.552091 2.261821135878563 0.038048318735168514 32 -0.1934019354215594 0.9811196111459575 0.0
 137  190 2274 96.033666 20.540467 2.1777608315149943 0.14727272338545103 30 -0.1934911951438265 0.9811020117203987 0.0
 138  191 2274 96.045899 20.541173 2.469239830970764 0.0072790752033481294 34 -0.19341736078116697 0.9811165703159069 0.0
 139  193 2275 96.057662 20.552466 2.078208557764689 0.26035618388254833 30 -0.19332833722933743 0.9811341162267978 0.0
 140  194 2275 96.069660 20.552466 -1.7872722228368123 0.43045645339779803 30 -0.19325663468502746 0.9811482421888233 0.0
 141  193 2274 96.057662 20.541467 2.2557964192496405 0.21575521539779674 36 -0.19334671687895438 0.9811304944155642 0.0
 142  194 2274 96.069660 20.541467 -1.530836131837633 1.0295371082492069 36 -0.19327543636209604 0.9811445386379325 0.0
 143  191 2272 96.039465 20.524202 2.2895829068289864 0.20476373083486196 135 -0.1934841385313318 0.9811034033866095 0.0
 144  193 2272 96.057662 20.529468 2.3597336411476135 0.14007281941328417 36 -0.1933667488042656 0.981126546606944 0.0
 145  194 2272 96.069660 20.529468 -1.1318570176760356 1.3846682359874742 36 -0.19329550037711615 0.9811405860191292 0.0
 146  193 2271 96.057662 20.518469 2.30371785958608 0.12159248747462487 30 -0.19338540670698906 0.9811228692028192 0.0
 147  194 2271 96.069660 20.518469 -0.5922552108764648 1.5227626897971533 30 -0.19331429815959927 0.9811368824619028 0.0
 148  178 2308 95.910472 20.849722 1.2454336187113886 0.14147787045812693 345 -0.19370811353294734 0.9810592065474473 0.0
 149  182 2308 95.949723 20.849490 1.306798439846147 0.08394665318790587 529 -0.19347272248143957 0.9811056546853758 0.0
 150  178 2303 95.915110 20.805081 1.0845747530718386 0.08991902072905639 231 -0.19375575598697975 0.9810497984414012 0.0
 151  182 2303 95.949680 20.804450 1.2588716637397157 0.12481856487994178 552 -0.19354930146494403 0.9810905503073774 0.0
 152  187 2308 95.997672 20.850446 1.7380906779696976 0.2624486610056558 552 -0.1931808658725057 0.9811631633223645 0.0
 153  190 2310 96.027667 20.867445 1.9311387936274211 0.1314797328761764 36 -0.1929701635350262 0.9812046249306337 0.0
 154  191 2310 96.039665 20.867445 -1.0730766703685124 1.1198124308317206 36 -0.19289772923254755 0.9812188675606104 0.0
 155  190 2309 96.027667 20.856446 1.9904850363731383 0.05129925447183641 30 -0.19298930484121038 0.981200860281373 0.0
 156  191 2309 96.039665 20.856446 -0.9010880659023921 1.298895376480657 30 -0.19291666257662085 0.9812151452664691 0.0
 157  193 2310 96.051663 20.868445 -1.9305612087249755 0.000272930249242504 30 -0.19282359459610876 0.9812334387733814 0.0
 158  194 2310 96.063661 20.868445 -1.8741338133811951 0.08856517911343864 30 -0.19275091017097282 0.9812477192983745 0.0
 159  193 2309 96.051663 20.857445 -1.9294970399803586 0.0003386641501981002 36 -0.19284232327210019 0.9812297581886817 0.0
 160  194 2309 96.063661 20.857445 -1.9176282452212439 0.038744113181513405 36 -0.19277008985612007 0.9812439515517348 0.0
 161  190 2307 96.027667 20.845446 1.928217546807395 0.09591480443093399 36 -0.1930079650605951 0.9811971898773294 0.0
 162  191 2307 96.039665 20.845446 -0.6698607413305177 1.3034489451416877 36 -0.19293558567795704 0.9812114246069007 0.0
 163  190 2306 96.027667 20.833447 1.9259965982702043 0.08602821718305378 36 -0.19302881241306805 0.9811930888354242 0.0
 164  191 2306 96.039504 20.834254 -0.2849649546607848 1.327687316462164 31 -0.19295576802391454 0.9812074559369701 0.0
 165  193 2307 96.051663 20.845446 -1.9219182829062145 0.03348593184513182 36 -0.1928630796659536 0.9812256786803759 0.0
 166  194 2307 96.063661 20.845446 -1.9284767773416307 0.0003212022635940317 36 -0.192790804272234 0.9812398818780579 0.0
 167  193 2306 96.051663 20.834447 -1.8380138993263244 0.10156985120286852 30 -0.1928820490831063 0.9812219499896556 0.0
 168  194 2306 96.063661 20.834447 -1.8824006080627442 0.07179651678858329 30 -0.1928098288791656 0.9812361437939323 0.0
 169  187 2303 95.997450 20.805149 1.591905842763241 0.16376346869701133 535 -0.19325955302565184 0.9811476673591623 0.0
 170  190 2305 96.027667 20.822448 2.002241539955139 0.021787266607512377 30 -0.1930473357844178 0.9811894445755815 0.0
 171  191 2305 96.039808 20.823305 -0.03187410746301923 1.3631219287111418 35 -0.19297289233618767 0.9812040882626846 0.0
 172  190 2304 96.027667 20.811449 1.9253639810615115 0.09451950729399083 36 -0.1930665121551856 0.9811856714629661 0.0
 173  191 2304 96.039665 20.811449 0.3610245891743236 1.336233739278004 36 -0.19299408436282128 0.9811999202002395 0.0
 174  193 2305 96.051663 20.823448 -1.7187528212865193 0.0376811782241848 36 -0.19290113424691252 0.9812181981630053 0.0
 175  194 2305 96.063661 20.823448 -1.7145350442992315 0.021265725171452397 36 -0.1928288049766839 0.9812324148596315 0.0
 176  193 2304 96.051663 20.811449 -1.684275100628535 0.060806186763167756 36 -0.19292175094110356 0.9812141448296691 0.0
 177  194 2304 96.063661 20.811449 -1.7066876689592998 0.000682123515764472 36 -0.1928493374776778 0.981228379651965 0.0
 178  190 2302 96.027394 20.799904 1.7330325625159524 0.08171001724991749 33 -0.19308780641602233 0.9811814811814625 0.0
 179  191 2302 96.039665 20.800449 0.4860280414422353 1.1895224642961257 30 -0.19301282023960026 0.9811962348190882 0.0
 180  190 2301 96.027940 20.788996 1.6331246874549172 0.06202738089127365 33 -0.1931030551159686 0.981178480249582 0.0
 181  191 2301 96.039665 20.789450 0.6274111088779237 1.1532234787817965 36 -0.19303188587731276 0.9811924841918878 0.0
 182  193 2302 96.051663 20.800449 -1.7843209346135458 0.09739577448545046 30 -0.19294076807624405 0.981210405577799 0.0
 183  194 2302 96.063661 20.800449 -1.8576427817344665 0.09043212272068371 30 -0.19286849598783729 0.981224614069271 0.0
 184  193 2301 96.051663 20.789450 -1.935057090388404 0.09369028971974229 36 -0.19295957962023053 0.9812067063737304 0.0
 185  194 2301 96.063661 20.789450 -2.005118684636222 0.09850034136222421 36 -0.19288766307725996 0.9812208464115474 0.0
 186  179 2298 95.920437 20.760570 1.0613024429558149 0.10699372762087937 153 -0.19379717491273674 0.9810416173617927 0.0
 187  182 2298 95.951141 20.759237 1.3052661439043942 0.09434251665842694 533 -0.19361689981993876 0.9810772121011251 0.0
 188  182 2293 95.951853 20.714255 1.2992213892544426 0.09856348162986694 547 -0.19368839059063375 0.9810631005956804 0.0
 189  187 2298 95.999475 20.760170 1.5670826852868456 0.1831665537135178 545 -0.19332394098775238 0.9811349824774183 0.0
 190  190 2300 96.028000 20.777451 1.7556779053476121 0.07524286297347246 36 -0.19312285110537233 0.9811745840475753 0.0
 191  191 2300 96.039998 20.777451 0.769361175596714 1.190659297646829 36 -0.19305041823448077 0.9811888381038035 0.0
 192  190 2299 96.029667 20.766452 1.9275983969370525 0.09627666378786943 30 -0.19313127263316082 0.981172926415673 0.0
 193  191 2299 96.041665 20.766452 0.6002444724241892 1.4631562035064594 30 -0.19305900904603698 0.9811871478093067 0.0
 194  193 2300 96.051996 20.777451 -2.123844646745258 0.06606358816029557 36 -0.19297813386953683 0.9812030573985342 0.0
 195  194 2300 96.063564 20.778257 -2.1434835926178963 0.00923778076527207 31 -0.19290710811139533 0.9812170237211023 0.0
 196  193 2299 96.053663 20.766452 -2.24720397790273 0.06541089089049815 30 -0.19298748388862322 0.9812012184370432 0.0
 197  194 2299 96.065804 20.767309 -2.1811969893319265 0.05968503160726891 35 -0.1929124241203706 0.9812159785796409 0.0
 198  190 2297 96.029667 20.755452 1.9453598923153348 0.09383510572925018 36 -0.193150223040524 0.9811691960815911 0.0
 199  191 2297 96.041665 20.755452 0.7568689088026682 1.352224215080035 36 -0.1930780574094472 0.9811833996491147 0.0
 200  190 2296 96.029667 20.743453 1.785301665465037 0.04069531634542126 36 -0.193170945503461 0.9811651164881979 0.0
 201  191 2296 96.041665 20.743453 0.8936720887819926 1.1317713084639476 36 -0.19309852482730533 0.9811793718324485 0.0
 202  193 2297 96.053663 20.755452 -2.1432588232888117 0.009708776091472408 36 -0.19300597305316256 0.9811975817162423 0.0
 203  194 2297 96.065661 20.755452 -2.1410368813408747 0.004266595403227835 36 -0.1929338798793996 0.9812117600165019 0.0
 204  193 2296 96.053413 20.744078 -2.1160676404833794 0.06102247024308231 32 -0.19302680300328592 0.981193484141803 0.0
 205  194 2296 96.065661 20.744453 -2.1379637479782105 0.00025312187919802924 30 -0.1929526996141678 0.9812080593388972 0.0
 206  187 2293 95.999407 20.714903 1.6242980311406077 0.15185856223420605 541 -0.19340126990143228 0.981119742335518 0.0
 207  190 2295 96.029667 20.732454 1.7912195007006326 0.034751746895467554 30 -0.19318943657415194 0.9811614758010843 0.0
 208  191 2295 96.041665 20.732454 1.1330202370882034 0.7639530161297275 30 -0.19311734730104438 0.9811756673355735 0.0
 209  190 2294 96.029667 20.721455 1.8021198279327817 0.00040133042771030774 36 -0.193207917103895 0.9811578368276811 0.0
 210  191 2294 96.041665 20.721455 1.494066085252497 0.3324109837095163 36 -0.19313632514839874 0.9811719318795111 0.0
 211  193 2295 96.053898 20.733160 -1.9107715978341944 0.13045266995600985 34 -0.19304258150592837 0.9811903799597339 0.0
 212  194 2295 96.065661 20.733454 -2.1044532391760082 0.06257152177086563 36 -0.19297155892304352 0.9812043505034057 0.0
 213  193 2294 96.053663 20.721455 -1.7474914772642984 0.30529535138730207 36 -0.1930642677092172 0.9811861130967477 0.0
 214  194 2294 96.065661 20.721455 -1.959547175301446 0.05198637812456604 36 -0.1929921377993494 0.9812003030715171 0.0
 215  190 2292 96.029667 20.709456 1.8813171088695526 0.040152949718690295 36 -0.19322881160767866 0.9811537220867504 0.0
 216  191 2292 96.041429 20.709750 1.7443908488049227 0.11802796611081061 34 -0.1931577486158802 0.9811677145879009 0.0
 217  190 2291 96.029667 20.698456 1.8163872599601745 0.021288341176838296 30 -0.1932476301608122 0.9811500157658003 0.0
 218  191 2291 96.041915 20.698831 1.7989320941269398 0.02551092943619789 32 -0.19317299852409575 0.9811647122890275 0.0
 219  193 2292 96.053663 20.710456 -1.3731586813926697 0.9201499447262222 30 -0.19308283890681338 0.981182458730121 0.0
 220  194 2292 96.065661 20.710456 -1.916564671198527 0.00110673533673382 30 -0.19301107487778324 0.9811965781506389 0.0
 221  193 2291 96.053663 20.699456 -1.0831021343668301 1.267605085906379 36 -0.19310182791714142 0.9811787217704319 0.0
 222  194 2291 96.065661 20.699456 -1.915376325448354 0.0002895997243558975 36 -0.19302977984412997 0.9811928985135017 0.0
 223  180 2325 95.921950 21.006847 1.0953393547476684 0.15815292465584133 2169 -0.19337390673050586 0.9811251358495416 0.0
 224  186 2329 95.981525 21.042254 1.3824260359379783 0.1322043127071572 134 -0.1929494746285669 0.9812086935206801 0.0
 225  188 2330 95.999672 21.047432 1.7053700453705258 0.08910009074514123 36 -0.19282995285290158 0.9812321892817967 0.0
 226  189 2330 96.011434 21.047726 1.6937932512339424 0.09118770131102955 34 -0.19275712313102564 0.9812464988382127 0.0
 227  188 2329 95.999672 21.036433 1.5821585337320963 0.062384453432071045 30 -0.19284884156574963 0.9812284771177141 0.0
 228  189 2329 96.011920 21.036808 1.5567612275481224 0.01976868777109369 32 -0.1927732482185351 0.981243331070981 0.0
 229  186 2327 95.981815 21.019280 1.4639267283426205 0.10136252341798106 142 -0.19298718246608187 0.981201277722264 0.0
 230  188 2327 95.999672 21.025434 1.5532304512129889 0.0003928132781935679 36 -0.1928677520256602 0.9812247603014145 0.0
 231  189 2327 96.011670 21.025434 1.552485187848409 0.002113773467430341 36 -0.19279463628984891 0.9812391289679925 0.0
 232  188 2326 95.999672 21.013435 1.5545995599693723 0.0003893253026427586 36 -0.19288835318921393 0.9812207107496014 0.0
 233  189 2326 96.011670 21.014435 1.5543647448221842 0.00032294072116408084 30 -0.19281390305930005 0.9812353432215122 0.0
 234  190 2330 96.023668 21.048432 -0.046379611889521284 1.475045332559113 30 -0.19268166411763404 0.9812613190750258 0.0
 235  191 2330 96.035666 21.048432 -1.7310376326243082 0.0003307837913316318 30 -0.19260866224444892 0.9812756509913022 0.0
 236  190 2329 96.023668 21.037433 0.2134251565568977 1.3504400165001265 36 -0.19270069899483663 0.9812575811716827 0.0
 237  191 2329 96.035666 21.037433 -1.7297642827033997 0.00039531684884686264 36 -0.19262775270536014 0.9812719036473441 0.0
 238  193 2329 96.053924 21.042955 -1.7305928166361824 0.0007685576549256175 138 -0.19250688930274548 0.98129562190554 0.0
 239  190 2327 96.023668 21.025434 0.309992457429568 1.286951142363671 36 -0.19272168636403803 0.9812534594104632 0.0
 240  191 2327 96.035666 21.025434 -1.7256939477390714 0.01350587284274616 36 -0.19264866465690503 0.9812677983129332 0.0
 241  190 2326 96.023668 21.014435 0.318319375316302 1.291219947522326 30 -0.19274059508742206 0.9812497454803982 0.0
 242  191 2326 96.035666 21.014435 -1.679038166999817 0.08266539866626461 30 -0.19266773102807302 0.9812640548906775 0.0
 243  193 2327 96.053663 21.020434 -1.709476983908451 0.05335121658558759 132 -0.19254771859453731 0.9812876112863339 0.0
 244  186 2324 95.981675 20.996436 1.5232677486809818 0.07274336571113456 132 -0.19302770974666988 0.9811933057608757 0.0
 245  188 2325 95.999672 21.002435 1.5594740788141885 0.013550017106877671 30 -0.19290776560527811 0.9812168944576826 0.0
 246  189 2325 96.011670 21.003435 1.5577937695715163 0.009835332290531244 36 -0.1928327970886604 0.9812316303335129 0.0
 247  188 2324 95.999672 20.991436 1.6325566470623016 0.09669331564511592 36 -0.19292658806670146 0.9812131937641999 0.0
 248  189 2324 96.011670 20.991436 1.6384961240821414 0.09849224991699343 36 -0.19285333068297011 0.9812275948242004 0.0
 249  186 2322 95.982675 20.974438 1.5334324639542658 0.07577119599893335 133 -0.19305908954102804 0.9811871319710576 0.0
 250  188 2322 95.999575 20.980243 1.7788775505558136 0.10434720370886706 31 -0.19294645158218143 0.981209287981848 0.0
 251  189 2322 96.011670 20.980437 1.8487577279408773 0.10058862324245049 30 -0.19287262083995513 0.981223803283597 0.0
 252  188 2321 96.001814 20.969295 1.7951919419424875 0.11116119190152925 35 -0.19295181831948327 0.9812082326434104 0.0
 253  189 2321 96.013669 20.969438 1.800721502966351 0.14894549909602636 36 -0.19287966700658118 0.9812224182393258 0.0
 254  190 2325 96.023668 21.003435 0.40605179882711834 1.2379865524214877 36 -0.19275977905892397 0.9812459771011317 0.0
 255  191 2325 96.035666 21.003435 -1.5277932087580364 0.14066562290904389 36 -0.19268672579578872 0.9812603251441987 0.0
 256  190 2324 96.023668 20.991436 0.7342747747898102 0.9555045108904817 36 -0.1927805565455014 0.9812418952623287 0.0
 257  191 2324 96.035430 20.991730 -1.2667110211708967 0.12287370878718051 34 -0.19270858204046518 0.9812560330555699 0.0
 258  193 2324 96.053663 20.998436 -1.5829645557837053 0.11609627206539805 132 -0.19258610029814827 0.9812800792699052 0.0
 259  190 2322 96.023893 20.980308 0.8374625425184926 0.8825913495159912 31 -0.1927983208369195 0.9812384050180998 0.0
 260  191 2322 96.036291 20.980812 -1.1294619012624025 0.17312315733356698 32 -0.19272210590544805 0.9812533770109376 0.0
 261  190 2321 96.025667 20.969438 0.7389881155557103 0.8736508989077189 36 -0.19280644495179186 0.9812368087190022 0.0
 262  191 2321 96.037665 20.969438 -1.190772521826956 0.2177541190023721 36 -0.1927334778027399 0.98125114345618 0.0
 263  193 2322 96.054911 20.975458 -1.5004757979820516 0.02007415102172012 145 -0.19261844869555847 0.9812737300173262 0.0
 264  180 2316 95.926629 20.918013 1.1901388728079956 0.17148622158064 2036 -0.19349544759028584 0.9811011730508913 0.0
 265  186 2319 95.983446 20.951753 1.5108756005764008 0.08988330149519519 140 -0.19309358656032494 0.9811803436826843 0.0
 266  188 2320 96.001671 20.957439 1.692941857708825 0.10870634793962305 36 -0.19297296493739363 0.9812040739842407 0.0
 267  189 2320 96.013669 20.957439 1.7391613986757066 0.13833459048249877 36 -0.19289989422423084 0.9812184419426087 0.0
 268  188 2319 96.001671 20.946439 1.6622637828191122 0.11118766449466362 30 -0.19299158863667307 0.9812004110860805 0.0
 269  189 2319 96.013669 20.946439 1.777644443511963 0.1405928586840308 30 -0.1929190037525944 0.9812146849650725 0.0
 270  186 2317 95.983910 20.928794 1.4867025885511846 0.09876946396358671 136 -0.19313010642770748 0.9811731559674992 0.0
 271  188 2317 96.001671 20.935440 1.608925802840127 0.0838556772342462 36 -0.19301085745536842 0.9811966209197541 0.0
 272  189 2317 96.013669 20.935440 1.7667113973034754 0.02756139109324041 36 -0.19293808091709674 0.9812109339647759 0.0
 273  188 2316 96.001671 20.923441 1.5836547546916537 0.04324924320500759 36 -0.1930314308775647 0.9811925737047544 0.0
 274  189 2316 96.013669 20.923441 1.7830277846919165 0.0003608153080589311 36 -0.19295851656972443 0.9812069154277356 0.0
 275  190 2320 96.025525 20.957581 0.8874168370451246 0.879701551378132 35 -0.19282801142199602 0.981232570806248 0.0
 276  191 2320 96.037665 20.958439 -1.369833509127299 0.2130544812737849 30 -0.1927524039902961 0.981247425859534 0.0
 277  190 2319 96.025829 20.946633 1.0188546334543536 0.891319735356286 31 -0.19284474626227058 0.9812292819922571 0.0
 278  191 2319 96.037665 20.947439 -1.6000631054242451 0.1178465757866174 36 -0.19277183743241003 0.981243608230358 0.0
 279  193 2319 96.055662 20.952439 -1.5954192208521294 0.10291625159578056 132 -0.19265383084825102 0.9812667840396379 0.0
 280  190 2317 96.025667 20.935440 1.2053705495264795 0.7189082681481349 36 -0.19286527177262924 0.9812252478121779 0.0
 281  191 2317 96.037665 20.935440 -1.6319307022624545 0.11588595944484355 36 -0.19279235316793591 0.9812395775548242 0.0
 282  190 2316 96.025506 20.924247 1.4218876717552063 0.5265618551917091 31 -0.1928856541457533 0.9812212413236705 0.0
 283  191 2316 96.037665 20.924441 -1.5709470510482788 0.15179750455171018 30 -0.19281136234127386 0.9812358424721868 0.0
 284  193 2317 96.049663 20.935440 -1.7193020913336012 0.0012577248165634677 36 -0.19271975145235157 0.9812538394320522 0.0
 285  194 2317 96.061389 20.935895 -1.698274218674862 0.056195295143020886 33 -0.19264778226348506 0.9812679715495463 0.0
 286  193 2316 96.049663 20.924441 -1.7252608259518942 0.009505519768142448 30 -0.19273888946693302 0.9812500805029538 0.0
 287  194 2316 96.061934 20.924986 -1.7177223256140044 0.0003421291946871489 33 -0.1926632829124139 0.9812649282520043 0.0
 288  187 2313 95.995720 20.895404 1.665469715635808 0.21296741704859357 529 -0.19311572183756526 0.981175987261794 0.0
 289  190 2315 96.025810 20.913299 1.6364816316536495 0.27396297083938403 35 -0.192902576860492 0.9812179145534299 0.0
 290  191 2315 96.037665 20.913442 -1.5110811856057909 0.16105825152532177 36 -0.1928304512793537 0.9812320913318117 0.0
 291  190 2314 96.025667 20.901442 1.7721089720726013 0.06709769989764597 36 -0.19292383032213095 0.9812137359891766 0.0
 292  191 2314 96.037665 20.901442 -1.209774076110787 0.6453084910877009 36 -0.19285118650430957 0.9812280162448889 0.0
 293  193 2315 96.049663 20.913442 -1.717307769589954 0.0032400719340983904 36 -0.1927577252836863 0.9812463805505011 0.0
 294  194 2315 96.061661 20.913442 -1.7165202796459198 0.00035616712067254797 36 -0.1926852193135548 0.9812606209657491 0.0
 295  193 2314 96.049521 20.901585 -1.7150666304997035 0.0005025142943016546 35 -0.1927791043395726 0.9812421805701343 0.0
 296  194 2314 96.061661 20.902442 -1.7153889218966165 0.0002924572892511665 30 -0.19270421005673105 0.9812568916580465 0.0
 297  190 2312 96.025667 20.890443 1.8820638179779052 0.09885555559572931 30 -0.1929426280559087 0.9812100398379947 0.0
 298  191 2312 96.037665 20.890443 -0.8695770502090454 1.08676566122481 30 -0.19287010038487779 0.9812242987092845 0.0
 299  190 2311 96.026001 20.879444 1.936482505665885 0.10917538622950067 36 -0.19295982103190482 0.9812066588987945 0.0
 300  191 2311 96.037999 20.879444 -0.6818288713693619 1.1658881692859544 36 -0.19288712903902394 0.9812209513922351 0.0
 301  193 2312 96.049825 20.890637 -1.710675839454897 0.010852774551482022 31 -0.19279615861608526 0.9812388298589092 0.0
 302  194 2312 96.061661 20.891443 -1.7142992847495608 0.0003355960418379633 36 -0.19272322605773715 0.9812531570078633 0.0
 303  193 2311 96.049997 20.879444 -1.7589017020331488 0.08512217635666558 36 -0.192814543334288 0.9812352174065044 0.0
 304  194 2311 96.062175 20.879363 -1.7586126649701916 0.07947395890731394 37 -0.19274113312361807 0.9812496397972452 0.0
 305  179 2345 95.918181 21.187351 1.0630947033399596 0.14306899990379746 2172 -0.19308754676344703 0.9811815322787488 0.0
 306  186 2349 95.977675 21.222420 1.09163063583952 0.0014511141136278577 132 -0.192660620148095 0.9812654510600848 0.0
 307  188 2350 95.995672 21.228420 1.0946605682373047 0.007353278425789466 30 -0.1925396654131231 0.9812891914428704 0.0
 308  189 2350 96.007670 21.228420 0.376453165213267 0.8519928116408003 30 -0.19246557155940666 0.9813037265619197 0.0
 309  188 2349 95.995672 21.217421 1.0920175909996033 0.00045375542303789255 36 -0.1925585251037455 0.9812854907772101 0.0
 310  189 2349 96.007670 21.217421 0.31565618763367337 0.8241620048540419 36 -0.19248512779716223 0.9812998907453879 0.0
 311  186 2347 95.977420 21.199984 1.0946537525984492 0.0018032057518660351 137 -0.19270122659213335 0.9812574775612602 0.0
 312  188 2347 95.995672 21.205422 1.0936032036940257 0.0004501476904471329 36 -0.19257966875802748 0.9812813415025522 0.0
 313  189 2347 96.007670 21.205422 0.37275955660475624 0.7841315546457849 36 -0.19250589570359827 0.9812958168255663 0.0
 314  188 2346 95.995672 21.194422 1.097535260518392 0.007313562197804304 30 -0.19259896352344638 0.981277554644808 0.0
 315  189 2346 96.007670 21.194422 0.49357809623082477 0.7126134275883722 30 -0.19252543607571748 0.9812919832872655 0.0
 316  190 2350 96.019830 21.228613 -1.71321258237285 0.07423788963336035 31 -0.19239048536641948 0.9813184504229366 0.0
 317  191 2350 96.031666 21.229420 -1.754781424999237 0.0032642021248191085 36 -0.192316757992188 0.9813329020242694 0.0
 318  190 2349 96.019668 21.217421 -1.602864729033576 0.13851143188857626 36 -0.19241097053935188 0.9813144340200568 0.0
 319  191 2349 96.031666 21.217421 -1.751456744141049 0.0031714733455771985 36 -0.19233765673551356 0.9813288061610603 0.0
 320  193 2349 96.049472 21.223654 -1.5385878305908636 0.03447057158059623 141 -0.19221714505945264 0.9813524184232663 0.0
 321  190 2347 96.019507 21.206228 -1.4136698976639779 0.10643507071227931 31 -0.19243170579586957 0.981310368132576 0.0
 322  191 2347 96.031666 21.206421 -1.674777102470398 0.09550366127079578 30 -0.19235672669195877 0.9813250683113905 0.0
 323  190 2346 96.019811 21.195279 -1.3669885260718209 0.11547382744557844 35 -0.19244908859957957 0.9813069592625904 0.0
 324  191 2346 96.031666 21.195422 -1.5881831612851884 0.08118262760302948 36 -0.1923762008908889 0.9813212508301185 0.0
 325  193 2347 96.049863 21.200689 -1.5476700350090309 0.040840907701458054 135 -0.19225521597463374 0.9813449607200043 0.0
 326  186 2344 95.978448 21.176948 1.2110753414478708 0.10503372255650228 141 -0.1927349697056422 0.9812508504213207 0.0
 327  188 2345 95.995672 21.183423 1.281049993303087 0.0739750123509611 36 -0.19261810888244224 0.981273796720646 0.0
 328  189 2345 96.007670 21.183423 0.8346611600783136 0.5752787104875329 36 -0.1925442792305448 0.9812882861501966 0.0
 329  188 2344 95.997159 21.171505 1.3990647986128524 0.07994482632169969 37 -0.19262965721417205 0.98127152978243 0.0
 330  189 2344 96.009216 21.172181 0.8152620747233882 0.776242425487928 33 -0.19255469622627447 0.9812862421134861 0.0
 331  186 2342 95.979675 21.154425 1.3285593011162498 0.03532816311985549 132 -0.1927667437604746 0.9812446089023794 0.0
 332  188 2342 95.997672 21.160425 1.4563273906707763 0.0657033735103478 30 -0.19264592698081567 0.9812683357867523 0.0
 333  189 2342 96.009905 21.161130 0.9711655825376511 0.5873966084199784 34 -0.19256984254431933 0.9812832698779981 0.0
 334  188 2341 95.997672 21.149425 1.4934251970714993 0.06610131781914433 36 -0.19266510797718442 0.9812645699138128 0.0
 335  189 2341 96.009670 21.149425 1.1994394179847505 0.14182333618704743 36 -0.19259140744871414 0.9812790376732418 0.0
 336  190 2345 96.019668 21.183423 -1.2707572595940695 0.10426557680867517 36 -0.19247081191777302 0.9813026987427036 0.0
 337  191 2345 96.031856 21.183288 -1.5064592490325104 0.05367238076019641 37 -0.19239623755255497 0.9813173226717343 0.0
 338  190 2344 96.021668 21.172424 -1.2647391041119893 0.08555108185482843 30 -0.19247758799187195 0.9813013696723506 0.0
 339  191 2344 96.033666 21.172424 -1.4591964960098267 0.0883177560226651 30 -0.19240412875406557 0.9813157754965468 0.0
 340  193 2344 96.050932 21.178468 -1.4534074281578633 0.09364032456983358 134 -0.19228775331428952 0.9813385857721802 0.0
 341  190 2342 96.021668 21.161425 -1.1736158463690016 0.16417944185569655 36 -0.19249697881619435 0.9812975660555964 0.0
 342  191 2342 96.033666 21.161425 -1.3271929257445865 0.04793493933575245 36 -0.19242358052023298 0.9813119614372248 0.0
 343  190 2341 96.021668 21.149425 -1.0826308164331648 0.23073792403331084 36 -0.19251780096744378 0.9812934812331424 0.0
 344  191 2341 96.033666 21.149425 -1.3143177098698087 0.03132088937499431 36 -0.19244466069989985 0.9813078276300972 0.0
 345  193 2342 96.051663 21.156425 -1.30706269271446 0.003250375332759733 132 -0.19232201429161422 0.9813318719061438 0.0
 346  179 2335 95.920066 21.097086 1.1055219814249997 0.10587140076416503 2170 -0.19323113167996425 0.9811532651679249 0.0
 347  186 2339 95.979675 21.132427 1.4089262675155292 0.10167255733390343 132 -0.19280470228535568 0.9812371511396495 0.0
 348  188 2340 95.997399 21.137881 1.5393185398795388 0.0021273181603203256 33 -0.19268673118383875 0.9812603240861657 0.0
 349  189 2340 96.009670 21.138426 1.2744846185048422 0.132628266790974 30 -0.1926105419552166 0.9812752820323754 0.0
 350  188 2339 95.997945 21.126972 1.670316923748363 0.09600654235437932 33 -0.1927021786779988 0.9812572905883312 0.0
 351  189 2339 96.009670 21.127427 1.439009918106927 0.18122343738739513 36 -0.19262980519801426 0.9812715007322772 0.0
 352  186 2337 95.979598 21.109505 1.4824033242005568 0.14982901628874637 143 -0.19284486913639712 0.9812292578433268 0.0
 353  188 2337 95.997672 21.115428 1.760803073644638 0.0030313990894474665 36 -0.19272402721982435 0.9812529996551207 0.0
 354  189 2337 96.009670 21.115428 1.6974941061602697 0.09395981002896005 36 -0.19265049890375732 0.9812674382002765 0.0
 355  188 2336 95.997672 21.104428 1.7626476446787516 0.00034643401324286434 30 -0.19274320535643258 0.9812492327583895 0.0
 356  189 2336 96.009670 21.104428 1.7507867574691773 0.027613118784944785 30 -0.19266977674467237 0.9812636532192345 0.0
 357  190 2340 96.021668 21.138426 -0.9120953311522801 0.6220391392181077 30 -0.19253729127735317 0.9812896572712766 0.0
 358  191 2340 96.033666 21.138426 -1.4944795966148376 0.06612235786817774 30 -0.19246366613628677 0.9813041002754346 0.0
 359  190 2339 96.021668 21.127427 -0.8790837244855033 0.9230923790493822 36 -0.19255652075695293 0.9812858840898391 0.0
 360  191 2339 96.033666 21.127427 -1.521748466624154 0.00042347301136968623 36 -0.1924830105370085 0.9813003060504005 0.0
 361  193 2339 96.051663 21.133427 -1.3897053773204486 0.10275397470622583 144 -0.19236241715733832 0.9813239528643872 0.0
 362  190 2337 96.021668 21.115428 -0.6247088139255842 1.1968435928305283 36 -0.19257741773791473 0.9812817832699212 0.0
 363  191 2337 96.033505 21.116234 -1.5203827158097298 0.000371070417126589 31 -0.19250339608450276 0.9812963071855173 0.0
 364  190 2336 96.021668 21.104428 -0.4676904002825419 1.3010483164625495 30 -0.19259659740184817 0.981278019049255 0.0
 365  191 2336 96.033809 21.105286 -1.519046596118382 0.0004379038678227872 35 -0.19252072354566394 0.9812929078544561 0.0
 366  193 2337 96.051663 21.110428 -1.4638513805288258 0.0921836680835857 132 -0.19240261310238457 0.981316072665364 0.0
 367  186 2334 95.979758 21.086520 1.528559051958242 0.16733979036910773 133 -0.19288387315460342 0.981221591424118 0.0
 368  188 2335 95.997672 21.093429 1.7639845112959545 0.0004144243702937699 36 -0.1927625574689181 0.9812454312953728 0.0
 369  189 2335 96.009670 21.093429 1.7631055646472507 0.003530462417251283 36 -0.19268882674600588 0.9812599125854718 0.0
 370  188 2334 95.997672 21.081430 1.7654306424988642 0.00041092516994858355 36 -0.1927831598690111 0.9812413837944869 0.0
 371  189 2334 96.009859 21.081295 1.7653357724885683 0.00041447479732530573 37 -0.19270896972625814 0.9812559569179921 0.0
 372  186 2332 95.981397 21.064491 1.492512181289214 0.15949044452601502 133 -0.19291181947489397 0.9812160974560529 0.0
 373  188 2332 95.999446 21.070560 1.7667129770401986 0.00033993248885204547 31 -0.19279113145324303 0.9812398175945461 0.0
 374  189 2332 96.011670 21.070431 1.7666149218877156 0.0003371288405832503 30 -0.19271679723777543 0.9812544196396845 0.0
 375  188 2331 95.999672 21.059432 1.7675419052441914 0.0022093367748844362 36 -0.19280922968627054 0.9812362615332696 0.0
 376  189 2331 96.011670 21.059432 1.7574186556869082 0.03993071561936173 36 -0.19273550377549847 0.9812507455204327 0.0
 377  190 2335 96.021668 21.093429 -0.21667510271072388 1.310535974053301 36 -0.19261555904484046 0.9812742972348982 0.0
 378  191 2335 96.033666 21.093429 -1.5180078248182933 0.0016598905076906521 36 -0.19254241792737795 0.9812886513654782 0.0
 379  190 2334 96.021543 21.082055 0.06594737991690636 1.3843232868814335 32 -0.19263631384981172 0.9812702230203243 0.0
 380  191 2334 96.033892 21.082301 -1.5691180267641622 0.07665773491666926 31 -0.19256032354320735 0.9812851378661227 0.0
 381  193 2334 96.051941 21.088370 -1.562672169584977 0.08551067365260967 133 -0.19243961566577567 0.981308817000239 0.0
 382  190 2332 96.023903 21.071137 -0.4531933227006127 1.337299988163784 34 -0.1926408316927304 0.9812693360972475 0.0
 383  191 2332 96.035666 21.071431 -1.7038831578360663 0.06280295309521419 36 -0.1925684257337203 0.9812835479159102 0.0
 384  190 2331 96.023668 21.059432 -0.17025315844350392 1.4158016500614226 36 -0.19266254814848005 0.9812650725165624 0.0
 385  191 2331 96.035666 21.059432 -1.7320313619242773 0.0016785175739192496 36 -0.19258927943530757 0.9812794553268651 0.0
 386  193 2332 96.053402 21.065909 -1.62640036534572 0.10107099927421628 138 -0.19246993558366327 0.9813028706247733 0.0
 387  179 2366 95.914366 21.367864 0.8255323227794691 0.09023295058389443 2175 -0.19279839880486338 0.9812383896985895 0.0
 388  186 2369 95.973676 21.402408 1.0179456756873564 0.12827405842533715 132 -0.19236996930147754 0.9813224724375512 0.0
 389  188 2370 95.991923 21.408783 0.9753611870110035 0.10199403641682186 32 -0.1922455764690361 0.9813468491456463 0.0
 390  189 2370 96.003671 21.409407 -0.8453051919738451 0.7452715410471483 36 -0.19217166500266367 0.9813613254913319 0.0
 391  188 2369 95.991673 21.397408 1.1190942294067807 0.08811520728531068 36 -0.19226731251503068 0.9813425908102876 0.0
 392  189 2369 96.003671 21.397408 -0.5768740384115113 1.0115318904972435 36 -0.19219306087550733 0.9813571354768372 0.0
 393  186 2367 95.973676 21.380410 1.1871109568711482 0.15670138014118618 132 -0.1924086784352929 0.9813148834409798 0.0
 394  188 2367 95.991673 21.386409 1.2642079989115398 0.059215544171702945 30 -0.19228665334225353 0.9813388013048481 0.0
 395  189 2367 96.003671 21.386409 -0.40749858021736146 1.067132333750206 30 -0.19221243980756328 0.9813533400275478 0.0
 396  188 2366 95.991862 21.375275 1.2990092651264087 0.0332723305803747 37 -0.19230513304771715 0.9813351801517664 0.0
 397  189 2366 96.004355 21.375305 -0.4302130804250115 1.0568384341555301 38 -0.19222778814616104 0.9813503337057743 0.0
 398  191 2369 96.021439 21.403722 -1.340753047806876 0.0011918496863336377 140 -0.1920716468907484 0.9813809058977434 0.0
 399  193 2369 96.045664 21.404408 -1.340923081744801 0.0009457687306977605 132 -0.19192051271862112 0.9814104731445561 0.0
 400  190 2367 96.015669 21.386409 -1.3380996545155843 0.00040869937141298506 30 -0.19213806167699066 0.9813679051482217 0.0
 401  191 2367 96.027902 21.387115 -1.3861623897271997 0.07737671589953615 34 -0.19206112328337618 0.9813829654742983 0.0
 402  190 2366 96.016831 21.375437 -1.4482794323483028 0.10165866603631435 37 -0.1921502399819438 0.9813655207285822 0.0
 403  191 2366 96.029153 21.375491 -1.5498693923692446 0.019448413517685958 37 -0.19207405528999502 0.9813804345331407 0.0
 404  193 2367 96.046581 21.381485 -1.3522690962100852 0.05034938663855395 145 -0.19195556543984216 0.981403617731599 0.0
 405  186 2364 95.975243 21.357943 1.3957182819961655 0.15316765351337638 141 -0.19243841773634546 0.9813090519194918 0.0
 406  188 2365 95.993673 21.363411 1.401889595720503 0.10103409476625537 36 -0.19231489819821393 0.981333266495644 0.0
 407  189 2365 96.005671 21.363411 -0.7190309705005752 0.9744280923722738 36 -0.19224052901432892 0.9813478379271495 0.0
 408  188 2364 95.993673 21.352411 1.480760431289673 0.06715512907112803 30 -0.19233432605432169 0.9813294589592375 0.0
 409  189 2364 96.005671 21.352411 -0.6915831983089447 1.136079397053543 30 -0.19226019806602085 0.981343984665731 0.0
 410  186 2362 95.975931 21.334851 1.6088613793797737 0.1399013327450199 137 -0.19247469356690422 0.9813019373955838 0.0
 411  188 2362 95.993673 21.341412 1.5656363897853427 0.08581364430144905 36 -0.19235361433514286 0.9813256783821602 0.0
 412  189 2362 96.005671 21.341412 -0.449782632291317 1.2816595119804883 36 -0.19227941628100964 0.9813402193299908 0.0
 413  188 2361 95.993673 21.329413 1.658475720220142 0.09343680684133361 36 -0.19237482595181116 0.9813215203693489 0.0
 414  189 2361 96.005435 21.329707 0.0023680395063231975 1.3045541815349626 34 -0.19230138294101506 0.9813359150255192 0.0
 415  190 2365 96.017396 21.363865 -1.5551837574351917 0.01950407995578314 33 -0.19216734314050002 0.9813621717950622 0.0
 416  191 2365 96.029667 21.364411 -1.5845362623532613 0.06746417368101175 30 -0.19209030443331293 0.9813772541396694 0.0
 417  190 2364 96.017941 21.352957 -1.5975688009551077 0.0788652886168229 33 -0.19218323742066276 0.9813590592920173 0.0
 418  191 2364 96.029667 21.353411 -1.680281076166365 0.09830860639204614 36 -0.1921097188441406 0.9813734538521128 0.0
 419  193 2364 96.047746 21.358501 -1.4780811931853903 0.09679757907171152 133 -0.19198924531304976 0.9813970295879877 0.0
 420  190 2362 96.017669 21.341412 -1.6176645457744598 0.09281175383375381 36 -0.19220538411052973 0.9813547219629218 0.0
 421  191 2362 96.029667 21.341412 -1.666127473115921 0.09918380164183209 36 -0.19213116794555252 0.9813692548189381 0.0
 422  190 2361 96.017669 21.330413 -1.6525413354237874 0.10073064001502939 30 -0.19222473895982015 0.981350930978225 0.0
 423  191 2361 96.029667 21.330413 -1.6511189381281535 0.0999854435547042 30 -0.19215057184010595 0.9813654557510777 0.0
 424  193 2362 96.047664 21.336413 -1.428448627392451 0.15201043869467928 132 -0.1920290196523915 0.9813892477561295 0.0
 425  179 2355 95.916271 21.277613 0.9016057961940546 0.08234128806233486 2173 -0.19294334205241373 0.9812098994392816 0.0
 426  186 2359 95.975676 21.312414 1.4964304981809673 0.17645728010866815 132 -0.19251570416059768 0.9812938925987207 0.0
 427  188 2360 95.993673 21.318414 1.6373373548189798 0.09813583775852167 30 -0.19239406330112588 0.9813177489511146 0.0
 428  189 2360 96.005921 21.318789 -0.013075830414891243 1.3408226369887797 32 -0.19231776073863935 0.9813327055104581 0.0
 429  188 2359 95.993673 21.307414 1.4111471937762365 0.11671431377264578 36 -0.19241336016495253 0.9813139654718219 0.0
 430  189 2359 96.005671 21.307414 0.002696107659074995 1.1155579587124989 36 -0.19233897215895027 0.9813285483408901 0.0
 431  186 2357 95.975676 21.290416 1.116448947877595 0.090193595289975 132 -0.19255418647446176 0.9812863421403348 0.0
 432  188 2357 95.993673 21.295415 1.118304044008255 0.07423029759472005 36 -0.19243447107238332 0.9813098258669848 0.0
 433  189 2357 96.005671 21.296415 0.05757632106542587 1.0441824338147603 30 -0.19235854886413856 0.9813247111322954 0.0
 434  188 2356 95.993673 21.284416 1.082996141910553 0.00040546615933645456 30 -0.1924538323621738 0.9813060289273231 0.0
 435  189 2356 96.005671 21.285416 0.2298139524128702 0.9507328656252891 36 -0.1923778316408781 0.9813209311398354 0.0
 436  190 2360 96.017669 21.319414 -1.6738017797470093 0.09979189466882579 36 -0.19224418621568387 0.9813471214948712 0.0
 437  191 2360 96.029667 21.319414 -1.7011704179975722 0.12197162494004041 36 -0.19216999724997444 0.9813616520717247 0.0
 438  190 2359 96.017669 21.307414 -1.6824056373702154 0.12009943635227106 36 -0.19226514170549044 0.9813430161187104 0.0
 439  191 2359 96.029667 21.307414 -1.8897094395425584 0.11153274349201801 36 -0.19219130278600885 0.9813574797867579 0.0
 440  193 2359 96.047514 21.314235 -1.4062510568704178 0.15604354022326636 134 -0.19206933161037307 0.9813813590316175 0.0
 441  190 2357 96.017669 21.296415 -1.6770591974258422 0.12751397142649987 30 -0.19228459408868737 0.9813392047993135 0.0
 442  191 2357 96.029667 21.296415 -1.9590922832489013 0.04845902234527803 30 -0.19221076007813515 0.981353669025691 0.0
 443  190 2356 96.017669 21.285416 -1.5472440256012812 0.14080290496078443 36 -0.19230395968187083 0.981335410087027 0.0
 444  191 2356 96.029667 21.285416 -1.817176812224918 0.07884666063190442 36 -0.19223016341401564 0.9813498684331806 0.0
 445  193 2357 96.047983 21.291124 -1.5650914427306917 0.12038388218824927 144 -0.19210721567444605 0.9813739438592264 0.0
 446  186 2354 95.976840 21.267445 1.0711941314886695 0.11875219293873492 146 -0.19258729575132857 0.9812798446494203 0.0
 447  188 2355 95.994510 21.273390 1.1104374769571665 0.054055139686474914 37 -0.1924680526419475 0.9813032399376946 0.0
 448  189 2355 96.006833 21.273444 0.17723591988151138 0.9411679144692209 37 -0.19239196321558732 0.9813181606849289 0.0
 449  188 2354 95.995511 21.262224 1.2980570831606466 0.016434280985666242 31 -0.19248119613428713 0.9813006619455192 0.0
 450  189 2354 96.007670 21.262418 0.23549544016520182 0.9554146856895926 30 -0.19240603419825947 0.9813154018989502 0.0
 451  186 2352 95.977675 21.244419 1.1336380965781934 0.08569413986562471 132 -0.19262222428598058 0.9812729888828701 0.0
 452  188 2352 95.995815 21.251276 1.3066981281552996 0.0011813829960231645 35 -0.1924983725551439 0.981297292650714 0.0
 453  189 2352 96.007670 21.251418 0.4130411942799886 0.8640013406847408 36 -0.19242539337251025 0.9813116059567596 0.0
 454  188 2351 95.995672 21.239419 1.2555732991960313 0.08639623852904352 36 -0.1925201639236561 0.9812930176470271 0.0
 455  189 2351 96.007670 21.239419 0.44380538745058906 0.8655211794741026 36 -0.19244640768196464 0.9813074850271485 0.0
 456  190 2355 96.019155 21.273498 -1.5200561542768736 0.16747266107839798 37 -0.19231570791874966 0.9813331078118736 0.0
 457  191 2355 96.031196 21.274005 -1.759607781382168 0.00045385362567700266 34 -0.19224071276841875 0.9813478019307378 0.0
 458  190 2354 96.019668 21.262418 -1.5749869783719381 0.13801890990548563 30 -0.19233203573469873 0.9813299078445263 0.0
 459  191 2354 96.031939 21.262963 -1.7577756173682935 0.0010099770931050875 33 -0.19225560600341443 0.9813448843094154 0.0
 460  193 2354 96.049663 21.268417 -1.5744101937973138 0.06964910899846877 132 -0.1921370161984183 0.9813681098376739 0.0
 461  190 2352 96.019668 21.251418 -1.6908854014343686 0.09338580838785158 36 -0.192351309317012 0.9813261301952736 0.0
 462  191 2352 96.031666 21.251418 -1.756522172027164 0.0004546427163085081 36 -0.1922778073757168 0.981340534570333 0.0
 463  190 2351 96.019526 21.239562 -1.746719227518354 0.019708280018485288 35 -0.19237329095469505 0.9813218212835483 0.0
 464  191 2351 96.031666 21.240419 -1.7632897615432739 0.009590011980603136 30 -0.1922971305253568 0.9813367483141116 0.0
 465  193 2352 96.049663 21.246419 -1.5505741717237416 0.047644460562994574 132 -0.19217594510844366 0.9813604873448271 0.0
 466  179 2386 95.910582 21.548327 0.9290625200758533 0.12939028070647374 2174 -0.1925061056148635 0.9812957756461601 0.0
 467  186 2389 95.969868 21.583162 0.9002060974743349 0.0919487172711731 141 -0.19207381152724715 0.9813804822419262 0.0
 468  188 2390 95.987674 21.589395 -0.040266734858353935 0.7875747267697956 36 -0.19195158397707004 0.9814043964690059 0.0
 469  189 2390 95.999672 21.589395 -1.2908784846464794 0.09990640039301144 36 -0.19187638251074374 0.981419102032659 0.0
 470  188 2389 95.987674 21.577396 0.18358019987742105 0.7490143968263071 36 -0.19197287524375437 0.9814002318986101 0.0
 471  189 2389 95.999510 21.578202 -1.1425533833042267 0.021518879173272828 31 -0.19189732382407182 0.9814150075830098 0.0
 472  186 2387 95.970677 21.560397 1.013349085825461 0.06198615769508957 135 -0.19210932845034806 0.9813735302739505 0.0
 473  188 2387 95.988486 21.566334 0.16098446305841208 0.7823885782284479 32 -0.19198731857369525 0.9813974065111862 0.0
 474  189 2387 96.001005 21.567286 -1.173665891091029 0.0707679150730933 36 -0.1919075887454428 0.9814130004141528 0.0
 475  188 2386 95.989673 21.555397 0.05663840886619356 0.8859361693413601 36 -0.19199954761920393 0.9813950141069706 0.0
 476  189 2386 96.001671 21.555397 -1.2381463415092893 0.10437434813511214 36 -0.19192486926791485 0.9814096211860233 0.0
 477  192 2388 96.030560 21.573013 -1.4728279227510506 0.10042699264549199 545 -0.1917130895988106 0.9814510131822568 0.0
 478  185 2385 95.965677 21.543398 1.142199718289905 0.10048973746621633 36 -0.19217044661679863 0.9813615640767169 0.0
 479  186 2385 95.977675 21.543398 1.2529630992147658 0.02676124888647667 36 -0.19209577547872592 0.9813761832463772 0.0
 480  185 2384 95.965677 21.532399 1.2411989609400431 0.055270308876742155 30 -0.19219005879018897 0.9813577234129377 0.0
 481  186 2384 95.977675 21.532399 1.2643634041150411 0.0004595709889110589 30 -0.19211529836829652 0.9813723616104443 0.0
 482  188 2385 95.989423 21.544023 0.32321256399154663 0.9641781722265725 32 -0.19202122358915016 0.9813907731843242 0.0
 483  189 2385 96.001671 21.544398 -1.2868197401364645 0.10222320189598665 30 -0.1919444381970497 0.9814057940756306 0.0
 484  188 2384 95.989909 21.533105 0.38183005943017845 0.9795181014027347 34 -0.19203784531269097 0.9813875207927086 0.0
 485  189 2384 96.001671 21.533399 -1.2969332767857447 0.09523734591792929 36 -0.19196391961879386 0.981401983676714 0.0
 486  185 2382 95.965677 21.521400 1.2661532825893826 0.0005786962314322601 36 -0.19220956839311598 0.9813539024318046 0.0
 487  186 2382 95.977675 21.521400 1.2662256360054016 0.0007283023181908051 36 -0.19213487793904557 0.9813685284740631 0.0
 488  185 2381 95.965677 21.509401 1.2680999603536394 0.0005479621406515245 36 -0.1922309279622213 0.9813497186705581 0.0
 489  186 2381 95.977440 21.509695 1.268028522239012 0.0005272416541188066 34 -0.19215694105141984 0.9813642086431323 0.0
 490  188 2382 95.989673 21.521400 0.56630320681466 0.8816049213006149 36 -0.19206013738246 0.981383158419091 0.0
 491  189 2382 96.001671 21.521400 -1.3363471494780645 0.06032715850960318 36 -0.1919853044297199 0.9813978005289333 0.0
 492  188 2381 95.989673 21.510401 0.618102635939916 0.848890552680204 30 -0.1920794747405305 0.9813793738322616 0.0
 493  189 2381 96.001671 21.510401 -1.350577978293101 0.02632945551300494 30 -0.19200515571506518 0.9813939169257335 0.0
 494  192 2383 96.031925 21.527994 -1.428277517596734 0.09646159348875537 542 -0.19178514261642013 0.9814369358606795 0.0
 495  179 2376 95.912438 21.458123 0.9324597385985887 0.1284810408280408 2176 -0.19265280057795978 0.9812669863138518 0.0
 496  185 2380 95.965677 21.498401 1.2585061192512512 0.030564706545712892 30 -0.1922501702660359 0.9813459492109192 0.0
 497  186 2380 95.977925 21.498776 1.244226723909378 0.05885202856949856 32 -0.19217328926422744 0.9813610074245703 0.0
 498  185 2379 95.965677 21.487402 1.0699452095561557 0.03916088637771198 36 -0.19226986824895814 0.9813420900804817 0.0
 499  186 2379 95.977675 21.487402 1.0859762330849965 0.06908857989321299 36 -0.19219483005877197 0.9813567889909763 0.0
 500  188 2380 95.989673 21.499401 0.47547730803489685 0.7062083049867558 36 -0.19209913328522493 0.981375525979258 0.0
 501  189 2380 96.001671 21.499401 -1.288621261715889 0.11664972447254682 36 -0.1920242744311492 0.9813901762444899 0.0
 502  188 2379 95.989673 21.487402 0.18983439770009783 0.6710901063095107 36 -0.19212027245154772 0.9813713878614676 0.0
 503  189 2379 96.001671 21.487402 -1.2861840162012312 0.09793927471337333 36 -0.19204567038987244 0.9813859895497309 0.0
 504  186 2377 95.972143 21.470270 1.0463325747737178 0.03592555128475107 135 -0.19225971698583733 0.9813440789165264 0.0
 505  188 2377 95.989673 21.476403 0.3487569481134415 0.5449642116274288 30 -0.19213983206179333 0.9813675585300679 0.0
 506  189 2377 96.001897 21.476274 -1.2505731621096212 0.15723978314743062 31 -0.19206410763664158 0.9813823814180386 0.0
 507  188 2376 95.991160 21.465485 0.3456246981749663 0.5816144285919372 37 -0.1921500210666564 0.9813655635919183 0.0
 508  189 2376 96.003482 21.465539 -1.3632138564779952 0.15240986448743815 37 -0.19207345572587278 0.9813805518785876 0.0
 509  192 2378 96.032244 21.482687 -1.3668176687046043 0.04935713434991691 549 -0.19186420109167612 0.9814214835326629 0.0
 510  186 2374 95.973676 21.448405 1.0583394792946903 0.003675435789727151 132 -0.19228893742615993 0.9813383537514054 0.0
 511  188 2375 95.991673 21.453404 0.6357571569581827 0.4194386627317382 36 -0.19216815862908088 0.9813620121082273 0.0
 512  189 2375 96.003421 21.454029 -1.4307172894477844 0.20560097869832974 32 -0.19209422226532288 0.981376487272994 0.0
 513  188 2374 95.991673 21.442405 0.7951101710398992 0.2119012920953944 30 -0.19218750456683723 0.9813582236310918 0.0
 514  189 2374 96.003906 21.443111 -1.4082373328068678 0.30012739890612844 34 -0.192110671510012 0.9813732673615948 0.0
 515  186 2372 95.973676 21.425406 1.0432636158333883 0.05653280948958717 144 -0.19232944241281819 0.9813304161092605 0.0
 516  188 2372 95.991673 21.431406 0.8665015929275088 0.14546932062328014 36 -0.19220698852795673 0.9813544077248616 0.0
 517  189 2372 96.003671 21.431406 -1.2679373853736453 0.40862483520625464 36 -0.19213292596708217 0.9813689106341853 0.0
 518  188 2371 95.991438 21.419701 0.9455903242616093 0.13205701569281333 34 -0.19222926238296875 0.9813500449297893 0.0
 519  189 2371 96.003671 21.420407 -1.0148621837298075 0.5718811598236506 30 -0.19215222744014085 0.9813651315844639 0.0
 520  192 2373 96.033905 21.437749 -1.3890328309429225 0.10022917833043693 536 -0.19193391557913148 0.9814078520423927 0.0
 521  180 2405 95.906913 21.728679 1.0031482577050623 0.04908962261396786 2181 -0.19221037840887945 0.9813537437804553 0.0
 522  185 2410 95.959678 21.769383 1.1624645292758942 0.09343199337240253 36 -0.19180497794093282 0.9814330595802641 0.0
 523  186 2410 95.971676 21.769383 1.2232258485423193 0.0006306782514593323 36 -0.19172945230470967 0.9814478168088898 0.0
 524  185 2409 95.959678 21.757384 1.0251223146915436 0.053075828010215285 36 -0.19182663656394278 0.9814288265098826 0.0
 525  186 2409 95.971902 21.758254 1.1572753114085044 0.08190431660942621 31 -0.1917480314079499 0.9814441871299538 0.0
 526  188 2410 95.983674 21.769383 0.2988208909001615 0.8925767922449976 36 -0.19165409576293752 0.9814625349840365 0.0
 527  189 2410 95.995672 21.769383 -1.5372404919730291 0.10841788893925214 36 -0.19157842163680036 0.9814773091432896 0.0
 528  188 2409 95.984487 21.758321 0.14466339349746704 0.9932592014237945 32 -0.19166872250432068 0.9814596786488794 0.0
 529  189 2409 95.997235 21.758571 -1.553941287100315 0.11895192815496454 32 -0.1915877361321444 0.9814754909643745 0.0
 530  185 2407 95.961452 21.746513 1.0086605279676375 0.0005248673847936248 31 -0.19183515507685822 0.9814271614728408 0.0
 531  186 2407 95.973487 21.747519 1.002652947967117 0.034653397234610354 37 -0.1917571876639708 0.9814423981972679 0.0
 532  185 2406 95.961678 21.735385 1.0106883148352306 0.0006206257981730575 36 -0.19185355091807207 0.9814235655414674 0.0
 533  186 2406 95.973676 21.735385 0.9736963113149008 0.08113371889580984 36 -0.19177772639280183 0.9814383850551228 0.0
 534  188 2407 95.985674 21.747384 -0.1996767744421959 0.9721247328757936 36 -0.19168074928583753 0.9814573298688131 0.0
 535  189 2407 95.997672 21.747384 -1.5747785435782538 0.07790557936651411 36 -0.1916053860822853 0.9814720454624566 0.0
 536  188 2406 95.985674 21.735385 -0.3030484724375937 0.8560397128364804 36 -0.19170238195926395 0.9814531047131821 0.0
 537  189 2406 95.997399 21.735840 -1.5898799354379827 0.05804278225970674 33 -0.19162791135893747 0.9814676477542249 0.0
 538  192 2408 96.027505 21.753692 -1.7747911043895246 0.2341510035997972 537 -0.1914065583464794 0.9815108401958463 0.0
 539  185 2405 95.961517 21.724192 1.0123925132136191 0.0007153759631867018 31 -0.19187468637080687 0.9814194336419595 0.0
 540  186 2405 95.973676 21.724386 0.9441279153029124 0.09688005751199799 30 -0.19179756750720145 0.9814345077988242 0.0
 541  185 2404 95.961821 21.713244 1.0280224936349052 0.04843620213694498 35 -0.19189245474312328 0.9814159596280562 0.0
 542  186 2404 95.973676 21.713387 0.9790518863333596 0.10996610961150612 36 -0.19181729645117662 0.981430652049426 0.0
 543  188 2405 95.985674 21.724386 -0.32322251151005427 0.8686335327177873 30 -0.19172230264924367 0.9814492134934298 0.0
 544  189 2405 95.997945 21.724931 -1.6806853467767888 0.09341779778810762 33 -0.19164424314931686 0.9814644588917755 0.0
 545  188 2404 95.985674 21.713387 -0.36497365766101414 0.9359505952985301 36 -0.19174216635086147 0.9814453329875681 0.0
 546  189 2404 95.997672 21.713387 -1.8274487323231168 0.0066557786427996245 36 -0.1916668632762814 0.9814600417346756 0.0
 547  185 2402 95.961678 21.701387 1.1597031785382166 0.12150188800644088 36 -0.19191440014645694 0.981411668473748 0.0
 548  186 2402 95.973676 21.701387 1.2329310211870406 0.10186529983121385 36 -0.19183895648522353 0.9814264184209943 0.0
 549  185 2401 95.961678 21.690388 1.2750622669855753 0.1284971126406787 30 -0.19193406366948623 0.9814078230803531 0.0
 550  186 2401 95.973676 21.690388 1.378290351231893 0.09224961437302069 30 -0.19185873076596566 0.9814225529448937 0.0
 551  188 2402 95.985531 21.701530 0.037057437215532577 1.1081511678772757 35 -0.19176411632096133 0.9814410444298938 0.0
 552  189 2402 95.997672 21.702387 -1.8234150409698486 0.009935210115351978 30 -0.19168653252436277 0.981456200372073 0.0
 553  188 2401 95.985835 21.690582 0.14031657288151403 1.2087031469917822 31 -0.19178172701062987 0.9814376033069143 0.0
 554  189 2401 95.997672 21.691388 -1.7885404891437955 0.08059899318412773 36 -0.19170652472249497 0.981452295518648 0.0
 555  192 2403 96.027667 21.708387 -1.603418422565944 0.19965257871249975 552 -0.19148747086104864 0.9814950578088709 0.0
 556  180 2395 95.908792 21.638469 1.000436159562977 0.1634224087635547 2176 -0.19235838695984014 0.9813247428686431 0.0
 557  185 2400 95.961678 21.679389 1.3461619019508362 0.1051148726093427 36 -0.19195363746759844 0.9814039948272872 0.0
 558  186 2400 95.973676 21.679389 1.4572858677970038 0.003545563546145222 36 -0.19187828374664978 0.9814187303217929 0.0
 559  185 2399 95.961678 21.667390 1.2877087361282773 0.09036817484801843 36 -0.1919748851123978 0.9813998387436599 0.0
 560  186 2399 95.973676 21.667390 1.4464275472693973 0.03918237852057677 36 -0.1918998848345171 0.9814145068219131 0.0
 561  188 2400 95.985674 21.679389 0.5495775623453988 1.0489408040618973 36 -0.19180301030915606 0.9814334441195417 0.0
 562  189 2400 95.997672 21.679389 -1.7514937122662861 0.09937951119714729 36 -0.1917278909487268 0.9814481218242527 0.0
 563  188 2399 95.985513 21.668196 0.8381452195106014 0.9023101795350799 31 -0.1918241275556799 0.9814293169085088 0.0
 564  189 2399 95.998109 21.668202 -1.6619571931660175 0.12418513125467581 32 -0.19174496352417267 0.9814447865076842 0.0
 565  185 2397 95.962490 21.656328 1.2441678121685982 0.08405119642876333 32 -0.19198962222127264 0.9813969558539158 0.0
 566  186 2397 95.975063 21.656455 1.4334131825354792 0.04551604540402233 31 -0.1919107291230922 0.9814123863328011 0.0
 567  185 2396 95.963678 21.645391 1.313763118452496 0.1307300690768385 36 -0.19200186737693908 0.9813945602680749 0.0
 568  186 2396 95.975676 21.645391 1.4621475405163236 0.003294345027009922 36 -0.19192666515205933 0.9814092699804753 0.0
 569  188 2397 95.987485 21.657471 0.3465272752014366 1.1429429403818985 37 -0.19183113130126866 0.9814279479736021 0.0
 570  189 2397 95.999672 21.657390 -1.5845039983590443 0.053210019150458594 36 -0.191754554423745 0.9814429126840497 0.0
 571  188 2396 95.987674 21.645391 0.22629612849818337 1.1631002457417192 36 -0.19185142365825328 0.981423981386384 0.0
 572  189 2396 95.999672 21.645391 -1.5653640396065183 0.07367153323570064 36 -0.19177613343875735 0.9814386963245744 0.0
 573  192 2398 96.029046 21.663405 -1.4182215561210887 0.20069452241934838 538 -0.19155999413172062 0.9814809059010039 0.0
 574  185 2395 95.963678 21.633392 1.3751490182346768 0.11854070541135427 36 -0.19202335569408838 0.9813903560092597 0.0
 575  186 2395 95.975514 21.634198 1.4652564102603542 0.001999712959682596 31 -0.191947616408976 0.9814051724720594 0.0
 576  185 2394 95.963678 21.622393 1.3964896202087402 0.10132981479284932 30 -0.19204287440489212 0.9813865366868993 0.0
 577  186 2394 95.975818 21.623250 1.4676615136010307 0.001143018771524769 35 -0.19196517695414303 0.9814017377389163 0.0
 578  188 2395 95.987674 21.634392 0.015385183691978454 1.097259296473646 30 -0.1918711835922461 0.9814201184543297 0.0
 579  189 2395 95.999672 21.634392 -1.634534192085266 0.08886162305498486 30 -0.19179590578540143 0.9814348325405805 0.0
 580  188 2394 95.987674 21.623393 -0.28983741750319797 1.0825738612616571 36 -0.1918908642507108 0.9814162706095285 0.0
 581  189 2394 95.999672 21.623393 -1.7389474146895938 0.0962650522134659 36 -0.1918154744045328 0.9814310081605145 0.0
 582  185 2392 95.963678 21.611394 1.2893731494744618 0.12007079572710763 36 -0.1920622598502678 0.9813827430422893 0.0
 583  186 2392 95.975676 21.611394 1.2913037637869518 0.12561902532440808 36 -0.19198731041214948 0.9813974081078006 0.0
 584  185 2391 95.963405 21.599849 1.0767799615859985 0.07420105066771605 33 -0.1920846369299674 0.981378363453914 0.0
 585  186 2391 95.975676 21.600394 1.0512222647666931 0.04969153571634242 30 -0.19200676132708638 0.981393602793845 0.0
 586  188 2392 95.987674 21.611394 -0.40271611428923076 0.9989573184769407 36 -0.19191222430921645 0.9814120939547714 0.0
 587  189 2392 95.999529 21.611536 -1.7384368862424577 0.0946472880133199 35 -0.19183761079419992 0.9814266814616225 0.0
 588  188 2391 95.987674 21.600394 -0.3162885278463364 0.8939808085072649 30 -0.19193189660080417 0.9814082468917908 0.0
 589  189 2391 95.999833 21.600588 -1.5682256760135773 0.13784806313501968 31 -0.1918554519568817 0.9814231939150514 0.0
 590  192 2393 96.029781 21.618273 -1.5397800964953035 0.1804787761511577 549 -0.19163664076900444 0.9814659433290447 0.0
 591  180 2426 95.902968 21.909214 1.1074160027342874 0.3138073056842348 2183 -0.19191307322939544 0.9814119279505669 0.0
 592  185 2430 95.955679 21.949370 1.622630645831426 0.009483142919615413 36 -0.19150572676760305 0.981491495946456 0.0
 593  186 2430 95.967866 21.949235 1.625971430056804 0.0006999658107980209 37 -0.19142876106062684 0.9815065101357165 0.0
 594  185 2429 95.956866 21.938434 1.596861682832241 0.06942703780685511 32 -0.19151836767351715 0.9814890294056636 0.0
 595  186 2429 95.969451 21.938500 1.6281368847816222 0.0005767940215054766 31 -0.19143808673284957 0.9815046912511758 0.0
 596  188 2430 95.980204 21.950017 0.20526223322924445 1.7732652665494602 34 -0.19134888805547645 0.9815220848457423 0.0
 597  189 2430 95.993235 21.950558 -2.499825470149517 0.06369142721954775 32 -0.1912648871791989 0.9815384571846018 0.0
 598  188 2429 95.981818 21.939228 -0.2627366696085249 1.7875271237421664 35 -0.19135819754482947 0.9815202699039862 0.0
 599  189 2429 95.993673 21.939371 -2.5261675980356006 0.004869365365882894 36 -0.19128253175561663 0.9815350187564178 0.0
 600  185 2427 95.957679 21.927372 1.547982543706894 0.09876868125010187 36 -0.19153297378636458 0.9814861791958925 0.0
 601  186 2427 95.969677 21.927372 1.5325205657217238 0.09480669399894276 36 -0.19145707533711118 0.9815009874184333 0.0
 602  185 2426 95.957679 21.915373 1.4985232916143205 0.09698747785597792 36 -0.19155470946620093 0.9814819373179108 0.0
 603  186 2426 95.969404 21.915827 1.4510534712762544 0.07321617427023387 33 -0.19147966101579694 0.9814965814598008 0.0
 604  188 2427 95.981675 21.927372 -0.1826713126566675 1.6515205859255728 36 -0.19138050165472015 0.9815159212088145 0.0
 605  189 2427 95.993673 21.927372 -2.5291121933195324 0.008884128172186272 36 -0.19130471813349528 0.9815306947925082 0.0
 606  188 2426 95.981675 21.916373 -0.1282964567343394 1.5986083830289675 30 -0.1914007415449971 0.981511974525031 0.0
 607  189 2426 95.993673 21.916373 -2.5115692694981893 0.03897144082921024 30 -0.1913244305419967 0.9815268525505457 0.0
 608  192 2428 96.023903 21.934048 -2.48782565357054 0.2674728328749483 544 -0.1911009848883171 0.9815703813658576 0.0
 609  185 2425 95.957679 21.904373 1.5780375758806864 0.08537606436707781 30 -0.19157459804325222 0.9814780554778422 0.0
 610  186 2425 95.969949 21.904919 1.5069119424530955 0.09985121380395555 33 -0.19149593577338087 0.9814934062856853 0.0
 611  185 2424 95.957679 21.893374 1.720403058661355 0.09604204197241976 36 -0.1915945434683181 0.9814741621220432 0.0
 612  186 2424 95.969677 21.893374 1.6935564577579498 0.09338488262889258 36 -0.19151868689482449 0.9814889671158216 0.0
 613  188 2425 95.981675 21.905373 0.0366082059012519 1.547602079577744 36 -0.19142085571551068 0.9815080519267999 0.0
 614  189 2425 95.993673 21.905373 -2.463152766227722 0.09222348342610226 36 -0.1913444464479235 0.9815229507319417 0.0
 615  188 2424 95.981675 21.893374 0.4853876440061463 1.272240555126343 36 -0.19144237762211722 0.9815038543227381 0.0
 616  189 2424 95.993673 21.893374 -2.3484764165348477 0.15321137860783046 36 -0.19136649287990753 0.981518652600573 0.0
 617  185 2422 95.957443 21.881669 1.7748190585304708 0.09148627935860561 34 -0.19161703481076003 0.9814697712972784 0.0
 618  186 2422 95.969677 21.882375 1.719608688354492 0.10644479033166603 30 -0.19153853284819675 0.9814850943515955 0.0
 619  185 2421 95.957929 21.870751 1.638732686638832 0.12379359675888227 32 -0.1916338474202845 0.9814664887416682 0.0
 620  186 2421 95.969677 21.871376 1.5214050610860188 0.19184989520161672 36 -0.19155850487708678 0.9814811965642821 0.0
 621  188 2422 95.981675 21.882375 0.6002825965483983 1.1439857165654896 30 -0.19146236987951537 0.9814999546205387 0.0
 622  189 2422 95.993673 21.882375 -2.170071216424306 0.19113490448332776 30 -0.1913867033390564 0.9815147119554591 0.0
 623  188 2421 95.981675 21.871376 0.5135658209522566 0.8875235043550929 36 -0.19148230600225497 0.9814960654470597 0.0
 624  189 2421 95.993673 21.871376 -2.007996771070692 0.2053162868397747 36 -0.19140678196761018 0.9815107965869778 0.0
 625  192 2423 96.023662 21.888550 -2.196507321029413 0.30058817586390113 549 -0.19118559164170368 0.9815539055745292 0.0
 626  180 2416 95.904940 21.818945 1.0054497729191312 0.16591943081975746 2182 -0.19206212518776228 0.9813827693965083 0.0
 627  185 2420 95.957679 21.859376 1.2801467577616374 0.0992479645855426 36 -0.19165597208463223 0.9814621685853687 0.0
 628  186 2420 95.969677 21.859376 1.2542748285664453 0.08117279511684032 36 -0.1915800649983648 0.9814769883676449 0.0
 629  185 2419 95.958116 21.848190 1.2080459594726562 0.0016993448746344584 32 -0.19167322832278463 0.9814587986993247 0.0
 630  186 2419 95.970864 21.848440 1.2069865390658379 0.003922330061960599 32 -0.19159230668181873 0.9814745987647056 0.0
 631  188 2420 95.981864 21.859241 0.43329460798083125 0.9441612444824693 37 -0.19150329631532312 0.9814919701660151 0.0
 632  189 2420 95.994006 21.860013 -2.00360725142739 0.19450647134828036 33 -0.1914250989782522 0.9815072243652445 0.0
 633  188 2419 95.983449 21.848506 0.04085642531994851 1.111246152733376 31 -0.1915123984224229 0.9814901941693005 0.0
 634  189 2419 95.995815 21.849234 -2.1033184698649814 0.1520973925788082 35 -0.19143310313242362 0.9815056632669477 0.0
 635  185 2417 95.959678 21.837378 1.287086503373252 0.09470848394438804 36 -0.1916829089480676 0.9814569080796197 0.0
 636  186 2417 95.971676 21.837378 1.3099394606219397 0.10033867246825212 36 -0.19160708144433333 0.9814717144881887 0.0
 637  185 2416 95.959678 21.825379 1.3919539550940196 0.0797033714668856 36 -0.1917045786921332 0.9814526756336608 0.0
 638  186 2416 95.971676 21.825379 1.4300920334127214 0.0045379446677408205 36 -0.1916284412896747 0.9814675442870691 0.0
 639  188 2417 95.983674 21.837378 0.25299667318662006 1.0577072954547833 36 -0.19153124687915066 0.9814865161931252 0.0
 640  189 2417 95.995672 21.837378 -2.0529651277595096 0.20270640334339352 36 -0.1914554177056692 0.981501310763846 0.0
 641  188 2416 95.983402 21.825833 0.5815808935598894 0.8261527930610325 33 -0.1915538285834265 0.9814821092383861 0.0
 642  189 2416 95.995672 21.826379 -1.8852323134740194 0.27826491243972307 30 -0.19147560549407844 0.9814973726407402 0.0
 643  192 2418 96.025778 21.843867 -2.1308713879850174 0.2291180154847682 540 -0.19125363264789805 0.9815406502020091 0.0
 644  185 2415 95.959678 21.814380 1.3991751273473103 0.07683648828474877 30 -0.19172433645356202 0.9814488161954454 0.0
 645  186 2415 95.971676 21.814380 1.4335708061854044 0.0005351165868722981 30 -0.19164853709176727 0.9814636204315398 0.0
 646  185 2414 95.959678 21.803380 1.387664106157091 0.08784429240876857 36 -0.19174416111952275 0.9814449432732183 0.0
 647  186 2414 95.971676 21.803380 1.4356424974070654 0.0006409164276174226 36 -0.19166822626512106 0.9814597755590303 0.0
 648  188 2415 95.983947 21.814925 0.6155825153444753 0.8778666982836337 33 -0.19157006542735344 0.9814789401877961 0.0
 649  189 2415 95.995672 21.815380 -1.8292269309361775 0.21960465180339794 36 -0.1914953104208477 0.981493528295945 0.0
 650  188 2414 95.983674 21.803380 0.6643127165734768 0.8735561849626424 36 -0.19159272551291823 0.98147451700517 0.0
 651  189 2414 95.995672 21.803380 -1.7703946265909407 0.12529521190155057 36 -0.19151715859448967 0.9814892653329903 0.0
 652  185 2412 95.959678 21.791381 1.350876556502448 0.10373176764212966 36 -0.19176581456964276 0.9814407126069518 0.0
 653  186 2412 95.971533 21.791524 1.4378620420183454 0.0006265065262632576 35 -0.19169043639929376 0.9814554379048742 0.0
 654  185 2411 95.959678 21.780382 1.2424764156341552 0.060497399781562836 30 -0.19178529433367528 0.981436906213204 0.0
 655  186 2411 95.971838 21.780575 1.3254486591585222 0.09675328130236031 31 -0.1917082625294459 0.9814519560721966 0.0
 656  188 2412 95.983674 21.792381 0.4970341920852661 0.9078466366451807 30 -0.19161260588698828 0.9814706359668627 0.0
 657  189 2412 95.995672 21.792381 -1.707487150033315 0.10189342162370098 30 -0.19153696038081408 0.9814854012200479 0.0
 658  188 2411 95.983674 21.781382 0.37111835678418476 0.9222403842022513 36 -0.19163230820080177 0.9814667892769642 0.0
 659  189 2411 95.995672 21.781382 -1.5825175179375544 0.11584345859098212 36 -0.19155672525777176 0.9814815438960218 0.0
 660  192 2413 96.025633 21.798425 -1.7891253572626684 0.1769753633654185 551 -0.191337172519139 0.9815243687307929 0.0
 661  177 2448 95.874250 22.111505 1.0190618652884693 0.17811580965031154 543 -0.19173196830045902 0.9814473252964887 0.0
 662  181 2449 95.909435 22.123754 1.1719715938293676 0.05406810483403029 139 -0.19148428119323704 0.9814956801004829 0.0
 663  183 2449 95.934157 22.124139 1.5298309735138051 0.14948887071594244 137 -0.19132531637020422 0.9815266798797889 0.0
 664  181 2447 95.911574 22.101064 1.3068288346411476 0.08720309891399543 142 -0.19151189824604892 0.9814902917656368 0.0
 665  183 2447 95.935491 22.101594 1.4782043374176566 0.13473529331334508 141 -0.1913577791583533 0.9815203514729499 0.0
 666  177 2443 95.875442 22.066591 0.7554905840560145 0.5197047375655836 552 -0.19180541476160212 0.9814329742107353 0.0
 667  182 2443 95.923803 22.067493 1.4853557280901462 0.16720127938506363 531 -0.19149466240009153 0.9814936547284832 0.0
 668  185 2450 95.951856 22.129828 1.834022111752454 0.06518082766391144 34 -0.19120160398699326 0.9815507865784637 0.0
 669  186 2450 95.964865 22.130420 1.771465603262186 0.11405881829535348 32 -0.1911171837289371 0.9815672274905676 0.0
 670  185 2449 95.953822 22.119216 2.0138005222593036 0.041337668136588866 35 -0.19120834142274185 0.9815494741327938 0.0
 671  186 2449 95.965677 22.119359 1.9764389627509646 0.08615504554669583 36 -0.19113251026272943 0.9815642431958632 0.0
 672  188 2450 95.977450 22.130487 -1.2520425819581555 1.3985829726690195 31 -0.19103684338324842 0.981582866838131 0.0
 673  189 2450 95.989909 22.131064 -2.9233020193436565 0.24355715686794374 34 -0.19095581497539074 0.981598633213741 0.0
 674  188 2449 95.977675 22.119359 -1.5658777985307906 1.5741627161287763 36 -0.1910554661321339 0.9815792422728961 0.0
 675  189 2449 95.989673 22.119359 -3.292134291595883 0.19716603693610096 36 -0.19097906076085466 0.9815941107967702 0.0
 676  185 2447 95.953679 22.107359 1.9948243929280176 0.07324650246500543 36 -0.19123100667420764 0.9815450586123742 0.0
 677  186 2447 95.965677 22.107359 1.9482188986407385 0.13709869760624666 36 -0.19115461564349814 0.9815599385255016 0.0
 678  185 2446 95.953679 22.096360 1.81166885693868 0.1067120318390119 30 -0.19125114174595706 0.9815411355520806 0.0
 679  186 2446 95.965677 22.096360 1.7695505976676942 0.13198023803637643 30 -0.1911745839689386 0.9815560495683898 0.0
 680  188 2447 95.977440 22.107654 -1.2785365888301063 1.885716512088661 34 -0.19107844239347543 0.9815747698736369 0.0
 681  189 2447 95.989673 22.108359 -3.383069554964701 0.13653558715428848 30 -0.1909992952765969 0.9815901737506562 0.0
 682  188 2446 95.977925 22.096735 -1.3482352048158646 1.8754829258182124 32 -0.19109511860431935 0.9815715234488016 0.0
 683  189 2446 95.989673 22.097360 -3.1353482007980347 0.17150705604916244 36 -0.19101931099003414 0.9815862788511729 0.0
 684  192 2448 96.019668 22.114360 -2.7931953007760257 0.5844231483994776 552 -0.19079653445599948 0.9816296055231731 0.0
 685  185 2445 95.953679 22.085361 1.721391843424903 0.10284391692736877 36 -0.19127135608058943 0.9815371966171696 0.0
 686  186 2445 95.965677 22.085361 1.6551086141003504 0.09435386985388035 36 -0.19119430847632218 0.9815522076824345 0.0
 687  185 2444 95.953679 22.073362 1.7543223566479154 0.09459563232692542 36 -0.19129294832036117 0.9815329887084303 0.0
 688  186 2444 95.965677 22.073362 1.7322606245676677 0.10155517950734684 36 -0.19121644660519774 0.9815478951878414 0.0
 689  188 2445 95.977675 22.085361 -1.0267635732889175 1.8274534543706016 36 -0.19111801880058496 0.9815670648966066 0.0
 690  189 2445 95.989673 22.085361 -2.995012150870429 0.005693192734190076 36 -0.19104129464026223 0.9815820005186385 0.0
 691  188 2444 95.977675 22.074362 -0.6592221851150195 1.8765741723355647 30 -0.19113806484238893 0.9815631615786663 0.0
 692  189 2444 95.989673 22.074362 -2.9554911851882935 0.07385389155113153 30 -0.19106132745665383 0.9815781014012596 0.0
 693  185 2442 95.953679 22.062363 1.8046969254811605 0.051256263129300705 30 -0.19131298467268312 0.9815290835709505 0.0
 694  186 2442 95.965677 22.062363 1.8048615455627441 0.043762646379971244 30 -0.1912362792036177 0.981544031369126 0.0
 695  185 2441 95.953679 22.051363 1.820250050889121 0.008930603567790771 36 -0.19133300862002955 0.9815251804270778 0.0
 696  186 2441 95.965677 22.051363 1.8137903445296817 0.01635582114422888 36 -0.19125640670744706 0.9815401096712022 0.0
 697  188 2442 95.977675 22.063362 -0.180042441520426 1.8565984918003045 36 -0.1911579420925863 0.9815592907078653 0.0
 698  189 2442 95.989673 22.063362 -2.9439069628715515 0.0808947025600539 36 -0.19108127707973355 0.9815742180546402 0.0
 699  188 2441 95.977675 22.051363 0.30631760797566837 1.6345035792343587 36 -0.1911801329749361 0.9815549687896679 0.0
 700  189 2441 95.990042 22.051153 -2.8302137726231624 0.09575888311485652 38 -0.19110125561732033 0.981570328657852 0.0
 701  192 2443 96.020146 22.069092 -2.4544864067324887 0.4504903690818177 540 -0.19087697615138008 0.9816139668807211 0.0
 702  180 2436 95.900974 21.999482 1.2225975172197792 0.2626955111069803 2185 -0.19176338792220352 0.9814411867517067 0.0
 703  185 2440 95.953868 22.039229 1.8080396909971495 0.04614093838142988 37 -0.1913539707724812 0.9815210939504073 0.0
 704  186 2440 95.966011 22.040000 1.7621829690355244 0.09086061478733609 33 -0.191275129118711 0.9815364613607691 0.0
 705  185 2439 95.955453 22.028494 1.8235312777180825 0.011751621295129876 31 -0.19136364751914436 0.9815192073557035 0.0
 706  186 2439 95.967820 22.029222 1.71134717805045 0.10192615887013368 35 -0.19128350306281527 0.9815348294665952 0.0
 707  188 2440 95.979039 22.040546 0.04400684887712652 1.58139313245832 33 -0.1911910593678393 0.9815528405632595 0.0
 708  189 2440 95.991673 22.040364 -2.654909332593282 0.1435355660003127 30 -0.1911108074336658 0.981568468973027 0.0
 709  188 2439 95.979675 22.029365 -0.05747245417700873 1.5409352171215254 36 -0.1912076070051848 0.9815496171989222 0.0
 710  189 2439 95.991673 22.029365 -2.537920799520281 0.18395167311089874 36 -0.1911310557053191 0.9815645264296027 0.0
 711  185 2437 95.955679 22.017366 1.7996846172544692 0.06479860093108133 36 -0.1913823249909021 0.9815155656845573 0.0
 712  186 2437 95.967677 22.017366 1.751803050438563 0.09719295463100314 36 -0.1913058941922159 0.9815304655726773 0.0
 713  185 2436 95.955406 22.005821 1.7997805638746782 0.06336332777285004 33 -0.19140484268313648 0.9815111747695202 0.0
 714  186 2436 95.967677 22.006366 1.7326962312062582 0.1001911559993041 30 -0.19132599672754633 0.9815265472600376 0.0
 715  188 2437 95.979675 22.017366 0.11466116416785452 1.6164975053332065 36 -0.1912293928490501 0.9815453730269343 0.0
 716  189 2437 95.991438 22.017660 -2.5616377311594345 0.14963092013181095 34 -0.19115397177514623 0.9815600639159004 0.0
 717  188 2436 95.979675 22.006366 0.24128581086794534 1.6508490374535651 30 -0.19124966463622506 0.981541423362525 0.0
 718  189 2436 95.991923 22.006741 -2.611923471093178 0.11894482162458758 32 -0.19117087929464613 0.9815567711088911 0.0
 719  192 2438 96.021748 22.024286 -2.365296465700323 0.30448331899319586 550 -0.19094927483342308 0.9815999054811435 0.0
 720  185 2435 95.955952 21.994913 1.67321007901972 0.08048057862561851 33 -0.19142138440126344 0.9815079488185023 0.0
 721  186 2435 95.967677 21.995367 1.637638145022922 0.052935020227263443 36 -0.19134618396204908 0.9815226120080787 0.0
 722  185 2434 95.955679 21.983368 1.6189738677607641 0.0007003281895831871 36 -0.19144422089165497 0.9815034947911225 0.0
 723  186 2434 95.967677 21.983368 1.619034121433894 0.0006997371557039256 36 -0.1913676951577182 0.9815184181919475 0.0
 724  188 2435 95.979675 21.995367 0.3813722539279196 1.4875912038399317 36 -0.1912696719721385 0.9815375247965156 0.0
 725  189 2435 95.991673 21.995367 -2.5795498953925238 0.09770842708389854 36 -0.19119327624532545 0.981552408747785 0.0
 726  188 2434 95.979675 21.983368 0.44335285905334687 1.410692776269316 36 -0.19129146770479435 0.981533277267432 0.0
 727  189 2434 95.991673 21.984368 -2.4696537971496584 0.09421684532712968 30 -0.191213392432602 0.9815484901696989 0.0
 728  185 2432 95.955679 21.972369 1.6212230404218038 0.0005771051402606669 30 -0.191464063674702 0.981499624208369 0.0
 729  186 2432 95.967677 21.972369 1.6212815324465433 0.0005766491366136233 30 -0.19138779363577169 0.981514499356597 0.0
 730  185 2431 95.955679 21.961369 1.6234605378574796 0.0006932586063571008 36 -0.19148402283154595 0.9814957305053589 0.0
 731  186 2431 95.967677 21.961369 1.623517307970259 0.0006926791876430907 36 -0.19140778206711798 0.9815106015546377 0.0
 732  188 2432 95.979675 21.972369 0.3639063080151876 1.5325102471585783 30 -0.1913115407257201 0.981529365014186 0.0
 733  189 2432 95.991673 21.973369 -2.3779525491926403 0.08374279307561018 36 -0.19123353479535174 0.9815445660639536 0.0
 734  188 2431 95.979675 21.961369 0.3445737461249034 1.6402295083821257 36 -0.1913313349965216 0.981525506672368 0.0
 735  189 2431 95.991673 21.961369 -2.367699854903751 0.07462238206326093 36 -0.19125528835127203 0.9815403275860202 0.0
 736  192 2433 96.021787 21.978784 -2.4286439624401406 0.20558882267650133 545 -0.1910324024889652 0.9815837311199153 0.0
 737  179 2466 95.894950 22.270191 1.0105450964704408 0.22951031255492504 2187 -0.19131042211226243 0.9815295830443562 0.0
 738  185 2470 95.948680 22.310345 1.3283327854040898 0.0006970024484945416 33 -0.19089003744471997 0.9816114269935704 0.0
 739  186 2470 95.961707 22.311145 1.288991859980992 0.08102601409431562 35 -0.19080441367804077 0.9816280740285391 0.0
 740  185 2469 95.949680 22.299346 1.3307499918672774 0.0007653115082152911 36 -0.19090414774015382 0.9816086829157561 0.0
 741  186 2469 95.961678 22.299346 1.3060790598392487 0.05002357723785543 36 -0.1908267244304527 0.9816237371025336 0.0
 742  188 2470 95.973676 22.311345 -1.0623927894565794 0.9589213875524457 36 -0.19072707635779812 0.9816431033445947 0.0
 743  189 2470 95.985674 22.311345 -2.368264807595147 0.18130039841068865 36 -0.19064977353726786 0.9816581196374777 0.0
 744  188 2469 95.973676 22.299346 -0.9864889453682635 1.069972998589893 36 -0.19074922078689566 0.9816388005621988 0.0
 745  189 2469 95.985531 22.299489 -2.3580376829419816 0.16658427776583934 35 -0.1906727593110037 0.9816536552454375 0.0
 746  185 2467 95.949445 22.287641 1.3334560955272001 0.000764106342984082 34 -0.19092707538250034 0.9816042236491677 0.0
 747  186 2467 95.961678 22.288347 1.3167566935221353 0.025321528939875264 30 -0.19084703766579222 0.9816197880107101 0.0
 748  185 2466 95.949930 22.276723 1.3365003317594528 0.0024008079783724152 32 -0.19094405295783876 0.9816009212709786 0.0
 749  186 2466 95.961678 22.277348 1.3177606761455536 0.026790883913820295 36 -0.19086726020292283 0.981615856118181 0.0
 750  188 2467 95.973676 22.288347 -0.6333247760931651 1.2368908031884491 30 -0.19076983851122034 0.9816347939607698 0.0
 751  189 2467 95.985835 22.288541 -2.4295931400791293 0.1926311774749438 31 -0.1906910720101761 0.9816500980775227 0.0
 752  188 2466 95.973676 22.277348 -0.4779663317733341 1.327254999055775 36 -0.19079020145020104 0.9816308364301682 0.0
 753  189 2466 95.985674 22.277348 -2.5102678338686624 0.18626515457559215 36 -0.19071271759260844 0.9816458930533157 0.0
 754  192 2468 96.015420 22.294712 -2.427556622313751 0.3323757612878601 543 -0.1904893712749126 0.9816892580808291 0.0
 755  185 2465 95.949680 22.265349 1.460598584678438 0.0987311937293547 36 -0.19096655334298163 0.9815965441586997 0.0
 756  186 2465 95.961678 22.265349 1.3636651171578302 0.07167598587902825 36 -0.1908895172468246 0.9816115281542257 0.0
 757  185 2464 95.949680 22.254349 1.5577274640401204 0.010493508789849691 30 -0.19098695595136653 0.9815925746746614 0.0
 758  186 2464 95.961678 22.254349 1.4356205503145854 0.12562008877173633 30 -0.19091000872585775 0.9816075430477768 0.0
 759  188 2465 95.973676 22.265349 -0.48691247486405903 1.313211997344762 36 -0.19081222329669206 0.9816265559980402 0.0
 760  189 2465 95.985513 22.266155 -2.540414979380946 0.19368083308619397 31 -0.1907346796609916 0.9816416260400833 0.0
 761  188 2464 95.973676 22.254349 -0.5018576890230179 1.1848539913482552 30 -0.19083266902387028 0.9816225814605255 0.0
 762  189 2464 95.985817 22.255206 -2.5141465391431534 0.199326586779501 35 -0.19075293677239166 0.9816380784753147 0.0
 763  185 2462 95.949680 22.243350 1.5624602966838412 0.0007843010267181221 36 -0.1910073650504947 0.9815886034874626 0.0
 764  186 2462 95.961678 22.243350 1.4666975571049585 0.12656020269623552 36 -0.19092999290955867 0.9816036561706338 0.0
 765  185 2461 95.949680 22.231351 1.5652069648106892 0.0007805460091481391 36 -0.19102949841258973 0.9815842962966728 0.0
 766  186 2461 95.961867 22.231216 1.49507768895175 0.13308337427445233 37 -0.1909511620259723 0.9815995383662989 0.0
 767  188 2462 95.973676 22.243350 -0.7150759531391991 1.1141896304254602 36 -0.190852880168134 0.9816186520902748 0.0
 768  189 2462 95.985674 22.243350 -2.4983273612128363 0.1906985207020586 36 -0.1907757185620814 0.9816336512198028 0.0
 769  188 2461 95.974162 22.231837 -0.9522836438247135 1.236015054869721 35 -0.19087095298950307 0.9816151380785032 0.0
 770  189 2461 95.987236 22.232538 -2.664315901696682 0.1555787899726293 32 -0.19078609578353778 0.9816316344004378 0.0
 771  192 2463 96.016898 22.249727 -2.3238352956233346 0.3300475568195094 549 -0.1905635627273647 0.9816748588818265 0.0
 772  177 2458 95.872311 22.201735 0.8701962562040849 0.09237121452594964 550 -0.19158090941132358 0.9814768235415089 0.0
 773  181 2459 95.907702 22.214188 1.2119269900357545 0.11389760176099967 134 -0.19133065391580015 0.9815256394369697 0.0
 774  183 2459 95.932333 22.214206 1.5001304358461478 0.10911676321552177 137 -0.1911722288343707 0.9815565082676081 0.0
 775  181 2457 95.909421 22.191497 1.1053985555966694 0.11761317637022241 147 -0.19136100933046912 0.9815197217111963 0.0
 776  183 2457 95.933483 22.192087 1.5371176807968705 0.13666625556880885 135 -0.19120532563049591 0.9815500616120078 0.0
 777  177 2453 95.873321 22.156788 0.9131879285658954 0.10249657433347127 547 -0.19165599072692543 0.9814621649449767 0.0
 778  182 2453 95.921936 22.157742 1.3563462160597077 0.22190211468494064 537 -0.19134227370690116 0.9815233742976645 0.0
 779  185 2460 95.950316 22.220170 1.5677598136844058 0.0006412126247106926 33 -0.19104585288858797 0.9815811133544043 0.0
 780  186 2460 95.963240 22.220539 1.4630181863904 0.17755573511353048 32 -0.19096206474531663 0.9815974173907577 0.0
 781  185 2459 95.951680 22.209352 1.6879628400007884 0.09791040838144138 36 -0.19105692518827697 0.9815789582797713 0.0
 782  186 2459 95.963678 22.209352 1.5668167405658298 0.10871335699105804 36 -0.19097980990110042 0.9815939650436628 0.0
 783  188 2460 95.975911 22.221057 -1.7052272339077557 1.0354379286310507 34 -0.19087964763173643 0.9816134474017684 0.0
 784  189 2460 95.987674 22.221352 -2.658513685067495 0.09227781010102282 36 -0.19080371962708867 0.9816282089347613 0.0
 785  188 2459 95.975676 22.209352 -1.583633553650644 1.2967832489070041 36 -0.19090278384384526 0.981608948166565 0.0
 786  189 2459 95.987674 22.209352 -2.6070955197016397 0.07935129804584597 36 -0.19082558665869342 0.9816239582836014 0.0
 787  185 2457 95.951680 22.197353 1.79168035586675 0.0007694520488096564 36 -0.19107911594322255 0.9815746387567053 0.0
 788  186 2457 95.963442 22.197647 1.7383128930540646 0.08503939903745901 34 -0.1910029976972414 0.9815894533208206 0.0
 789  185 2456 95.951680 22.186354 1.7941221872965494 0.0006119358629158031 30 -0.19109928882167 0.9815707115699062 0.0
 790  186 2456 95.963928 22.186729 1.7019314505159855 0.09973169200104304 32 -0.19101996196974902 0.981586152168558 0.0
 791  188 2457 95.975676 22.198353 -1.419064861536026 1.3959318722893184 30 -0.19092345343501424 0.9816049281296666 0.0
 792  189 2457 95.987674 22.198353 -2.529069169362386 0.08368458994705037 30 -0.19084608725079413 0.9816199727904186 0.0
 793  188 2456 95.975676 22.187354 -1.4607236236333847 1.368467794011972 36 -0.19094338844565503 0.9816010505337144 0.0
 794  189 2456 95.987674 22.187354 -2.586313545703888 0.11824191377144892 36 -0.19086669322743038 0.9816159663618079 0.0
 795  192 2458 96.017554 22.204474 -2.2378094313574617 0.42912776836036354 549 -0.19064329587349882 0.9816593776552485 0.0
 796  185 2455 95.951680 22.175355 1.7028435435560014 0.09354342420008631 36 -0.19111942537815843 0.9815667910250033 0.0
 797  186 2455 95.963678 22.175355 1.595494591527515 0.05107396492961088 36 -0.19104221952974007 0.9815818205107258 0.0
 798  185 2454 95.951680 22.163356 1.582191377878189 0.003235076334209378 36 -0.19114157928532688 0.9815624772108554 0.0
 799  186 2454 95.963678 22.164356 1.579321285088857 0.0031414115321576523 30 -0.19106254591614016 0.9815778642308732 0.0
 800  188 2455 95.975676 22.175355 -1.4842276672522228 1.4266444351299408 36 -0.1909655851536762 0.9815967325164209 0.0
 801  189 2455 95.987674 22.175355 -2.7524482078022428 0.07997691725204924 36 -0.19088852293942843 0.9816117215121279 0.0
 802  188 2454 95.975676 22.164356 -1.3955821231007577 1.5120247184442341 30 -0.1909857232942328 0.9815928145100588 0.0
 803  189 2454 95.987674 22.164356 -2.7726669788360594 0.05417362686865581 30 -0.19090867937185388 0.9816078015890535 0.0
 804  185 2452 95.951680 22.152356 1.5906729737917582 0.01594037056662313 30 -0.19116165999731724 0.9815585666413745 0.0
 805  186 2452 95.963678 22.153356 1.582246998945872 0.0025998568063554314 36 -0.19108288070181098 0.9815739058790721 0.0
 806  185 2451 95.951680 22.141357 1.765839848253462 0.06778981979968941 36 -0.19118166270675116 0.9815546708384012 0.0
 807  186 2451 95.963678 22.141357 1.6255256997214422 0.07812460781498559 36 -0.19110486485502481 0.9815696259709459 0.0
 808  188 2452 95.975676 22.153356 -1.1490143951442506 1.6540893530127654 36 -0.19100602293493277 0.9815888646488304 0.0
 809  189 2452 95.987674 22.153356 -2.737144238419003 0.09039755620796155 36 -0.1909293935946665 0.9816037727421247 0.0
 810  188 2451 95.976044 22.141147 -0.990894267433568 1.5967857100235248 38 -0.19102614909605783 0.9815849481127605 0.0
 811  189 2451 95.988321 22.141945 -2.7046958067837883 0.16218975117170087 34 -0.190946234726357 0.9816004968640895 0.0
 812  192 2453 96.018558 22.159382 -2.409367223067477 0.350978659107071 542 -0.19072044857260761 0.9816443910583217 0.0
 813  180 2486 95.891082 22.450563 0.8835785258399552 0.21838168655558654 2187 -0.19100396528068334 0.9815892650426937 0.0
 814  185 2490 95.945142 22.491564 1.0651437319242036 0.0010644557282364587 39 -0.19057688988638102 0.9816722717084527 0.0
 815  186 2490 95.957679 22.491333 1.0942932135528989 0.08699191532508826 36 -0.1904959409063799 0.9816879832707502 0.0
 816  185 2489 95.945681 22.479334 1.0768827431731753 0.009443314858115365 36 -0.19059600634875823 0.9816685603419845 0.0
 817  186 2489 95.957536 22.479477 1.2130490166800363 0.09652292640122442 35 -0.1905188605764269 0.9816835354454408 0.0
 818  188 2490 95.969677 22.491333 -0.09979489466382398 0.6583336188715612 36 -0.19041791793127255 0.9817031203631366 0.0
 819  189 2490 95.981675 22.491333 -1.3144407239225175 0.06226590462306003 36 -0.19034002920493953 0.9817182249924175 0.0
 820  188 2489 95.969677 22.480334 -0.49506280571222305 0.8145985112309216 30 -0.19043850419943173 0.9816991270844051 0.0
 821  189 2489 95.981675 22.480334 -1.5515206972757976 0.09756513370760542 30 -0.19036054404798736 0.9817142472582102 0.0
 822  185 2487 95.945681 22.468335 1.0721835811932883 0.003065100696987392 30 -0.19061640562641455 0.9816645994972346 0.0
 823  186 2487 95.957840 22.468528 1.1776106549847511 0.0919190612177421 31 -0.19053728804586825 0.9816799589805864 0.0
 824  185 2486 95.945681 22.457335 1.1047793560557895 0.04880352458050374 36 -0.19063698077262084 0.9816606040592132 0.0
 825  186 2486 95.957679 22.457335 1.0951532986429002 0.09661300492097682 36 -0.19055937846955498 0.9816756711242757 0.0
 826  188 2487 95.969677 22.469335 -0.8171703484323289 0.895810652525539 36 -0.19045919424225982 0.9816951132243602 0.0
 827  189 2487 95.981675 22.469335 -1.919758250315984 0.15384480689780725 36 -0.19038141752467247 0.9817101995300325 0.0
 828  188 2486 95.969677 22.457335 -1.0998305901885033 0.9864307867940038 36 -0.19048134612916245 0.9816908152655918 0.0
 829  189 2486 95.981675 22.457335 -2.2588492896821766 0.09328640998298163 36 -0.19040361801840633 0.9817058939649395 0.0
 830  192 2488 96.011587 22.475248 -1.8093569892757344 0.20587526431381667 530 -0.1901761043822224 0.9817499932885165 0.0
 831  185 2485 95.945681 22.445336 1.2755191889074113 0.03574387011411634 36 -0.19065935212940688 0.9816562593115753 0.0
 832  186 2485 95.957517 22.446143 1.0542815346871652 0.14516670053676828 31 -0.1905811398706496 0.9816714466284552 0.0
 833  185 2484 95.945681 22.434337 1.467739200592041 0.0763227690134201 30 -0.19068000805213453 0.9816522472491152 0.0
 834  186 2484 95.957821 22.435194 1.1828345435006278 0.22441053827721716 35 -0.19059942436821933 0.9816678967097292 0.0
 835  188 2485 95.969677 22.446336 -1.3953930472334226 0.7742416081060928 30 -0.1905020075499989 0.9816868060228884 0.0
 836  189 2485 95.981675 22.446336 -2.3326217333475747 0.09392318053463806 30 -0.19042431033749863 0.9817018804262768 0.0
 837  188 2484 95.969677 22.435337 -1.16405062791374 0.853297909868756 36 -0.19052239739736568 0.9816828490352473 0.0
 838  189 2484 95.981675 22.435337 -2.225426130824619 0.047791312861055965 36 -0.1904449144949945 0.9816978835380029 0.0
 839  185 2482 95.945681 22.423338 1.5196039742893643 0.0008423095180366868 36 -0.19070034285796394 0.9816482971175853 0.0
 840  186 2482 95.957679 22.423338 1.342927826775445 0.1904198033223971 36 -0.19062258055165643 0.9816634004503922 0.0
 841  185 2481 95.945408 22.411793 1.5075994657747673 0.044524687620758556 33 -0.19072347636585657 0.9816438027935197 0.0
 842  186 2481 95.958116 22.412151 1.3555583991110325 0.1178473829932525 32 -0.19064030474010032 0.9816599585439968 0.0
 843  188 2482 95.969677 22.423338 -1.005500419272317 0.9204061837973857 36 -0.1905448209965386 0.9816784968569888 0.0
 844  189 2482 95.982026 22.423527 -2.2140200009217135 0.03998566624855802 37 -0.19046451367632952 0.9816940811831553 0.0
 845  188 2481 95.971040 22.412520 -1.1227814817067348 1.110796667398383 33 -0.1905563021495578 0.9816762682835348 0.0
 846  189 2481 95.983947 22.412884 -2.2965506315231323 0.1485572458335927 33 -0.19047203318366568 0.9816926222473512 0.0
 847  192 2483 96.013050 22.430409 -2.272242995767831 0.21534566503062705 562 -0.19025090172738665 0.9817355012384528 0.0
 848  179 2476 95.892922 22.360404 0.9375336122545492 0.20843447605396406 2189 -0.19115811469067137 0.9815592570945008 0.0
 849  185 2480 95.947180 22.401006 1.4582710497909122 0.09399544248278661 36 -0.19073194815665973 0.9816421567721942 0.0
 850  186 2480 95.959489 22.401474 1.3884095565692798 0.09352280299043775 37 -0.19065142941136892 0.9816577980454297 0.0
 851  185 2479 95.947680 22.389340 1.4355928831630282 0.09980890669339995 36 -0.19075042546126963 0.9816385664725815 0.0
 852  186 2479 95.959678 22.389340 1.5072008503807917 0.04788573008994401 36 -0.19067269461421696 0.9816536678118989 0.0
 853  188 2480 95.971676 22.401339 -0.2517724802924527 1.3715993297127584 36 -0.19057305860345763 0.9816730154865841 0.0
 854  189 2480 95.983674 22.401339 -2.6797276536623635 0.5181095541662518 36 -0.19049537957338247 0.9816880921969018 0.0
 855  188 2479 95.971533 22.389483 0.8787576432738985 0.846774560062601 35 -0.1905960581857178 0.9816685502775703 0.0
 856  189 2479 95.983674 22.390340 -2.942783131202062 1.0993905826836872 30 -0.19051590116091183 0.9816841097852433 0.0
 857  185 2477 95.947680 22.378341 1.4710063894589742 0.08553542034429647 30 -0.1907709239740393 0.9816345830124831 0.0
 858  186 2477 95.959678 22.378341 1.5302898327509562 0.001696445037127709 30 -0.19069318409552885 0.9816496877906643 0.0
 859  185 2476 95.947680 22.367342 1.4602948791450925 0.09096786432886615 36 -0.190791344379678 0.9816306142892014 0.0
 860  186 2476 95.959678 22.367342 1.5094010962380304 0.04669483122524122 36 -0.19071343863242207 0.9816457529704885 0.0
 861  188 2477 95.971838 22.378534 1.2196154801114913 0.3680562066139938 31 -0.19061453441026957 0.9816649628419852 0.0
 862  189 2477 95.983674 22.379341 -2.1412195219761796 1.3692458764072453 36 -0.19053632869616519 0.9816801451832398 0.0
 863  188 2476 95.971676 22.367342 1.1369436246653397 0.3564489235020512 36 -0.19063605644658752 0.9816607835614569 0.0
 864  189 2476 95.983674 22.367342 -1.9860827542013593 1.0609097813319135 36 -0.19055854948610035 0.9816758320432227 0.0
 865  192 2478 96.013431 22.384998 -2.749386358172146 0.5290989842155722 536 -0.1903335641779427 0.9817194784393967 0.0
 866  185 2475 95.947680 22.355342 1.3699253267712064 0.053508282923226645 36 -0.190813195106633 0.9816263670935078 0.0
 867  186 2475 95.959678 22.355342 1.366540918747584 0.05491701867604974 36 -0.1907356647101594 0.9816414346427995 0.0
 868  185 2474 95.947680 22.344343 1.3235174814860027 0.005788333811374957 30 -0.1908334143821288 0.9816224365586081 0.0
 869  186 2474 95.959678 22.344343 1.3206175168355305 0.0019405797903471632 30 -0.19075589445780214 0.9816375037301722 0.0
 870  188 2475 95.971515 22.356149 0.6325038479220483 1.080023350374319 31 -0.19065818737842122 0.9816564855312548 0.0
 871  189 2475 95.983674 22.356342 -2.392324995994568 0.23965690001473147 30 -0.19057901810400757 0.9816718585446524 0.0
 872  188 2474 95.971819 22.345200 -0.1484951730285372 1.3651272240796437 35 -0.190676285376477 0.981652970349007 0.0
 873  189 2474 95.983674 22.345343 -2.3721612559424505 0.20189989243605724 36 -0.19059938084420067 0.9816679051602978 0.0
 874  185 2472 95.947680 22.333344 1.3465843002001445 0.035469770119665 36 -0.1908538707592227 0.9816184594923946 0.0
 875  186 2472 95.959678 22.333344 1.3340491652488708 0.02218411083875477 36 -0.1907766387050082 0.9816334723940595 0.0
 876  185 2471 95.947680 22.321345 1.3393938806321886 0.016434111898107093 36 -0.1908761648230438 0.9816141246449371 0.0
 877  186 2471 95.959619 22.321698 1.3223920780069687 0.03724913400509571 34 -0.19079861705046763 0.9816292007329597 0.0
 878  188 2472 95.971676 22.333344 -0.21324580825037426 1.3304893650782008 36 -0.1906991553516163 0.9816485278082884 0.0
 879  189 2472 95.984043 22.333133 -2.3418336510658264 0.17730360242292947 38 -0.19061975790692165 0.9816639485564836 0.0
 880  188 2471 95.972676 22.322345 -0.509287672512459 1.2545803823865425 33 -0.19071334088170186 0.9816457719614239 0.0
 881  189 2471 95.985448 22.322474 -2.3327925897413686 0.18505639783834554 31 -0.19063063243888387 0.9816618368745681 0.0
 882  192 2473 96.015043 22.340092 -2.43767444349879 0.16645853743461725 556 -0.19040706443050048 0.9817052255208583 0.0
 883  180 2506 95.887058 22.630952 0.4679646829234048 0.11931611311344742 2193 -0.1906955930102324 0.9816492198369414 0.0
 884  187 2508 95.959294 22.654795 0.2744193398854235 0.3164733884354302 546 -0.19017836538364633 0.9817495553042052 0.0
 885  192 2508 96.008022 22.655674 -0.49110163268115786 0.09834057668024156 540 -0.1898583243212626 0.9818114975319459 0.0
 886  186 2504 95.947680 22.620324 0.5422781380740079 0.09049132420787596 132 -0.19031916204232344 0.9817222705834414 0.0
 887  188 2504 95.971868 22.621090 -0.04631072557564323 0.3687175158319121 141 -0.19015980193909165 0.9817531511161477 0.0
 888  186 2502 95.948063 22.598120 0.5938828727778267 0.033635627806089655 136 -0.19035855501698784 0.9817146329416937 0.0
 889  188 2502 95.973021 22.598527 -0.1411091175010736 0.42925404517460053 139 -0.19019498558388265 0.9817463355973104 0.0
 890  192 2503 96.008992 22.610718 -0.7443264774445977 0.15219597114859104 560 -0.1899372876296486 0.9817962246657359 0.0
 891  180 2496 95.889118 22.540718 0.6667952055424234 0.12385444485343924 2192 -0.19084991121945516 0.9816192293285243 0.0
 892  186 2499 95.949148 22.575987 0.6425922136780218 0.07421450967300205 141 -0.19039279153611674 0.9817079937186437 0.0
 893  188 2500 95.967677 22.581327 0.45827944949269295 0.1743716401405698 36 -0.19026206293585107 0.9817333382377286 0.0
 894  189 2500 95.979675 22.581327 -0.47216089194019634 0.17708337022146114 36 -0.19018377414241458 0.981748507537927 0.0
 895  188 2499 95.967677 22.570328 0.5595450758934021 0.08538126468309236 30 -0.19028268929647277 0.9817293405792158 0.0
 896  189 2499 95.979675 22.570328 -0.5740205605824789 0.4344500846002466 30 -0.19020440821127457 0.9817445100926201 0.0
 897  186 2497 95.949941 22.552851 0.8282814418924027 0.015428497622021921 138 -0.1904310129898975 0.9817005802644926 0.0
 898  188 2497 95.967677 22.559328 0.6311419953902563 0.06016326293877164 36 -0.19030367177741578 0.9817252734385693 0.0
 899  189 2497 95.979675 22.559328 -0.5243136783440908 0.5876974455962187 36 -0.19022527781577495 0.9817404665592181 0.0
 900  188 2496 95.967677 22.547329 0.714813189374076 0.10459258039741776 36 -0.19032580196000143 0.9817209833289102 0.0
 901  189 2496 95.979402 22.547784 -0.6426865142403226 0.6202398286288832 33 -0.19024875935749247 0.9817359164067162 0.0
 902  192 2498 96.009820 22.565501 -1.118473234033226 0.21960430106634568 532 -0.19001744697732825 0.9817807137259411 0.0
 903  186 2494 95.949680 22.530330 0.9231393779769088 0.09992672109807012 132 -0.19047485556772462 0.981692074632598 0.0
 904  188 2495 95.967677 22.536330 0.6568517759442329 0.22964308830752014 30 -0.19034650802306716 0.9817169688272809 0.0
 905  189 2495 95.979948 22.536875 -1.019945120269602 0.3808877879853902 33 -0.19026560374137957 0.9817326520152665 0.0
 906  188 2494 95.967677 22.525331 0.4850982555912601 0.4040392557368421 36 -0.19036719769082028 0.981712957051777 0.0
 907  189 2494 95.979675 22.525331 -1.008549291226599 0.27759996058895864 36 -0.19028897449141063 0.9817281223368348 0.0
 908  186 2492 95.949969 22.508154 1.02850127308457 0.07297541905839816 135 -0.19051432032076893 0.9816844165783194 0.0
 909  188 2492 95.967534 22.513474 0.22195354104042053 0.543338631005406 35 -0.19039043258234759 0.9817084512120218 0.0
 910  189 2492 95.980498 22.514214 -1.0851706915041979 0.21040212412619488 34 -0.19030456137568033 0.981725100992946 0.0
 911  188 2491 95.969500 22.502862 -0.1114121758762528 0.6147074292773802 34 -0.1903974590739814 0.9817070884832051 0.0
 912  189 2491 95.981675 22.503332 -1.2151483909951315 0.12024106038589447 36 -0.19031760400187503 0.9817225726278201 0.0
 913  192 2493 96.011095 22.520562 -1.473206716090177 0.12067429441038917 565 -0.19009403389381385 0.9817658877135514 0.0
 914  180 2526 95.882923 22.811348 0.30787593397844354 0.13311325504998053 2195 -0.19038503664764106 0.9817094976726446 0.0
 915  190 2525 95.980245 22.812935 -0.07252021354839755 0.286299540791728 2197 -0.18974116657559933 0.9818341457224488 0.0
 916  180 2516 95.884972 22.721157 0.41992951503724757 0.0926353520334344 2194 -0.1905408270375874 0.9816792720801598 0.0
 917  187 2518 95.957290 22.745038 0.018110386778910956 0.16364303215070233 540 -0.1900210441882889 0.9817800175016765 0.0
 918  192 2518 96.006042 22.745885 -0.2554135895461879 0.09785187140460487 547 -0.18969952765915743 0.9818421916000007 0.0
 919  187 2513 95.958419 22.699724 0.061903344474006645 0.27015693169030747 554 -0.19009914203616146 0.9817648986377112 0.0
 920  192 2513 96.006876 22.700955 -0.30471427722528094 0.024446176537180897 554 -0.18977956987414177 0.9818267234387064 0.0
 921  184 2538 95.928472 22.928338 0.1943408304867116 0.21525556202550394 6925 -0.18986301191907182 0.9818105910535996 0.0
 922  212 2126 96.263321 19.209293 -1.032788092446754 0.5724361486670526 1173 -0.19436324821222412 0.9809296242567015 0.0
 923  212 2118 96.271320 19.140143 -1.6003885051405682 0.15729384605274072 427 -0.19443111283039832 0.9809161749933238 0.0
 924  213 2113 96.276289 19.095716 -1.5384384747913906 0.11488065265806102 350 -0.19447387700183238 0.9809076975760135 0.0
 925  205 2150 96.198156 19.425716 1.8037955596529205 0.2796861971010904 29 -0.1943795482781398 0.9809263943901123 0.0
 926  206 2150 96.208637 19.426544 0.8417442352683456 0.6997528011188219 27 -0.19431944034391416 0.9809383034138426 0.0
 927  205 2149 96.199548 19.414999 1.6871879534287886 0.16405149380674044 22 -0.19438684074189924 0.9809249492934633 0.0
 928  206 2149 96.209637 19.415545 0.870692672000991 0.6798492877119454 36 -0.19433162329707548 0.9809358899473112 0.0
 929  208 2150 96.219808 19.426682 -1.2263278509008473 0.03625561253479866 29 -0.19425638713233861 0.9809507918638382 0.0
 930  209 2150 96.231633 19.426544 -1.3795540889104208 0.08717754052619751 30 -0.1941903663888285 0.9809638635555198 0.0
 931  208 2149 96.221341 19.415309 -1.204839347039952 0.07678512430247306 34 -0.1942664432600124 0.9809488004086168 0.0
 932  209 2149 96.232451 19.415636 -1.3959332740668096 0.09122429326398138 33 -0.19420354769348835 0.980961254109082 0.0
 933  205 2147 96.200638 19.403546 1.7636094755596585 0.09750741472670969 18 -0.19439923781133606 0.9809224925234264 0.0
 934  206 2147 96.209637 19.403546 1.1482807099819183 0.39342159601188786 36 -0.19435119248069985 0.9809320129251212 0.0
 935  206 2146 96.201638 19.392546 2.014189624786377 0.05992519140433676 10 -0.19441382230171825 0.9809196020561705 0.0
 936  206 2146 96.209637 19.392546 1.5224791785081229 0.40972061898550194 30 -0.19436873433887472 0.9809285372092627 0.0
 937  208 2147 96.221635 19.403546 -1.0736857768562105 0.26098841322077126 36 -0.19428358136826288 0.9809454062335589 0.0
 938  209 2147 96.233490 19.403688 -1.3475823436464582 0.10099531963022126 35 -0.19421696559658985 0.9809585976352176 0.0
 939  208 2146 96.221635 19.392546 -0.7543196141719818 0.38785360799204704 30 -0.19430143488066628 0.9809418700429268 0.0
 940  209 2146 96.233794 19.392740 -1.2088742948347522 0.11711557751672974 31 -0.19423329255821334 0.9809553649692709 0.0
 941  212 2148 96.262322 19.410587 -1.1881378856774802 0.13973335747282126 535 -0.19404408771678064 0.980992809363128 0.0
 942  206 2144 96.209105 19.376418 2.1089311760741394 0.3507901674212608 77 -0.1943958735027178 0.980923159256175 0.0
 943  208 2145 96.221635 19.381547 -0.47068694399462807 0.4830421714027291 36 -0.19431908541663107 0.9809383737232651 0.0
 944  209 2145 96.233633 19.381547 -1.081790890958574 0.0933973846694569 36 -0.19425201530775335 0.9809516576003511 0.0
 945  208 2144 96.221635 19.369548 -0.26802070438861847 0.7855379851794727 36 -0.19433885882977925 0.9809344564998923 0.0
 946  209 2144 96.233472 19.370354 -1.0920974708372546 0.09808241339996744 31 -0.1942711982289554 0.9809478587257764 0.0
 947  207 2142 96.211437 19.353482 2.423358996709188 0.20034195135323582 45 -0.19442060981657514 0.9809182567770625 0.0
 948  208 2142 96.221635 19.358549 0.017460137605667114 1.0823551212838156 30 -0.19435637052355376 0.9809309869898653 0.0
 949  209 2142 96.233776 19.359406 -1.1860963242394584 0.08665582689494539 35 -0.1942868660188205 0.9809447556782109 0.0
 950  208 2141 96.221635 19.347549 0.4530208872424232 1.2467968192436347 36 -0.19437411110419794 0.9809274718002615 0.0
 951  209 2141 96.233633 19.347549 -1.2418159246444702 0.014887561988250832 36 -0.19430698768646257 0.980940770146808 0.0
 952  212 2143 96.263370 19.364955 -1.1037279706159642 0.15363208974076148 542 -0.19411252999593298 0.9809792687404654 0.0
 953  207 2140 96.213584 19.333077 2.1505048651444283 0.09658949382052372 19 -0.19444066860712558 0.9809142808582277 0.0
 954  208 2140 96.221385 19.336175 0.9068787824362516 1.1117265274789656 32 -0.19439388021750484 0.980923554276266 0.0
 955  209 2140 96.233633 19.336550 -1.2619054436683654 0.03513005487165361 30 -0.1943250005674935 0.9809372019423281 0.0
 956  208 2139 96.221870 19.325257 0.989342542255626 0.8752179258499484 34 -0.19440870036245936 0.9809206171874355 0.0
 957  209 2139 96.233633 19.325551 -1.2933409677611456 0.11909610528823857 36 -0.19434259853959515 0.9809337155959508 0.0
 958  208 2137 96.221778 19.313695 0.739965660231454 0.9053540134729849 35 -0.1944279873246233 0.9809167945064944 0.0
 959  209 2137 96.233633 19.313552 -1.4397479659981198 0.18439981277743547 36 -0.19436186349524193 0.9809298986261236 0.0
 960  208 2136 96.222865 19.302399 0.06748086099441235 0.9943283584036395 26 -0.19443990915582787 0.9809144313993313 0.0
 961  209 2136 96.233805 19.302690 -1.6008019570646614 0.09535975627414851 29 -0.19437871317696775 0.9809265598726881 0.0
 962  212 2138 96.263888 19.319979 -1.2989620648352187 0.1500880571493962 538 -0.194182661344737 0.9809653888048626 0.0
 963  209 2133 96.232321 19.276457 -0.8619109973674868 0.8946739052902977 205 -0.19442809794336788 0.9809167725806935 0.0
 964  211 2134 96.252413 19.286182 -1.3436762270077254 0.08089447381108227 129 -0.19430143619704648 0.9809418697821829 0.0
 965  213 2134 96.275795 19.286692 -1.2446969784223116 0.008589981196504093 130 -0.19417022072604606 0.9809678513504908 0.0
 966  211 2132 96.253858 19.263241 -1.458239769935608 0.014433810102367653 140 -0.194330322812027 0.9809361475834059 0.0
 967  213 2132 96.277147 19.263381 -1.2899555779885554 0.08224259570939757 138 -0.19420047673266952 0.9809618620704904 0.0
 968  202 2169 96.159341 19.601532 2.4301992136499155 0.19237378320141343 46 -0.19431322542663845 0.9809395345403795 0.0
 969  203 2170 96.169644 19.606532 2.4516507069269817 0.2997402323446058 30 -0.19424790895389862 0.9809524707482203 0.0
 970  204 2170 96.181642 19.606532 0.49160420497258506 0.7082713528377587 30 -0.19417965607266185 0.9809659836954098 0.0
 971  203 2169 96.169644 19.595532 2.698089301586151 0.06602068648595297 36 -0.19426567934541597 0.9809489516934427 0.0
 972  204 2169 96.181642 19.595532 1.835004770093494 0.7137159555667997 36 -0.19419767294339077 0.9809624171309377 0.0
 973  202 2167 96.161372 19.580715 2.6977933645248413 0.027024675414388643 22 -0.19433632718072655 0.9809349580568049 0.0
 974  203 2167 96.169644 19.583533 2.680501831902398 0.06744858554526031 36 -0.19428502980085774 0.9809451193595287 0.0
 975  204 2167 96.181642 19.583533 2.32595651017295 0.12802425243872473 36 -0.19421717760423363 0.9809585556604548 0.0
 976  203 2166 96.169644 19.572534 2.541481590270996 0.08578629099471984 30 -0.19430290355707383 0.9809415791316476 0.0
 977  204 2166 96.181642 19.572534 2.239130632082621 0.22017909695565058 30 -0.19423519837726075 0.9809549876071513 0.0
 978  203 2165 96.170098 19.561807 2.4750036759810015 0.04695551590056909 33 -0.1943180192633178 0.9809385849224104 0.0
 979  204 2165 96.181642 19.561535 1.9338962866200342 0.289428508173451 36 -0.1942529983458026 0.9809514629346681 0.0
 980  203 2164 96.171937 19.549771 2.4455193561666153 0.08700246621369939 34 -0.1943251295551094 0.9809371763896962 0.0
 981  204 2164 96.183347 19.549300 1.7708261924631454 0.23060253958185578 34 -0.1942630254628984 0.9809494772606799 0.0
 982  203 2162 96.172991 19.538797 2.446540459342625 0.05269407321375326 23 -0.1943359595963816 0.9809350308801055 0.0
 983  204 2162 96.183641 19.538536 1.9277171572049459 0.17025453174231958 30 -0.1942788363933589 0.9809463459994345 0.0
 984  203 2161 96.174327 19.528221 2.4990774455823397 0.04518445068072534 19 -0.19434381512016846 0.9809334745662102 0.0
 985  204 2161 96.183641 19.527537 2.0769121878676944 0.21090053616568646 36 -0.19429641191013494 0.9809428649614854 0.0
 986  205 2170 96.193640 19.606532 -1.1534062961737315 0.22170404202261015 30 -0.19411162510157112 0.9809794477971633 0.0
 987  206 2170 96.205799 19.606725 -1.3027014386269353 0.0889041088338318 31 -0.1940420997432973 0.9809932025897082 0.0
 988  205 2169 96.193640 19.595532 -1.0251029522882567 0.6020949541246111 36 -0.19412964285829243 0.9809758823557855 0.0
 989  206 2169 96.205638 19.595532 -1.4477059774928622 0.0007173598387908175 36 -0.19406173121952186 0.9809893192466889 0.0
 990  208 2169 96.223635 19.601532 -1.2194178187184863 0.13605865782117885 144 -0.19394979094313855 0.981011456912259 0.0
 991  205 2167 96.193640 19.583533 -0.3449791636731889 1.2834443393189618 36 -0.19414917598263365 0.9809720166575927 0.0
 992  206 2167 96.205638 19.584533 -1.4480767925580342 0.00013842907134305614 30 -0.19407979662231092 0.9809857453312166 0.0
 993  205 2166 96.193640 19.572534 -0.029509913921356202 1.249745955960996 30 -0.19416694036901846 0.9809685006501146 0.0
 994  206 2166 96.205638 19.573534 -1.4483383463488684 0.00014802807403974802 36 -0.1940973380801128 0.9809822747380375 0.0
 995  208 2167 96.223635 19.578534 -1.3585023880004883 0.10368544319297465 132 -0.19398741579401563 0.9810040175827822 0.0
 996  212 2168 96.259629 19.590533 -0.8998581924732181 0.18717233723826798 552 -0.19376410606565372 0.9810481492773828 0.0
 997  205 2165 96.193640 19.561535 0.024597398108906217 1.0510857585901148 36 -0.1941850286374982 0.9809649201949344 0.0
 998  206 2165 96.205638 19.561535 -1.448583573102951 0.0003536542227373141 36 -0.1941172346377241 0.9809783377917185 0.0
 999  205 2164 96.194068 19.550535 0.24191169972930635 0.8897232053464419 28 -0.19420046635910226 0.9809618641241397 0.0
1000  206 2164 96.205638 19.550535 -1.4485336661338806 0.0011073329561655922 30 -0.1941350747423525 0.9809748074006698 0.0
1001  208 2164 96.223635 19.556535 -1.383996849710291 0.0963662936872718 132 -0.19402341453551958 0.9809968983702131 0.0
1002  205 2162 96.195782 19.539393 0.4815788720335279 0.8790586685433777 35 -0.1942088623998546 0.9809602019273537 0.0
1003  206 2162 96.207183 19.539263 -1.3506204106590964 0.18721818592019138 33 -0.1941446315986748 0.9809729160488656 0.0
1004  205 2161 96.195639 19.527537 1.2826379819048777 0.5593169807638534 36 -0.19422891840164147 0.9809562310605547 0.0
1005  206 2161 96.207637 19.527537 -0.8804934223492941 0.266681206840867 36 -0.1941612154664496 0.98096963378516 0.0
1006  208 2162 96.224426 19.533910 -1.2197526978023017 0.16848655948091606 134 -0.19405607478781045 0.9809904381990417 0.0
1007  212 2163 96.259760 19.545645 -0.9293506809643337 0.21164394104268336 525 -0.19383733536148823 0.9810336831220211 0.0
1008  205 2160 96.195639 19.516538 1.6133593241373698 0.23017655811889928 30 -0.19424660739267832 0.9809527284820787 0.0
1009  206 2160 96.207637 19.516538 -0.6698325792948405 0.4121246309347111 30 -0.19417914368155276 0.9809660851217533 0.0
1010  205 2159 96.195639 19.505539 1.6998399661646948 0.18255200023969065 36 -0.19426459511312696 0.9809491664125786 0.0
1011  206 2159 96.207637 19.505539 -0.4245677938063939 0.7359225806339463 36 -0.19419710655364666 0.9809625292569495 0.0
1012  208 2159 96.225890 19.510976 -1.239022991953105 0.1528846874281236 137 -0.1940850731199372 0.9809847014056992 0.0
1013  205 2157 96.195639 19.493539 1.9769918653700087 0.26706321922280735 36 -0.19428404735041682 0.9809453139421898 0.0
1014  206 2157 96.207637 19.493539 -0.48013931181695724 0.9606097921873865 36 -0.19421636062640976 0.980958717411203 0.0
1015  205 2156 96.195639 19.482540 2.4001718759536743 0.4276425395580369 30 -0.19430183308551266 0.9809417911678602 0.0
1016  206 2156 96.207637 19.482540 -0.41722510059674583 1.1636008907283903 30 -0.19423440906730113 0.9809551438951102 0.0
1017  208 2157 96.219363 19.493994 -1.4510080922733655 0.00045163348443921525 33 -0.19414971443722176 0.9809719100891449 0.0
1018  209 2157 96.231633 19.494539 -1.438195824623108 0.04560256660278195 30 -0.19407983384409574 0.980985737967198 0.0
1019  208 2156 96.219908 19.483086 -1.45144763137355 0.00015487854742167548 33 -0.19416433705669014 0.980969015930338 0.0
1020  209 2156 96.231633 19.483540 -1.4518745243549347 0.0001710043359224604 36 -0.19409755694276473 0.9809822314338065 0.0
1021  212 2158 96.261290 19.500319 -0.9440070242785356 0.1992221002661504 544 -0.19390309767563688 0.9810206871986913 0.0
1022  205 2155 96.195639 19.471541 2.6383387413289814 0.6234601747464503 36 -0.19431979644807706 0.9809382328711516 0.0
1023  206 2155 96.207637 19.471541 -0.09208936658170488 1.0486778773149528 36 -0.19425220715944455 0.9809516196090836 0.0
1024  205 2154 96.195639 19.459542 2.5499350991513996 0.5944982437677472 36 -0.19433905099269982 0.9809344184293142 0.0
1025  206 2154 96.207402 19.459836 0.25055495342787576 0.9108150497473668 34 -0.1942726214564906 0.9809475768625066 0.0
1026  208 2155 96.219635 19.471541 -1.4354003104898665 0.050194607994409064 36 -0.1941846697886156 0.9809649912301083 0.0
1027  209 2155 96.231633 19.471541 -1.4517832299073536 0.0019715638676033953 36 -0.1941169089423929 0.9809784022406665 0.0
1028  208 2154 96.219635 19.460542 -1.3467027425765992 0.10270442688403572 30 -0.19420262763590637 0.980961436254917 0.0
1029  209 2154 96.231633 19.460542 -1.4374594648679098 0.05035756102291589 30 -0.19413515275508106 0.9809747919619349 0.0
1030  205 2152 96.195639 19.448542 2.4675297141075134 0.3916726711010927 30 -0.19435665930003562 0.9809309297732077 0.0
1031  206 2152 96.207887 19.448917 0.415079147554934 0.905444468191912 32 -0.19428727302132667 0.9809446750668136 0.0
1032  205 2151 96.195933 19.437779 2.269795733339646 0.3764966988206384 34 -0.19437293035089945 0.9809277057698005 0.0
1033  206 2151 96.207637 19.437543 0.7558529509438409 0.8355800673798071 36 -0.19430719674208963 0.9809407287365689 0.0
1034  208 2152 96.219635 19.449542 -1.2490327755610149 0.041063215589398155 36 -0.19422043818932255 0.9809579101009113 0.0
1035  209 2152 96.231633 19.449542 -1.3033343818452623 0.06689864693542576 36 -0.1941530063801112 0.980971258556317 0.0
1036  208 2151 96.219635 19.437543 -1.235090282228258 0.003549641970054411 36 -0.1942395794990988 0.9809541201075682 0.0
1037  209 2151 96.231633 19.437543 -1.3135664959748585 0.06120229119396162 36 -0.19417249159631644 0.9809674018576146 0.0
1038  212 2153 96.261450 19.455327 -1.0821383859382114 0.13472580158771372 533 -0.19397588352668568 0.9810062979461659 0.0
1039  199 2188 96.128850 19.771215 2.2968971672811005 0.18266842725914303 190 -0.19420979187026396 0.9809600179118967 0.0
1040  200 2190 96.143648 19.786519 2.2078454812367756 0.1032581809259986 30 -0.19410229880599478 0.9809812931948441 0.0
1041  201 2190 96.155473 19.786381 1.4490156327855999 0.5326557772028951 29 -0.1940347912690112 0.9809946481898824 0.0
1042  200 2189 96.143648 19.775520 2.3387700253062778 0.13485005062803065 36 -0.19412016395582182 0.9809777581300022 0.0
1043  201 2189 96.155646 19.775520 1.6620329452885523 0.3451806759965903 36 -0.19405166210743488 0.9809913110896252 0.0
1044  203 2190 96.166858 19.786448 -0.8413375158395086 0.3923829498350754 28 -0.19396938914534176 0.9810075820678366 0.0
1045  204 2190 96.177936 19.787754 -1.5146288030287798 0.09326999795853079 34 -0.19390379266181093 0.9810205498313302 0.0
1046  203 2189 96.167644 19.775520 -0.7578040361404419 0.3571820093112831 36 -0.19398283457809623 0.9810049234784946 0.0
1047  204 2189 96.179499 19.775377 -1.3120569263185773 0.09536653657798903 35 -0.193915278863139 0.9810182794542777 0.0
1048  200 2187 96.143648 19.763521 2.4494207236501904 0.08108540574891845 36 -0.19413990382855015 0.9809738517113701 0.0
1049  201 2187 96.155646 19.763521 1.966330071290334 0.21122887524741227 36 -0.19407133406767668 0.9809874195386974 0.0
1050  200 2186 96.143648 19.752522 2.4934802532196043 0.0023597435415619304 30 -0.19415804545774068 0.9809702612128616 0.0
1051  201 2186 96.155646 19.752522 2.210943516095479 0.1490222937034814 30 -0.19408892833819985 0.9809839386537015 0.0
1052  203 2187 96.167644 19.764521 -0.6369624892870586 0.5368043384037846 30 -0.19400083920944985 0.981001363090811 0.0
1053  204 2187 96.179642 19.764521 -1.2025317231814066 0.048852197146934534 30 -0.1939322711932907 0.9810149204725747 0.0
1054  203 2186 96.167644 19.753521 -0.34449740913179183 0.9951673928900989 36 -0.1940191701311396 0.9809977378269656 0.0
1055  204 2186 96.179642 19.753521 -1.2116442057821486 0.03931204896755158 36 -0.19395048019019118 0.9810113206451769 0.0
1056  199 2184 96.133144 19.728910 2.402949630573232 0.13855645616387183 93 -0.19425465088501734 0.9809511356890006 0.0
1057  200 2185 96.143648 19.741522 2.493643389807807 0.0012519680195737118 36 -0.19417594804090396 0.9809667176833351 0.0
1058  201 2185 96.155646 19.741522 2.3756190869543286 0.10018607515160496 36 -0.1941072254077805 0.9809803183777406 0.0
1059  200 2184 96.143648 19.729523 2.493842469321357 0.00011331772861482766 36 -0.19419557235925772 0.9809628329738392 0.0
1060  201 2184 96.155396 19.730148 2.479674845933914 0.04156790022775127 32 -0.19412720452814894 0.98097636488454 0.0
1061  203 2185 96.167644 19.741522 0.17927878267235225 1.4134800231412838 36 -0.19403863264438392 0.9809938883813181 0.0
1062  204 2185 96.179642 19.741522 -1.2250791092713673 0.0027706088237207955 36 -0.19396999778200544 0.9810074617251637 0.0
1063  203 2184 96.167644 19.730523 0.6727769404649735 1.5443369686759059 30 -0.1940567984185288 0.9809902950526832 0.0
1064  204 2184 96.179642 19.730523 -1.2409417033195496 0.046927578999705746 30 -0.19398822532801155 0.9810038575021449 0.0
1065  200 2182 96.143648 19.718524 2.4937414169311523 0.00011328436645149786 30 -0.19421347167764408 0.9809592893789818 0.0
1066  201 2182 96.155881 19.719230 2.493104997803183 0.001276286388152823 34 -0.1941423115937875 0.9809733751988484 0.0
1067  200 2181 96.143648 19.707525 2.566687802473704 0.09047864831576807 36 -0.19423136022069168 0.9809557475782584 0.0
1068  201 2181 96.155646 19.707525 2.493236826525794 0.00011857815163560997 36 -0.19416296861208585 0.9809692867871768 0.0
1069  203 2182 96.167644 19.719524 0.882262259721756 1.5940199851071464 36 -0.19407464744670472 0.9809867640383519 0.0
1070  204 2182 96.179642 19.719524 -1.3845668368869357 0.09704923041119877 36 -0.194006370117477 0.9810002692934597 0.0
1071  203 2181 96.167644 19.707525 1.2029159714778264 1.470803858115517 36 -0.19409432412345085 0.9809828710752604 0.0
1072  204 2181 96.179642 19.707525 -1.3812265363004472 0.10673917124818903 36 -0.19402593558966091 0.9809963997480098 0.0
1073  207 2188 96.208681 19.770506 -1.372424490749836 0.12008577636450724 544 -0.1937564614513165 0.9810496591130669 0.0
1074  211 2189 96.243631 19.782520 -1.1044416545015392 0.291907117680061 132 -0.19353676453954788 0.9810930235057038 0.0
1075  213 2189 96.267627 19.782520 -0.5247731800332214 0.2301400821140891 132 -0.1933998138067858 0.981120029364145 0.0
1076  211 2187 96.244225 19.760055 -0.8103451549558711 0.18922899569144616 133 -0.1935708415989464 0.9810863006293972 0.0
1077  213 2187 96.267797 19.760660 -0.44094782563356255 0.10143788174367402 130 -0.19343533465829338 0.9811130267739971 0.0
1078  207 2183 96.209554 19.725437 -1.2016662062339063 0.16266582775322616 530 -0.19382595476439662 0.9810359316863322 0.0
1079  212 2183 96.257743 19.726204 -0.8161205663619673 0.12585205405917652 544 -0.1935500287392876 0.9810904068305942 0.0
1080  200 2180 96.143413 19.695820 2.670282441027024 0.07189788979098478 34 -0.1942518337553983 0.9809516935520654 0.0
1081  201 2180 96.155646 19.696525 2.493254033724467 0.0007330366920877063 30 -0.19418086167702334 0.9809657450484032 0.0
1082  200 2179 96.144441 19.685147 2.661954937310054 0.0766255222883115 29 -0.19426341219998078 0.9809494006728483 0.0
1083  201 2179 96.155646 19.685526 2.4964586363898382 0.008472297516333932 36 -0.19419883300034296 0.980962187477838 0.0
1084  203 2180 96.167644 19.696525 1.8479691247145336 0.8913847031826694 30 -0.19411250855567602 0.9809792729829834 0.0
1085  204 2180 96.179642 19.696525 -1.0482322692871093 0.24411818572639696 30 -0.19404399819171814 0.9809928270715197 0.0
1086  203 2179 96.167644 19.685526 2.2216577960385218 0.2548199679993187 36 -0.19413065389654507 0.9809756822764261 0.0
1087  204 2179 96.179642 19.685526 -0.4272710068358315 0.6147758678509064 36 -0.19406216863386244 0.9809892327162019 0.0
1088  200 2177 96.145790 19.673670 2.507979645047869 0.04945351568104704 35 -0.19427223360719972 0.9809476536743791 0.0
1089  201 2177 96.157351 19.673292 2.492816651568693 0.0002936290660023859 34 -0.19420894906001496 0.9809601847705158 0.0
1090  200 2176 96.146814 19.662694 2.490476200977961 0.006367819885056989 24 -0.1942839844855027 0.9809453263930854 0.0
1091  201 2176 96.157646 19.662528 2.4928587277730307 0.0008068031155418725 30 -0.194224861058381 0.9809570344040826 0.0
1092  203 2177 96.168644 19.673527 2.38256793162402 0.10456749128187606 34 -0.1941441932291175 0.9809730028066088 0.0
1093  204 2177 96.179704 19.674089 0.2540160482749343 1.0580923778897027 32 -0.1940804006580795 0.980985625827616 0.0
1094  203 2176 96.169644 19.662528 2.3813761393229167 0.10335100260096661 30 -0.19415650125778094 0.9809705668465988 0.0
1095  204 2176 96.181609 19.662786 0.2547596654584331 1.1961886898528682 31 -0.19408826590188366 0.9809840697173424 0.0
1096  201 2174 96.154665 19.646080 2.5382651124045115 0.10583732306347741 107 -0.1942677031827567 0.9809485508935198 0.0
1097  203 2175 96.169644 19.651528 2.4114933477507696 0.09960904579226751 36 -0.19417474671696047 0.980966955476791 0.0
1098  204 2175 96.181642 19.651528 0.47379768557018703 1.279323578750551 36 -0.19410607625069728 0.9809805457615144 0.0
1099  203 2174 96.169408 19.639823 2.4200631800819847 0.12111602950860749 34 -0.19419489968304296 0.9809629661394424 0.0
1100  204 2174 96.181642 19.640529 0.6400984446207683 1.2406927775747847 30 -0.19412420627434554 0.9809769582096999 0.0
1101  201 2172 96.156947 19.623078 2.7248118838218796 0.25802268986763377 73 -0.19429023030079443 0.9809440893392775 0.0
1102  203 2172 96.169893 19.628905 2.219072550535202 0.2970666565385973 32 -0.19420977855436133 0.9809600205481698 0.0
1103  204 2172 96.181642 19.629530 0.059240290688143835 0.8099968715055018 36 -0.19414202575825365 0.9809734317678954 0.0
1104  203 2171 96.169644 19.617531 2.2751209802097745 0.39574768149784245 36 -0.19422982643404865 0.9809560512700859 0.0
1105  204 2171 96.181642 19.617531 -0.047591951158311635 0.4800456572699056 36 -0.19416163857973862 0.9809695500391595 0.0
1106  205 2180 96.191875 19.697231 -1.3330363596186918 0.10058419252317753 34 -0.19397326340561494 0.9810068160230978 0.0
1107  206 2180 96.203638 19.697525 -1.249922126531601 0.07137594654335776 36 -0.19390544452333644 0.9810202233308992 0.0
1108  205 2179 96.191640 19.685526 -1.0874057743284438 0.11783219097525582 36 -0.19399367186796973 0.9810027804625135 0.0
1109  206 2179 96.203638 19.685526 -1.1312657362884946 0.08705645657744839 36 -0.19392522423565015 0.9810163135265146 0.0
1110  208 2179 96.221443 19.691760 -1.0259364699641018 0.042011863188541845 141 -0.19381370011854268 0.9810383527907354 0.0
1111  205 2177 96.191640 19.674527 -0.9054156760374705 0.10574205576038764 30 -0.19401183209277315 0.9809991890965077 0.0
1112  206 2177 96.203638 19.674527 -1.0093354423840841 0.001981018801002204 30 -0.19394385849247953 0.9810126297622519 0.0
1113  205 2176 96.192640 19.663528 -0.9718814351979423 0.11139573573990043 34 -0.19402399763674003 0.9809967830431751 0.0
1114  206 2176 96.203932 19.663763 -1.021029027069316 0.03777185774761377 34 -0.19395953551726022 0.9810095303216625 0.0
1115  208 2177 96.221835 19.668794 -1.0032941650461267 0.0351836529483247 135 -0.19384941478877446 0.9810312963336336 0.0
1116  212 2178 96.257380 19.680892 -0.7170356515362777 0.1567793332175574 543 -0.1936273701746713 0.9810751457045688 0.0
1117  205 2175 96.193640 19.651528 -1.1063324494494333 0.09939347925919782 36 -0.19403806682698657 0.9809940002987 0.0
1118  206 2175 96.205495 19.651386 -1.077755205971854 0.09129930731117912 35 -0.19397096347882628 0.9810072707819734 0.0
1119  205 2174 96.193640 19.640529 -1.1233487884203592 0.09654262159433515 30 -0.19405606149703658 0.9809904408281755 0.0
1120  206 2174 96.205638 19.640529 -1.0856447577476502 0.09386422356987485 30 -0.19398772458533622 0.9810039565211772 0.0
1121  208 2174 96.223013 19.646371 -0.9052255547891451 0.11838985245314329 127 -0.19387955560119638 0.981025340100796 0.0
1122  205 2172 96.193640 19.629530 -1.2045082483026717 0.053096096576826506 36 -0.19407415159196295 0.9809868621362162 0.0
1123  206 2172 96.205638 19.629530 -1.1683165331681569 0.08181509675899279 36 -0.19400592148889473 0.9810003580158597 0.0
1124  205 2171 96.193640 19.617531 -1.1477547701862123 0.12739467040941746 36 -0.19409370366319 0.9809829938374598 0.0
1125  206 2171 96.205495 19.617674 -1.2135514974594117 0.026135074156335737 35 -0.19402613466639754 0.9809963603736851 0.0
1126  208 2172 96.223635 19.624530 -0.954459681203871 0.11484423293415091 132 -0.19391215103688345 0.9810188977182085 0.0
1127  212 2173 96.258868 19.635923 -0.8762495170508209 0.22246442150542656 527 -0.19369340835618737 0.9810621099397139 0.0
1128  196 2209 96.097655 19.960507 2.5372978340495718 0.16778933527861103 132 -0.19408133046805584 0.980985441871463 0.0
1129  198 2210 96.115652 19.966507 2.3945867379506427 0.0993811956212612 30 -0.19396718374919078 0.9810080181264613 0.0
1130  199 2210 96.127650 19.966507 1.8650225440661112 0.439451832250378 30 -0.1938978829393515 0.9810217179000867 0.0
1131  198 2209 96.115652 19.955508 2.2656441926956177 0.08645488349808465 36 -0.19398513284412072 0.9810044690191013 0.0
1132  199 2209 96.127650 19.955508 2.1794517404503293 0.13654360601105048 36 -0.19391601546238163 0.9810181338523735 0.0
1133  196 2207 96.098460 19.938655 1.8811884885881005 0.23014403208402004 123 -0.1941093227734172 0.9809799033682828 0.0
1134  198 2207 96.115652 19.943508 1.882536722554101 0.18752049936365556 36 -0.1940050176509516 0.9810005367614505 0.0
1135  199 2207 96.127378 19.943963 1.892003149697275 0.22306545598284258 33 -0.1939365477624345 0.9810140750478501 0.0
1136  198 2206 96.115652 19.932509 1.5645137389500936 0.07862106054315159 30 -0.194022971208629 0.9809969860521365 0.0
1137  199 2206 96.127923 19.933055 1.4365306334062056 0.1783046574162079 33 -0.19395146130228105 0.9810111266742645 0.0
1138  200 2210 96.139791 19.967364 -0.18344997933932713 0.7056001841389359 35 -0.19382643587931436 0.9810358366310182 0.0
1139  201 2210 96.151647 19.967507 -1.193546815050973 0.0821992764636905 36 -0.19375758683108735 0.9810494368508621 0.0
1140  200 2209 96.139648 19.955508 0.6466979541712337 0.8158344281287959 36 -0.1938467428133641 0.9810318243057407 0.0
1141  201 2209 96.151647 19.955508 -1.1512473391162024 0.10515975620895958 36 -0.19377760185497164 0.9810454836649196 0.0
1142  203 2209 96.169392 19.961903 -1.2278416782831973 0.029847422917242662 139 -0.19366442086159819 0.9810678325642636 0.0
1143  200 2207 96.139648 19.944508 0.8516899694999059 0.42168066566993073 30 -0.19386508551559942 0.9810281997058133 0.0
1144  201 2207 96.151647 19.944508 -1.1181972861289977 0.17234335118496105 30 -0.19379580408660443 0.9810418881568852 0.0
1145  200 2206 96.139648 19.933509 0.7166257699330648 0.2321125805038056 36 -0.1938830573096667 0.9810246480533791 0.0
1146  201 2206 96.151647 19.933509 -1.0650223642587662 0.3417148615648054 36 -0.19381391189996805 0.9810383109512245 0.0
1147  203 2207 96.169899 19.938947 -1.2783191891482277 0.08679298497970069 137 -0.19369982662704735 0.9810608427435333 0.0
1148  196 2204 96.100877 19.915673 1.621414499405103 0.07985516496116388 117 -0.19413259899920118 0.9809752973473976 0.0
1149  198 2205 96.115652 19.921510 1.1927125139368906 0.09423474555250394 36 -0.19404127217740538 0.9809933662832659 0.0
1150  199 2205 96.127650 19.921510 1.1760100622971852 0.1402766226948659 36 -0.19397197561665167 0.981007070655137 0.0
1151  198 2204 96.117039 19.909737 1.5023273806418143 0.13341990240238888 31 -0.19405254994659388 0.980991135464141 0.0
1152  199 2204 96.128650 19.910511 1.4877731553439437 0.17147838897355258 29 -0.19398427946542485 0.9810046377669577 0.0
1153  196 2202 96.103689 19.892995 2.1018246206743965 0.164392178800691 87 -0.19415515994984936 0.9809708323211493 0.0
1154  198 2202 96.117925 19.899057 1.84768972974835 0.1399530334098064 33 -0.19406512974454368 0.9809886469359539 0.0
1155  199 2202 96.129650 19.899511 1.8492098616229162 0.11884210706054674 36 -0.19399662864305914 0.981002195754488 0.0
1156  198 2201 96.117652 19.887512 2.175694909360674 0.16083524525399032 36 -0.194085747171662 0.9809845680462144 0.0
1157  199 2201 96.129650 19.887512 2.04731062385771 0.08637198486618058 36 -0.19401654018887124 0.9809982579664146 0.0
1158  200 2205 96.139648 19.921510 0.6585296938816706 0.20595883288426328 36 -0.19390289521539186 0.9810207272158366 0.0
1159  201 2205 96.151647 19.921510 -1.0198725942108366 0.45750982202525453 36 -0.19383422107438344 0.9810342984526519 0.0
1160  200 2204 96.140006 19.910725 0.8555571415594646 0.14011751231063876 28 -0.19391886308052078 0.9810175709647398 0.0
1161  201 2204 96.151647 19.910511 -0.7936030626296997 0.6952351515198696 30 -0.1938521382549812 0.9810307581793608 0.0
1162  203 2204 96.169644 19.916510 -1.4251761337121327 0.05507093735283778 132 -0.1937384721364574 0.9810532118158684 0.0
1163  200 2202 96.141648 19.899511 1.2532721261183422 0.3338860640254294 36 -0.19392768227076435 0.9810158276241465 0.0
1164  201 2202 96.153352 19.899276 -1.0034527428009932 0.47677369913287004 34 -0.19386061787024267 0.9810290825653273 0.0
1165  200 2201 96.141648 19.887512 1.4904537863201566 0.3326056848595552 36 -0.19394739215547005 0.9810119311588887 0.0
1166  201 2201 96.153373 19.887967 -0.7916477340640444 0.6554927570738119 33 -0.19387927787252557 0.981025394988136 0.0
1167  203 2202 96.170925 19.894418 -1.4443075209856033 0.00020438471967064095 128 -0.19376765203443283 0.9810474489162403 0.0
1168  207 2208 96.205373 19.950956 -0.9214557716674593 0.13175754762188824 541 -0.1934752180160989 0.9811051625659825 0.0
1169  212 2208 96.253868 19.951852 -0.592367728699499 0.14759410482156676 536 -0.19319427762328936 0.9811605225923102 0.0
1170  207 2203 96.206121 19.906144 -1.0212057297595878 0.18341952123864388 534 -0.1935457087037531 0.9810912590795833 0.0
1171  212 2203 96.253630 19.906511 -0.6192478364792423 0.13311598520994816 552 -0.19327200781597384 0.9811452140202195 0.0
1172  196 2199 96.106031 19.871169 2.9508297208879815 0.4446294521912461 61 -0.19417968059483864 0.9809659788413085 0.0
1173  198 2200 96.117652 19.876513 2.5648955583572386 0.23412426426598557 30 -0.19410374862418595 0.9809810063248111 0.0
1174  199 2200 96.129650 19.876513 2.182514762878418 0.098317831946973 30 -0.1940346944584851 0.9809946673384125 0.0
1175  198 2199 96.117652 19.865514 2.682473513815138 0.30065456156909315 36 -0.19412202859533612 0.9809773891451482 0.0
1176  199 2199 96.129650 19.865514 2.1747478577825756 0.09910013570763693 36 -0.1940527789595338 0.9809910901624348 0.0
1177  197 2197 96.107904 19.849515 3.4197866916656494 0.3577898725258621 40 -0.19420094223123488 0.9809617699158825 0.0
1178  198 2197 96.117652 19.853515 2.7384424143367343 0.2900962852559726 36 -0.19414172139246388 0.9809734920041269 0.0
1179  199 2197 96.129650 19.853515 2.1787032749917774 0.09954002125076038 36 -0.19407262263919559 0.9809871646163085 0.0
1180  198 2196 96.117652 19.842515 2.3032747427622478 0.2026294384526211 30 -0.1941596368968833 0.9809699462267284 0.0
1181  199 2196 96.129650 19.842515 2.0628650506337483 0.04056429429342102 30 -0.19409089589633746 0.9809835493677542 0.0
1182  200 2200 96.141648 19.876513 1.613433067003886 0.3064792505294456 30 -0.1939657333929071 0.9810083048931603 0.0
1183  201 2200 96.153919 19.877058 -0.6092520753542582 0.7105431291573909 33 -0.19389424379387732 0.9810224371662457 0.0
1184  200 2199 96.141648 19.865514 1.6314382486873202 0.29847817093743595 36 -0.19398366763994626 0.9810047587493931 0.0
1185  201 2199 96.153646 19.865514 -0.3856324942575561 0.7547595901388054 36 -0.1939148773782594 0.9810183588146424 0.0
1186  203 2200 96.165644 19.877513 -1.4440497325526342 0.00010799618615735226 36 -0.1938260437954999 0.9810359140962093 0.0
1187  204 2200 96.177642 19.877513 -1.444418145550622 0.00010580940656991993 36 -0.1937572667034559 0.9810495000761205 0.0
1188  203 2199 96.165644 19.865514 -1.4430207775698767 0.003273809583258896 36 -0.19384597742625717 0.9810319755419081 0.0
1189  204 2199 96.177642 19.865514 -1.443867564201355 0.001947432040865044 36 -0.19377697181761327 0.9810456081106504 0.0
1190  200 2197 96.141413 19.853809 1.7696703181547278 0.2643488672394954 34 -0.19400432896120662 0.981000672958134 0.0
1191  201 2197 96.153646 19.854515 -0.2508952021598816 0.8534732462098517 30 -0.1939330016048411 0.981014776080634 0.0
1192  200 2196 96.141898 19.842890 1.6309365928173065 0.24615890605854418 32 -0.1940197273309071 0.9809976276252866 0.0
1193  201 2196 96.153646 19.843515 -0.22671030130651262 1.02996086895174 36 -0.19395132490917294 0.9810111536399454 0.0
1194  203 2197 96.165644 19.854515 -1.4575748840967815 0.04739363501783942 30 -0.19386406502473588 0.9810284013687295 0.0
1195  204 2197 96.177642 19.854515 -1.4621792554855346 0.05439018988285258 30 -0.1937952384099604 0.9810419999009352 0.0
1196  203 2196 96.165644 19.843515 -1.6858920885456934 0.11768924606574369 36 -0.19388218675000243 0.9810248201044851 0.0
1197  204 2196 96.177642 19.843515 -1.7629033227761586 0.14337738326720642 36 -0.19381352783765082 0.9810383868264912 0.0
1198  197 2195 96.109903 19.829016 2.399020195007324 0.2899456730154927 16 -0.19422474058958564 0.9809570582563276 0.0
1199  198 2195 96.117652 19.831516 2.13182751999961 0.0922849850259295 36 -0.1941777561490311 0.9809663597784214 0.0
1200  199 2195 96.129650 19.831516 2.052494380209181 0.03433117096802301 36 -0.19410870017791826 0.9809800265628444 0.0
1201  198 2194 96.117652 19.819517 1.9546964632140265 0.30836794913280424 36 -0.19419752855277775 0.9809624457154276 0.0
1202  199 2194 96.129650 19.819517 2.0863399704297385 0.05932514208802068 36 -0.19412838735321816 0.9809761308123858 0.0
1203  198 2192 96.125077 19.802699 2.312123339684283 0.1926018602779944 122 -0.19418016182005812 0.9809658835838971 0.0
1204  200 2195 96.141648 19.831516 1.6222346093919542 0.27607093579176084 36 -0.19403972307876918 0.9809936726949439 0.0
1205  201 2195 96.153646 19.831516 -0.2845301628112793 1.0959300117305593 36 -0.19397110947914106 0.9810072419138561 0.0
1206  200 2194 96.141648 19.820517 1.6815945068995157 0.27169745328052086 30 -0.19405804288374479 0.9809900488751813 0.0
1207  201 2194 96.153646 19.820517 0.06467372973759969 1.0498053561814036 30 -0.19398922623528506 0.9810036595775956 0.0
1208  203 2195 96.165644 19.831516 -1.8410463001992967 0.13459980458044352 36 -0.19390221637942523 0.9810208613903919 0.0
1209  204 2195 96.177407 19.831810 -2.0824930878246533 0.04886355827156907 34 -0.19383421281524155 0.9810343000845055 0.0
1210  203 2194 96.165644 19.820517 -1.819315751393636 0.1752676871326903 30 -0.19391991280876433 0.981017363463176 0.0
1211  204 2194 96.177892 19.820892 -2.1005679070949554 0.00010985213246206105 32 -0.1938492826999602 0.981031322434055 0.0
1212  200 2192 96.141648 19.809518 1.93754576643308 0.20866424598789765 36 -0.19407599987875937 0.9809864964774284 0.0
1213  201 2192 96.153646 19.809518 0.6355303269293573 0.8993014026213041 36 -0.19400706531936274 0.9810001318074165 0.0
1214  200 2191 96.142295 19.797636 2.174597936518052 0.09862675870047234 34 -0.19409191110922938 0.980983348503922 0.0
1215  201 2191 96.153789 19.797661 1.384686257158007 0.6384214261952433 35 -0.19402595352877752 0.9809963961999293 0.0
1216  203 2192 96.165644 19.809518 -1.645506704847018 0.2331140109604401 36 -0.19393822065479924 0.9810137443324891 0.0
1217  204 2192 96.177642 19.809518 -2.0738627678818173 0.05152078824637166 36 -0.19386987799468064 0.9810272526318153 0.0
1218  203 2191 96.165644 19.797518 -1.1818241824706395 0.44883876988762145 36 -0.19395799393601496 0.9810098351129396 0.0
1219  204 2191 96.177642 19.798518 -1.8410229881604512 0.10653702035140838 30 -0.1938876218307661 0.9810237459413559 0.0
1220  207 2198 96.207396 19.860526 -1.0952294294214073 0.14962290620498572 546 -0.19361442776857996 0.9810776999605308 0.0
1221  212 2198 96.254999 19.861391 -0.6403989248550855 0.19498974132174968 520 -0.1933398567370005 0.9811318462861738 0.0
1222  207 2193 96.207756 19.815648 -1.361091578298594 0.2975420935472953 531 -0.19368694099341166 0.9810633867842662 0.0
1223  212 2193 96.255629 19.816518 -1.2224261005935462 0.4197742241006426 552 -0.1934114551225472 0.9811177345392239 0.0
1224  195 2230 96.087657 20.146494 2.077886629104614 0.09702053252973643 30 -0.1938324676649177 0.9810346448922834 0.0
1225  196 2230 96.099905 20.146869 2.0939875543117523 0.13136552638733714 32 -0.1937600045072455 0.9810489593559295 0.0
1226  195 2229 96.089171 20.135409 2.3401474475860597 0.09812491362035738 35 -0.1938416957522187 0.9810328215650607 0.0
1227  196 2229 96.100826 20.135467 2.415709434236799 0.10696618056234375 35 -0.19377366323927595 0.9810462616180909 0.0
1228  198 2230 96.111653 20.147494 1.2924207697312038 0.6541628907548412 36 -0.1936907869254658 0.9810626274913309 0.0
1229  199 2230 96.123651 20.147494 -1.4147672280669212 0.6223599031453108 36 -0.19362055396120145 0.9810764909443899 0.0
1230  198 2229 96.112300 20.135613 1.9201720076448776 0.1728785712532019 34 -0.19370674229859638 0.9810594772938414 0.0
1231  199 2229 96.123794 20.135638 -0.42125057748385836 0.9013027456045901 35 -0.19363970191244598 0.9810727118023714 0.0
1232  196 2227 96.095656 20.118496 2.1069425814079517 0.16509990033914387 132 -0.19383218655955534 0.9810347004329366 0.0
1233  198 2227 96.113653 20.124496 1.8588838656743367 0.14663929068489356 30 -0.1937171567836348 0.981057420932977 0.0
1234  199 2227 96.125651 20.124496 -0.5164578060309092 0.693537583623191 30 -0.19364739735992992 0.9810711928783382 0.0
1235  198 2226 96.113653 20.113497 1.778963218132655 0.09433520669442223 36 -0.19373542263747534 0.9810538140262637 0.0
1236  199 2226 96.125651 20.113497 -0.4361643029583825 0.8986909395015217 36 -0.19366571504798263 0.9810675770888331 0.0
1237  200 2230 96.135649 20.147494 -1.799246026409997 0.09806893482939501 36 -0.19355064568421534 0.9810902851191745 0.0
1238  201 2230 96.147647 20.147494 -1.629557404253218 0.07978730230769387 36 -0.19348063008110916 0.9811040952841942 0.0
1239  200 2229 96.135376 20.135950 -1.6368351235534206 0.06412837692837697 33 -0.19357153585137638 0.981086163651358 0.0
1240  201 2229 96.147647 20.136495 -1.5959475755691528 0.09225140964593465 30 -0.19349919181719075 0.9811004345968327 0.0
1241  203 2229 96.165644 20.142495 -1.2746062956073068 0.11305580100601524 132 -0.1933842373628626 0.9811230996870801 0.0
1242  200 2227 96.137423 20.124883 -1.4350642965685936 0.10237409034325279 31 -0.1935782877381369 0.9810848314576935 0.0
1243  201 2227 96.148476 20.125524 -1.455368971824646 0.03196313478825855 35 -0.19351270768029816 0.9810977688111616 0.0
1244  200 2226 96.137649 20.113497 -1.382033861345715 0.09254165949139592 36 -0.19359575442151195 0.9810813849370325 0.0
1245  201 2226 96.149647 20.113497 -1.447465052207311 0.0003041556262370813 36 -0.19352608658417061 0.9810951298479756 0.0
1246  203 2227 96.166469 20.119796 -1.3111296744242202 0.10041098994570732 137 -0.19341755792550747 0.981116531450843 0.0
1247  196 2224 96.095656 20.096498 1.9645909874728231 0.1905921159385354 132 -0.19386838636344134 0.9810275474056961 0.0
1248  198 2225 96.113653 20.101498 1.8290347158908844 0.11200974187544438 36 -0.19375549719892338 0.9810498495515902 0.0
1249  199 2225 96.125416 20.101792 -0.26049746485317454 1.0868514831171048 34 -0.19368638207840042 0.9810634971281827 0.0
1250  198 2224 96.113653 20.090498 2.076431147257487 0.15448158574850163 30 -0.19377373588852093 0.9810462472686013 0.0
1251  199 2224 96.125901 20.090873 -0.05715495906770229 1.2491549221151657 32 -0.19370198991886226 0.9810604156225412 0.0
1252  196 2222 96.095656 20.073500 2.1556196966105037 0.1642513108100405 144 -0.1939065843628183 0.9810199980330396 0.0
1253  198 2222 96.113653 20.079499 2.2362070944574146 0.0686474911408743 36 -0.19379188378612341 0.9810426625680585 0.0
1254  199 2222 96.125651 20.079499 0.38274651103549534 1.300863675103821 36 -0.19372224413487044 0.9810564163835584 0.0
1255  198 2221 96.113510 20.067643 2.171862622669765 0.10624955924127932 35 -0.19381250571662212 0.9810385887557351 0.0
1256  199 2221 96.125651 20.068500 0.7674477249383926 1.1690367112505176 30 -0.1937405988351249 0.9810527918328388 0.0
1257  200 2225 96.137649 20.102497 -1.350870680809021 0.09687327325793507 30 -0.19361430480930492 0.9810777242263783 0.0
1258  201 2225 96.149647 20.102497 -1.44721124569575 0.0005458068830119278 30 -0.19354449170452379 0.9810914991634765 0.0
1259  200 2224 96.137649 20.091498 -1.24137102233039 0.040553705738487066 36 -0.19363258405120498 0.9810741166668566 0.0
1260  201 2224 96.149647 20.091498 -1.41092649102211 0.057324431488892866 36 -0.19356283161929752 0.9810878809849399 0.0
1261  203 2224 96.167879 20.096851 -1.3451210032491123 0.1011094297302156 136 -0.19344770008572187 0.9811105887368379 0.0
1262  200 2222 96.137649 20.079499 -1.2138177818722196 0.04038326358736296 36 -0.1936526109944198 0.9810701637778229 0.0
1263  201 2222 96.149647 20.079499 -1.2300362719429865 0.005562624062643717 36 -0.19358290577376136 0.9810839202597231 0.0
1264  200 2221 96.137649 20.068500 -1.1648733854293822 0.08880376751258952 30 -0.19367080081201335 0.981066573129894 0.0
1265  201 2221 96.149647 20.068500 -1.2274816036224365 0.00011341122226813855 30 -0.19360123282322875 0.9810803038739112 0.0
1266  203 2222 96.167644 20.074499 -1.2373443272980778 0.040163271822532515 132 -0.19348665991946074 0.9811029061383985 0.0
1267  210 2225 96.226601 20.109348 -0.7847614056764514 0.20618015718437616 2157 -0.19308569186025476 0.9811818973049018 0.0
1268  196 2219 96.095656 20.050501 2.097778331149708 0.0759936917811937 132 -0.19394443388771132 0.9810125160078107 0.0
1269  198 2220 96.113814 20.056694 2.110189422484367 0.091133077791649 31 -0.1938289770312732 0.9810353345639546 0.0
1270  199 2220 96.125651 20.057501 1.2071436784333653 0.8156159457974801 36 -0.19375872071301675 0.9810492129081267 0.0
1271  198 2219 96.113653 20.045501 2.150939252641466 0.09492020268567244 36 -0.19384818001893062 0.9810315403203652 0.0
1272  199 2219 96.125651 20.045501 1.6479437947273254 0.3722944322267069 36 -0.19377858013766697 0.9810452904325212 0.0
1273  196 2217 96.096656 20.028503 2.11857004036275 0.10184210051411052 129 -0.1939750402810694 0.9810064646820416 0.0
1274  198 2217 96.113492 20.034309 2.2712859492148123 0.052691485273090366 31 -0.19386757389999085 0.9810277079624875 0.0
1275  199 2217 96.125651 20.034502 1.839481528600057 0.26968471815988454 30 -0.19379684214931067 0.9810416830965721 0.0
1276  198 2216 96.114834 20.023351 2.3702075625910903 0.1052342272883585 33 -0.1938776992000163 0.9810257069786236 0.0
1277  199 2216 96.126136 20.023589 1.7372236490249633 0.41486785572552803 35 -0.19381214290561977 0.9810386604320604 0.0
1278  200 2220 96.137649 20.057501 -1.1118738700946171 0.1178960562629032 36 -0.19368924672715665 0.9810629315707868 0.0
1279  201 2220 96.149647 20.057501 -1.2272359563244715 0.00011967379799432577 36 -0.19361959628580994 0.9810766799461293 0.0
1280  200 2219 96.137649 20.045501 -0.9547873164216677 0.4074421902603639 36 -0.1937090649388188 0.9810590186938443 0.0
1281  201 2219 96.149504 20.045644 -1.2271744932447162 0.0007176803264311574 35 -0.19364031779682014 0.9810725902416939 0.0
1282  203 2219 96.167644 20.052501 -1.2274585339156063 0.0011278239669592128 132 -0.19352352601630823 0.9810956349297532 0.0
1283  200 2217 96.137649 20.034502 -0.7111242453257243 0.6912747044285604 30 -0.1937273277223288 0.9810554125499565 0.0
1284  201 2217 96.149808 20.034696 -1.340417573528905 0.08937773141005372 31 -0.19365654719423098 0.9810693868064627 0.0
1285  200 2216 96.137792 20.023646 -0.712227669784001 0.66034993599224 35 -0.19374472175028742 0.9810519776209127 0.0
1286  201 2216 96.149647 20.023503 -1.443706002500322 0.010538560101666506 36 -0.1936764954005987 0.981065448952995 0.0
1287  203 2217 96.167644 20.029503 -1.3042019688420825 0.10061190847861393 144 -0.19356185607295315 0.9810880734539552 0.0
1288  196 2214 96.097404 20.005900 2.0670234753931167 0.09564387043791055 139 -0.19400796924925665 0.9809999530416805 0.0
1289  198 2215 96.115652 20.011504 2.0468748774793415 0.21637600609091368 36 -0.19389296694945327 0.9810226895273821 0.0
1290  199 2215 96.127650 20.011504 0.9445007360643811 0.5379131478398096 36 -0.19382330202484674 0.981036455791621 0.0
1291  198 2214 96.115652 20.000504 1.5664626280466716 0.2063910144302553 30 -0.193911196286434 0.9810190864375494 0.0
1292  199 2214 96.127650 20.000504 0.5466624190409978 0.39176733399695657 30 -0.19384170962645791 0.9810328188236579 0.0
1293  196 2212 96.097911 19.982944 2.4457889595170963 0.21350284850541704 137 -0.19404294588065205 0.980993035221942 0.0
1294  198 2212 96.115652 19.989505 1.5469288345840242 0.34320409087460146 36 -0.1939290608106029 0.9810155551127195 0.0
1295  199 2212 96.127650 19.989505 0.4354896992444992 0.3633665598097914 36 -0.19385989509969076 0.9810292253913422 0.0
1296  198 2211 96.115652 19.977506 2.175608091884189 0.28941934019484616 36 -0.19394930431537247 0.9810115531203406 0.0
1297  199 2211 96.127650 19.977506 0.932956768406762 0.4880623821366057 36 -0.19387958774438674 0.9810253337483527 0.0
1298  200 2215 96.139354 20.011504 -1.0484493550132303 0.38523601909714833 34 -0.193755810517217 0.9810497876717655 0.0
1299  201 2215 96.151060 20.012435 -1.4453044102109711 0.0003257379787708812 29 -0.19368641982124224 0.9810634896768046 0.0
1300  200 2214 96.139810 20.000698 -1.1063562343197484 0.39945598427920764 31 -0.19377078955397914 0.9810468292164384 0.0
1301  201 2214 96.151647 20.001504 -1.445186158021291 0.00039364295763447257 36 -0.1937012242110159 0.9810605668046972 0.0
1302  203 2214 96.168925 20.006410 -1.3869172111153603 0.09295054618407138 128 -0.193593170777387 0.9810818947612668 0.0
1303  200 2212 96.139648 19.989505 -1.0827549017137952 0.39292982359695555 36 -0.1937904230718251 0.9810429511115418 0.0
1304  201 2212 96.151647 19.989505 -1.4387976792123582 0.031854658729363654 36 -0.19372119151464048 0.9810566242364137 0.0
1305  200 2211 96.139487 19.978312 -0.7224845078683668 0.48082955077444145 31 -0.1938100587550105 0.9810390721706141 0.0
1306  201 2211 96.151647 19.978506 -1.360967183113098 0.09506359281906686 30 -0.19373927614298903 0.9810530530402475 0.0
1307  203 2212 96.169644 19.984506 -1.313115178635626 0.1035413341860315 132 -0.19362543660297188 0.9810755273169892 0.0
1308  207 2218 96.203460 20.041286 -0.996571417709229 0.14744163483373993 533 -0.19333475444938977 0.981132851718866 0.0
1309  212 2218 96.251865 20.042179 -0.6543022564009708 0.10949809087971027 544 -0.19305310152156963 0.9811883101591165 0.0
1310  207 2213 96.204956 19.996269 -0.9573957034267913 0.15373214017905337 541 -0.19340173658766066 0.9811196503408119 0.0
1311  212 2213 96.251930 19.996963 -0.5112297643718329 0.14611663047140466 537 -0.193129305015226 0.9811733137139106 0.0
1312  195 2250 96.085657 20.327482 1.501394665075673 0.5620262965892429 36 -0.19354171890216845 0.9810920461630468 0.0
1313  196 2250 96.097655 20.327482 -1.5313981142308977 0.16236260942103592 36 -0.19347106768031533 0.9811059810084937 0.0
1314  195 2249 96.085657 20.315483 1.7745471795399983 0.10870705871449919 36 -0.19356198185426082 0.9810880486381692 0.0
1315  196 2249 96.097513 20.315626 -1.2381083147866385 0.5681974277613372 35 -0.19349169504436167 0.9811019131307713 0.0
1316  198 2249 96.115652 20.322482 -1.5064228375752766 0.08632070375265087 132 -0.19337356373772122 0.9811252034513094 0.0
1317  195 2247 96.085657 20.304484 1.8119208494822183 0.06340634346683742 30 -0.19358016475205217 0.9810844611013714 0.0
1318  196 2247 96.097817 20.304677 -1.0133431938386732 1.112959880535762 31 -0.19350841295841198 0.9810986158966472 0.0
1319  195 2246 96.085657 20.293484 1.8407582342624664 0.13268041357245236 36 -0.19359881636897655 0.9810807807212061 0.0
1320  196 2246 96.097655 20.293484 -0.7824333351519372 1.2126024812986111 36 -0.19352814977882987 0.9810947228699086 0.0
1321  198 2247 96.109653 20.305483 -1.6717467142475977 0.0006905026770853337 36 -0.19343743316282982 0.981112613032457 0.0
1322  199 2247 96.121651 20.305483 -1.5183469586902194 0.09520637182641913 36 -0.1933669572029474 0.9811265055343646 0.0
1323  198 2246 96.109653 20.293484 -1.7355113923549652 0.09477122916909358 36 -0.19345774976200206 0.9811086071669247 0.0
1324  199 2246 96.121651 20.293484 -1.621584090921614 0.1254392129254859 36 -0.1933871176692597 0.9811225319599872 0.0
1325  202 2248 96.151496 20.311311 -1.1827764235492935 0.1725041798079202 532 -0.19318178331928873 0.9811629826861485 0.0
1326  195 2245 96.085657 20.281485 1.8415394292937384 0.1725682615514592 36 -0.1936188803136437 0.981076821245967 0.0
1327  196 2245 96.097655 20.282485 -0.6318864891926448 1.3359817805003176 30 -0.19354653817759152 0.9810910954439808 0.0
1328  195 2244 96.085657 20.270486 1.9259231448173524 0.15926577756557384 30 -0.1936371042732546 0.9810732245090927 0.0
1329  196 2244 96.097655 20.271486 -0.3647568292087979 1.5073209146725546 36 -0.19356528985949684 0.9810873959854999 0.0
1330  198 2245 96.109653 20.282485 -2.0769800742467246 0.0677122987953218 30 -0.19347607033000055 0.9811049944881846 0.0
1331  199 2245 96.121651 20.282485 -1.892357381184896 0.20586754424196346 30 -0.19340590661231735 0.9811188283217622 0.0
1332  198 2244 96.109653 20.271486 -2.1081045269966125 0.00016562044215031625 36 -0.19349472386088284 0.9811013157864996 0.0
1333  199 2244 96.121651 20.271486 -2.0285498599211373 0.12554509987893142 36 -0.1934244998857906 0.9811151628855463 0.0
1334  195 2242 96.085657 20.259487 2.023695170879364 0.0689988366672518 36 -0.19365572660879915 0.981069548784192 0.0
1335  196 2242 96.097655 20.259487 0.17953463892141977 1.564541634366298 36 -0.1935850654626086 0.9810834941175178 0.0
1336  195 2241 96.086124 20.248354 2.1127175251642862 0.08031796353881301 30 -0.19367154362209324 0.9810664264926384 0.0
1337  196 2241 96.097828 20.248625 0.9836954289469225 1.4079358881572137 29 -0.1936020430511997 0.9810801439874326 0.0
1338  198 2242 96.109653 20.259487 -2.1076014041900635 0.00016271013688400136 36 -0.19351486962158457 0.9810973423852197 0.0
1339  199 2242 96.121651 20.259487 -2.0647601882616677 0.07994669710551787 36 -0.19344442440648751 0.9811112346039275 0.0
1340  198 2241 96.109653 20.248487 -2.1050923029581705 0.009027816818600742 30 -0.1935333702937394 0.9810936930705172 0.0
1341  199 2241 96.121651 20.248487 -2.0657185991605123 0.08011474408120041 30 -0.19346293065014128 0.9811075855706441 0.0
1342  202 2243 96.151792 20.266326 -1.2185353071150118 0.22682375275918895 548 -0.19325624140049955 0.981148319653941 0.0
1343  210 2246 96.223392 20.289937 -0.6567249655227555 0.16935672633123344 2163 -0.19279656145965007 0.9812387507071535 0.0
1344  195 2240 96.087800 20.237345 2.2422678879329134 0.06683263339807863 35 -0.19368003588840124 0.9810647500029076 0.0
1345  196 2240 96.099655 20.237488 1.207177115811242 1.4258846949234223 36 -0.1936102171834917 0.9810785309047187 0.0
1346  195 2239 96.087657 20.225489 2.2692746188905506 0.0001541742167795794 36 -0.19370060967320607 0.9810606881392344 0.0
1347  196 2239 96.099655 20.225489 1.8269887881146536 0.736371596900889 36 -0.19363022607852362 0.9810745820521394 0.0
1348  198 2240 96.111359 20.237253 -2.099912299829371 0.030221272181171505 34 -0.19354215618673776 0.981091959899065 0.0
1349  199 2240 96.122823 20.237460 -2.0505365712302073 0.0907916965167829 35 -0.19347462134236545 0.9811052802306326 0.0
1350  198 2239 96.111653 20.225489 -1.9115053315957387 0.10570866941351359 36 -0.19356016977372198 0.9810884061475642 0.0
1351  199 2239 96.123651 20.226489 -1.9276918212572733 0.06863643648628778 30 -0.1934881682138421 0.9811026086813 0.0
1352  195 2237 96.087657 20.214490 2.2696925163269044 0.0001332994075387127 30 -0.19371905544023646 0.9810570460270608 0.0
1353  196 2237 96.099655 20.214490 2.0624706983566283 0.1963163306717277 30 -0.1936487311041314 0.9810709296181188 0.0
1354  195 2236 96.087657 20.203490 2.2700889772839017 0.00016691455258350298 36 -0.19373740073304202 0.9810534233960987 0.0
1355  196 2236 96.099655 20.203490 2.1479554639922247 0.10020895326985882 36 -0.19366714198915813 0.9810672954052394 0.0
1356  198 2237 96.111653 20.214490 -1.6087584575017293 0.5132931461155228 30 -0.19357853532908448 0.9810847826053803 0.0
1357  199 2237 96.123651 20.215490 -1.887462768289778 0.00015165383753355772 36 -0.19350674419556232 0.9810989450360413 0.0
1358  198 2236 96.111653 20.203490 -1.3202821703420744 1.0089933882910052 36 -0.19359702132922077 0.9810811349386215 0.0
1359  199 2236 96.123651 20.203490 -1.8870252271493275 0.00014886478601301514 36 -0.19352680823127782 0.9810949874990771 0.0
1360  202 2238 96.152937 20.220885 -1.458229059158866 0.18417315006592555 536 -0.1933262860915426 0.9811345203926173 0.0
1361  195 2235 96.087657 20.191491 2.2643355594740973 0.029364168618661923 36 -0.1937573892895075 0.9810494758653685 0.0
1362  196 2235 96.099655 20.191491 2.1780522101455264 0.12246326528809418 36 -0.1936870989648761 0.9810633555966558 0.0
1363  195 2234 96.087657 20.180492 2.1499647378921507 0.09505032496861594 30 -0.19377557630613643 0.9810458837522457 0.0
1364  196 2234 96.099655 20.180492 1.9756083607673645 0.1806724064084943 30 -0.193705554292975 0.9810597118606244 0.0
1365  198 2235 96.111403 20.192116 -1.0278984233736992 1.1989434999866762 32 -0.19361737431623316 0.9810771184585276 0.0
1366  199 2235 96.123651 20.192491 -1.8866357286771138 0.00013019087574615176 30 -0.19354526110173775 0.9810913473805893 0.0
1367  198 2234 96.111888 20.181198 -1.2095386140486772 1.0645653799977297 34 -0.1936329717293706 0.9810740401515335 0.0
1368  199 2234 96.123651 20.181492 -1.886258492867152 0.00014340996822953886 36 -0.19356376641177528 0.9810876965554546 0.0
1369  195 2232 96.087657 20.169493 2.0201582776175604 0.060442315408169627 36 -0.19379405284821202 0.9810422340963025 0.0
1370  196 2232 96.099655 20.169493 1.8746824628776975 0.15111176804055704 36 -0.19372416380993443 0.9810560373170033 0.0
1371  195 2231 96.087657 20.157494 1.9959823720984988 0.06963433234452059 36 -0.19381426431786802 0.9810382413274844 0.0
1372  196 2231 96.099420 20.157788 1.9409166188801037 0.12119595453781576 34 -0.19374473034491654 0.9810519759235876 0.0
1373  198 2232 96.111653 20.169493 -0.8755597621202469 1.2061594574416596 36 -0.19365384549084738 0.9810699201008086 0.0
1374  199 2232 96.123651 20.169493 -1.8861684898535411 0.0011305744187857796 36 -0.19358370234982433 0.9810837630827118 0.0
1375  198 2231 96.111653 20.158494 0.1321577986081441 1.2773281921506423 30 -0.1936721990900803 0.9810662970969966 0.0
1376  199 2231 96.123651 20.158494 -1.8780096411705016 0.03929234149633802 30 -0.19360210520171972 0.9810801317229201 0.0
1377  201 2234 96.141648 20.186492 -1.6537649071577825 0.163703841406826 132 -0.19345016430481005 0.9811101028582073 0.0
1378  203 2234 96.165644 20.187492 -1.3983877441949315 0.0869262354039487 144 -0.1933083644984411 0.9811380515579536 0.0
1379  201 2232 96.141648 20.164493 -1.7047917129415455 0.15048398999518034 132 -0.19348716220402556 0.9811028070810077 0.0
1380  203 2232 96.165644 20.164493 -1.275633485028238 0.12570989030421584 132 -0.19334720025379157 0.981130399159062 0.0
1381  210 2235 96.225037 20.199588 -0.7282934141081756 0.21669065361195328 2159 -0.19294139075298666 0.9812102831372608 0.0
1382  195 2270 96.081658 20.507470 -1.94454644785987 0.10748816221582769 36 -0.1932615227918743 0.9811472793664394 0.0
1383  196 2270 96.093656 20.507470 -1.923617872926924 0.07846748080526621 36 -0.19319024790139933 0.981161316051441 0.0
1384  195 2269 96.081658 20.496470 -1.7881444851557413 0.16314981223523783 30 -0.19328015530255052 0.9811436090431521 0.0
1385  196 2269 96.093656 20.496470 -1.846404234568278 0.08883678952654865 30 -0.19320913266150702 0.9811575974613804 0.0
1386  198 2269 96.111653 20.502470 -1.5250615278879802 0.10765610688617955 132 -0.1930920679380415 0.9811806425421422 0.0
1387  195 2267 96.081658 20.485471 -1.7194967203670077 0.1872897785036481 36 -0.19329915754977622 0.9811398655087596 0.0
1388  196 2267 96.093656 20.485471 -1.825463420814938 0.10072090283846957 36 -0.19322776908241746 0.9811539274015225 0.0
1389  195 2266 96.081658 20.473472 -1.6539335946242015 0.1303533096762696 36 -0.193319077142622 0.981135940842412 0.0
1390  196 2266 96.093656 20.473472 -1.7601715756787195 0.0951431693296995 36 -0.19324814407586707 0.981149914544782 0.0
1391  198 2267 96.111570 20.480381 -1.4848664685299522 0.06081144547577232 133 -0.1931302400128524 0.9811731296731367 0.0
1392  202 2268 96.147898 20.491857 -1.1554632587583815 0.18990316372664354 537 -0.19289527811265128 0.9812193494228714 0.0
1393  195 2265 96.081830 20.462611 -1.6656978541407093 0.04806958430911556 29 -0.19333661492838053 0.9811324851048583 0.0
1394  196 2265 96.093656 20.462473 -1.6802977641423544 0.0006151735458413326 30 -0.19326687281481703 0.9811462255303137 0.0
1395  195 2264 96.083658 20.451473 -1.6792045301861234 0.0003066104942779638 36 -0.1933446313171508 0.9811309054050001 0.0
1396  196 2264 96.095656 20.451473 -1.6794783241218991 0.00021489987503327135 36 -0.19327341578145543 0.9811449366694854 0.0
1397  198 2264 96.112568 20.457423 -1.4827678127491728 0.13437737599100197 141 -0.19316325266221943 0.981166631016848 0.0
1398  195 2262 96.083658 20.439474 -1.6748221748405032 0.010037945027532583 36 -0.19336491099024142 0.9811269088133991 0.0
1399  196 2262 96.095406 20.440099 -1.6788020469248295 0.00020306422958162214 32 -0.19329415824096408 0.981140850433778 0.0
1400  195 2261 96.083658 20.428475 -1.6301079988479614 0.15599877593483547 30 -0.19338353555904564 0.9811232380158383 0.0
1401  196 2261 96.095891 20.429181 -1.7204090742503895 0.0711703450525077 34 -0.19330984096184411 0.9811377606571395 0.0
1402  198 2262 96.113653 20.434475 -1.5224322631503597 0.12112957045425296 132 -0.19319585744580592 0.981160211517864 0.0
1403  202 2263 96.148822 20.446496 -1.1437129492316742 0.10989504544825299 549 -0.1929674342371977 0.9812051616883765 0.0
1404  209 2266 96.220034 20.470550 -0.6404312919884118 0.2014342719515128 2154 -0.1925052385181304 0.9812959457488234 0.0
1405  195 2260 96.083658 20.417476 -1.4269270880354776 0.5402992760032582 36 -0.19340197097370498 0.9811196041377862 0.0
1406  196 2260 96.095656 20.417476 -1.7909452584054735 0.08470596301642731 36 -0.19333095860540855 0.9811335996920673 0.0
1407  195 2259 96.083385 20.405931 -1.152903232610587 0.9519956687145611 33 -0.19342318191763405 0.9811154227188859 0.0
1408  196 2259 96.095656 20.406477 -1.8803743998209634 0.02836199201040369 30 -0.19334969008480044 0.9811299084953591 0.0
1409  198 2259 96.113653 20.412476 -1.5368021979476467 0.10243283874151654 132 -0.19323317582673638 0.9811528625855981 0.0
1410  195 2257 96.083930 20.395023 -0.9051182360360117 1.2090345299733016 33 -0.19343846296892514 0.9811124099939923 0.0
1411  196 2257 96.095656 20.395477 -1.8935975498623319 0.0028437550252771843 36 -0.1933682241812973 0.9811262558289691 0.0
1412  195 2256 96.083658 20.383478 -0.3696775916549895 1.4856991733074325 36 -0.19345935810477835 0.9811082900280107 0.0
1413  196 2256 96.095656 20.383478 -1.8943957553969488 0.00019550430959704355 36 -0.19338862427977116 0.9811222349937736 0.0
1414  198 2257 96.113424 20.389792 -1.6103533829961505 0.17201762466793155 140 -0.19327292965279613 0.9811450324306928 0.0
1415  202 2258 96.149690 20.401521 -1.1387116931561938 0.18292149125697674 529 -0.19303911485457573 0.981191061993617 0.0
1416  195 2255 96.083658 20.372479 0.09349337617556254 1.5420710946527962 30 -0.1934777648120093 0.9811046603310724 0.0
1417  196 2255 96.095656 20.372479 -1.8938167174657186 0.00016495277309679492 30 -0.1934070032602682 0.9811186121412042 0.0
1418  195 2254 96.083658 20.361480 0.638832757042514 1.3548059130154564 36 -0.1934963170423127 0.9811010015747924 0.0
1419  196 2254 96.095656 20.361480 -1.8811537524064381 0.04555155669415795 36 -0.19342557289940773 0.981114951342877 0.0
1420  198 2254 96.113888 20.366832 -1.7330513316042282 0.18096401063791573 136 -0.1933091402001104 0.9811378987252986 0.0
1421  195 2252 96.085172 20.349395 0.7630804504667009 1.245160545558139 35 -0.19350773794838 0.9810987490329915 0.0
1422  196 2252 96.096827 20.349452 -1.8231290646961757 0.09752175230979017 35 -0.19343883277616375 0.9811123370818428 0.0
1423  195 2251 96.085657 20.338481 1.0570145448048909 1.037294069424377 30 -0.1935231153120431 0.9810957159420897 0.0
1424  196 2251 96.097655 20.338481 -1.7023181676864625 0.13395710049708184 30 -0.19345272724400933 0.9811095975077682 0.0
1425  198 2252 96.115019 20.344450 -1.6970398362356287 0.16526965314661107 131 -0.1933402930661785 0.9811317603039279 0.0
1426  202 2253 96.150077 20.356575 -1.2052112770994214 0.1676424902060894 548 -0.1931132841438524 0.9811764670471748 0.0
1427  209 2256 96.221567 20.380393 -0.6381529698805977 0.13396855504511473 2164 -0.19265188443202372 0.9812671661809491 0.0
1428  200 2285 96.121076 20.649300 -1.1604460727810584 0.2709225834701512 2165 -0.19278439213025314 0.9812411416929931 0.0
1429  210 2285 96.217065 20.650750 -0.5094286747445255 0.176092370542714 2167 -0.19220929554272848 0.9813539558726853 0.0
1430  197 2278 96.097672 20.581316 -1.5525428186926689 0.2561200607673429 531 -0.19304059830013295 0.9811907701400001 0.0
1431  202 2278 96.145908 20.582222 -1.0196957877453636 0.15742388396595952 544 -0.19275187451940567 0.9812475298665752 0.0
1432  195 2275 96.081819 20.552660 -2.11922106435222 0.00895436573782659 31 -0.1931838080384902 0.9811625840357692 0.0
1433  196 2275 96.093656 20.553466 -1.9190264609124925 0.11054838110202231 36 -0.19311208493291668 0.9811767030728267 0.0
1434  195 2274 96.081658 20.541467 -2.250935071044498 0.09314128408208416 36 -0.19320356103555084 0.9811586946071376 0.0
1435  196 2274 96.093656 20.541467 -2.0195282101631165 0.1349393125278922 36 -0.19313278792806357 0.9811726281481428 0.0
1436  198 2275 96.105654 20.553466 -1.6177006595664554 0.09574189871517676 36 -0.19304058276429584 0.9811907731965385 0.0
1437  199 2275 96.117652 20.553466 -1.4479127890533872 0.05645914166202205 36 -0.19296919648943334 0.9812048151156937 0.0
1438  198 2274 96.105654 20.541467 -1.6843869984149933 0.10277553665927515 36 -0.1930611713903306 0.9811867223425893 0.0
1439  199 2274 96.117417 20.541761 -1.4669065089786755 0.00023854434805444877 34 -0.192990670834925 0.9812005916073867 0.0
1440  195 2272 96.081658 20.530468 -2.292508069674174 0.06233442045110958 30 -0.1932223979902453 0.9811549851653912 0.0
1441  196 2272 96.093656 20.530468 -2.055534998575846 0.1392204157710836 30 -0.19315130366671737 0.9811689833519236 0.0
1442  195 2271 96.081658 20.519469 -2.103339592615763 0.05459944998109735 36 -0.19324124301254847 0.9811512737590291 0.0
1443  196 2271 96.093656 20.519469 -2.0034960044754877 0.1037025631782387 36 -0.19316978548503794 0.9811653448709164 0.0
1444  198 2272 96.111802 20.524648 -1.6001583666943793 0.16226190819810052 134 -0.1930533151419325 0.9811882681283495 0.0
1445  202 2273 96.147356 20.536793 -1.0722720177631098 0.20245185225878912 542 -0.19282139564126446 0.9812338708906022 0.0
1446  210 2275 96.218563 20.560540 -0.5449207164899067 0.14038886251662033 2160 -0.192357753772696 0.9813248669852012 0.0
1447  197 2308 96.093891 20.852123 -1.412134456283906 0.2596716385955175 544 -0.19259682955861063 0.9812779734835443 0.0
1448  202 2308 96.141450 20.852688 -0.922727570428953 0.12454800180692642 546 -0.1923091111194686 0.9813344005895441 0.0
1449  197 2303 96.093438 20.806732 -1.4466425206683098 0.21561732621914115 545 -0.1926782070836082 0.9812619978961002 0.0
1450  202 2303 96.141850 20.807708 -0.9356533008791534 0.12201800017478988 534 -0.19238533955175324 0.9813194592616395 0.0
1451  210 2306 96.213640 20.831429 -0.5486748946762788 0.13041089024073155 2169 -0.19191213292997875 0.9814121118237058 0.0
1452  197 2298 96.095404 20.761754 -1.534246753977838 0.27995828824933416 535 -0.19274419509567114 0.9812490383470048 0.0
1453  202 2298 96.143126 20.762453 -0.9029968704866327 0.10134701950352852 552 -0.1924565067536934 0.9813055044216177 0.0
1454  197 2293 96.095656 20.716456 -1.543924927495528 0.2990716756810201 552 -0.1928208244554554 0.9812339831336451 0.0
1455  202 2293 96.143648 20.717456 -0.888471401550553 0.0978730341482868 528 -0.1925315724556568 0.9812907793349289 0.0
1456  210 2295 96.215419 20.741082 -0.5351916193632182 0.19034950514702811 2168 -0.19206069821096156 0.9813830486628133 0.0
1457  196 2329 96.077582 21.043510 -1.5378220606517126 0.07545756104343936 143 -0.19236186856590295 0.9813240604009638 0.0
1458  198 2329 96.101655 21.044433 -1.3017618014956966 0.10527352539929417 132 -0.1922137884819376 0.9813530758689357 0.0
1459  196 2327 96.077741 21.020525 -1.464075157516881 0.08966316831552473 133 -0.19240111246512423 0.9813163668879586 0.0
1460  198 2327 96.101655 21.021434 -1.2960906368162897 0.054228825210372394 144 -0.19225409347082542 0.9813451806289727 0.0
1461  202 2328 96.137498 21.033261 -0.8242181911504358 0.14355739396688952 532 -0.19201562483986065 0.9813918686321779 0.0
1462  197 2323 96.090344 20.987371 -1.202602812013608 0.16721729940456137 531 -0.19238256111894303 0.981320003962681 0.0
1463  202 2323 96.138627 20.988269 -0.9624933871849422 0.13204453406825434 549 -0.1920881418128885 0.9813776774386462 0.0
1464  209 2326 96.210026 21.012018 -0.5318977558096909 0.15271031611376057 2172 -0.19161307263306862 0.9814705448438656 0.0
1465  196 2319 96.079735 20.953362 -1.4981295520609075 0.02581271934289908 143 -0.1925062590643403 0.981295745543133 0.0
1466  198 2319 96.103394 20.953917 -1.2425516653751982 0.09426933528982881 138 -0.19236199466839266 0.981324035681995 0.0
1467  196 2317 96.079658 20.930441 -1.5510850982232527 0.08607467094333406 132 -0.19254655696502468 0.9812878392199277 0.0
1468  198 2317 96.103915 20.930962 -1.3193722876949587 0.10324027526495384 138 -0.19239896372746135 0.9813167881762744 0.0
1469  202 2318 96.139383 20.942971 -0.9191459937086796 0.12808534038419117 539 -0.1921632695254217 0.9813629694691461 0.0
1470  197 2313 96.091537 20.897100 -1.3956787995438078 0.22000141003803464 536 -0.19253284725591188 0.981290529215243 0.0
1471  202 2313 96.140047 20.897960 -0.925211584326086 0.10414004350328394 542 -0.1922383240346752 0.9813482698677056 0.0
1472  209 2316 96.211696 20.921718 -0.4049265186678929 0.1410425799630253 2169 -0.1917638930156303 0.9814410880615759 0.0
1473  196 2349 96.073659 21.224420 -1.4866389280015773 0.0836945247880738 132 -0.19206735553036056 0.9813817457745861 0.0
1474  198 2349 96.097655 21.224420 -1.0795868400371436 0.18308534587368638 132 -0.19192016574474832 0.9814105409972468 0.0
1475  196 2347 96.073659 21.201422 -1.4187106059657202 0.10394485138037203 144 -0.19210801185158266 0.9813737880045666 0.0
1476  198 2347 96.097506 21.202243 -1.2490758339860546 0.1036412709198866 134 -0.19196041458922908 0.9814026692600398 0.0
1477  202 2348 96.134038 21.213699 -0.9365498858469504 0.1552119880386608 540 -0.19171634144295846 0.9814503779731949 0.0
1478  197 2343 96.087740 21.167955 -1.325953590010539 0.06120644578209543 541 -0.1920809509504943 0.9813790849014228 0.0
1479  202 2343 96.135524 21.168544 -0.886928327719659 0.23359596993710965 551 -0.19178769948590807 0.981436436212709 0.0
1480  210 2346 96.206903 21.192463 -0.4503174114733398 0.1198163991631588 2167 -0.19130826369495219 0.9815300037400907 0.0
1481  197 2338 96.087542 21.122548 -1.186807015337362 0.10804533550340108 549 -0.19216230474771706 0.9813631583843189 0.0
1482  202 2338 96.135732 21.123514 -0.8924917077118496 0.22862222220617207 530 -0.1918664730823862 0.9814210393643117 0.0
1483  197 2333 96.089084 21.077599 -1.2946474951751223 0.1492753572667783 534 -0.19223202044187812 0.9813495046703969 0.0
1484  202 2333 96.137126 21.078471 -0.8591660822771947 0.14492115729969998 554 -0.19193790343257233 0.9814070721295566 0.0
1485  209 2336 96.208430 21.102311 -0.4865602829773708 0.10298780487984871 2171 -0.19146098065666525 0.981500225616881 0.0
1486  200 2366 96.107172 21.371327 -0.8879622865774569 0.22902820968678195 2177 -0.191599516889745 0.9814731912424386 0.0
1487  210 2365 96.203590 21.372911 -0.6874758539939749 0.2537220977273859 2175 -0.19100243554408025 0.9815895627074636 0.0
1488  200 2355 96.108981 21.280988 -1.066157694467727 0.19715366388056638 2176 -0.19174999175878635 0.9814438041276257 0.0
1489  210 2355 96.205352 21.282640 -0.5612417724062351 0.2434154676591277 2174 -0.19115539605318144 0.9815597865437191 0.0
1490  199 2386 96.103446 21.551919 -1.107820164011286 0.22964597308858423 2174 -0.19129711535998947 0.9815321765764722 0.0
1491  209 2385 96.199908 21.553224 -0.6578739718559685 0.2506818297791484 2180 -0.19069548587740295 0.9816492406486041 0.0
1492  200 2376 96.105385 21.461697 -1.0491574945773703 0.20782867247920633 2179 -0.19144807761060698 0.9815027425225072 0.0
1493  210 2375 96.201790 21.463022 -0.7708896135356752 0.17496025327087156 2173 -0.1908491772308987 0.9816193720329123 0.0
1494  197 2408 96.075659 21.754384 -1.4256899227266726 0.2258778871195978 552 -0.1911026474467681 0.981570057682505 0.0
1495  202 2408 96.123473 21.755168 -0.8555392237139017 0.15307873065185604 533 -0.19080121408026 0.9816286959464351 0.0
1496  197 2403 96.075696 21.709081 -1.2850337487770551 0.1957630245924049 536 -0.19118505401896263 0.9815540102917243 0.0
1497  202 2403 96.124529 21.710088 -0.7764464885264903 0.10472251417212576 555 -0.19087735148836324 0.9816138938955519 0.0
1498  209 2406 96.196401 21.733941 -0.5113222497049079 0.09587052120455063 2183 -0.19038369999729804 0.9817097568911796 0.0
1499  197 2398 96.077682 21.664340 -0.9558303991701123 0.23513013126719023 551 -0.1912539884525993 0.9815405808732377 0.0
1500  202 2398 96.125384 21.664879 -0.7768430142490952 0.12940626228470123 540 -0.19095478975137767 0.9815988326556868 0.0
1501  196 2394 96.065661 21.630392 -1.3168542177388163 0.09339494908872482 132 -0.19139055756365653 0.9815139604078349 0.0
1502  198 2394 96.089657 21.630392 -1.1632210860649745 0.08345930086800533 132 -0.19124069361031454 0.9815431712907211 0.0
1503  196 2392 96.065584 21.607471 -1.5258854377519835 0.07642620217511224 143 -0.19143250277424212 0.9815057803607629 0.0
1504  198 2392 96.089657 21.608394 -1.4248452863909982 0.18083756082424352 132 -0.1912805406240984 0.9815354067880347 0.0
1505  202 2393 96.126189 21.619723 -0.8241313963364332 0.15122190671766128 546 -0.19103223392754362 0.9815837639247362 0.0
1506  209 2395 96.198166 21.643572 -0.5897987422103952 0.12896308257484446 2182 -0.19053994760483492 0.9816794427748535 0.0
1507  196 2429 96.059662 21.946371 -1.80357201442574 0.08973301030450107 132 -0.19085186225611395 0.9816188499990073 0.0
1508  198 2429 96.083658 21.946371 -1.5517752712423152 0.10719046550760551 132 -0.19069994421864425 0.981648374559346 0.0
1509  195 2427 96.053663 21.929372 -1.8717730508910284 0.0064463032978766665 36 -0.1909212018354616 0.9816053660660699 0.0
1510  196 2427 96.065661 21.929372 -1.8682265910837386 0.0037775000876984154 36 -0.19084523403323367 0.9816201386721852 0.0
1511  195 2426 96.053663 21.917373 -1.9805407524108887 0.09986607235333148 36 -0.19094299213316 0.9816011276252875 0.0
1512  196 2426 96.065661 21.917373 -1.8653917445076837 0.004644342433393489 36 -0.19086714724210513 0.9816158780824914 0.0
1513  198 2427 96.077659 21.929372 -1.5795547233687506 0.0929865478037228 36 -0.19076937668792626 0.9816348837108939 0.0
1514  199 2427 96.089657 21.929372 -1.4322171707948048 0.0006763060976928393 36 -0.19069343806868067 0.9816496384543449 0.0
1515  198 2426 96.077424 21.917667 -1.5517142239738912 0.09991925376221221 34 -0.19079241675506814 0.981630405859945 0.0
1516  199 2426 96.089657 21.918372 -1.4300448656082154 0.000557072581794775 30 -0.19071371258603304 0.9816456997469362 0.0
1517  202 2428 96.119891 21.935715 -1.1487972522849468 0.12301488375443057 536 -0.1904905346577468 0.9816890323344791 0.0
1518  196 2424 96.059662 21.900374 -1.8682492104443638 0.10959888681364184 132 -0.19093651829389086 0.9816023869071461 0.0
1519  198 2424 96.084154 21.900877 -1.459178717819961 0.07303666814734344 143 -0.19078071360964474 0.9816326804434512 0.0
1520  196 2422 96.060926 21.878464 -1.668472880826277 0.06962430325512224 136 -0.19096862822897898 0.9815961404938093 0.0
1521  198 2422 96.079221 21.884562 -1.5087062828242779 0.09926576067213706 32 -0.19084199772431779 0.9816207678653665 0.0
1522  199 2422 96.091656 21.884375 -1.4210880557696024 0.003307206986176419 30 -0.19076369857082448 0.9816359871701829 0.0
1523  198 2421 96.079658 21.873376 -1.5628108117315505 0.09816650084974163 36 -0.19085975173686884 0.9816173160488464 0.0
1524  199 2421 96.091656 21.873376 -1.4196723765797086 0.0034184435618302366 36 -0.19078413665976363 0.9816320151660645 0.0
1525  202 2423 96.121209 21.890639 -1.1855668641626835 0.14984525268455323 560 -0.19056567495787682 0.9816744488514757 0.0
1526  210 2426 96.193036 21.914532 -0.6270993646677069 0.1464756724542798 2179 -0.19006836602498728 0.9817708572964424 0.0
1527  196 2419 96.061401 21.855855 -1.6545262889585632 0.05565762619491599 138 -0.1910070585074779 0.9815886631376306 0.0
1528  198 2419 96.085657 21.856377 -1.495906086582126 0.11292285745082335 132 -0.19085305095288707 0.9816186188851426 0.0
1529  195 2417 96.055662 21.838378 -1.7651705622673035 0.10035603532131122 30 -0.19107518146374808 0.981575404657531 0.0
1530  196 2417 96.067660 21.839378 -1.6461376282903883 0.023035537216342168 36 -0.19099761128149667 0.9815905014234614 0.0
1531  195 2416 96.055662 21.827379 -1.7018190622329712 0.09420797752728241 36 -0.1910951960031023 0.9815715083805845 0.0
1532  196 2416 96.067660 21.827379 -1.6313205361366272 0.0009547864868272575 36 -0.19101964259348497 0.9815862143201978 0.0
1533  198 2417 96.079658 21.839378 -1.49790601266755 0.1003635952748591 36 -0.19092209434608362 0.98160519247328 0.0
1534  199 2417 96.091656 21.839378 -1.313127726316452 0.08985149428862897 36 -0.19084644842369994 0.9816199025712855 0.0
1535  198 2416 96.079658 21.827379 -1.4436939987871382 0.0710359825967571 36 -0.19094414193598705 0.9816009039626693 0.0
1536  199 2416 96.091421 21.827673 -1.3503203742644365 0.053494359086966876 34 -0.19086931436241378 0.9816154567012593 0.0
1537  202 2418 96.121695 21.845421 -1.1073244150960377 0.12846856219193778 529 -0.19064624927616744 0.9816588040846623 0.0
1538  197 2413 96.074202 21.799288 -1.4091072556697746 0.19782352273597056 538 -0.19102982307429753 0.9815842331130846 0.0
1539  202 2413 96.122822 21.800445 -1.046974014045933 0.10184528993388361 561 -0.19072209215992736 0.9816440717297386 0.0
1540  209 2416 96.194659 21.824302 -0.6534200446681041 0.15435244692924294 2183 -0.19022669823335558 0.9817401913333466 0.0
1541  195 2450 96.049663 22.131358 -2.180934614605374 0.08712565505147433 36 -0.1905737054616345 0.9816728899112077 0.0
1542  196 2450 96.061500 22.132164 -1.8630628316633162 0.11878005815564492 31 -0.1904965786686431 0.9816878595131661 0.0
1543  195 2449 96.049663 22.120359 -2.100840711593628 0.029842159647032608 30 -0.19059389305271254 0.981668970646934 0.0
1544  196 2449 96.061804 22.121216 -1.8386277879987445 0.10567319250741171 35 -0.19051493904379704 0.9816842965032794 0.0
1545  198 2449 96.079658 22.126358 -1.2896792978951426 0.17936769491638208 132 -0.1903916843491511 0.9817082084462232 0.0
1546  196 2447 96.055462 22.104093 -1.8722810860033388 0.11269825411432188 135 -0.19058730041491975 0.9816702506038131 0.0
1547  198 2447 96.079658 22.104360 -1.3723629649841425 0.16711851655757604 132 -0.1904326272378974 0.9817002671300809 0.0
1548  202 2448 96.116169 22.116015 -0.9988866670584593 0.1127335209130277 558 -0.19017816014478045 0.9817495950617684 0.0
1549  197 2443 96.069207 22.070441 -1.5128441646695137 0.12596498537000703 560 -0.1905620929134823 0.9816751442022118 0.0
1550  202 2443 96.117346 22.070975 -1.0842200759832845 0.13810671901185362 539 -0.1902548925792825 0.9817347278413072 0.0
1551  210 2446 96.189481 22.094898 -0.5902228667895436 0.18011535555386787 2184 -0.18975157776356202 0.9818321336848977 0.0
1552  196 2439 96.057662 22.036364 -1.5698943842541089 0.08526430136821858 132 -0.1906986710017186 0.9816486219000047 0.0
1553  198 2439 96.081658 22.036364 -1.4289405354947755 0.05835652765155397 132 -0.19054608564557346 0.9816782513864457 0.0
1554  196 2437 96.057471 22.013600 -1.539387102668167 0.0913399889808124 141 -0.1907418530783167 0.981640232205389 0.0
1555  198 2437 96.081658 22.014366 -1.4128007834607905 0.07571057642492712 132 -0.19058687099564756 0.9816703339737268 0.0
1556  202 2438 96.118137 22.025799 -1.0833627746135706 0.14025251120621698 547 -0.1903341886803027 0.9817193573620777 0.0
1557  197 2433 96.071050 21.980065 -1.5717100566808828 0.14244056773979702 553 -0.1907176414857851 0.98164493643379 0.0
1558  202 2433 96.119191 21.980853 -1.1629384988426945 0.17239663375954198 549 -0.19041109888787638 0.9817044430073195 0.0
1559  210 2436 96.191352 22.004718 -0.6074255813363489 0.186450166955468 2184 -0.18990958844324266 0.9818015829164863 0.0
1560  195 2470 96.045664 22.312345 -1.7339797655741374 0.0006631058871269866 30 -0.1902617926791475 0.9817333906140288 0.0
1561  196 2470 96.057662 22.312345 -1.5930769761403403 0.0898551210404346 30 -0.19018488542582687 0.9817482922600708 0.0
1562  195 2469 96.045664 22.301346 -1.7563815646701388 0.050864170376761116 36 -0.1902823635475313 0.9817294037171165 0.0
1563  196 2469 96.057662 22.301346 -1.5766840411557093 0.14553709434881165 36 -0.1902053972137732 0.9817443184815233 0.0
1564  198 2469 96.075800 22.307191 -1.1914318212321107 0.14572128652093289 142 -0.19007763903146843 0.9817690620203017 0.0
1565  196 2467 96.051663 22.284347 -1.6964888103080518 0.1105194275699761 132 -0.19027579950222767 0.9817306759614818 0.0
1566  198 2467 96.076224 22.284130 -1.1533498146395753 0.11882112290990425 138 -0.19011830147745165 0.981761188601041 0.0
1567  202 2468 96.112578 22.296486 -0.9880111299309076 0.10995321966760915 561 -0.18986169146710588 0.981810846402325 0.0
1568  197 2463 96.065277 22.250653 -1.5885626109870705 0.16773805898208924 555 -0.1902513824271882 0.9817354080833307 0.0
1569  202 2463 96.113771 22.251480 -1.0353926228264632 0.18553878250120281 531 -0.18993902172014138 0.9817958891887844 0.0
1570  210 2465 96.185857 22.275165 -0.7059704663481514 0.2654436427983099 2187 -0.18943252322994525 0.9818937412687466 0.0
1571  196 2459 96.053663 22.216352 -1.596187943761999 0.10313113347001478 132 -0.1903899108499944 0.9817085523955321 0.0
1572  198 2459 96.077859 22.216619 -1.4552373992072212 0.07459222577729535 135 -0.19023445648364626 0.9817386880256739 0.0
1573  196 2457 96.053663 22.194354 -1.6705911854902904 0.13930504107576258 132 -0.19043102308742008 0.9817005783057676 0.0
1574  198 2457 96.077853 22.194219 -1.3555837024503679 0.1004532305171736 134 -0.19027642117516627 0.9817305554706804 0.0
1575  202 2458 96.114355 22.206204 -1.0407425451574597 0.16593595208111092 564 -0.19002053781448555 0.9817801155089126 0.0
1576  196 2454 96.054582 22.171429 -1.9203362136879223 0.13229335928917801 149 -0.19046771660629191 0.9816934597575687 0.0
1577  198 2454 96.079370 22.172533 -1.4590639653029265 0.16087405340249805 135 -0.1903072141857929 0.9817245867496865 0.0
1578  196 2452 96.055745 22.148447 -2.0776506769926026 0.1682888148839568 133 -0.19050304253844638 0.9816866051768226 0.0
1579  198 2452 96.073659 22.155356 -1.666883134179645 0.11290150238020612 36 -0.19037582462836353 0.9817112841345312 0.0
1580  199 2452 96.085657 22.155356 -1.3460146586100261 0.10017564900200666 36 -0.1902993120326431 0.981726118548296 0.0
1581  198 2451 96.073659 22.143357 -1.5695937209659152 0.10190053578354293 36 -0.19039827466629314 0.981706930302572 0.0
1582  199 2451 96.085657 22.143357 -1.2662248876359727 0.04039878963226154 36 -0.19032169512172514 0.981721779510872 0.0
1583  202 2453 96.115534 22.161226 -0.9991484206948577 0.1787885184896479 531 -0.1900974881570278 0.9817652188768905 0.0
1584  210 2455 96.187673 22.185019 -0.6167851836580933 0.14253566172090215 2184 -0.18959242991312905 0.9818628776563636 0.0
1585  196 2489 96.047805 22.487178 -1.5234825443214095 0.1470208670503646 142 -0.18991893104455357 0.9817997757337766 0.0
1586  198 2489 96.071404 22.487895 -0.9029157766460503 0.14044162043938394 137 -0.18976466123680694 0.981829605046456 0.0
1587  196 2487 96.048138 22.464116 -1.62198829737893 0.14924053098505055 137 -0.18996041420271692 0.9817917503401279 0.0
1588  198 2487 96.073344 22.465198 -0.9753391616148491 0.12202027263311487 146 -0.18979517406416244 0.9818237071399093 0.0
1589  202 2488 96.108917 22.477219 -0.6227185200947513 0.15262324507107872 547 -0.18954217724776207 0.9818725798412836 0.0
1590  196 2484 96.049469 22.442471 -1.5730769038200378 0.2007902056435436 134 -0.18999261578364557 0.9817855193206345 0.0
1591  198 2484 96.073659 22.442336 -0.996667765306704 0.08755417610365576 132 -0.18983647873359397 0.9818157216820423 0.0
1592  196 2482 96.049435 22.419652 -1.6234143733978272 0.24898090223439545 140 -0.19003587932292076 0.9817771460825334 0.0
1593  198 2482 96.073659 22.420338 -0.9891760064796968 0.11012604571105537 132 -0.18987805906070962 0.981807681110378 0.0
1594  202 2483 96.109889 22.432014 -0.8128411441712695 0.13046944485548206 544 -0.1896219701544821 0.9818571731340219 0.0
1595  209 2485 96.182112 22.455614 -0.41977673976240887 0.13082089981665695 2193 -0.18911025301218232 0.981955860619849 0.0
1596  196 2479 96.049899 22.396693 -1.6712439963046242 0.31573095651752886 136 -0.1900760553002906 0.9817693686408641 0.0
1597  198 2479 96.073659 22.397340 -1.0941135953697894 0.13764573243289632 144 -0.18992142432076747 0.981799293432202 0.0
1598  196 2477 96.049952 22.374163 -1.8272823227776422 0.40512402895397304 135 -0.19011817904864897 0.9817612123094015 0.0
1599  198 2477 96.074746 22.374385 -1.1292010632114133 0.08086292363211277 138 -0.18995806004546056 0.9817922058275699 0.0
1600  202 2478 96.110729 22.386925 -0.9504367050823864 0.15707028580282514 555 -0.1897023486903447 0.9818416465506884 0.0
1601  196 2474 96.051281 22.352549 -2.023633849971435 0.35083631870633925 136 -0.19015022632214668 0.9817550058082904 0.0
1602  198 2474 96.075659 22.352343 -1.1953484921744375 0.15316522173632835 132 -0.1899934881389497 0.9817853505042713 0.0
1603  196 2472 96.051663 22.329344 -1.776894685294893 0.16203619553125603 144 -0.1901913592085003 0.981747038132748 0.0
1604  198 2472 96.069660 22.335344 -1.5203385849793751 0.0009322023762313866 36 -0.19006427960889138 0.9817716484074864 0.0
1605  199 2472 96.081658 22.335344 -1.4425399667686887 0.10025982600620684 36 -0.18998707492671035 0.9817865915568375 0.0
1606  198 2471 96.069410 22.323970 -1.5177749693393707 0.0007300637949731883 32 -0.1900872415188239 0.9817672028601099 0.0
1607  199 2471 96.081658 22.324344 -1.4104923685391744 0.10715744781849013 30 -0.19000773904124488 0.981782592585769 0.0
1608  202 2473 96.111913 22.341771 -1.1134782681677864 0.11072721921755918 538 -0.18978026823445684 0.9818265884507599 0.0
1609  210 2475 96.184030 22.365350 -0.4694324433054756 0.19267888341773762 2189 -0.18927157665573313 0.9819247783156574 0.0
1610  200 2506 96.081403 22.634533 -0.5422392833156707 0.1639854366853278 2191 -0.18942004153129255 0.9818961492267313 0.0
1611  209 2505 96.178492 22.636215 -0.4108299131634353 0.15868927972926514 2192 -0.1887846459660571 0.9820185117641471 0.0
1612  197 2498 96.058280 22.566106 -0.8764733595793323 0.1951017759963525 566 -0.18970125655019954 0.9818418575632613 0.0
1613  202 2498 96.107155 22.567460 -0.4997182089234106 0.09992021906299885 539 -0.1893810620959968 0.9819036680445756 0.0
1614  197 2493 96.059579 22.521245 -1.0791227440789062 0.22598104007157532 530 -0.18977806307229847 0.9818270146907382 0.0
1615  202 2493 96.107869 22.522143 -0.6162887527649484 0.13355551357922033 553 -0.189463058322098 0.9818878497726904 0.0
1616  209 2495 96.180280 22.545965 -0.3795405763088978 0.13374551706203272 2195 -0.18894809121091136 0.981987076711172 0.0
1617  205 2521 96.127212 22.770723 -0.32076177336173817 0.22038955313753655 8786 -0.18885800577459275 0.9820044061280192 0.0
1618  204 2538 96.123300 22.930088 0.01837550785722038 0.30932913887906116 6738 -0.18857306972147747 0.982059161851168 0.0
1619  233 2003 96.481260 18.103787 0.08156346735830486 0.22652263044614424 1117 -0.1949399472073803 0.980815179828893 0.0
1620  231 2021 96.462800 18.270325 -0.10222570589288595 0.18572824930013837 2698 -0.1947766003976723 0.9808476313564332 0.0
1621  229 2041 96.443134 18.447381 -0.12829219281673432 0.15398403163077426 4275 -0.19460238030101198 0.9808822118792757 0.0
1622  228 2061 96.423658 18.626315 -0.1918688622440558 0.2203631320912173 5822 -0.1944219418469348 0.9809179927641593 0.0
1623  220 2086 96.351097 18.848362 -1.0602032755319526 0.2612598602765615 1765 -0.19445980117443926 0.980910488131918 0.0
1624  230 2086 96.437688 18.848630 -0.2867810020167659 0.19370533018008285 2144 -0.19399091595722157 0.9810033254408868 0.0
1625  221 2076 96.361253 18.759037 -0.9635956718571252 0.13822152288509676 1354 -0.19454699199875003 0.9808931990304747 0.0
1626  229 2076 96.438805 18.758092 -0.22763895942571838 0.21449948196752233 2143 -0.19413116215287074 0.9809755816946596 0.0
1627  217 2108 96.315822 19.049829 -1.0880146144927665 0.1447111797911223 534 -0.1943313561335432 0.980935942874609 0.0
1628  222 2108 96.363611 19.050570 -0.5840733339065227 0.17371748905410808 552 -0.1940676249328653 0.9809881533193542 0.0
1629  217 2103 96.316619 19.004574 -1.01012439081602 0.10392281575662451 535 -0.19439956259946906 0.9809224281568525 0.0
1630  222 2103 96.363562 19.005475 -0.679805813308032 0.18467196507329336 530 -0.1941408866444092 0.9809736572064117 0.0
1631  230 2105 96.435074 19.028485 -0.32408718747349613 0.12670156612691275 2137 -0.1937120142559381 0.9810584363496944 0.0
1632  220 2096 96.342404 18.937673 -0.8501215764026262 0.2372727989063156 2108 -0.19436495994679054 0.9809292850888297 0.0
1633  229 2096 96.436261 18.938791 -0.29253546213599996 0.1346304090788858 2130 -0.19385212909572033 0.9810307599892352 0.0
1634  217 2128 96.313282 19.230337 -0.7971356329234207 0.1688448712037486 544 -0.1940534990838438 0.9809909477122185 0.0
1635  222 2128 96.360010 19.231160 -0.30172089109140815 0.16731543232187526 528 -0.19379303705417947 0.9810424347546427 0.0
1636  217 2123 96.313368 19.185176 -0.8570780128074091 0.1424754395508659 537 -0.19412631079088308 0.980976541747417 0.0
1637  222 2123 96.361872 19.185989 -0.49718103388871404 0.14486037013191883 538 -0.19385673544454785 0.9810298497613529 0.0
1638  230 2126 96.432129 19.209702 -0.42430107706196923 0.23024775435147118 2148 -0.19342934847647025 0.981114206985083 0.0
1639  217 2118 96.314438 19.140436 -1.1043348613775001 0.12674106160245086 530 -0.19419284587730384 0.9809633727158592 0.0
1640  222 2118 96.361612 19.140564 -0.5503211139660814 0.13074894601633535 552 -0.19393230647755297 0.9810149134973926 0.0
1641  217 2113 96.315336 19.094733 -1.1475177417125773 0.2563095126701009 544 -0.1942616819809755 0.9809497433171194 0.0
1642  222 2113 96.362705 19.095505 -0.4899930540123023 0.14718205720675684 512 -0.19399965683294032 0.9810015969144502 0.0
1643  230 2115 96.433618 19.118969 -0.22868580694989654 0.19732512519638892 2158 -0.19357124028354963 0.9810862219678188 0.0
1644  219 2146 96.334100 19.388785 -0.5274365827287882 0.21262728696843863 2138 -0.1936780537666151 0.9810651413077401 0.0
1645  229 2146 96.429129 19.390121 -0.2508187443708468 0.23095573872579847 2158 -0.19314493977076677 0.9811702361165197 0.0
1646  217 2138 96.311620 19.320552 -0.788430514326994 0.210990449061386 552 -0.1939155985973735 0.9810182162532062 0.0
1647  222 2138 96.359259 19.321198 -0.37892621485181927 0.0406247448632918 529 -0.1936491898147754 0.9810708390753856 0.0
1648  217 2133 96.311884 19.275739 -0.8823991513800347 0.23942851939586202 522 -0.1939872395848483 0.9810040524270278 0.0
1649  222 2133 96.359786 19.276354 -0.3861675946760439 0.11147954196156407 547 -0.19372009448469113 0.9810568408572677 0.0
1650  229 2136 96.430697 19.299786 -0.37526137382487734 0.22280534436101265 2142 -0.19328752745970618 0.9811421567380096 0.0
1651  224 2160 96.379545 19.524731 -0.41440113034977716 0.20739794765633507 8584 -0.19319723661718155 0.9811599399504063 0.0
1652  225 2180 96.376697 19.705332 -0.4174463633818731 0.2661953097804898 8629 -0.1929087910512375 0.9812166928539027 0.0
1653  220 2205 96.325291 19.930275 -0.5494861890682791 0.2647537725230734 2149 -0.19281958129638593 0.9812342274241591 0.0
1654  227 2208 96.396358 19.954170 -0.16166200976658046 0.13922576149633242 533 -0.19237064301258383 0.9813223403688134 0.0
1655  232 2208 96.443682 19.954585 -0.565442168712616 0.18971356275428725 550 -0.19209829459758976 0.9813756901476098 0.0
1656  227 2203 96.397491 19.908632 -0.055589515709051886 0.2761242400256516 549 -0.1924423586684158 0.981308279079585 0.0
1657  231 2204 96.433431 19.920372 -0.523405462044936 0.22648522518958503 130 -0.1922169275952499 0.9813524610178763 0.0
1658  233 2204 96.456877 19.920416 -0.6179781355895102 0.23387528666572818 128 -0.1920825006280652 0.9813787815886735 0.0
1659  231 2202 96.433600 19.898512 0.49177820416110934 0.5414236231009554 132 -0.19225390607099743 0.9813452173422176 0.0
1660  233 2202 96.457596 19.898512 -0.12633402239192615 0.28240301685937874 132 -0.1921167958570999 0.9813720684580346 0.0
1661  219 2196 96.326589 19.840205 -0.5497128544604563 0.26009617384104905 2153 -0.19296556481276964 0.9812055293344452 0.0
1662  226 2199 96.385608 19.874513 -0.4178839018850615 0.16500225585821188 132 -0.19256887639667097 0.9812834594770891 0.0
1663  228 2199 96.409804 19.874780 0.09420968029234145 0.29500734071809637 135 -0.19243048438102608 0.9813106076471831 0.0
1664  226 2197 96.385608 19.852515 -0.6899385944460378 0.14873776181594198 132 -0.19260700125107588 0.9812759770161847 0.0
1665  228 2197 96.409604 19.852515 -0.4545881732395201 0.40519135088913644 132 -0.19246998868122508 0.981302860210368 0.0
1666  232 2198 96.445598 19.864514 0.6587110414453174 0.5061524349617651 552 -0.19224421303812894 0.9813471162404007 0.0
1667  227 2193 96.398694 19.818484 -0.6911169942022468 0.3535472033201371 543 -0.19259090743458393 0.9812791358087277 0.0
1668  232 2193 96.445721 19.819455 -0.18837679246797506 0.21625324632038462 527 -0.19232121513876707 0.9813320285242647 0.0
1669  225 2221 96.370675 20.066479 -0.3831432317836733 0.1550565566776352 8632 -0.1923243634436761 0.9813314115149809 0.0
1670  224 2240 96.367632 20.246933 -0.28159587560301447 0.17374592347705253 8626 -0.19202831668379194 0.9813893853061533 0.0
1671  225 2261 96.364595 20.427529 -0.22875863948857128 0.20636740175318694 8666 -0.19172843925583608 0.9814480147111824 0.0
1672  224 2281 96.361464 20.608174 -0.2856935855384507 0.17164915693537713 8650 -0.19142627809738505 0.9815069943988085 0.0
1673  225 2300 96.358439 20.788541 -0.23692322525585452 0.14499607825407854 8659 -0.19112127840160525 0.9815664302237195 0.0
1674  224 2320 96.355138 20.969009 -0.1809107928036902 0.2220769053884501 8683 -0.19081416824389108 0.9816261779299653 0.0
1675  225 2341 96.352061 21.149735 -0.25925241820552736 0.15932933168950608 8701 -0.1905028876831919 0.981686635227538 0.0
1676  224 2361 96.348755 21.330208 -0.30287889080943187 0.1588784382899974 8684 -0.19018954603578725 0.9817473893923534 0.0
1677  224 2380 96.345519 21.510572 -0.24619517191082757 0.1562394968149294 8709 -0.18987333548984073 0.9818085946201339 0.0
1678  225 2400 96.342259 21.691139 -0.33075876800614123 0.1727248091279839 8724 -0.18955390961721189 0.981870314934121 0.0
1679  224 2421 96.338893 21.871668 -0.29540834201954763 0.14454794371244215 8733 -0.1892316522654193 0.9819324731267927 0.0
1680  225 2441 96.335557 22.052202 -0.3343972866454323 0.20114794878666736 8742 -0.1889067347733029 0.9819950333669153 0.0
1681  224 2460 96.332036 22.232614 -0.26781152476780695 0.176280954436894 8744 -0.18858076249197908 0.9820576846692579 0.0
1682  225 2480 96.328773 22.413090 -0.25465038163027726 0.1816209901371473 8772 -0.1882496375148869 0.9821212114477081 0.0
1683  225 2501 96.325240 22.593739 -0.2832967854359242 0.299669347277392 8782 -0.18791668146357718 0.9821849728170945 0.0
1684  224 2521 96.321680 22.774141 -0.1267782914617118 0.39285118223122184 8773 -0.18758139592853423 0.9822490620517296 0.0
1685  219 2543 96.268450 22.976477 0.040653046140570546 0.28821886906118943 1118 -0.18752538531746046 0.9822597568166671 0.0
1686  230 2543 96.366611 22.977302 0.1859535168552277 0.33973462230188717 1078 -0.18687883497884206 0.98238297065704 0.0
1687  217 2538 96.245396 22.930627 0.039987428004250807 0.24665287231703378 544 -0.18776805578321457 0.9822133969903851 0.0
1688  222 2538 96.294344 22.931377 -0.19274168809527878 0.21730109949093618 546 -0.18744566567926596 0.9822749729164725 0.0
1689  217 2533 96.246587 22.885466 0.09912123427847805 0.37878164252661184 552 -0.1878499399518433 0.9821977397958563 0.0
1690  222 2533 96.295310 22.886507 -0.6624686855802809 0.23718574192916403 559 -0.18752886321491963 0.9822590928371802 0.0
1691  230 2536 96.367767 22.910262 -0.19954708243058403 0.32077435952539995 2191 -0.18700666501241445 0.9823586449158651 0.0
1692  245 2001 96.590878 18.086328 0.051167671486261716 0.15242590900262942 8180 -0.19439974712259753 0.9809223915879738 0.0
1693  244 2020 96.588122 18.263225 0.02788000591985093 0.11197378352415731 8537 -0.19413255989105718 0.9809753050868024 0.0
1694  245 2041 96.585722 18.443917 0.019116088220457256 0.1151210766832505 8559 -0.19385424845754867 0.981030341199985 0.0
1695  245 2061 96.583240 18.624605 0.08760466812682528 0.22691462702182616 8555 -0.19357312408699137 0.9810858502858975 0.0
1696  244 2080 96.580469 18.805076 0.10708448536100024 0.31421870045360173 8554 -0.19329065924853672 0.9811415397623658 0.0
1697  237 2108 96.505588 19.052570 -0.23232135009290517 0.14892636028207035 552 -0.19328651070431516 0.9811423570408887 0.0
1698  241 2109 96.541582 19.064569 0.1824178176395821 0.3720836572535503 132 -0.193069607814252 0.9811850623294521 0.0
1699  243 2109 96.565578 19.064569 0.8136619166894392 0.40587010369511545 132 -0.19293830260399744 0.9812108903738729 0.0
1700  241 2107 96.541582 19.041571 -0.3583314120769501 0.13669809221823867 144 -0.19310806699354569 0.9811774938623574 0.0
1701  243 2107 96.565495 19.042480 -0.13628457632279933 0.2844376854023931 133 -0.19297606874601583 0.9812034635544928 0.0
1702  237 2103 96.506090 19.007554 -0.31410561162532524 0.11231308423922745 518 -0.19335848596229646 0.9811281750649954 0.0
1703  242 2103 96.553845 19.008043 -0.3354369573889504 0.09408770653021009 539 -0.19309720995891613 0.9811796306008815 0.0
1704  250 2105 96.624886 19.031226 0.07688707744128236 0.35088205380015247 2140 -0.19267072214007916 0.9812634675916659 0.0
1705  239 2095 96.530986 18.939900 -0.12542518866616625 0.12280740940688702 2150 -0.19333499735392348 0.9811328038538709 0.0
1706  247 2098 96.601616 18.963616 -0.3264534153341116 0.27807288545826125 527 -0.1929117881514194 0.9812161036143986 0.0
1707  252 2098 96.649822 18.964170 0.6028269781452703 0.25541212121281565 542 -0.19264900189778658 0.9812677321036225 0.0
1708  246 2094 96.590927 18.929343 -0.6482889733332045 0.14626170636435518 136 -0.19302719427232123 0.981193407168717 0.0
1709  248 2094 96.613884 18.929807 -0.2441492308463369 0.3329665572563316 140 -0.1929020408432303 0.9812180199316137 0.0
1710  246 2092 96.591574 18.906580 -0.18146628389755884 0.2513130144775949 132 -0.19306185881433208 0.9811865870827805 0.0
1711  248 2092 96.615046 18.906342 0.31663360576781013 0.3872388679920716 126 -0.1929351419214988 0.9812115118626213 0.0
1712  252 2093 96.649732 18.918785 0.18053071602032736 0.36407406353347 546 -0.19272639232439667 0.98125253513131 0.0
1713  237 2128 96.503210 19.232813 -0.038603518848065975 0.15237365152605878 540 -0.19299803044360386 0.9811991440298395 0.0
1714  242 2128 96.550670 19.233573 -0.06970968088751173 0.12802319359902442 514 -0.19273424592449837 0.9812509925844228 0.0
1715  237 2123 96.503840 19.187946 -0.7946702945609776 0.26144519673232963 537 -0.19306990070741537 0.9811850046962748 0.0
1716  242 2123 96.551580 19.188561 0.1072702129519936 0.2869450301735413 552 -0.19280558010587176 0.9812369786550231 0.0
1717  249 2126 96.621971 19.212577 0.010467172669830606 0.23634574969268263 2144 -0.19237763425800222 0.9813209698346889 0.0
1718  237 2118 96.504187 19.142798 -0.3972370026833949 0.28817617667543816 538 -0.19314360713225365 0.9811704984476152 0.0
1719  242 2118 96.551497 19.143477 -0.4997487715392743 0.3623825061323254 530 -0.19288208286000288 0.9812219433500186 0.0
1720  237 2113 96.505500 19.097491 0.23281231837014282 0.32649606311734797 526 -0.19321213467407894 0.9811570063015836 0.0
1721  242 2113 96.552666 19.098484 0.6372453143460218 0.5684812501243064 533 -0.19295172537809727 0.9812082509200661 0.0
1722  249 2116 96.623393 19.121833 0.04353655696907714 0.3604853495853995 2162 -0.1925248538495797 0.9812920975174507 0.0
1723  239 2146 96.524422 19.391427 -0.10938066253864687 0.3280972046980696 2142 -0.19261163261591802 0.981275067950384 0.0
1724  250 2145 96.619613 19.392586 0.24504186078933704 0.42093735515295777 2156 -0.19208103052709147 0.9813790693262469 0.0
1725  237 2138 96.501438 19.323379 -0.11149277168333083 0.38115683449889537 532 -0.19285465894625514 0.9812273337625301 0.0
1726  242 2138 96.549845 19.324104 0.2948535918197879 0.2519491464842556 541 -0.19258486026573443 0.981280322637944 0.0
1727  237 2133 96.502253 19.278637 -0.5674633097959988 0.38828648086328216 536 -0.192926031552305 0.9812133031861517 0.0
1728  242 2133 96.549539 19.278595 0.012558617360362557 0.24396883409144024 551 -0.19266411145851728 0.981264765573441 0.0
1729  250 2135 96.620996 19.302323 -0.14243558032443396 0.24430131459627605 2134 -0.19222895330466286 0.9813501054727584 0.0
1730  244 2161 96.569888 19.527505 -0.07514712602187427 0.3271418107907551 8609 -0.19212478042113218 0.9813705053383925 0.0
1731  245 2181 96.567414 19.708092 -0.1037989511438038 0.3707282210111674 8602 -0.19182475204353397 0.9814291948497541 0.0
1732  239 2205 96.516093 19.933087 -0.21738724188572292 0.27529197809794786 2155 -0.19172184510611454 0.9814493028725971 0.0
1733  247 2208 96.587574 19.956508 -0.23569693216595097 0.17514319625227404 552 -0.19127243431352756 0.9815369865021782 0.0
1734  252 2208 96.635416 19.957335 0.10715501301718834 0.262027126202695 532 -0.1909980786266915 0.9815904104874457 0.0
1735  247 2203 96.587574 19.911511 -0.22845958669980368 0.39754494612202695 528 -0.19135221341613395 0.9815214365569132 0.0
1736  251 2204 96.623797 19.923196 -0.26989694514444895 0.6006471107762537 140 -0.19112554879038457 0.9815655987245958 0.0
1737  253 2204 96.647564 19.923510 0.8728919389347235 0.4094848694128227 144 -0.19099154526502113 0.9815916817278351 0.0
1738  251 2202 96.623568 19.900511 -1.0986427542838184 0.42483820913500475 132 -0.19116712353518917 0.9815575025841745 0.0
1739  253 2202 96.647564 19.900511 0.014600882701801531 0.6897013758718601 132 -0.1910308961172546 0.9815840242835244 0.0
1740  236 2199 96.481592 19.876513 0.4714846897757415 0.3817172767972275 132 -0.19201789996737592 0.9813914234861231 0.0
1741  238 2199 96.505588 19.876513 -0.1317274902354587 0.33766458574958547 132 -0.19188102532247936 0.9814181943092323 0.0
1742  236 2197 96.481592 19.853515 0.8141691719906198 0.23307108614784766 144 -0.19205831224112002 0.9813835156039113 0.0
1743  238 2197 96.505505 19.854424 0.4686794789662038 0.45402194592387124 133 -0.19192062756180775 0.9814104506862977 0.0
1744  242 2198 96.541646 19.865605 -0.705945649237003 0.2567169608582726 530 -0.1916950040019601 0.9814545457843112 0.0
1745  237 2193 96.493855 19.819987 -0.31444198484765795 0.47492797681322124 539 -0.19204628083974198 0.9813858700916898 0.0
1746  242 2193 96.541582 19.820517 -0.07327592583454173 0.318412979046498 552 -0.19177433644561556 0.9814390474608415 0.0
1747  247 2198 96.589059 19.866352 0.02393688031417482 0.3737895975021755 544 -0.19142387645671485 0.981507462795003 0.0
1748  252 2198 96.636027 19.866986 -0.5652874268396071 0.5474506722453766 534 -0.1911560675589906 0.9815596557700313 0.0
1749  247 2193 96.589352 19.821216 0.013995258329070616 0.237018801884601 535 -0.19150213328433088 0.981492197089488 0.0
1750  252 2193 96.637817 19.821903 0.41770155331053993 0.35214746970659977 537 -0.19122598835365706 0.9815460363009811 0.0
1751  244 2220 96.561753 20.069140 -0.11258487702660083 0.2751113548907762 8624 -0.19121991470572947 0.9815472195569267 0.0
1752  244 2241 96.558901 20.249789 -0.05071154269168628 0.2029236143429708 8653 -0.19091228591492485 0.9816071001611275 0.0
1753  245 2261 96.556263 20.430404 0.030170194972687765 0.22704886405034652 8647 -0.19059996448539748 0.9816677918410918 0.0
1754  244 2280 96.553076 20.610836 -0.00904088416368286 0.15915016165007745 8650 -0.19028849081883673 0.9817282160872679 0.0
1755  245 2300 96.550456 20.791394 0.027233721257162325 0.17710619012568835 8682 -0.18997091900679938 0.9817897177765268 0.0
1756  244 2321 96.547377 20.972064 -0.04718211059998384 0.15406243774589523 8683 -0.1896524638094147 0.9818512835307691 0.0
1757  245 2340 96.544489 21.152484 -0.07728239676819358 0.2005330978901676 8676 -0.1893298018809971 0.9819135532824173 0.0
1758  244 2360 96.541453 21.332988 -0.13558286130941263 0.2302815311829437 8715 -0.18900623162646804 0.9819758878945867 0.0
1759  237 2388 96.465326 21.580579 -0.339661292010738 0.25057721101110475 558 -0.18900079387690377 0.9819769345121606 0.0
1760  242 2388 96.513322 21.580844 0.07681631774756913 0.2912182145049944 541 -0.1887036660921685 0.9820340759889015 0.0
1761  237 2383 96.465343 21.535014 -0.6809410632100629 0.18618371945927864 537 -0.1890872255672497 0.9819602950869654 0.0
1762  242 2383 96.513852 21.535869 -0.31105813334293403 0.16169478643805385 539 -0.18878702551755042 0.9820180543127688 0.0
1763  249 2385 96.585790 21.559285 0.23009829172574053 0.35780858976955243 2180 -0.18829905595875834 0.9821117378002567 0.0
1764  240 2376 96.491027 21.468013 -0.27668322505315 0.09647503107963841 2182 -0.1890577326665032 0.9819659738091748 0.0
1765  250 2375 96.587558 21.469148 -0.08987199367052279 0.3590400612491924 2174 -0.18846331700609673 0.9820802299929774 0.0
1766  245 2401 96.535458 21.694224 -0.21019556731071035 0.27006423092189913 8725 -0.18834831067981453 0.982102292973629 0.0
1767  244 2421 96.532172 21.874655 -0.10912261747250195 0.2752413920366116 8719 -0.18801638901290568 0.9821658910095319 0.0
1768  245 2440 96.529335 22.055111 -0.10375363443642224 0.16886678625892979 8753 -0.18767827028090778 0.9822305568777457 0.0
1769  244 2461 96.525852 22.235795 -0.12883195190288313 0.1547640840481433 8761 -0.1873416108524082 0.9822948237892862 0.0
1770  245 2481 96.522912 22.416314 -0.1477716381329609 0.1621540738937738 8761 -0.18699869650215004 0.98236016180752 0.0
1771  244 2500 96.519606 22.596658 -0.19827411235551867 0.33096718432165884 8765 -0.18665554824414554 0.9824254202277531 0.0
1772  245 2520 96.516360 22.777172 -0.09410163416605298 0.35754212171272126 8802 -0.18630891720879636 0.982491214906518 0.0
1773  244 2538 96.513123 22.933397 -0.09331230891334256 0.3136090420508814 6419 -0.1860084240841986 0.9825481495426639 0.0
1774  265 2001 96.779668 18.087460 0.14540212333554373 0.22132532809671507 8297 -0.1934221344075423 0.9811156292309436 0.0
1775  265 2021 96.777245 18.265702 0.24749153990113812 0.3814848170943917 8552 -0.1931411700800413 0.9811709781786824 0.0
1776  265 2041 96.775078 18.446402 0.03718632000767726 0.3234537768876434 8547 -0.1928516895663896 0.9812279173726097 0.0
1777  264 2061 96.772541 18.626870 0.13585935166881985 0.3283966235644925 8546 -0.19256114844526503 0.9812849759929277 0.0
1778  264 2080 96.770076 18.807466 0.26580132701809506 0.3403832905868479 8576 -0.19226680481962208 0.9813426902792182 0.0
1779  265 2101 96.767908 18.988158 0.00332932259876596 0.29246518600218596 8575 -0.19196789941001804 0.9814012052143125 0.0
1780  260 2125 96.717386 19.212874 -0.3257640622359506 0.2886076976089672 2159 -0.19185349472804494 0.9814235765257711 0.0
1781  269 2126 96.812221 19.214764 -0.02650418043304576 0.23080210387194075 2129 -0.19133028651927964 0.9815257110541987 0.0
1782  260 2115 96.718578 19.122762 0.09705585302852342 0.30033560147265137 2131 -0.19200321779881488 0.9813942960680487 0.0
1783  269 2116 96.813404 19.124421 0.21352017940828394 0.31425249633604896 2161 -0.1914832465671004 0.9814958819496509 0.0
1784  265 2140 96.762980 19.349270 0.09598412661028558 0.33984417646522275 8597 -0.19136344039626893 0.9815192477377627 0.0
1785  259 2166 96.712060 19.574773 -0.04515268107301786 0.24628965179371187 2137 -0.19124733903187743 0.9815418764949492 0.0
1786  269 2166 96.807472 19.575764 0.23736396309175198 0.31848321758798226 2173 -0.1907126550185856 0.9816459052101028 0.0
1787  259 2156 96.713411 19.484396 0.09089227037963303 0.3265356003760439 2163 -0.19139932756325667 0.9815122502589223 0.0
1788  270 2155 96.808904 19.485071 0.4128205837000222 0.2983590534956198 2145 -0.19086739230011415 0.981615830432942 0.0
1789  257 2188 96.685439 19.777390 0.18675213462888857 0.12756301846686127 531 -0.19103597634996403 0.981583035580799 0.0
1790  262 2188 96.733814 19.778073 0.05285708476787574 0.18433171164880824 541 -0.19076262672051494 0.981636195464842 0.0
1791  257 2183 96.685757 19.732480 -0.5123433120943729 0.4845362098196099 547 -0.19111388159495088 0.9815678704306244 0.0
1792  262 2183 96.733550 19.732523 0.009717630789331768 0.1507226567933662 552 -0.19084560803305425 0.9816200659595818 0.0
1793  270 2186 96.805210 19.756314 0.2937035225210212 0.3270546184138217 2145 -0.19039797257993116 0.981706988891009 0.0
1794  260 2175 96.711115 19.664296 -0.06284974864988684 0.4105282149605207 2140 -0.1910932955385376 0.9815718783666437 0.0
1795  269 2176 96.805873 19.666507 0.22273359931936032 0.2722827899872202 2148 -0.19055743705710732 0.9816760479823405 0.0
1796  264 2200 96.755399 19.891045 0.022969279374662085 0.37886205411703117 8611 -0.19043531101710745 0.9816997465201962 0.0
1797  265 2220 96.752901 20.071687 0.07938848278543723 0.2155995720309527 8647 -0.19011827579039467 0.9817611935753457 0.0
1798  265 2241 96.750388 20.252394 0.046244928710068675 0.09947253120676901 8643 -0.18979880730353182 0.9818230047957508 0.0
1799  264 2260 96.747658 20.432840 0.09850475938335616 0.08921436345655377 8638 -0.1894784307746869 0.9818848834110657 0.0
1800  264 2280 96.744913 20.613460 0.0978259456306713 0.09884671827189509 8679 -0.18915467137908024 0.9819473052539388 0.0
1801  265 2301 96.742491 20.794144 0.05345442110125363 0.0951672691965378 8666 -0.18882569364645338 0.9820106198096513 0.0
1802  265 2321 96.739686 20.974669 0.052344128362500665 0.09901709276222395 8683 -0.1884963986518728 0.9820738809760059 0.0
1803  264 2341 96.736826 21.155224 -0.005764139375248969 0.13972257015289632 8694 -0.1881644178923935 0.9821375422206489 0.0
1804  265 2361 96.734244 21.335827 -0.06866517611807631 0.21831450465292895 8703 -0.18782733303607976 0.982202063205201 0.0
1805  265 2381 96.731419 21.516406 0.061396354414659356 0.31379107228874936 8720 -0.18748934082357102 0.9822666374653792 0.0
1806  257 2408 96.655619 21.763631 -0.12370553545737534 0.21421579518424255 534 -0.1874669441156552 0.9822709121540442 0.0
1807  262 2408 96.703555 21.764384 -0.3341571122839831 0.360344096418367 552 -0.1871680061524477 0.9823279174862726 0.0
1808  257 2403 96.655563 21.718387 0.004565751476996187 0.33530413487444743 552 -0.18755671090359216 0.9822537758619339 0.0
1809  262 2403 96.703353 21.719128 0.37660704807060935 0.3402723402658051 534 -0.18725928282054313 0.9823105216770998 0.0
1810  267 2408 96.751283 21.764831 -0.1489122614071682 0.4456064085158864 541 -0.18687173203501994 0.9823843218243213 0.0
1811  272 2408 96.799658 21.765513 0.3267063103097082 0.5881980210447437 531 -0.1865710327714292 0.9824414739467194 0.0
1812  267 2403 96.752263 21.719629 0.07196336170363296 0.2323992514558512 549 -0.1869561933445449 0.982368251609404 0.0
1813  272 2403 96.800880 21.720543 0.5616238565311551 0.33341707792571373 563 -0.18665434823744165 0.9824256482218163 0.0
1814  260 2396 96.681261 21.651175 -0.22354912823223533 0.27451850979062453 2189 -0.18753121754172347 0.9822586433558723 0.0
1815  269 2395 96.777543 21.652393 0.2464879496505967 0.31724878690663577 2160 -0.18693545702875436 0.9823721977465825 0.0
1816  264 2420 96.725652 21.877431 -0.03506020766844471 0.2674063942329129 8757 -0.18680496231748958 0.9823970205846317 0.0
1817  265 2441 96.722975 22.058095 0.07337087681860202 0.2903173983362936 8738 -0.18645644262700542 0.9824632283209802 0.0
1818  264 2460 96.719787 22.238497 -0.08568849769108991 0.12232793326621141 8751 -0.1861083686383613 0.9825292235464388 0.0
1819  265 2480 96.717133 22.419062 -0.06645175682768183 0.31458157157891603 8775 -0.18575402497273244 0.9825962763039708 0.0
1820  257 2508 96.639701 22.666213 -0.6683094964102582 0.24803629016446552 555 -0.1857391548810861 0.9825990872904675 0.0
1821  262 2508 96.688374 22.666983 -0.3237555151899084 0.5699371865761109 556 -0.18542365283373616 0.982658673685728 0.0
1822  257 2503 96.640690 22.621332 -0.10903240060501725 0.3057109228443628 548 -0.18582542106219427 0.9825827766081889 0.0
1823  262 2503 96.689806 22.621960 -0.0807305549719057 0.38339991648140803 543 -0.1855080587018118 0.9826427428911716 0.0
1824  270 2505 96.761979 22.645267 0.16902662589874393 0.410023018145839 2194 -0.18499547403765534 0.9827393726647891 0.0
1825  257 2498 96.641711 22.576167 -0.18958106095882227 0.2862462569543457 548 -0.18591204866219546 0.9825663896970145 0.0
1826  262 2498 96.689657 22.576364 0.3297208379179401 0.24637387900154153 553 -0.18560384191809018 0.9826246556367515 0.0
1827  257 2493 96.641809 22.530530 -0.4012593382710143 0.13490723847529887 553 -0.18600557587924968 0.9825486887385422 0.0
1828  262 2493 96.691251 22.531806 0.14354416491515046 0.37827279055143775 545 -0.18568634934353365 0.9826090675683139 0.0
1829  269 2496 96.763331 22.555216 0.20262301250543768 0.46226369564956443 2190 -0.18517573077790223 0.9827054231715983 0.0
1830  257 2528 96.636739 22.846899 0.1979420094971927 0.22076718240637475 556 -0.18538343312621725 0.9826662621268409 0.0
1831  262 2528 96.685677 22.847439 -0.6309308681054753 0.3580065145273573 531 -0.18506438540194095 0.9827263979642563 0.0
1832  257 2523 96.637817 22.801698 -0.30580792642671967 0.2000545661288233 537 -0.18547054431560173 0.982649824297178 0.0
1833  262 2523 96.686176 22.802090 -0.6739511531859952 0.3484028304435184 566 -0.18515614902473387 0.9827091128499474 0.0
1834  269 2526 96.758718 22.826376 -0.003405709123006726 0.32513279898747677 2198 -0.18463499564098615 0.982807162359256 0.0
1835  257 2518 96.638313 22.756136 0.5406638040798201 0.35295627541129326 569 -0.1855619106068526 0.9826325749393485 0.0
1836  262 2518 96.687277 22.757495 0.021603821717509616 0.2402985268930676 534 -0.18524225923673998 0.9826928845742543 0.0
1837  256 2514 96.627279 22.722495 0.5876571261772403 0.20063097588781287 135 -0.18570293209488384 0.982605933735067 0.0
1838  258 2514 96.651564 22.722317 0.27103751993766334 0.25940203169267323 132 -0.18554632614983047 0.9826355178052038 0.0
1839  256 2512 96.627568 22.700319 -0.03136955015361309 0.40790235513522277 132 -0.1857468907370515 0.9825976249622823 0.0
1840  258 2512 96.651564 22.700319 -0.12152229599428899 0.2845022166143831 132 -0.18559182379544945 0.982626925613317 0.0
1841  262 2513 96.687558 22.712318 -0.13365354896455572 0.31540613141353524 552 -0.1853344956074119 0.9826754930992968 0.0
1842  269 2516 96.760315 22.735776 -0.12120490655707558 0.2789111360428892 2210 -0.18481592542828895 0.9827731547555038 0.0
1843  259 2543 96.658104 22.979537 -0.4229526579118341 0.28468676593044506 968 -0.18496537251545475 0.9827450386393305 0.0
1844  270 2543 96.756546 22.980302 -0.024700462305968354 0.36072814581928914 931 -0.18432230766807728 0.9828658539678315 0.0
1845  260 2535 96.660318 22.914426 0.1135659973700787 0.3972121512475417 2199 -0.18508827519867585 0.9827218988014763 0.0
1846  269 2536 96.757434 22.916343 0.13239771101492734 0.38227681507308675 2189 -0.18445261844674235 0.9828414071192465 0.0
1847  279 2006 96.920466 18.131783 0.039518262021477825 0.36366070649686344 2131 -0.19262264731290632 0.981272905843307 0.0
1848  286 2006 96.983509 18.132633 -0.45549911459287007 0.2756770948190644 720 -0.19229656881931068 0.9813368583826453 0.0
1849  280 1996 96.922133 18.043195 0.07922206855242897 0.38738228427622207 2059 -0.1927627872419891 0.9812453861571527 0.0
1850  286 1996 96.984388 18.043933 0.39450470928410836 0.3359133432375535 665 -0.19244234058096746 0.9813082826266774 0.0
1851  281 2021 96.935566 18.267623 -0.06853986074989477 0.3561496593273633 5758 -0.19231430875738423 0.9813333820099923 0.0
1852  277 2048 96.892186 18.515450 -0.016503884462476935 0.3470467689216999 515 -0.19211810566265058 0.9813718120450549 0.0
1853  281 2049 96.927518 18.526606 0.07125692159840555 0.13298055835101613 132 -0.19191285308376516 0.9814119709995641 0.0
1854  283 2049 96.951749 18.526959 0.714252826593378 0.386412974971371 136 -0.1917846363174247 0.9814370347977467 0.0
1855  281 2047 96.927518 18.504608 -0.2696884782476859 0.07692262420427093 132 -0.19195131813063168 0.9814044484655208 0.0
1856  283 2047 96.951514 18.504608 0.09598545323718678 0.3392200538684357 132 -0.19182395381879597 0.9814293508660339 0.0
1857  277 2043 96.893382 18.470142 -0.02578800337797647 0.4412384150269027 538 -0.19218933335506905 0.9813578654825845 0.0
1858  282 2043 96.940158 18.470834 0.35072734427518687 0.3842957336626775 537 -0.19194235381167943 0.9814062017397445 0.0
1859  286 2048 96.981509 18.516607 0.7415938167180416 0.4202674293711308 414 -0.1916453814111563 0.9814642366300325 0.0
1860  286 2043 96.981333 18.470934 0.1456224806971994 0.24231636806701756 408 -0.19172572395289436 0.9814485451488216 0.0
1861  277 2038 96.893409 18.424734 0.5678594157995422 0.3970160157244396 549 -0.19226677288986405 0.9813426965349656 0.0
1862  281 2039 96.929518 18.436612 0.6445396246783661 0.1495312879440575 132 -0.192057155047554 0.9813837420678213 0.0
1863  283 2039 96.952514 18.436612 0.6867336584024193 0.2506771951114482 121 -0.19193729242855004 0.9814071916259821 0.0
1864  281 2037 96.929518 18.414614 -0.15894060062639642 0.4303954436733605 132 -0.1920948210186111 0.9813763700730866 0.0
1865  283 2037 96.953344 18.414475 -0.09937075479672505 0.2422192905619896 130 -0.19197027459500907 0.9814007406110498 0.0
1866  277 2033 96.893906 18.379931 -0.3292200298820223 0.21671590858340092 525 -0.19234023402945608 0.9813283010152588 0.0
1867  282 2033 96.941516 18.380616 -0.3445733694926552 0.2296778609339557 552 -0.19209027183987887 0.9813772605193588 0.0
1868  286 2036 96.982295 18.403497 -0.08361851853527585 0.193305254614837 784 -0.1918376115930879 0.9814266813054655 0.0
1869  280 2066 96.914201 18.673870 0.13107819766209497 0.25263690926649524 2143 -0.191727851364655 0.981448129557081 0.0
1870  287 2066 96.980509 18.674596 -0.0024230815513789305 0.29266391870109726 855 -0.191374372273441 0.9815171163239826 0.0
1871  277 2058 96.891524 18.605601 0.2990922861534989 0.46084376572647007 528 -0.1919665284465692 0.9814014733819043 0.0
1872  282 2058 96.938868 18.606249 0.6403801168004671 0.2581920020629615 528 -0.1917150970529508 0.9814506210512975 0.0
1873  277 2053 96.891524 18.560604 -0.13434185732857903 0.409962427651346 552 -0.19204385868665394 0.9813863440769596 0.0
1874  281 2054 96.927518 18.572603 -0.050949360159310425 0.13715738569228508 132 -0.19183323304581507 0.9814275371616542 0.0
1875  283 2054 96.951514 18.572603 0.5826902004579703 0.1833684316356472 132 -0.1917064213325916 0.9814523157137339 0.0
1876  281 2052 96.927518 18.549604 0.052686827878157295 0.15821323934215123 144 -0.1918735654274851 0.9814196527939231 0.0
1877  283 2052 96.951285 18.549919 0.5197345339826175 0.19828906163105414 140 -0.1917473218001584 0.9814443257681337 0.0
1878  286 2056 96.981074 18.585198 0.5658536707786944 0.3203303227754516 829 -0.19152786183776682 0.9814871767577269 0.0
1879  280 2086 96.911960 18.854819 0.12506497198036898 0.38962074879854364 2140 -0.1914236686945626 0.9815075033149335 0.0
1880  287 2085 96.979510 18.854584 0.4080269396305084 0.3462984557137716 900 -0.1910623077770995 0.981577910584223 0.0
1881  279 2076 96.912721 18.764041 0.3250971284576658 0.4170103492969166 2149 -0.19157847109473375 0.9814772994893994 0.0
1882  287 2076 96.979919 18.765151 -0.06936452569065787 0.24118708244039921 881 -0.19121774679011477 0.9815476418964653 0.0
1883  280 2105 96.909760 19.034766 0.23699026933061873 0.3542009303391951 2153 -0.19111821495945547 0.981567026703073 0.0
1884  287 2106 96.978401 19.035947 0.33041889901760974 0.3215537892367035 958 -0.19074441013539087 0.981639735341893 0.0
1885  276 2099 96.875443 18.978499 0.9134578734408808 0.29247989515455863 131 -0.19140337880339273 0.9815114602400958 0.0
1886  278 2099 96.898424 18.978657 0.629033058759619 0.4244431060428331 122 -0.19127881957439055 0.9815357421827428 0.0
1887  276 2097 96.875527 18.955577 0.1953073303318686 0.29628323324935674 144 -0.1914432506147272 0.9815036840450813 0.0
1888  278 2097 96.899446 18.955653 0.10062241908553597 0.4888426170450896 143 -0.1913138288454865 0.9815289190301425 0.0
1889  282 2098 96.934006 18.967810 -0.20138729186422358 0.20992338271165903 517 -0.19110578874011336 0.9815694460964132 0.0
1890  277 2093 96.887568 18.921623 -0.5069974226514423 0.17548735647333158 529 -0.19143794877085238 0.9815047181600344 0.0
1891  282 2093 96.935049 18.922335 -0.3579983387879215 0.13427944298445135 541 -0.1911809150797101 0.9815548164566689 0.0
1892  287 2096 96.978875 18.945389 0.03889740092974794 0.23431530452326635 941 -0.1909037154208392 0.9816087669935102 0.0
1893  282 2121 96.929950 19.170979 0.1290511494483467 0.2462619435751067 6288 -0.19076542255915813 0.9816356521417842 0.0
1894  282 2141 96.928687 19.351583 0.0722070143390625 0.3405923428212935 6379 -0.1904462107158203 0.9816976320761833 0.0
1895  282 2161 96.927845 19.532028 0.044493440145391 0.21264238790112974 6489 -0.190121973346105 0.9817604775356273 0.0
1896  282 2181 96.926342 19.712724 -0.002445999946358487 0.18406704334587037 6614 -0.1897978525064255 0.9818231893696284 0.0
1897  282 2201 96.924991 19.893495 0.13709699726056798 0.2945280498224328 6714 -0.1894697839266711 0.9818865519899845 0.0
1898  282 2221 96.924155 20.074094 0.1676777788402398 0.30183908220581196 6820 -0.1891358916091337 0.9819509226561265 0.0
1899  283 2241 96.922813 20.254666 0.05401160366286211 0.08206284375905756 6933 -0.18880146461921068 0.9820152783728168 0.0
1900  283 2261 96.921295 20.435298 0.042888156689227894 0.1409675230067016 7050 -0.1884649674605066 0.982079913265774 0.0
1901  283 2281 96.920306 20.615940 0.12716770861849047 0.24834517840591358 7164 -0.188121950132414 0.9821456775236439 0.0
1902  283 2301 96.919000 20.796562 0.054001526168477705 0.09229685773281497 7278 -0.18777779972776037 0.9822115342070674 0.0
1903  283 2321 96.917592 20.977092 0.10245324912930723 0.11295468993467236 7387 -0.18743115514147785 0.9822777418237326 0.0
1904  283 2341 96.916307 21.157709 0.002118623335141797 0.08281847659903632 7521 -0.18708039423575495 0.9823446065880316 0.0
1905  283 2361 96.915101 21.338396 -0.0037373771436747774 0.1618979495590913 7631 -0.1867260508117911 0.9824120224978073 0.0
1906  283 2381 96.913687 21.518882 -0.054737885014181205 0.28739543802351925 7742 -0.18637040892372517 0.9824795522949082 0.0
1907  284 2401 96.912194 21.699521 0.016028666132059832 0.3244954438568304 7888 -0.18601141796121942 0.9825475827602735 0.0
1908  284 2421 96.911091 21.880212 0.04460630393644139 0.29584698898353157 7994 -0.18564693620812375 0.9826165147587012 0.0
1909  284 2441 96.909588 22.060717 -0.01896042170454085 0.21188373131166344 8115 -0.18528199948639743 0.9826853925170165 0.0
1910  284 2461 96.908069 22.241272 -0.007556902818624632 0.19521108408570154 8253 -0.1849140852571704 0.9827546901813818 0.0
1911  284 2481 96.906938 22.421897 -0.036650655062882766 0.19931161610154807 8371 -0.1845406360407414 0.9828248845291202 0.0
1912  284 2501 96.905331 22.602469 -0.058404881632021004 0.263408917858035 8503 -0.18416691571906008 0.9828949827700457 0.0
1913  280 2525 96.856399 22.827204 0.13821613719493017 0.4092730885466 2210 -0.18400091043221686 0.9829260729882565 0.0
1914  289 2525 96.952378 22.828422 -0.1571169030298916 0.27645144282684353 2121 -0.18337821286369435 0.9830424360356564 0.0
1915  280 2515 96.857947 22.736760 0.03609126647743386 0.2821875335584147 2195 -0.18418477106904962 0.9828916370110399 0.0
1916  289 2516 96.952931 22.738554 0.2901739304323631 0.3588216808181883 2096 -0.18356967443936612 0.9830067012112507 0.0
1917  277 2543 96.829228 22.980912 0.6857847117833675 0.2124411332648756 441 -0.18384735243285039 0.9829548061856309 0.0
1918  282 2543 96.878311 22.981174 -0.47823515530224603 0.3152273484940102 446 -0.18352725462553043 0.9830146218696931 0.0
1919  289 2542 96.950780 22.981605 -0.10931158946635568 0.3119880356165809 856 -0.18305538082709427 0.9831026027583527 0.0
1920  277 2538 96.830361 22.939713 0.4201136298692055 0.3234413558066253 556 -0.18392856758771342 0.9829396126035068 0.0
1921  282 2538 96.879081 22.940534 -0.2566126307267099 0.47276900498934304 562 -0.18361021630809454 0.9829991294336403 0.0
1922  277 2533 96.830871 22.894740 0.5357802973052079 0.2511719746507042 558 -0.18402140520385762 0.9829222362052847 0.0
1923  282 2533 96.879526 22.895306 0.016933722873077248 0.3165153251901613 528 -0.18370451384904024 0.9829815113172209 0.0
1924  289 2535 96.951713 22.918560 -0.13798767463244072 0.3819633355675639 2172 -0.18318608020961052 0.9830782573210731 0.0
