Lon Lat Los(m) wt E N U
-118.145417 35.343194 -0.005198 1.000000 -0.589906 -0.108213 0.800188
-118.127639 35.343194 -0.017704 1.000000 -0.591233 -0.108347 0.799190
-118.109861 35.734306 0.037394 1.000000 -0.599150 -0.109054 0.793175
-118.109861 35.716528 0.021885 1.000000 -0.598896 -0.109036 0.793369
-118.092083 35.734306 0.045218 1.000000 -0.600551 -0.109196 0.792095
-118.092083 35.716528 0.025550 1.000000 -0.600300 -0.109179 0.792288
-117.967639 35.805417 0.061306 1.000000 -0.611335 -0.110235 0.783657
-117.967639 35.787639 0.052349 1.000000 -0.610903 -0.110188 0.784000
-117.949861 35.805417 0.064859 1.000000 -0.612661 -0.110360 0.782603
-117.949861 35.787639 0.070161 1.000000 -0.612201 -0.110307 0.782970
-117.932083 35.947639 0.032678 1.000000 -0.615986 -0.110602 0.779954
-117.932083 35.929861 0.043325 1.000000 -0.615888 -0.110614 0.780030
-117.932083 35.805417 0.069215 1.000000 -0.613939 -0.110475 0.781584
-117.932083 35.787639 0.087244 1.000000 -0.613528 -0.110432 0.781913
-117.932083 35.769861 0.080200 1.000000 -0.613163 -0.110396 0.782204
-117.932083 35.752083 0.054679 1.000000 -0.612972 -0.110392 0.782355
-117.932083 35.734306 0.042206 1.000000 -0.612563 -0.110349 0.782681
-117.932083 35.716528 0.046761 1.000000 -0.612428 -0.110354 0.782786
-117.932083 35.343194 -0.029030 1.000000 -0.605925 -0.109804 0.787908
-117.914306 35.947639 0.048209 1.000000 -0.617211 -0.110706 0.778971
-117.914306 35.929861 0.054332 1.000000 -0.616964 -0.110692 0.779168
-117.914306 35.805417 0.070599 1.000000 -0.615057 -0.110562 0.780693
-117.914306 35.787639 0.083599 1.000000 -0.614828 -0.110551 0.780874
-117.914306 35.769861 0.082825 1.000000 -0.614460 -0.110515 0.781169
-117.914306 35.752083 0.077720 1.000000 -0.614185 -0.110496 0.781388
-117.914306 35.734306 0.067513 1.000000 -0.613853 -0.110466 0.781653
-117.914306 35.716528 0.052851 1.000000 -0.613641 -0.110458 0.781821
-117.914306 35.343194 -0.038123 1.000000 -0.607245 -0.109930 0.786873
-117.896528 35.983194 0.034600 1.000000 -0.619069 -0.110862 0.777472
-117.896528 35.965417 0.046810 1.000000 -0.618781 -0.110841 0.777704
-117.896528 35.947639 0.056305 1.000000 -0.618506 -0.110822 0.777926
-117.896528 35.929861 0.064142 1.000000 -0.618253 -0.110807 0.778129
-117.896528 35.912083 0.078905 1.000000 -0.617947 -0.110783 0.778376
-117.896528 35.894306 0.082061 1.000000 -0.617637 -0.110758 0.778625
-117.896528 35.876528 0.081234 1.000000 -0.617351 -0.110737 0.778855
-117.896528 35.858750 0.078105 1.000000 -0.617079 -0.110719 0.779073
-117.896528 35.840972 0.076896 1.000000 -0.616745 -0.110690 0.779341
-117.896528 35.823194 0.074786 1.000000 -0.616480 -0.110673 0.779554
-117.896528 35.805417 0.065136 1.000000 -0.616221 -0.110656 0.779761
-117.896528 35.787639 0.070951 1.000000 -0.615993 -0.110646 0.779942
-117.896528 35.769861 0.075571 1.000000 -0.615669 -0.110618 0.780202
-117.896528 35.752083 0.078506 1.000000 -0.615375 -0.110596 0.780437
-117.896528 35.698750 0.055474 1.000000 -0.614554 -0.110538 0.781092
-117.896528 35.680972 0.038721 1.000000 -0.614332 -0.110528 0.781268
-117.878750 35.983194 0.032365 1.000000 -0.620369 -0.110978 0.776419
-117.878750 35.965417 0.047086 1.000000 -0.620104 -0.110961 0.776633
-117.878750 35.947639 0.062591 1.000000 -0.619830 -0.110943 0.776854
-117.878750 35.929861 0.078614 1.000000 -0.619613 -0.110935 0.777029
-117.878750 35.912083 0.099342 1.000000 -0.619255 -0.110902 0.777318
-117.878750 35.894306 0.105814 1.000000 -0.618899 -0.110869 0.777607
-117.878750 35.876528 0.106868 1.000000 -0.618570 -0.110841 0.777873
-117.878750 35.858750 0.111251 1.000000 -0.618290 -0.110821 0.778098
-117.878750 35.840972 0.114701 1.000000 -0.617994 -0.110799 0.778336
-117.878750 35.823194 0.112835 1.000000 -0.617707 -0.110778 0.778567
-117.878750 35.805417 0.104382 1.000000 -0.617417 -0.110756 0.778800
-117.878750 35.787639 0.086118 1.000000 -0.617131 -0.110735 0.779029
-117.878750 35.769861 0.090496 1.000000 -0.616860 -0.110717 0.779247
-117.878750 35.752083 0.082636 1.000000 -0.616571 -0.110696 0.779478
-117.878750 35.698750 0.069341 1.000000 -0.615764 -0.110641 0.780124
-117.878750 35.680972 0.052370 1.000000 -0.615540 -0.110631 0.780302
-117.860972 35.983194 0.029492 1.000000 -0.621694 -0.111098 0.775341
-117.860972 35.965417 0.048791 1.000000 -0.621450 -0.111085 0.775538
-117.860972 35.947639 0.064306 1.000000 -0.621155 -0.111063 0.775778
-117.860972 35.929861 0.080539 1.000000 -0.620910 -0.111050 0.775976
-117.860972 35.912083 0.100492 1.000000 -0.620527 -0.111013 0.776288
-117.860972 35.894306 0.112062 1.000000 -0.620170 -0.110981 0.776577
-117.860972 35.876528 0.135543 1.000000 -0.619863 -0.110956 0.776826
-117.860972 35.858750 0.149379 1.000000 -0.619575 -0.110935 0.777059
-117.860972 35.840972 0.165199 1.000000 -0.619277 -0.110913 0.777300
-117.860972 35.823194 0.157416 1.000000 -0.618982 -0.110891 0.777538
-117.860972 35.805417 0.151990 1.000000 -0.618694 -0.110870 0.777770
-117.860972 35.787639 0.132440 1.000000 -0.618412 -0.110850 0.777997
-117.860972 35.769861 0.124273 1.000000 -0.618134 -0.110830 0.778220
-117.860972 35.752083 0.107363 1.000000 -0.617850 -0.110810 0.778449
-117.860972 35.734306 0.094939 1.000000 -0.617575 -0.110791 0.778669
-117.860972 35.716528 0.072892 1.000000 -0.617290 -0.110770 0.778899
-117.860972 35.663194 0.042470 1.000000 -0.616484 -0.110717 0.779544
-117.860972 35.645417 0.029220 1.000000 -0.616202 -0.110696 0.779770
-117.843194 35.983194 0.027723 1.000000 -0.623042 -0.111222 0.774240
-117.843194 35.965417 0.044990 1.000000 -0.622800 -0.111210 0.774437
-117.843194 35.947639 0.062063 1.000000 -0.622497 -0.111187 0.774684
-117.843194 35.929861 0.086258 1.000000 -0.622180 -0.111161 0.774942
-117.843194 35.912083 0.108981 1.000000 -0.621804 -0.111125 0.775249
-117.843194 35.894306 0.131905 1.000000 -0.621448 -0.111093 0.775539
-117.843194 35.876528 0.167458 1.000000 -0.621148 -0.111070 0.775783
-117.843194 35.858750 0.186976 1.000000 -0.620867 -0.111051 0.776010
-117.843194 35.840972 0.190719 1.000000 -0.620565 -0.111028 0.776255
-117.843194 35.823194 0.197674 1.000000 -0.620260 -0.111004 0.776502
-117.843194 35.805417 0.190678 1.000000 -0.619974 -0.110983 0.776734
-117.843194 35.787639 0.182744 1.000000 -0.619691 -0.110963 0.776962
-117.843194 35.769861 0.150531 1.000000 -0.619410 -0.110944 0.777189
-117.843194 35.752083 0.140601 1.000000 -0.619127 -0.110923 0.777418
-117.843194 35.734306 0.118269 1.000000 -0.618850 -0.110904 0.777641
-117.843194 35.716528 0.095484 1.000000 -0.618565 -0.110884 0.777870
-117.843194 35.663194 0.047397 1.000000 -0.617751 -0.110829 0.778525
-117.843194 35.645417 0.039416 1.000000 -0.617473 -0.110810 0.778748
-117.825417 35.983194 0.021489 1.000000 -0.624403 -0.111348 0.773126
-117.825417 35.965417 0.041349 1.000000 -0.624146 -0.111333 0.773335
-117.825417 35.947639 0.059540 1.000000 -0.623847 -0.111311 0.773579
-117.825417 35.929861 0.080968 1.000000 -0.623433 -0.111269 0.773919
-117.825417 35.912083 0.110547 1.000000 -0.623083 -0.111237 0.774205
-117.825417 35.894306 0.143472 1.000000 -0.622729 -0.111205 0.774495
-117.825417 35.876528 0.183734 1.000000 -0.622426 -0.111182 0.774742
-117.825417 35.858750 0.211636 1.000000 -0.622162 -0.111166 0.774956
-117.825417 35.840972 0.220406 1.000000 -0.621856 -0.111142 0.775205
-117.825417 35.823194 0.229044 1.000000 -0.621541 -0.111117 0.775461
-117.825417 35.805417 0.230148 1.000000 -0.621255 -0.111097 0.775693
-117.825417 35.787639 0.232527 1.000000 -0.620969 -0.111076 0.775925
-117.825417 35.769861 0.190969 1.000000 -0.620686 -0.111056 0.776154
-117.825417 35.752083 0.167474 1.000000 -0.620401 -0.111036 0.776385
-117.825417 35.734306 0.138686 1.000000 -0.620123 -0.111017 0.776610
-117.825417 35.716528 0.125545 1.000000 -0.619847 -0.110998 0.776833
-117.825417 35.698750 0.090899 1.000000 -0.619574 -0.110980 0.777053
-117.825417 35.680972 0.077133 1.000000 -0.619306 -0.110963 0.777269
-117.825417 35.663194 0.060961 1.000000 -0.619033 -0.110944 0.777489
-117.825417 35.645417 0.051089 1.000000 -0.618756 -0.110925 0.777712
-117.807639 35.983194 0.019491 1.000000 -0.625628 -0.111449 0.772120
-117.807639 35.965417 0.044523 1.000000 -0.625350 -0.111431 0.772347
-117.807639 35.947639 0.061454 1.000000 -0.625064 -0.111411 0.772582
-117.807639 35.929861 0.087791 1.000000 -0.624688 -0.111375 0.772891
-117.807639 35.912083 0.125565 1.000000 -0.624337 -0.111344 0.773179
-117.807639 35.894306 0.175285 1.000000 -0.624009 -0.111317 0.773448
-117.807639 35.876528 0.212709 1.000000 -0.623701 -0.111293 0.773700
-117.807639 35.858750 0.242111 1.000000 -0.623420 -0.111274 0.773929
-117.807639 35.840972 0.266567 1.000000 -0.623116 -0.111251 0.774177
-117.807639 35.823194 0.279645 1.000000 -0.622815 -0.111228 0.774422
-117.807639 35.805417 0.269750 1.000000 -0.622528 -0.111208 0.774656
-117.807639 35.787639 0.255824 1.000000 -0.622246 -0.111189 0.774885
-117.807639 35.769861 0.223555 1.000000 -0.621965 -0.111169 0.775114
-117.807639 35.752083 0.201543 1.000000 -0.621682 -0.111150 0.775343
-117.807639 35.734306 0.169811 1.000000 -0.621404 -0.111131 0.775568
-117.807639 35.716528 0.144775 1.000000 -0.621130 -0.111112 0.775791
-117.807639 35.698750 0.105373 1.000000 -0.620859 -0.111095 0.776010
-117.807639 35.680972 0.088315 1.000000 -0.620590 -0.111077 0.776228
-117.807639 35.663194 0.078701 1.000000 -0.620319 -0.111059 0.776447
-117.807639 35.645417 0.064583 1.000000 -0.620047 -0.111041 0.776667
-117.789861 35.983194 0.023725 1.000000 -0.626809 -0.111542 0.771148
-117.789861 35.965417 0.039617 1.000000 -0.626514 -0.111521 0.771391
-117.789861 35.947639 0.063024 1.000000 -0.626227 -0.111502 0.771626
-117.789861 35.929861 0.091582 1.000000 -0.625882 -0.111472 0.771910
-117.789861 35.912083 0.132166 1.000000 -0.625552 -0.111444 0.772182
-117.789861 35.894306 0.206803 1.000000 -0.625273 -0.111426 0.772410
-117.789861 35.876528 0.255831 1.000000 -0.624969 -0.111403 0.772659
-117.789861 35.858750 0.306667 1.000000 -0.624676 -0.111382 0.772900
-117.789861 35.840972 0.326047 1.000000 -0.624379 -0.111360 0.773143
-117.789861 35.823194 0.328940 1.000000 -0.624083 -0.111338 0.773385
-117.789861 35.805417 0.319069 1.000000 -0.623798 -0.111318 0.773618
-117.789861 35.787639 0.291353 1.000000 -0.623519 -0.111300 0.773845
-117.789861 35.769861 0.260969 1.000000 -0.623240 -0.111281 0.774072
-117.789861 35.752083 0.231325 1.000000 -0.622960 -0.111262 0.774300
-117.789861 35.734306 0.191330 1.000000 -0.622683 -0.111243 0.774526
-117.789861 35.716528 0.162378 1.000000 -0.622410 -0.111225 0.774748
-117.789861 35.698750 0.124732 1.000000 -0.622141 -0.111208 0.774967
-117.789861 35.680972 0.105445 1.000000 -0.621872 -0.111191 0.775185
-117.789861 35.663194 0.090352 1.000000 -0.621603 -0.111173 0.775404
-117.789861 35.645417 0.075478 1.000000 -0.621333 -0.111156 0.775622
-117.789861 35.627639 0.062247 1.000000 -0.621063 -0.111138 0.775841
-117.789861 35.609861 0.047814 1.000000 -0.620791 -0.111120 0.776061
-117.789861 35.592083 0.038148 1.000000 -0.620524 -0.111103 0.776277
-117.789861 35.574306 0.024549 1.000000 -0.620261 -0.111086 0.776489
-117.772083 35.983194 0.029481 1.000000 -0.627941 -0.111627 0.770214
-117.772083 35.965417 0.036723 1.000000 -0.627632 -0.111603 0.770470
-117.772083 35.947639 0.056655 1.000000 -0.627331 -0.111581 0.770718
-117.772083 35.929861 0.082575 1.000000 -0.627010 -0.111556 0.770983
-117.772083 35.912083 0.136726 1.000000 -0.626723 -0.111536 0.771219
-117.772083 35.894306 0.224529 1.000000 -0.626521 -0.111531 0.771383
-117.772083 35.876528 0.323736 1.000000 -0.626231 -0.111511 0.771622
-117.772083 35.858750 0.390139 1.000000 -0.625929 -0.111488 0.771870
-117.772083 35.840972 0.408886 1.000000 -0.625646 -0.111469 0.772102
-117.772083 35.823194 0.396957 1.000000 -0.625344 -0.111447 0.772350
-117.772083 35.805417 0.373442 1.000000 -0.625063 -0.111428 0.772580
-117.772083 35.787639 0.344010 1.000000 -0.624786 -0.111409 0.772807
-117.772083 35.769861 0.302655 1.000000 -0.624513 -0.111392 0.773030
-117.772083 35.752083 0.250320 1.000000 -0.624235 -0.111373 0.773257
-117.772083 35.734306 0.217114 1.000000 -0.623960 -0.111355 0.773482
-117.772083 35.716528 0.176827 1.000000 -0.623688 -0.111338 0.773704
-117.772083 35.698750 0.142282 1.000000 -0.623419 -0.111321 0.773922
-117.772083 35.680972 0.119703 1.000000 -0.623152 -0.111304 0.774140
-117.772083 35.663194 0.103618 1.000000 -0.622883 -0.111287 0.774359
-117.772083 35.645417 0.087826 1.000000 -0.622614 -0.111269 0.774578
-117.772083 35.627639 0.070679 1.000000 -0.622344 -0.111252 0.774798
-117.772083 35.609861 0.053445 1.000000 -0.622075 -0.111234 0.775016
-117.772083 35.592083 0.043033 1.000000 -0.621808 -0.111217 0.775232
-117.772083 35.574306 0.026833 1.000000 -0.621543 -0.111201 0.775447
-117.754306 35.947639 0.043223 1.000000 -0.628552 -0.111681 0.769708
-117.754306 35.929861 0.059502 1.000000 -0.628251 -0.111659 0.769957
-117.754306 35.912083 0.101361 1.000000 -0.627972 -0.111641 0.770187
-117.754306 35.894306 0.229325 1.000000 -0.627751 -0.111633 0.770368
-117.754306 35.876528 0.403046 1.000000 -0.627501 -0.111620 0.770573
-117.754306 35.858750 0.481507 1.000000 -0.627203 -0.111598 0.770820
-117.754306 35.840972 0.503606 1.000000 -0.626910 -0.111577 0.771060
-117.754306 35.823194 0.470146 1.000000 -0.626606 -0.111555 0.771311
-117.754306 35.805417 0.436021 1.000000 -0.626327 -0.111536 0.771540
-117.754306 35.787639 0.385953 1.000000 -0.626052 -0.111519 0.771766
-117.754306 35.769861 0.329359 1.000000 -0.625780 -0.111501 0.771989
-117.754306 35.752083 0.277541 1.000000 -0.625504 -0.111483 0.772215
-117.754306 35.734306 0.236013 1.000000 -0.625230 -0.111465 0.772440
-117.754306 35.716528 0.199733 1.000000 -0.624959 -0.111448 0.772661
-117.754306 35.698750 0.160000 1.000000 -0.624691 -0.111431 0.772880
-117.754306 35.680972 0.134759 1.000000 -0.624425 -0.111415 0.773098
-117.754306 35.663194 0.121352 1.000000 -0.624157 -0.111398 0.773316
-117.754306 35.645417 0.099669 1.000000 -0.623888 -0.111381 0.773536
-117.754306 35.627639 0.080995 1.000000 -0.623619 -0.111364 0.773755
-117.754306 35.609861 0.059225 1.000000 -0.623352 -0.111347 0.773973
-117.754306 35.592083 0.043815 1.000000 -0.623088 -0.111331 0.774188
-117.754306 35.574306 0.026560 1.000000 -0.622824 -0.111314 0.774402
-117.736528 35.947639 0.016870 1.000000 -0.629792 -0.111784 0.768679
-117.736528 35.929861 0.010405 1.000000 -0.629505 -0.111764 0.768916
-117.736528 35.912083 0.047714 1.000000 -0.629228 -0.111747 0.769146
-117.736528 35.894306 0.199323 1.000000 -0.628981 -0.111734 0.769349
-117.736528 35.876528 0.480116 1.000000 -0.628754 -0.111725 0.769536
-117.736528 35.858750 0.598877 1.000000 -0.628468 -0.111706 0.769772
-117.736528 35.840972 0.594467 1.000000 -0.628168 -0.111684 0.770021
-117.736528 35.823194 0.543194 1.000000 -0.627865 -0.111662 0.770271
-117.736528 35.805417 0.483343 1.000000 -0.627588 -0.111644 0.770499
-117.736528 35.787639 0.422157 1.000000 -0.627316 -0.111627 0.770723
-117.736528 35.769861 0.361391 1.000000 -0.627043 -0.111609 0.770948
-117.736528 35.752083 0.300275 1.000000 -0.626770 -0.111592 0.771172
-117.736528 35.734306 0.256437 1.000000 -0.626497 -0.111574 0.771397
-117.736528 35.716528 0.216027 1.000000 -0.626227 -0.111558 0.771619
-117.736528 35.698750 0.174714 1.000000 -0.625960 -0.111541 0.771838
-117.736528 35.680972 0.151871 1.000000 -0.625694 -0.111525 0.772055
-117.736528 35.663194 0.130836 1.000000 -0.625427 -0.111508 0.772274
-117.736528 35.645417 0.110066 1.000000 -0.625158 -0.111491 0.772494
-117.736528 35.627639 0.089169 1.000000 -0.624891 -0.111475 0.772713
-117.736528 35.609861 0.067431 1.000000 -0.624625 -0.111458 0.772930
-117.736528 35.592083 0.046845 1.000000 -0.624364 -0.111443 0.773143
-117.736528 35.574306 0.030233 1.000000 -0.624105 -0.111427 0.773354
-117.718750 35.947639 -0.010711 1.000000 -0.631046 -0.111888 0.767634
-117.718750 35.929861 -0.034065 1.000000 -0.630763 -0.111870 0.767869
-117.718750 35.912083 -0.056007 1.000000 -0.630482 -0.111851 0.768102
-117.718750 35.876528 0.510286 1.000000 -0.629974 -0.111824 0.768524
-117.718750 35.858750 0.697671 1.000000 -0.629717 -0.111810 0.768736
-117.718750 35.840972 0.679330 1.000000 -0.629414 -0.111788 0.768987
-117.718750 35.823194 0.600801 1.000000 -0.629119 -0.111767 0.769231
-117.718750 35.805417 0.530243 1.000000 -0.628846 -0.111750 0.769457
-117.718750 35.787639 0.466017 1.000000 -0.628575 -0.111734 0.769681
-117.718750 35.769861 0.389649 1.000000 -0.628303 -0.111717 0.769906
-117.718750 35.752083 0.325497 1.000000 -0.628031 -0.111700 0.770130
-117.718750 35.734306 0.276685 1.000000 -0.627759 -0.111682 0.770354
-117.718750 35.716528 0.231769 1.000000 -0.627487 -0.111665 0.770578
-117.718750 35.698750 0.190621 1.000000 -0.627223 -0.111650 0.770796
-117.718750 35.680972 0.164582 1.000000 -0.626959 -0.111634 0.771013
-117.718750 35.663194 0.140591 1.000000 -0.626692 -0.111617 0.771232
-117.718750 35.645417 0.118951 1.000000 -0.626424 -0.111601 0.771452
-117.718750 35.627639 0.095703 1.000000 -0.626158 -0.111585 0.771671
-117.718750 35.609861 0.074766 1.000000 -0.625895 -0.111569 0.771886
-117.718750 35.592083 0.054125 1.000000 -0.625636 -0.111554 0.772098
-117.718750 35.574306 0.037408 1.000000 -0.625387 -0.111540 0.772302
-117.718750 35.556528 0.016821 1.000000 -0.625134 -0.111526 0.772509
-117.718750 35.538750 0.004882 1.000000 -0.624879 -0.111512 0.772717
-117.718750 35.520972 -0.008277 1.000000 -0.624633 -0.111498 0.772917
-117.718750 35.503194 -0.015459 1.000000 -0.624395 -0.111487 0.773112
-117.700972 35.947639 -0.014323 1.000000 -0.632308 -0.111994 0.766579
-117.700972 35.929861 -0.044167 1.000000 -0.632030 -0.111976 0.766811
-117.700972 35.912083 -0.092792 1.000000 -0.631747 -0.111958 0.767047
-117.700972 35.894306 -0.184425 1.000000 -0.631465 -0.111940 0.767282
-117.700972 35.876528 0.142418 1.000000 -0.631213 -0.111926 0.767491
-117.700972 35.858750 0.773047 1.000000 -0.630963 -0.111914 0.767698
-117.700972 35.840972 0.730898 1.000000 -0.630660 -0.111892 0.767951
-117.700972 35.823194 0.634387 1.000000 -0.630371 -0.111872 0.768191
-117.700972 35.805417 0.559509 1.000000 -0.630099 -0.111856 0.768416
-117.700972 35.787639 0.491726 1.000000 -0.629829 -0.111839 0.768640
-117.700972 35.769861 0.410571 1.000000 -0.629559 -0.111823 0.768864
-117.700972 35.752083 0.342969 1.000000 -0.629288 -0.111806 0.769087
-117.700972 35.734306 0.293221 1.000000 -0.629018 -0.111789 0.769311
-117.700972 35.716528 0.245555 1.000000 -0.628746 -0.111772 0.769535
-117.700972 35.698750 0.201954 1.000000 -0.628481 -0.111757 0.769755
-117.700972 35.680972 0.169287 1.000000 -0.628217 -0.111741 0.769972
-117.700972 35.663194 0.147865 1.000000 -0.627951 -0.111725 0.770191
-117.700972 35.645417 0.131724 1.000000 -0.627684 -0.111709 0.770411
-117.700972 35.627639 0.108155 1.000000 -0.627418 -0.111693 0.770630
-117.700972 35.609861 0.086488 1.000000 -0.627153 -0.111677 0.770848
-117.700972 35.592083 0.059139 1.000000 -0.626892 -0.111661 0.771063
-117.700972 35.574306 0.034953 1.000000 -0.626652 -0.111650 0.771260
-117.700972 35.556528 0.020935 1.000000 -0.626426 -0.111640 0.771445
-117.700972 35.538750 0.000587 1.000000 -0.626167 -0.111625 0.771657
-117.700972 35.520972 -0.010735 1.000000 -0.625923 -0.111613 0.771857
-117.700972 35.503194 -0.025553 1.000000 -0.625680 -0.111600 0.772055
-117.683194 35.947639 -0.001413 1.000000 -0.633574 -0.112099 0.765518
-117.683194 35.929861 -0.034550 1.000000 -0.633299 -0.112083 0.765748
-117.683194 35.912083 -0.102868 1.000000 -0.633016 -0.112065 0.765985
-117.683194 35.894306 -0.190684 1.000000 -0.632722 -0.112044 0.766231
-117.683194 35.876528 -0.260853 1.000000 -0.632459 -0.112030 0.766450
-117.683194 35.858750 0.212464 1.000000 -0.632204 -0.112016 0.766662
-117.683194 35.840972 0.726906 1.000000 -0.631904 -0.111995 0.766912
-117.683194 35.823194 0.628263 1.000000 -0.631620 -0.111976 0.767149
-117.683194 35.805417 0.564678 1.000000 -0.631349 -0.111960 0.767375
-117.683194 35.787639 0.510890 1.000000 -0.631080 -0.111944 0.767598
-117.683194 35.769861 0.446167 1.000000 -0.630812 -0.111928 0.767821
-117.683194 35.752083 0.362725 1.000000 -0.630542 -0.111912 0.768044
-117.683194 35.734306 0.312179 1.000000 -0.630273 -0.111895 0.768268
-117.683194 35.716528 0.261867 1.000000 -0.630003 -0.111879 0.768492
-117.683194 35.698750 0.211795 1.000000 -0.629736 -0.111863 0.768713
-117.683194 35.680972 0.176797 1.000000 -0.629472 -0.111847 0.768931
-117.683194 35.663194 0.156820 1.000000 -0.629208 -0.111832 0.769150
-117.683194 35.645417 0.146445 1.000000 -0.628941 -0.111816 0.769370
-117.683194 35.627639 0.122337 1.000000 -0.628675 -0.111800 0.769590
-117.683194 35.609861 0.093556 1.000000 -0.628407 -0.111783 0.769811
-117.683194 35.592083 0.067089 1.000000 -0.628145 -0.111768 0.770027
-117.683194 35.574306 0.036593 1.000000 -0.627919 -0.111759 0.770213
-117.683194 35.556528 0.017152 1.000000 -0.627710 -0.111753 0.770384
-117.683194 35.538750 -0.004122 1.000000 -0.627452 -0.111738 0.770596
-117.683194 35.520972 -0.019033 1.000000 -0.627202 -0.111725 0.770801
-117.683194 35.503194 -0.038255 1.000000 -0.626951 -0.111711 0.771008
-117.665417 35.947639 0.010368 1.000000 -0.634842 -0.112205 0.764451
-117.665417 35.929861 -0.015977 1.000000 -0.634571 -0.112189 0.764679
-117.665417 35.912083 -0.062312 1.000000 -0.634288 -0.112171 0.764916
-117.665417 35.894306 -0.156304 1.000000 -0.633989 -0.112150 0.765167
-117.665417 35.876528 -0.231603 1.000000 -0.633708 -0.112133 0.765402
-117.665417 35.858750 -0.321820 1.000000 -0.633431 -0.112115 0.765634
-117.665417 35.840972 0.453951 1.000000 -0.633145 -0.112097 0.765873
-117.665417 35.823194 0.530864 1.000000 -0.632867 -0.112079 0.766106
-117.665417 35.805417 0.525471 1.000000 -0.632595 -0.112063 0.766333
-117.665417 35.787639 0.517174 1.000000 -0.632327 -0.112047 0.766556
-117.665417 35.769861 0.520540 1.000000 -0.632059 -0.112032 0.766779
-117.665417 35.752083 0.379559 1.000000 -0.631791 -0.112016 0.767002
-117.665417 35.734306 0.349896 1.000000 -0.631523 -0.112000 0.767226
-117.665417 35.716528 0.275631 1.000000 -0.631254 -0.111984 0.767449
-117.665417 35.698750 0.229039 1.000000 -0.630987 -0.111968 0.767671
-117.665417 35.680972 0.191445 1.000000 -0.630724 -0.111953 0.767890
-117.665417 35.663194 0.169583 1.000000 -0.630460 -0.111937 0.768108
-117.665417 35.645417 0.160320 1.000000 -0.630195 -0.111922 0.768328
-117.665417 35.627639 0.142169 1.000000 -0.629928 -0.111906 0.768549
-117.665417 35.609861 0.119023 1.000000 -0.629660 -0.111890 0.768771
-117.665417 35.592083 0.080800 1.000000 -0.629404 -0.111875 0.768983
-117.665417 35.574306 0.040390 1.000000 -0.629210 -0.111872 0.769142
-117.665417 35.556528 0.002716 1.000000 -0.628969 -0.111860 0.769341
-117.665417 35.538750 -0.017649 1.000000 -0.628740 -0.111851 0.769529
-117.665417 35.520972 -0.030357 1.000000 -0.628462 -0.111833 0.769759
-117.665417 35.503194 -0.042251 1.000000 -0.628201 -0.111817 0.769974
-117.647639 35.947639 0.017381 1.000000 -0.636102 -0.112309 0.763387
-117.647639 35.929861 -0.008068 1.000000 -0.635828 -0.112292 0.763618
-117.647639 35.912083 -0.045938 1.000000 -0.635546 -0.112275 0.763856
-117.647639 35.894306 -0.113959 1.000000 -0.635249 -0.112255 0.764106
-117.647639 35.876528 -0.195379 1.000000 -0.634958 -0.112235 0.764350
-117.647639 35.858750 -0.301416 1.000000 -0.634671 -0.112217 0.764591
-117.647639 35.840972 -0.389720 1.000000 -0.634389 -0.112199 0.764828
-117.647639 35.823194 0.133746 1.000000 -0.634110 -0.112181 0.765062
-117.647639 35.805417 0.465070 1.000000 -0.633837 -0.112165 0.765291
-117.647639 35.787639 0.556864 1.000000 -0.633570 -0.112150 0.765514
-117.647639 35.769861 0.543683 1.000000 -0.633303 -0.112134 0.765737
-117.647639 35.752083 0.377684 1.000000 -0.633036 -0.112119 0.765960
-117.647639 35.734306 0.360815 1.000000 -0.632768 -0.112103 0.766183
-117.647639 35.716528 0.305275 1.000000 -0.632501 -0.112087 0.766407
-117.647639 35.698750 0.261841 1.000000 -0.632235 -0.112072 0.766628
-117.647639 35.680972 0.216751 1.000000 -0.631972 -0.112057 0.766848
-117.647639 35.663194 0.180795 1.000000 -0.631709 -0.112042 0.767066
-117.647639 35.645417 0.187627 1.000000 -0.631445 -0.112027 0.767285
-117.647639 35.627639 0.174305 1.000000 -0.631179 -0.112011 0.767507
-117.647639 35.609861 0.152589 1.000000 -0.630916 -0.111996 0.767725
-117.647639 35.592083 0.092330 1.000000 -0.630667 -0.111983 0.767931
-117.647639 35.574306 0.027172 1.000000 -0.630465 -0.111978 0.768098
-117.647639 35.556528 -0.011354 1.000000 -0.630235 -0.111969 0.768288
-117.647639 35.538750 -0.033979 1.000000 -0.630020 -0.111962 0.768465
-117.629861 35.947639 0.022904 1.000000 -0.637361 -0.112412 0.762322
-117.629861 35.929861 0.003011 1.000000 -0.637079 -0.112394 0.762560
-117.629861 35.912083 -0.034180 1.000000 -0.636795 -0.112377 0.762800
-117.629861 35.894306 -0.092670 1.000000 -0.636505 -0.112358 0.763045
-117.629861 35.876528 -0.156368 1.000000 -0.636208 -0.112338 0.763295
-117.629861 35.858750 -0.244388 1.000000 -0.635918 -0.112318 0.763540
-117.629861 35.840972 -0.333317 1.000000 -0.635634 -0.112301 0.763779
-117.629861 35.823194 -0.354289 1.000000 -0.635351 -0.112283 0.764017
-117.629861 35.805417 0.386771 1.000000 -0.635077 -0.112266 0.764247
-117.629861 35.787639 0.549807 1.000000 -0.634810 -0.112251 0.764471
-117.629861 35.769861 0.374435 1.000000 -0.634544 -0.112236 0.764694
-117.629861 35.752083 0.402032 1.000000 -0.634277 -0.112221 0.764917
-117.629861 35.734306 0.373499 1.000000 -0.634011 -0.112205 0.765141
-117.629861 35.716528 0.302811 1.000000 -0.633745 -0.112190 0.765363
-117.629861 35.698750 0.231857 1.000000 -0.633479 -0.112175 0.765585
-117.629861 35.680972 0.196982 1.000000 -0.633219 -0.112160 0.765803
-117.629861 35.663194 0.200811 1.000000 -0.632961 -0.112146 0.766018
-117.629861 35.645417 0.223031 1.000000 -0.632694 -0.112131 0.766241
-117.629861 35.627639 0.222192 1.000000 -0.632429 -0.112115 0.766462
-117.629861 35.609861 0.189860 1.000000 -0.632174 -0.112102 0.766674
-117.629861 35.592083 0.083215 1.000000 -0.631933 -0.112091 0.766874
-117.629861 35.574306 0.004007 1.000000 -0.631704 -0.112081 0.767065
-117.629861 35.556528 -0.029278 1.000000 -0.631504 -0.112077 0.767230
-117.629861 35.538750 -0.047027 1.000000 -0.631292 -0.112071 0.767405
-117.612083 35.947639 0.026914 1.000000 -0.638651 -0.112520 0.761225
-117.612083 35.929861 0.011470 1.000000 -0.638339 -0.112498 0.761490
-117.612083 35.912083 -0.018919 1.000000 -0.638050 -0.112479 0.761736
-117.612083 35.894306 -0.064500 1.000000 -0.637759 -0.112460 0.761982
-117.612083 35.876528 -0.114770 1.000000 -0.637463 -0.112440 0.762233
-117.612083 35.858750 -0.182676 1.000000 -0.637171 -0.112421 0.762480
-117.612083 35.840972 -0.260551 1.000000 -0.636884 -0.112402 0.762722
-117.612083 35.823194 -0.332146 1.000000 -0.636601 -0.112385 0.762960
-117.612083 35.805417 0.378163 1.000000 -0.636324 -0.112368 0.763194
-117.612083 35.787639 0.336373 1.000000 -0.636051 -0.112352 0.763424
-117.612083 35.769861 0.309829 1.000000 -0.635782 -0.112337 0.763650
-117.612083 35.752083 0.383703 1.000000 -0.635515 -0.112321 0.763875
-117.612083 35.734306 0.380928 1.000000 -0.635249 -0.112306 0.764098
-117.612083 35.716528 0.315747 1.000000 -0.634984 -0.112291 0.764320
-117.612083 35.698750 0.249212 1.000000 -0.634722 -0.112277 0.764540
-117.612083 35.680972 0.196650 1.000000 -0.634482 -0.112266 0.764741
-117.612083 35.663194 0.214119 1.000000 -0.634260 -0.112259 0.764926
-117.612083 35.645417 0.250456 1.000000 -0.633957 -0.112237 0.765181
-117.612083 35.627639 0.278122 1.000000 -0.633691 -0.112222 0.765403
-117.612083 35.609861 0.239317 1.000000 -0.633440 -0.112209 0.765613
-117.612083 35.592083 0.055749 1.000000 -0.633207 -0.112199 0.765807
-117.612083 35.574306 -0.039154 1.000000 -0.632980 -0.112190 0.765996
-117.594306 35.947639 0.035019 1.000000 -0.639952 -0.112630 0.760116
-117.594306 35.929861 0.023991 1.000000 -0.639667 -0.112612 0.760358
-117.594306 35.912083 -0.003967 1.000000 -0.639364 -0.112591 0.760616
-117.594306 35.894306 -0.041598 1.000000 -0.639050 -0.112568 0.760883
-117.594306 35.876528 -0.083681 1.000000 -0.638754 -0.112549 0.761135
-117.594306 35.858750 -0.134456 1.000000 -0.638473 -0.112531 0.761373
-117.594306 35.840972 -0.196147 1.000000 -0.638177 -0.112512 0.761624
-117.594306 35.823194 -0.268316 1.000000 -0.637869 -0.112490 0.761885
-117.594306 35.805417 -0.345894 1.000000 -0.637586 -0.112472 0.762125
-117.594306 35.787639 -0.067424 1.000000 -0.637294 -0.112453 0.762372
-117.594306 35.769861 -0.145460 1.000000 -0.637020 -0.112437 0.762603
-117.594306 35.752083 0.365948 1.000000 -0.636751 -0.112421 0.762830
-117.594306 35.734306 0.430043 1.000000 -0.636485 -0.112407 0.763054
-117.594306 35.716528 0.351176 1.000000 -0.636226 -0.112393 0.763272
-117.594306 35.698750 0.229097 1.000000 -0.635964 -0.112379 0.763493
-117.594306 35.680972 0.192314 1.000000 -0.635722 -0.112368 0.763696
-117.594306 35.663194 0.213514 1.000000 -0.635502 -0.112361 0.763880
-117.594306 35.645417 0.283608 1.000000 -0.635203 -0.112340 0.764131
-117.594306 35.627639 0.342159 1.000000 -0.634941 -0.112325 0.764351
-117.594306 35.609861 0.305020 1.000000 -0.634702 -0.112315 0.764551
-117.594306 35.592083 -0.062151 1.000000 -0.634479 -0.112307 0.764738
-117.594306 35.574306 -0.066534 1.000000 -0.634249 -0.112298 0.764930
-117.576528 35.912083 0.006328 1.000000 -0.640730 -0.112712 0.759447
-117.576528 35.894306 -0.021258 1.000000 -0.640373 -0.112682 0.759753
-117.576528 35.876528 -0.059857 1.000000 -0.640076 -0.112662 0.760006
-117.576528 35.858750 -0.101941 1.000000 -0.639819 -0.112649 0.760225
-117.576528 35.840972 -0.149042 1.000000 -0.639508 -0.112627 0.760490
-117.576528 35.823194 -0.220686 1.000000 -0.639153 -0.112597 0.760793
-117.576528 35.805417 -0.260952 1.000000 -0.638860 -0.112578 0.761041
-117.576528 35.787639 -0.326578 1.000000 -0.638538 -0.112554 0.761315
-117.576528 35.769861 -0.390459 1.000000 -0.638257 -0.112537 0.761554
-117.576528 35.752083 -0.404475 1.000000 -0.637984 -0.112521 0.761784
-117.576528 35.734306 0.027826 1.000000 -0.637717 -0.112506 0.762010
-117.576528 35.716528 0.341879 1.000000 -0.637469 -0.112494 0.762220
-117.576528 35.698750 0.210039 1.000000 -0.637205 -0.112480 0.762442
-117.576528 35.680972 0.187916 1.000000 -0.636940 -0.112465 0.762666
-117.576528 35.663194 0.231646 1.000000 -0.636692 -0.112453 0.762874
-117.576528 35.645417 0.310184 1.000000 -0.636434 -0.112440 0.763092
-117.576528 35.627639 0.396305 1.000000 -0.636181 -0.112427 0.763304
-117.576528 35.609861 -0.110325 1.000000 -0.635961 -0.112420 0.763489
-117.576528 35.592083 -0.093418 1.000000 -0.635749 -0.112414 0.763666
-117.576528 35.574306 -0.062884 1.000000 -0.635511 -0.112404 0.763866
-117.558750 35.912083 0.008178 1.000000 -0.642065 -0.112827 0.758303
-117.558750 35.894306 -0.015329 1.000000 -0.641664 -0.112789 0.758647
-117.558750 35.876528 -0.047292 1.000000 -0.641366 -0.112769 0.758902
-117.558750 35.858750 -0.079307 1.000000 -0.641048 -0.112746 0.759174
-117.558750 35.840972 -0.119089 1.000000 -0.640754 -0.112727 0.759425
-117.558750 35.823194 -0.170791 1.000000 -0.640461 -0.112708 0.759675
-117.558750 35.805417 -0.222584 1.000000 -0.640120 -0.112681 0.759967
-117.558750 35.787639 -0.279538 1.000000 -0.639824 -0.112661 0.760219
-117.558750 35.769861 -0.366729 1.000000 -0.639511 -0.112639 0.760486
-117.558750 35.752083 -0.446561 1.000000 -0.639248 -0.112625 0.760709
-117.558750 35.734306 -0.486008 1.000000 -0.638964 -0.112607 0.760950
-117.558750 35.716528 -0.399578 1.000000 -0.638710 -0.112594 0.761165
-117.558750 35.698750 0.173209 1.000000 -0.638471 -0.112585 0.761367
-117.558750 35.680972 0.210206 1.000000 -0.638151 -0.112561 0.761638
-117.558750 35.663194 0.229804 1.000000 -0.637890 -0.112547 0.761859
-117.558750 35.645417 0.295792 1.000000 -0.637641 -0.112535 0.762070
-117.558750 35.627639 -0.211075 1.000000 -0.637407 -0.112525 0.762267
-117.558750 35.609861 -0.138325 1.000000 -0.637193 -0.112519 0.762446
-117.558750 35.592083 -0.070926 1.000000 -0.636984 -0.112515 0.762621
-117.558750 35.574306 -0.057639 1.000000 -0.636753 -0.112506 0.762816
-117.540972 35.912083 0.013441 1.000000 -0.643360 -0.112934 0.757188
-117.540972 35.894306 -0.009063 1.000000 -0.642953 -0.112896 0.757540
-117.540972 35.876528 -0.035216 1.000000 -0.642648 -0.112875 0.757801
-117.540972 35.858750 -0.063687 1.000000 -0.642282 -0.112844 0.758116
-117.540972 35.840972 -0.099446 1.000000 -0.642004 -0.112828 0.758354
-117.540972 35.823194 -0.146818 1.000000 -0.641729 -0.112812 0.758589
-117.540972 35.805417 -0.193868 1.000000 -0.641379 -0.112783 0.758889
-117.540972 35.787639 -0.256009 1.000000 -0.641102 -0.112767 0.759126
-117.540972 35.769861 -0.332155 1.000000 -0.640778 -0.112743 0.759403
-117.540972 35.752083 -0.429792 1.000000 -0.640513 -0.112729 0.759628
-117.540972 35.734306 -0.477744 1.000000 -0.640214 -0.112708 0.759883
-117.540972 35.716528 -0.508504 1.000000 -0.639953 -0.112695 0.760105
-117.540972 35.698750 -0.421280 1.000000 -0.639706 -0.112684 0.760315
-117.540972 35.680972 0.135113 1.000000 -0.639369 -0.112657 0.760603
-117.540972 35.663194 0.198315 1.000000 -0.639096 -0.112641 0.760834
-117.540972 35.645417 -0.051883 1.000000 -0.638851 -0.112630 0.761042
-117.540972 35.627639 -0.130852 1.000000 -0.638626 -0.112622 0.761231
-117.540972 35.609861 -0.085095 1.000000 -0.638414 -0.112617 0.761410
-117.540972 35.592083 -0.053144 1.000000 -0.638208 -0.112612 0.761583
-117.540972 35.574306 -0.039203 1.000000 -0.637988 -0.112606 0.761768
-117.523194 35.912083 0.016639 1.000000 -0.644599 -0.113031 0.756119
-117.523194 35.894306 -0.003468 1.000000 -0.644240 -0.113002 0.756429
-117.523194 35.876528 -0.030196 1.000000 -0.643921 -0.112978 0.756705
-117.523194 35.858750 -0.050853 1.000000 -0.643529 -0.112943 0.757043
-117.523194 35.840972 -0.088039 1.000000 -0.643264 -0.112929 0.757270
-117.523194 35.823194 -0.125409 1.000000 -0.642935 -0.112904 0.757554
-117.523194 35.805417 -0.174839 1.000000 -0.642638 -0.112885 0.757808
-117.523194 35.787639 -0.242974 1.000000 -0.642366 -0.112870 0.758041
-117.523194 35.769861 -0.318259 1.000000 -0.642066 -0.112850 0.758298
-117.523194 35.752083 -0.413180 1.000000 -0.641780 -0.112832 0.758543
-117.523194 35.734306 -0.484658 1.000000 -0.641470 -0.112810 0.758809
-117.523194 35.716528 -0.511041 1.000000 -0.641201 -0.112796 0.759037
-117.523194 35.698750 -0.443104 1.000000 -0.640894 -0.112774 0.759300
-117.523194 35.680972 -0.295280 1.000000 -0.640595 -0.112754 0.759556
-117.523194 35.663194 0.204174 1.000000 -0.640314 -0.112737 0.759795
-117.523194 35.645417 -0.057041 1.000000 -0.640067 -0.112726 0.760004
-117.523194 35.627639 -0.058276 1.000000 -0.639839 -0.112718 0.760198
-117.523194 35.609861 -0.033392 1.000000 -0.639620 -0.112712 0.760383
-117.523194 35.592083 -0.028728 1.000000 -0.639417 -0.112708 0.760554
-117.523194 35.574306 -0.043304 1.000000 -0.639217 -0.112704 0.760723
-117.505417 35.912083 0.017640 1.000000 -0.645815 -0.113124 0.755067
-117.505417 35.894306 0.003613 1.000000 -0.645479 -0.113099 0.755358
-117.505417 35.876528 -0.023697 1.000000 -0.645160 -0.113076 0.755634
-117.505417 35.858750 -0.050199 1.000000 -0.644780 -0.113043 0.755963
-117.505417 35.840972 -0.082209 1.000000 -0.644490 -0.113024 0.756213
-117.505417 35.823194 -0.121323 1.000000 -0.644200 -0.113007 0.756463
-117.505417 35.805417 -0.172689 1.000000 -0.643859 -0.112980 0.756757
-117.505417 35.787639 -0.235986 1.000000 -0.643610 -0.112969 0.756970
-117.505417 35.769861 -0.299610 1.000000 -0.643299 -0.112947 0.757238
-117.505417 35.752083 -0.390266 1.000000 -0.642999 -0.112927 0.757495
-117.505417 35.734306 -0.449000 1.000000 -0.642691 -0.112906 0.757760
-117.505417 35.716528 -0.509929 1.000000 -0.642411 -0.112890 0.758000
-117.505417 35.698750 -0.445311 1.000000 -0.642114 -0.112870 0.758254
-117.505417 35.680972 -0.414395 1.000000 -0.641823 -0.112851 0.758503
-117.505417 35.663194 0.016359 1.000000 -0.641535 -0.112833 0.758750
-117.505417 35.645417 0.039366 1.000000 -0.641278 -0.112820 0.758969
-117.505417 35.627639 0.029493 1.000000 -0.641050 -0.112813 0.759163
-117.505417 35.609861 0.006423 1.000000 -0.640835 -0.112807 0.759345
-117.505417 35.592083 -0.026904 1.000000 -0.640642 -0.112805 0.759508
-117.505417 35.574306 -0.047040 1.000000 -0.640420 -0.112798 0.759697
-117.505417 35.556528 -0.062339 1.000000 -0.640111 -0.112777 0.759960
-117.505417 35.538750 -0.059425 1.000000 -0.639799 -0.112754 0.760226
-117.487639 35.912083 0.017982 1.000000 -0.647006 -0.113212 0.754033
-117.487639 35.894306 -0.001088 1.000000 -0.646695 -0.113191 0.754303
-117.487639 35.876528 -0.026236 1.000000 -0.646382 -0.113169 0.754575
-117.487639 35.858750 -0.050833 1.000000 -0.646026 -0.113141 0.754884
-117.487639 35.840972 -0.080362 1.000000 -0.645707 -0.113118 0.755160
-117.487639 35.823194 -0.117214 1.000000 -0.645476 -0.113110 0.755358
-117.487639 35.805417 -0.166270 1.000000 -0.645090 -0.113076 0.755693
-117.487639 35.787639 -0.222852 1.000000 -0.644837 -0.113064 0.755911
-117.487639 35.769861 -0.285214 1.000000 -0.644517 -0.113041 0.756188
-117.487639 35.752083 -0.354066 1.000000 -0.644219 -0.113022 0.756444
-117.487639 35.734306 -0.397147 1.000000 -0.643904 -0.113000 0.756715
-117.487639 35.716528 -0.444717 1.000000 -0.643610 -0.112981 0.756969
-117.487639 35.698750 -0.458467 1.000000 -0.643327 -0.112964 0.757212
-117.487639 35.680972 -0.478289 1.000000 -0.643040 -0.112946 0.757458
-117.487639 35.663194 -0.434636 1.000000 -0.642751 -0.112928 0.757706
-117.487639 35.645417 0.148301 1.000000 -0.642490 -0.112915 0.757929
-117.487639 35.627639 0.101364 1.000000 -0.642267 -0.112908 0.758119
-117.487639 35.609861 0.016117 1.000000 -0.642049 -0.112902 0.758305
-117.487639 35.592083 -0.028368 1.000000 -0.641851 -0.112900 0.758473
-117.487639 35.574306 -0.057891 1.000000 -0.641604 -0.112888 0.758683
-117.487639 35.556528 -0.068749 1.000000 -0.641289 -0.112866 0.758953
-117.487639 35.538750 -0.078874 1.000000 -0.640988 -0.112845 0.759210
-117.469861 35.912083 0.009129 1.000000 -0.648151 -0.113292 0.753037
-117.469861 35.894306 -0.007332 1.000000 -0.647876 -0.113277 0.753276
-117.469861 35.876528 -0.029741 1.000000 -0.647576 -0.113258 0.753537
-117.469861 35.858750 -0.054774 1.000000 -0.647258 -0.113236 0.753814
-117.469861 35.840972 -0.082739 1.000000 -0.646919 -0.113210 0.754108
-117.469861 35.823194 -0.115810 1.000000 -0.646755 -0.113214 0.754248
-117.469861 35.805417 -0.162527 1.000000 -0.646369 -0.113180 0.754585
-117.469861 35.787639 -0.218158 1.000000 -0.646033 -0.113154 0.754876
-117.469861 35.769861 -0.268640 1.000000 -0.645722 -0.113133 0.755145
-117.469861 35.752083 -0.326936 1.000000 -0.645463 -0.113120 0.755369
-117.469861 35.734306 -0.373568 1.000000 -0.645115 -0.113093 0.755670
-117.469861 35.716528 -0.425539 1.000000 -0.644798 -0.113070 0.755944
-117.469861 35.698750 -0.455124 1.000000 -0.644506 -0.113052 0.756195
-117.469861 35.680972 -0.473755 1.000000 -0.644227 -0.113036 0.756436
-117.469861 35.663194 -0.459571 1.000000 -0.643957 -0.113021 0.756668
-117.469861 35.645417 -0.381037 1.000000 -0.643711 -0.113010 0.756878
-117.469861 35.627639 0.106388 1.000000 -0.643503 -0.113006 0.757056
-117.469861 35.609861 0.027292 1.000000 -0.643260 -0.112996 0.757263
-117.469861 35.592083 -0.016278 1.000000 -0.643013 -0.112985 0.757475
-117.469861 35.574306 -0.055461 1.000000 -0.642752 -0.112972 0.757699
-117.469861 35.556528 -0.078082 1.000000 -0.642466 -0.112954 0.757944
-117.469861 35.538750 -0.089444 1.000000 -0.642187 -0.112938 0.758183
-117.469861 35.520972 -0.078026 1.000000 -0.641930 -0.112925 0.758402
-117.469861 35.503194 -0.062833 1.000000 -0.641689 -0.112915 0.758607
-117.452083 35.912083 0.005372 1.000000 -0.649249 -0.113364 0.752080
-117.452083 35.894306 -0.008456 1.000000 -0.648992 -0.113352 0.752304
-117.452083 35.876528 -0.034471 1.000000 -0.648748 -0.113343 0.752516
-117.452083 35.858750 -0.058826 1.000000 -0.648473 -0.113328 0.752754
-117.452083 35.840972 -0.088744 1.000000 -0.648178 -0.113310 0.753011
-117.452083 35.823194 -0.118306 1.000000 -0.647881 -0.113291 0.753269
-117.452083 35.805417 -0.163282 1.000000 -0.647562 -0.113269 0.753548
-117.452083 35.787639 -0.211748 1.000000 -0.647220 -0.113242 0.753845
-117.452083 35.769861 -0.259471 1.000000 -0.646875 -0.113215 0.754145
-117.452083 35.752083 -0.310723 1.000000 -0.646671 -0.113212 0.754321
-117.452083 35.734306 -0.357002 1.000000 -0.646325 -0.113185 0.754621
-117.452083 35.716528 -0.413590 1.000000 -0.646020 -0.113165 0.754885
-117.452083 35.698750 -0.440816 1.000000 -0.645721 -0.113145 0.755144
-117.452083 35.680972 -0.443775 1.000000 -0.645415 -0.113125 0.755409
-117.452083 35.663194 -0.430592 1.000000 -0.645152 -0.113111 0.755635
-117.452083 35.645417 -0.454735 1.000000 -0.644928 -0.113105 0.755828
-117.452083 35.627639 0.060756 1.000000 -0.644706 -0.113098 0.756018
-117.452083 35.609861 0.037988 1.000000 -0.644459 -0.113088 0.756230
-117.452083 35.592083 0.012260 1.000000 -0.644197 -0.113075 0.756455
-117.452083 35.574306 -0.040876 1.000000 -0.643924 -0.113059 0.756690
-117.452083 35.556528 -0.089996 1.000000 -0.643652 -0.113044 0.756923
-117.452083 35.538750 -0.106221 1.000000 -0.643388 -0.113031 0.757150
-117.452083 35.520972 -0.096527 1.000000 -0.643139 -0.113019 0.757363
-117.452083 35.503194 -0.073711 1.000000 -0.642901 -0.113010 0.757566
-117.434306 35.912083 -0.002709 1.000000 -0.650334 -0.113433 0.751132
-117.434306 35.894306 -0.015520 1.000000 -0.650076 -0.113421 0.751357
-117.434306 35.876528 -0.039981 1.000000 -0.649895 -0.113422 0.751513
-117.434306 35.858750 -0.063423 1.000000 -0.649656 -0.113414 0.751721
-117.434306 35.840972 -0.099032 1.000000 -0.649418 -0.113406 0.751927
-117.434306 35.823194 -0.121102 1.000000 -0.648956 -0.113359 0.752334
-117.434306 35.805417 -0.163464 1.000000 -0.648714 -0.113350 0.752543
-117.434306 35.787639 -0.206854 1.000000 -0.648398 -0.113328 0.752820
-117.434306 35.769861 -0.243943 1.000000 -0.648010 -0.113294 0.753158
-117.434306 35.752083 -0.295202 1.000000 -0.647852 -0.113299 0.753294
-117.434306 35.734306 -0.349040 1.000000 -0.647519 -0.113274 0.753584
-117.434306 35.716528 -0.400588 1.000000 -0.647234 -0.113257 0.753831
-117.434306 35.698750 -0.418703 1.000000 -0.646935 -0.113238 0.754091
-117.434306 35.680972 -0.407284 1.000000 -0.646601 -0.113213 0.754380
-117.434306 35.663194 -0.407788 1.000000 -0.646344 -0.113201 0.754602
-117.434306 35.645417 -0.443268 1.000000 -0.646141 -0.113198 0.754777
-117.434306 35.627639 -0.156844 1.000000 -0.645900 -0.113189 0.754984
-117.434306 35.609861 -0.125176 1.000000 -0.645651 -0.113178 0.755199
-117.434306 35.592083 0.013569 1.000000 -0.645386 -0.113164 0.755427
-117.434306 35.574306 -0.065695 1.000000 -0.645106 -0.113148 0.755669
-117.434306 35.556528 -0.126366 1.000000 -0.644843 -0.113134 0.755895
-117.434306 35.538750 -0.139953 1.000000 -0.644591 -0.113123 0.756112
-117.434306 35.520972 -0.111075 1.000000 -0.644349 -0.113113 0.756320
-117.434306 35.503194 -0.072853 1.000000 -0.644113 -0.113104 0.756522
-117.434306 35.485417 -0.050542 1.000000 -0.643908 -0.113100 0.756697
-117.434306 35.467639 -0.031588 1.000000 -0.643681 -0.113093 0.756891
-117.416528 35.912083 -0.005234 1.000000 -0.651457 -0.113508 0.750147
-117.416528 35.894306 -0.019908 1.000000 -0.651132 -0.113485 0.750432
-117.416528 35.876528 -0.044553 1.000000 -0.650956 -0.113487 0.750585
-117.416528 35.858750 -0.066954 1.000000 -0.650695 -0.113475 0.750812
-117.416528 35.840972 -0.099650 1.000000 -0.650464 -0.113468 0.751014
-117.416528 35.823194 -0.122997 1.000000 -0.650076 -0.113434 0.751355
-117.416528 35.805417 -0.165708 1.000000 -0.649831 -0.113425 0.751568
-117.416528 35.787639 -0.203805 1.000000 -0.649546 -0.113408 0.751817
-117.416528 35.769861 -0.239963 1.000000 -0.649163 -0.113375 0.752153
-117.416528 35.752083 -0.285190 1.000000 -0.648962 -0.113373 0.752326
-117.416528 35.734306 -0.336861 1.000000 -0.648625 -0.113348 0.752621
-117.416528 35.716528 -0.369913 1.000000 -0.648333 -0.113330 0.752875
-117.416528 35.698750 -0.384659 1.000000 -0.648071 -0.113317 0.753102
-117.416528 35.680972 -0.390518 1.000000 -0.647782 -0.113300 0.753353
-117.416528 35.663194 -0.392039 1.000000 -0.647546 -0.113291 0.753558
-117.416528 35.645417 -0.404711 1.000000 -0.647347 -0.113289 0.753729
-117.416528 35.627639 -0.418784 1.000000 -0.647115 -0.113282 0.753929
-117.416528 35.609861 -0.138597 1.000000 -0.646831 -0.113265 0.754175
-117.416528 35.592083 -0.115818 1.000000 -0.646557 -0.113250 0.754412
-117.416528 35.574306 -0.102458 1.000000 -0.646294 -0.113237 0.754640
-117.416528 35.556528 -0.194963 1.000000 -0.646040 -0.113225 0.754859
-117.416528 35.538750 -0.171095 1.000000 -0.645799 -0.113216 0.755067
-117.416528 35.520972 -0.114193 1.000000 -0.645562 -0.113207 0.755271
-117.416528 35.503194 -0.060233 1.000000 -0.645331 -0.113199 0.755470
-117.416528 35.485417 -0.044156 1.000000 -0.645122 -0.113195 0.755649
-117.416528 35.467639 -0.026552 1.000000 -0.644908 -0.113190 0.755832
-117.398750 35.912083 -0.012061 1.000000 -0.652597 -0.113585 0.749143
-117.398750 35.894306 -0.030470 1.000000 -0.652228 -0.113555 0.749469
-117.398750 35.876528 -0.054860 1.000000 -0.652042 -0.113556 0.749631
-117.398750 35.858750 -0.077992 1.000000 -0.651761 -0.113540 0.749877
-117.398750 35.840972 -0.103031 1.000000 -0.651518 -0.113531 0.750090
-117.398750 35.823194 -0.131555 1.000000 -0.651164 -0.113504 0.750402
-117.398750 35.805417 -0.162926 1.000000 -0.650915 -0.113494 0.750619
-117.398750 35.787639 -0.198513 1.000000 -0.650644 -0.113480 0.750856
-117.398750 35.769861 -0.235200 1.000000 -0.650292 -0.113452 0.751165
-117.398750 35.752083 -0.283052 1.000000 -0.650058 -0.113445 0.751369
-117.398750 35.734306 -0.314828 1.000000 -0.649751 -0.113424 0.751637
-117.398750 35.716528 -0.340610 1.000000 -0.649473 -0.113409 0.751880
-117.398750 35.698750 -0.357105 1.000000 -0.649226 -0.113399 0.752094
-117.398750 35.680972 -0.379385 1.000000 -0.648968 -0.113388 0.752319
-117.398750 35.663194 -0.375338 1.000000 -0.648726 -0.113378 0.752529
-117.398750 35.645417 -0.384843 1.000000 -0.648509 -0.113373 0.752717
-117.398750 35.627639 -0.391209 1.000000 -0.648279 -0.113366 0.752916
-117.398750 35.609861 -0.385772 1.000000 -0.648007 -0.113351 0.753152
-117.398750 35.592083 -0.137540 1.000000 -0.647738 -0.113337 0.753386
-117.398750 35.574306 -0.214008 1.000000 -0.647488 -0.113327 0.753602
-117.398750 35.556528 -0.205562 1.000000 -0.647244 -0.113317 0.753813
-117.398750 35.538750 -0.157865 1.000000 -0.647000 -0.113307 0.754024
-117.398750 35.520972 -0.094266 1.000000 -0.646772 -0.113300 0.754221
-117.398750 35.503194 -0.057791 1.000000 -0.646557 -0.113295 0.754406
-117.380972 35.912083 -0.018518 1.000000 -0.653745 -0.113664 0.748129
-117.380972 35.894306 -0.036357 1.000000 -0.653351 -0.113629 0.748479
-117.380972 35.876528 -0.059390 1.000000 -0.653144 -0.113627 0.748660
-117.380972 35.858750 -0.082692 1.000000 -0.652845 -0.113608 0.748924
-117.380972 35.840972 -0.107089 1.000000 -0.652578 -0.113595 0.749158
-117.380972 35.823194 -0.134249 1.000000 -0.652231 -0.113569 0.749464
-117.380972 35.805417 -0.162290 1.000000 -0.651979 -0.113559 0.749686
-117.380972 35.787639 -0.195011 1.000000 -0.651709 -0.113545 0.749922
-117.380972 35.769861 -0.235968 1.000000 -0.651408 -0.113526 0.750186
-117.380972 35.752083 -0.294180 1.000000 -0.651145 -0.113514 0.750416
-117.380972 35.734306 -0.292427 1.000000 -0.650891 -0.113503 0.750638
-117.380972 35.716528 -0.311741 1.000000 -0.650641 -0.113493 0.750857
-117.380972 35.698750 -0.338687 1.000000 -0.650394 -0.113483 0.751072
-117.380972 35.680972 -0.341876 1.000000 -0.650157 -0.113475 0.751279
-117.380972 35.663194 -0.348613 1.000000 -0.649892 -0.113462 0.751510
-117.380972 35.645417 -0.339878 1.000000 -0.649642 -0.113451 0.751727
-117.380972 35.627639 -0.360800 1.000000 -0.649409 -0.113444 0.751930
-117.380972 35.609861 -0.349099 1.000000 -0.649179 -0.113437 0.752129
-117.380972 35.592083 -0.377182 1.000000 -0.648925 -0.113426 0.752350
-117.380972 35.574306 -0.223534 1.000000 -0.648688 -0.113417 0.752556
-117.380972 35.556528 -0.151924 1.000000 -0.648451 -0.113409 0.752761
-117.380972 35.538750 -0.122977 1.000000 -0.648197 -0.113397 0.752982
-117.380972 35.520972 -0.077616 1.000000 -0.647979 -0.113392 0.753171
-117.380972 35.503194 -0.053555 1.000000 -0.647788 -0.113391 0.753335
-117.363194 35.912083 -0.025625 1.000000 -0.654786 -0.113724 0.747210
-117.363194 35.894306 -0.044544 1.000000 -0.654480 -0.113704 0.747481
-117.363194 35.876528 -0.066314 1.000000 -0.654231 -0.113695 0.747700
-117.363194 35.858750 -0.087891 1.000000 -0.653945 -0.113679 0.747953
-117.363194 35.840972 -0.108340 1.000000 -0.653662 -0.113663 0.748203
-117.363194 35.823194 -0.134816 1.000000 -0.653360 -0.113645 0.748469
-117.363194 35.805417 -0.160846 1.000000 -0.653106 -0.113634 0.748692
-117.363194 35.787639 -0.193056 1.000000 -0.652843 -0.113622 0.748923
-117.363194 35.769861 -0.230622 1.000000 -0.652576 -0.113609 0.749158
-117.363194 35.752083 -0.250130 1.000000 -0.652322 -0.113598 0.749381
-117.363194 35.734306 -0.280106 1.000000 -0.652072 -0.113588 0.749600
-117.363194 35.716528 -0.274664 1.000000 -0.651823 -0.113578 0.749818
-117.363194 35.698750 -0.311863 1.000000 -0.651575 -0.113568 0.750035
-117.363194 35.680972 -0.323178 1.000000 -0.651331 -0.113559 0.750249
-117.363194 35.663194 -0.334805 1.000000 -0.651077 -0.113549 0.750471
-117.363194 35.645417 -0.339715 1.000000 -0.650830 -0.113538 0.750686
-117.363194 35.627639 -0.336698 1.000000 -0.650591 -0.113530 0.750894
-117.363194 35.609861 -0.349401 1.000000 -0.650356 -0.113522 0.751099
-117.363194 35.592083 -0.382682 1.000000 -0.650118 -0.113514 0.751306
-117.363194 35.574306 -0.282068 1.000000 -0.649895 -0.113508 0.751500
-117.363194 35.556528 -0.168337 1.000000 -0.649657 -0.113500 0.751708
-117.363194 35.538750 -0.104237 1.000000 -0.649417 -0.113491 0.751915
-117.363194 35.520972 -0.067745 1.000000 -0.649189 -0.113484 0.752113
-117.363194 35.503194 -0.045468 1.000000 -0.648980 -0.113480 0.752295
-117.345417 35.912083 -0.032959 1.000000 -0.655869 -0.113790 0.746249
-117.345417 35.894306 -0.048515 1.000000 -0.655612 -0.113779 0.746477
-117.345417 35.876528 -0.068515 1.000000 -0.655343 -0.113767 0.746715
-117.345417 35.858750 -0.087677 1.000000 -0.655066 -0.113752 0.746960
-117.345417 35.840972 -0.105436 1.000000 -0.654781 -0.113737 0.747212
-117.345417 35.823194 -0.131083 1.000000 -0.654506 -0.113723 0.747455
-117.345417 35.805417 -0.158853 1.000000 -0.654251 -0.113712 0.747680
-117.345417 35.787639 -0.183529 1.000000 -0.653994 -0.113701 0.747906
-117.345417 35.769861 -0.219874 1.000000 -0.653745 -0.113692 0.748125
-117.345417 35.752083 -0.238593 1.000000 -0.653497 -0.113682 0.748344
-117.345417 35.734306 -0.276238 1.000000 -0.653249 -0.113673 0.748562
-117.345417 35.716528 -0.280781 1.000000 -0.653001 -0.113663 0.748779
-117.345417 35.698750 -0.293461 1.000000 -0.652753 -0.113653 0.748997
-117.345417 35.680972 -0.309464 1.000000 -0.652506 -0.113644 0.749214
-117.345417 35.663194 -0.324381 1.000000 -0.652258 -0.113634 0.749431
-117.345417 35.645417 -0.311435 1.000000 -0.652012 -0.113624 0.749646
-117.345417 35.627639 -0.322145 1.000000 -0.651770 -0.113616 0.749858
-117.345417 35.609861 -0.342671 1.000000 -0.651533 -0.113608 0.750066
-117.345417 35.592083 -0.367766 1.000000 -0.651307 -0.113601 0.750262
-117.345417 35.574306 -0.273747 1.000000 -0.651097 -0.113598 0.750445
-117.345417 35.556528 -0.151477 1.000000 -0.650864 -0.113591 0.750648
-117.345417 35.538750 -0.104969 1.000000 -0.650631 -0.113583 0.750852
-117.345417 35.520972 -0.066525 1.000000 -0.650392 -0.113575 0.751060
-117.345417 35.503194 -0.047571 1.000000 -0.650165 -0.113568 0.751257
-117.327639 35.912083 -0.031003 1.000000 -0.657000 -0.113864 0.745242
-117.327639 35.894306 -0.044973 1.000000 -0.656747 -0.113855 0.745467
-117.327639 35.876528 -0.066706 1.000000 -0.656482 -0.113842 0.745702
-117.327639 35.858750 -0.086392 1.000000 -0.656212 -0.113830 0.745942
-117.327639 35.840972 -0.104232 1.000000 -0.655940 -0.113816 0.746183
-117.327639 35.823194 -0.126400 1.000000 -0.655674 -0.113804 0.746418
-117.327639 35.805417 -0.153130 1.000000 -0.655415 -0.113793 0.746647
-117.327639 35.787639 -0.176431 1.000000 -0.655163 -0.113783 0.746870
-117.327639 35.769861 -0.206934 1.000000 -0.654917 -0.113774 0.747088
-117.327639 35.752083 -0.228077 1.000000 -0.654670 -0.113765 0.747305
-117.327639 35.734306 -0.246139 1.000000 -0.654423 -0.113756 0.747523
-117.327639 35.716528 -0.271918 1.000000 -0.654176 -0.113747 0.747740
-117.327639 35.698750 -0.276814 1.000000 -0.653929 -0.113737 0.747957
-117.327639 35.680972 -0.280294 1.000000 -0.653683 -0.113728 0.748174
-117.327639 35.663194 -0.273783 1.000000 -0.653436 -0.113718 0.748392
-117.327639 35.645417 -0.291734 1.000000 -0.653189 -0.113709 0.748608
-117.327639 35.627639 -0.304723 1.000000 -0.652947 -0.113700 0.748821
-117.327639 35.609861 -0.318346 1.000000 -0.652711 -0.113693 0.749027
-117.327639 35.592083 -0.310919 1.000000 -0.652492 -0.113688 0.749219
-117.327639 35.574306 -0.260667 1.000000 -0.652294 -0.113686 0.749392
-117.327639 35.556528 -0.181443 1.000000 -0.652074 -0.113681 0.749584
-117.327639 35.538750 -0.103670 1.000000 -0.651837 -0.113673 0.749791
-117.327639 35.520972 -0.070150 1.000000 -0.651587 -0.113663 0.750010
-117.327639 35.503194 -0.046216 1.000000 -0.651342 -0.113654 0.750224
-117.309861 35.912083 -0.035556 1.000000 -0.658225 -0.113954 0.744146
-117.309861 35.894306 -0.049605 1.000000 -0.657954 -0.113942 0.744388
-117.309861 35.876528 -0.067330 1.000000 -0.657660 -0.113925 0.744650
-117.309861 35.858750 -0.086948 1.000000 -0.657375 -0.113910 0.744904
-117.309861 35.840972 -0.106207 1.000000 -0.657107 -0.113897 0.745142
-117.309861 35.823194 -0.123686 1.000000 -0.656849 -0.113886 0.745372
-117.309861 35.805417 -0.148121 1.000000 -0.656586 -0.113875 0.745605
-117.309861 35.787639 -0.156245 1.000000 -0.656332 -0.113865 0.745830
-117.309861 35.769861 -0.188303 1.000000 -0.656084 -0.113855 0.746050
-117.309861 35.752083 -0.207890 1.000000 -0.655837 -0.113846 0.746268
-117.309861 35.734306 -0.227178 1.000000 -0.655592 -0.113838 0.746485
-117.309861 35.716528 -0.240209 1.000000 -0.655346 -0.113829 0.746702
-117.309861 35.698750 -0.252625 1.000000 -0.655101 -0.113820 0.746919
-117.309861 35.680972 -0.245437 1.000000 -0.654855 -0.113811 0.747136
-117.309861 35.663194 -0.256073 1.000000 -0.654608 -0.113802 0.747353
-117.309861 35.645417 -0.277215 1.000000 -0.654363 -0.113793 0.747569
-117.309861 35.627639 -0.274844 1.000000 -0.654127 -0.113785 0.747777
-117.309861 35.609861 -0.277332 1.000000 -0.653895 -0.113778 0.747981
-117.309861 35.592083 -0.269524 1.000000 -0.653673 -0.113773 0.748176
-117.309861 35.574306 -0.238167 1.000000 -0.653475 -0.113772 0.748349
-117.309861 35.556528 -0.173123 1.000000 -0.653251 -0.113766 0.748545
-117.309861 35.538750 -0.109749 1.000000 -0.653012 -0.113758 0.748755
-117.309861 35.520972 -0.073636 1.000000 -0.652764 -0.113748 0.748973
-117.309861 35.503194 -0.034280 1.000000 -0.652516 -0.113738 0.749191
-117.292083 35.876528 -0.070889 1.000000 -0.658847 -0.114008 0.743588
-117.292083 35.858750 -0.086896 1.000000 -0.658562 -0.113993 0.743842
-117.292083 35.840972 -0.102171 1.000000 -0.658301 -0.113982 0.744075
-117.292083 35.823194 -0.117512 1.000000 -0.658045 -0.113972 0.744303
-117.292083 35.805417 -0.133943 1.000000 -0.657781 -0.113960 0.744538
-117.292083 35.787639 -0.149903 1.000000 -0.657513 -0.113948 0.744777
-117.292083 35.769861 -0.172944 1.000000 -0.657256 -0.113937 0.745005
-117.292083 35.752083 -0.184166 1.000000 -0.657005 -0.113928 0.745228
-117.292083 35.734306 -0.204833 1.000000 -0.656758 -0.113919 0.745447
-117.292083 35.716528 -0.222037 1.000000 -0.656513 -0.113910 0.745664
-117.292083 35.698750 -0.235076 1.000000 -0.656268 -0.113901 0.745881
-117.292083 35.680972 -0.229771 1.000000 -0.656023 -0.113893 0.746098
-117.292083 35.663194 -0.238200 1.000000 -0.655778 -0.113884 0.746315
-117.292083 35.645417 -0.241497 1.000000 -0.655535 -0.113875 0.746530
-117.292083 35.627639 -0.247033 1.000000 -0.655304 -0.113869 0.746734
-117.292083 35.609861 -0.241446 1.000000 -0.655079 -0.113864 0.746931
-117.292083 35.592083 -0.231997 1.000000 -0.654858 -0.113859 0.747126
-117.292083 35.574306 -0.208922 1.000000 -0.654649 -0.113856 0.747309
-117.292083 35.556528 -0.158259 1.000000 -0.654418 -0.113849 0.747513
-117.292083 35.538750 -0.118095 1.000000 -0.654180 -0.113841 0.747722
-117.292083 35.520972 -0.078504 1.000000 -0.653936 -0.113832 0.747937
-117.292083 35.503194 -0.053718 1.000000 -0.653690 -0.113823 0.748153
-117.274306 35.876528 -0.073652 1.000000 -0.660043 -0.114092 0.742514
-117.274306 35.858750 -0.087580 1.000000 -0.659793 -0.114083 0.742737
-117.274306 35.840972 -0.098201 1.000000 -0.659541 -0.114074 0.742962
-117.274306 35.823194 -0.113507 1.000000 -0.659280 -0.114063 0.743196
-117.274306 35.805417 -0.127496 1.000000 -0.659023 -0.114053 0.743425
-117.274306 35.787639 -0.141083 1.000000 -0.658717 -0.114034 0.743699
-117.274306 35.769861 -0.156096 1.000000 -0.658439 -0.114020 0.743947
-117.274306 35.752083 -0.176290 1.000000 -0.658175 -0.114009 0.744183
-117.274306 35.734306 -0.190619 1.000000 -0.657922 -0.113999 0.744407
-117.274306 35.716528 -0.203511 1.000000 -0.657676 -0.113990 0.744626
-117.274306 35.698750 -0.209408 1.000000 -0.657432 -0.113982 0.744843
-117.274306 35.680972 -0.210915 1.000000 -0.657188 -0.113974 0.745059
-117.274306 35.663194 -0.215738 1.000000 -0.656944 -0.113965 0.745276
-117.274306 35.645417 -0.220309 1.000000 -0.656701 -0.113957 0.745491
-117.274306 35.627639 -0.217816 1.000000 -0.656473 -0.113951 0.745693
-117.274306 35.609861 -0.214881 1.000000 -0.656267 -0.113949 0.745875
-117.274306 35.592083 -0.204039 1.000000 -0.656051 -0.113945 0.746066
-117.274306 35.574306 -0.183230 1.000000 -0.655815 -0.113938 0.746274
-117.274306 35.556528 -0.143167 1.000000 -0.655573 -0.113929 0.746488
-117.274306 35.538750 -0.114668 1.000000 -0.655341 -0.113923 0.746692
-117.274306 35.520972 -0.084354 1.000000 -0.655102 -0.113915 0.746904
-117.274306 35.503194 -0.066796 1.000000 -0.654868 -0.113908 0.747109
-117.256528 35.876528 -0.074275 1.000000 -0.661159 -0.114163 0.741509
-117.256528 35.858750 -0.090334 1.000000 -0.661036 -0.114176 0.741617
-117.256528 35.769861 -0.154010 1.000000 -0.659647 -0.114107 0.742863
-117.256528 35.752083 -0.163211 1.000000 -0.659361 -0.114092 0.743119
-117.256528 35.734306 -0.172438 1.000000 -0.659099 -0.114081 0.743353
-117.256528 35.716528 -0.183787 1.000000 -0.658847 -0.114072 0.743578
-117.256528 35.698750 -0.187683 1.000000 -0.658599 -0.114063 0.743799
-117.256528 35.680972 -0.188403 1.000000 -0.658356 -0.114055 0.744015
-117.256528 35.663194 -0.192478 1.000000 -0.658117 -0.114047 0.744228
-117.256528 35.645417 -0.198683 1.000000 -0.657887 -0.114041 0.744433
-117.256528 35.627639 -0.198998 1.000000 -0.657726 -0.114047 0.744574
-117.256528 35.609861 -0.196434 1.000000 -0.657557 -0.114051 0.744722
-117.256528 35.592083 -0.186552 1.000000 -0.657365 -0.114051 0.744892
-117.256528 35.574306 -0.165765 1.000000 -0.657029 -0.114027 0.745192
-117.256528 35.556528 -0.130691 1.000000 -0.656752 -0.114013 0.745438
-117.256528 35.538750 -0.108298 1.000000 -0.656505 -0.114004 0.745657
-117.256528 35.520972 -0.086254 1.000000 -0.656268 -0.113997 0.745866
-117.256528 35.503194 -0.068380 1.000000 -0.656042 -0.113991 0.746066
-117.238750 35.876528 -0.073408 1.000000 -0.662240 -0.114227 0.740534
-117.238750 35.858750 -0.091301 1.000000 -0.662224 -0.114258 0.740544
-117.238750 35.769861 -0.144325 1.000000 -0.660867 -0.114196 0.741764
-117.238750 35.752083 -0.146129 1.000000 -0.660568 -0.114179 0.742033
-117.238750 35.734306 -0.154873 1.000000 -0.660295 -0.114166 0.742278
-117.238750 35.716528 -0.162782 1.000000 -0.660037 -0.114156 0.742509
-117.238750 35.698750 -0.169970 1.000000 -0.659778 -0.114145 0.742740
-117.238750 35.680972 -0.175069 1.000000 -0.659535 -0.114137 0.742957
-117.238750 35.663194 -0.180251 1.000000 -0.659306 -0.114131 0.743162
-117.238750 35.645417 -0.182858 1.000000 -0.659104 -0.114131 0.743341
-117.238750 35.627639 -0.182510 1.000000 -0.659011 -0.114148 0.743421
-117.238750 35.609861 -0.179099 1.000000 -0.658866 -0.114156 0.743548
-117.238750 35.592083 -0.175220 1.000000 -0.658672 -0.114156 0.743720
-117.238750 35.574306 -0.146477 1.000000 -0.658253 -0.114119 0.744097
-117.238750 35.556528 -0.123385 1.000000 -0.657935 -0.114097 0.744381
-117.238750 35.538750 -0.102141 1.000000 -0.657669 -0.114085 0.744618
-117.238750 35.520972 -0.082515 1.000000 -0.657433 -0.114078 0.744828
-117.238750 35.503194 -0.068062 1.000000 -0.657213 -0.114074 0.745022
-117.220972 35.876528 -0.070637 1.000000 -0.663277 -0.114284 0.739596
-117.220972 35.858750 -0.088820 1.000000 -0.663206 -0.114305 0.739657
-117.220972 35.592083 -0.158963 1.000000 -0.659838 -0.114237 0.742673
-117.220972 35.574306 -0.136698 1.000000 -0.659471 -0.114208 0.743004
-117.220972 35.556528 -0.114133 1.000000 -0.659113 -0.114181 0.743325
-117.220972 35.538750 -0.095159 1.000000 -0.658832 -0.114166 0.743577
-117.203194 35.876528 -0.073102 1.000000 -0.664364 -0.114348 0.738610
-117.203194 35.858750 -0.084851 1.000000 -0.664221 -0.114358 0.738737
-117.203194 35.592083 -0.142295 1.000000 -0.660981 -0.114313 0.741645
-117.203194 35.574306 -0.126399 1.000000 -0.660629 -0.114287 0.741962
-117.203194 35.556528 -0.107194 1.000000 -0.660278 -0.114261 0.742279
-117.203194 35.538750 -0.088352 1.000000 -0.659989 -0.114245 0.742538
-117.185417 35.876528 -0.072327 1.000000 -0.665486 -0.114418 0.737589
-117.185417 35.858750 -0.086516 1.000000 -0.665265 -0.114414 0.737789
-117.185417 35.805417 -0.110099 1.000000 -0.664765 -0.114432 0.738236
-117.185417 35.787639 -0.120737 1.000000 -0.664662 -0.114448 0.738327
-117.185417 35.592083 -0.131073 1.000000 -0.662109 -0.114387 0.740627
-117.185417 35.574306 -0.116353 1.000000 -0.661759 -0.114361 0.740943
-117.185417 35.556528 -0.098829 1.000000 -0.661432 -0.114339 0.741238
-117.185417 35.538750 -0.081693 1.000000 -0.661144 -0.114323 0.741498
-117.167639 35.876528 -0.064263 1.000000 -0.666707 -0.114504 0.736472
-117.167639 35.858750 -0.080636 1.000000 -0.666419 -0.114489 0.736734
-117.167639 35.805417 -0.095921 1.000000 -0.665777 -0.114484 0.737316
-117.167639 35.787639 -0.107361 1.000000 -0.665633 -0.114493 0.737444
-117.167639 35.592083 -0.123335 1.000000 -0.663216 -0.114456 0.739625
-117.167639 35.574306 -0.111222 1.000000 -0.662916 -0.114439 0.739896
-117.167639 35.556528 -0.092891 1.000000 -0.662564 -0.114413 0.740215
-117.167639 35.538750 -0.079207 1.000000 -0.662298 -0.114401 0.740456
-117.149861 35.627639 -0.137322 1.000000 -0.665006 -0.114573 0.737997
-117.149861 35.609861 -0.122938 1.000000 -0.664617 -0.114541 0.738353
-117.149861 35.592083 -0.112169 1.000000 -0.664311 -0.114523 0.738631
-117.149861 35.574306 -0.101323 1.000000 -0.664029 -0.114509 0.738886
-117.132083 35.627639 -0.121371 1.000000 -0.666048 -0.114630 0.737048
-117.132083 35.609861 -0.113006 1.000000 -0.665688 -0.114603 0.737377
-117.132083 35.592083 -0.103537 1.000000 -0.665396 -0.114588 0.737644
-117.132083 35.574306 -0.093245 1.000000 -0.665104 -0.114573 0.737909
-117.114306 35.769861 -0.101605 1.000000 -0.668730 -0.114691 0.734606
-117.114306 35.752083 -0.113560 1.000000 -0.668494 -0.114685 0.734822
-117.114306 35.734306 -0.119740 1.000000 -0.668243 -0.114677 0.735052
-117.114306 35.716528 -0.121399 1.000000 -0.668023 -0.114674 0.735251
-117.114306 35.698750 -0.124410 1.000000 -0.667805 -0.114672 0.735450
-117.114306 35.680972 -0.122739 1.000000 -0.667591 -0.114670 0.735644
-117.096528 35.769861 -0.093573 1.000000 -0.669900 -0.114767 0.733528
-117.096528 35.752083 -0.102082 1.000000 -0.669618 -0.114754 0.733787
-117.096528 35.734306 -0.104999 1.000000 -0.669345 -0.114743 0.734038
-117.096528 35.716528 -0.106075 1.000000 -0.669125 -0.114740 0.734238
-117.096528 35.698750 -0.104922 1.000000 -0.668913 -0.114739 0.734432
-117.096528 35.680972 -0.109106 1.000000 -0.668681 -0.114734 0.734644
-116.900972 36.160972 -0.017254 1.000000 -0.686455 -0.115405 0.717956
-116.900972 36.143194 -0.016944 1.000000 -0.686272 -0.115411 0.718131
-116.883194 36.160972 -0.015579 1.000000 -0.687460 -0.115447 0.716987
-116.883194 36.143194 -0.016112 1.000000 -0.687287 -0.115455 0.717152
-116.865417 36.160972 -0.015122 1.000000 -0.688490 -0.115492 0.715991
-116.865417 36.143194 -0.014883 1.000000 -0.688296 -0.115497 0.716177
-116.865417 36.125417 -0.011449 1.000000 -0.688096 -0.115500 0.716368
-116.865417 36.107639 -0.009209 1.000000 -0.687891 -0.115503 0.716565
-116.865417 36.089861 -0.001450 1.000000 -0.687683 -0.115505 0.716764
-116.865417 36.072083 -0.006764 1.000000 -0.687469 -0.115506 0.716969
-116.865417 36.054306 -0.006510 1.000000 -0.687270 -0.115509 0.717159
-116.865417 36.036528 -0.004636 1.000000 -0.684678 -0.115119 0.719697
-116.865417 36.018750 -0.004218 1.000000 -0.686853 -0.115513 0.717559
-116.865417 36.000972 -0.002808 1.000000 -0.686674 -0.115520 0.717728
-116.847639 36.160972 -0.006479 1.000000 -0.689526 -0.115538 0.714986
-116.847639 36.143194 -0.003511 1.000000 -0.689315 -0.115540 0.715189
-116.847639 36.125417 -0.006099 1.000000 -0.689110 -0.115543 0.715386
-116.847639 36.107639 -0.006658 1.000000 -0.688901 -0.115545 0.715587
-116.847639 36.089861 0.002614 1.000000 -0.688688 -0.115546 0.715792
-116.847639 36.072083 0.000247 1.000000 -0.688481 -0.115549 0.715990
-116.847639 36.054306 -0.002070 1.000000 -0.688276 -0.115551 0.716187
-116.847639 36.036528 0.003694 1.000000 -0.684867 -0.115028 0.719531
-116.847639 36.018750 0.002098 1.000000 -0.687857 -0.115555 0.716589
-116.847639 36.000972 -0.003439 1.000000 -0.687690 -0.115564 0.716748
-116.829861 36.018750 0.003656 1.000000 -0.688880 -0.115599 0.715598
-116.829861 36.000972 -0.003258 1.000000 -0.688713 -0.115608 0.715758
-118.172083 36.152083 -0.000434 1.000000 -0.602217 -0.109318 0.790813
-118.172083 36.116528 0.004089 1.000000 -0.601679 -0.109279 0.791227
-118.172083 36.080972 0.004023 1.000000 -0.601020 -0.109218 0.791736
-118.172083 36.045417 0.006200 1.000000 -0.600279 -0.109143 0.792308
-118.172083 36.009861 0.013098 1.000000 -0.599604 -0.109079 0.792828
-118.172083 35.974306 0.009602 1.000000 -0.598871 -0.109004 0.793393
-118.172083 35.938750 0.013970 1.000000 -0.598282 -0.108954 0.793844
-118.172083 35.903194 0.017431 1.000000 -0.597668 -0.108901 0.794313
-118.172083 35.867639 0.024920 1.000000 -0.597217 -0.108875 0.794656
-118.172083 35.832083 0.031136 1.000000 -0.596429 -0.108790 0.795259
-118.172083 35.796528 0.029977 1.000000 -0.595887 -0.108749 0.795671
-118.172083 35.760972 0.042546 1.000000 -0.595001 -0.108646 0.796348
-118.172083 35.725417 0.043008 1.000000 -0.594225 -0.108562 0.796939
-118.172083 35.689861 0.034368 1.000000 -0.593628 -0.108510 0.797391
-118.172083 35.654306 0.024695 1.000000 -0.593223 -0.108492 0.797694
-118.172083 35.618750 0.014675 1.000000 -0.592667 -0.108447 0.798114
-118.172083 35.583194 0.004166 1.000000 -0.592096 -0.108399 0.798544
-118.172083 35.547639 -0.002652 1.000000 -0.591338 -0.108317 0.799117
-118.172083 35.512083 -0.001464 1.000000 -0.590778 -0.108271 0.799536
-118.172083 35.476528 -0.000071 1.000000 -0.590194 -0.108220 0.799975
-118.172083 35.440972 0.004015 1.000000 -0.589676 -0.108181 0.800362
-118.172083 35.405417 0.014340 1.000000 -0.588987 -0.108111 0.800879
-118.172083 35.369861 0.007561 1.000000 -0.588322 -0.108045 0.801376
-118.172083 35.334306 0.007423 1.000000 -0.587632 -0.107975 0.801892
-118.136528 36.152083 -0.002198 1.000000 -0.604996 -0.109593 0.788650
-118.136528 36.116528 0.002388 1.000000 -0.604196 -0.109508 0.789275
-118.136528 36.080972 -0.000678 1.000000 -0.603491 -0.109440 0.789824
-118.136528 36.045417 0.003912 1.000000 -0.602813 -0.109376 0.790350
-118.136528 36.009861 0.017253 1.000000 -0.602208 -0.109325 0.790818
-118.136528 35.974306 0.014151 1.000000 -0.601636 -0.109280 0.791260
-118.136528 35.938750 0.017291 1.000000 -0.601094 -0.109240 0.791677
-118.136528 35.903194 0.021340 1.000000 -0.600517 -0.109193 0.792121
-118.136528 35.867639 0.021530 1.000000 -0.599810 -0.109123 0.792666
-118.136528 35.832083 0.033086 1.000000 -0.599227 -0.109075 0.793114
-118.136528 35.796528 0.031604 1.000000 -0.598666 -0.109031 0.793544
-118.136528 35.760972 0.032443 1.000000 -0.597647 -0.108905 0.794329
-118.136528 35.725417 0.030287 1.000000 -0.596934 -0.108833 0.794874
-118.136528 35.689861 0.026335 1.000000 -0.596668 -0.108840 0.795073
-118.136528 35.654306 0.020440 1.000000 -0.596180 -0.108808 0.795443
-118.136528 35.618750 0.012166 1.000000 -0.595590 -0.108758 0.795892
-118.136528 35.583194 -0.002310 1.000000 -0.595005 -0.108708 0.796336
-118.136528 35.547639 -0.004275 1.000000 -0.594261 -0.108630 0.796903
-118.136528 35.512083 -0.001410 1.000000 -0.593692 -0.108583 0.797333
-118.136528 35.476528 0.000392 1.000000 -0.593038 -0.108520 0.797828
-118.136528 35.440972 -0.005265 1.000000 -0.592418 -0.108463 0.798296
-118.136528 35.405417 -0.000552 1.000000 -0.591713 -0.108391 0.798829
-118.136528 35.369861 -0.012436 1.000000 -0.591097 -0.108335 0.799292
-118.100972 36.152083 -0.002133 1.000000 -0.607550 -0.109827 0.786652
-118.100972 36.116528 -0.000763 1.000000 -0.606886 -0.109767 0.787173
-118.100972 36.080972 0.002466 1.000000 -0.606282 -0.109717 0.787645
-118.100972 36.045417 0.011103 1.000000 -0.605661 -0.109664 0.788130
-118.100972 36.009861 0.010118 1.000000 -0.604946 -0.109594 0.788688
-118.100972 35.974306 0.011402 1.000000 -0.604394 -0.109553 0.789117
-118.100972 35.938750 0.026680 1.000000 -0.603984 -0.109537 0.789433
-118.100972 35.903194 0.025861 1.000000 -0.603341 -0.109479 0.789933
-118.100972 35.867639 0.028995 1.000000 -0.602694 -0.109421 0.790435
-118.100972 35.832083 0.034047 1.000000 -0.602003 -0.109354 0.790971
-118.100972 35.796528 0.039644 1.000000 -0.601137 -0.109256 0.791642
-118.100972 35.760972 0.050441 1.000000 -0.600389 -0.109179 0.792221
-118.100972 35.689861 0.017648 1.000000 -0.599509 -0.109134 0.792893
-118.100972 35.654306 0.018370 1.000000 -0.599016 -0.109101 0.793270
-118.100972 35.618750 0.014545 1.000000 -0.598452 -0.109056 0.793702
-118.100972 35.583194 -0.001373 1.000000 -0.597679 -0.108974 0.794295
-118.100972 35.547639 -0.011829 1.000000 -0.596996 -0.108907 0.794818
-118.100972 35.512083 -0.009716 1.000000 -0.596287 -0.108835 0.795360
-118.100972 35.476528 -0.001265 1.000000 -0.595704 -0.108786 0.795803
-118.100972 35.440972 -0.013824 1.000000 -0.595083 -0.108730 0.796275
-118.100972 35.405417 -0.010358 1.000000 -0.594441 -0.108670 0.796763
-118.100972 35.369861 -0.022287 1.000000 -0.593744 -0.108599 0.797292
-118.100972 35.334306 -0.026911 1.000000 -0.593037 -0.108527 0.797828
-118.065417 36.152083 -0.002794 1.000000 -0.610207 -0.110077 0.784557
-118.065417 36.116528 0.002461 1.000000 -0.609663 -0.110038 0.784986
-118.065417 36.080972 0.005614 1.000000 -0.609119 -0.110000 0.785413
-118.065417 36.045417 0.012215 1.000000 -0.608511 -0.109950 0.785891
-118.065417 36.009861 0.014317 1.000000 -0.607691 -0.109862 0.786538
-118.065417 35.974306 0.013700 1.000000 -0.607066 -0.109809 0.787028
-118.065417 35.938750 0.028740 1.000000 -0.606651 -0.109792 0.787350
-118.065417 35.903194 0.027424 1.000000 -0.606029 -0.109739 0.787837
-118.065417 35.867639 0.033580 1.000000 -0.605465 -0.109696 0.788276
-118.065417 35.832083 0.046232 1.000000 -0.604645 -0.109607 0.788917
-118.065417 35.796528 0.053208 1.000000 -0.603924 -0.109536 0.789479
-118.065417 35.760972 0.052074 1.000000 -0.603156 -0.109456 0.790078
-118.065417 35.725417 0.048557 1.000000 -0.602533 -0.109401 0.790560
-118.065417 35.689861 0.020292 1.000000 -0.602107 -0.109382 0.790888
-118.065417 35.654306 0.014974 1.000000 -0.601635 -0.109354 0.791250
-118.065417 35.618750 0.014165 1.000000 -0.601112 -0.109316 0.791653
-118.065417 35.583194 0.002999 1.000000 -0.600243 -0.109217 0.792326
-118.065417 35.547639 -0.011468 1.000000 -0.599700 -0.109177 0.792742
-118.065417 35.512083 -0.002341 1.000000 -0.598905 -0.109090 0.793355
-118.065417 35.476528 -0.006834 1.000000 -0.598316 -0.109041 0.793806
-118.065417 35.440972 -0.014773 1.000000 -0.597712 -0.108988 0.794268
-118.065417 35.405417 -0.009476 1.000000 -0.597105 -0.108935 0.794732
-118.065417 35.369861 -0.013766 1.000000 -0.596418 -0.108867 0.795257
-118.065417 35.334306 -0.017658 1.000000 -0.595792 -0.108810 0.795734
-118.029861 36.152083 -0.006314 1.000000 -0.612487 -0.110258 0.782753
-118.029861 36.116528 -0.004794 1.000000 -0.611986 -0.110228 0.783150
-118.029861 36.080972 0.002648 1.000000 -0.611457 -0.110192 0.783567
-118.029861 36.045417 0.010817 1.000000 -0.610908 -0.110153 0.784001
-118.029861 36.009861 0.016846 1.000000 -0.610400 -0.110122 0.784401
-118.029861 35.974306 0.019025 1.000000 -0.609763 -0.110067 0.784904
-118.029861 35.938750 0.027314 1.000000 -0.609267 -0.110037 0.785293
-118.029861 35.903194 0.026942 1.000000 -0.608634 -0.109982 0.785792
-118.029861 35.867639 0.046598 1.000000 -0.607991 -0.109926 0.786297
-118.029861 35.832083 0.052195 1.000000 -0.607288 -0.109858 0.786850
-118.029861 35.796528 0.056708 1.000000 -0.606715 -0.109814 0.787297
-118.029861 35.760972 0.059549 1.000000 -0.606096 -0.109761 0.787782
-118.029861 35.725417 0.051744 1.000000 -0.605412 -0.109697 0.788316
-118.029861 35.689861 0.042832 1.000000 -0.604792 -0.109643 0.788799
-118.029861 35.654306 0.020935 1.000000 -0.604256 -0.109605 0.789216
-118.029861 35.618750 0.017777 1.000000 -0.603676 -0.109558 0.789666
-118.029861 35.583194 0.012172 1.000000 -0.602916 -0.109479 0.790258
-118.029861 35.547639 -0.006070 1.000000 -0.602197 -0.109407 0.790815
-118.029861 35.512083 -0.004993 1.000000 -0.601552 -0.109348 0.791314
-118.029861 35.476528 -0.004087 1.000000 -0.600965 -0.109300 0.791767
-118.029861 35.440972 -0.007566 1.000000 -0.600382 -0.109252 0.792215
-118.029861 35.405417 -0.007477 1.000000 -0.599758 -0.109196 0.792696
-118.029861 35.369861 -0.016917 1.000000 -0.599132 -0.109140 0.793177
-118.029861 35.334306 -0.022681 1.000000 -0.598520 -0.109086 0.793646
-117.994306 36.152083 -0.004747 1.000000 -0.614798 -0.110443 0.780913
-117.994306 36.116528 -0.005902 1.000000 -0.614244 -0.110404 0.781355
-117.994306 36.080972 0.000909 1.000000 -0.613646 -0.110357 0.781831
-117.994306 36.045417 -0.000573 1.000000 -0.613117 -0.110323 0.782251
-117.994306 36.009861 0.008470 1.000000 -0.612728 -0.110312 0.782557
-117.994306 35.974306 0.021136 1.000000 -0.612341 -0.110302 0.782862
-117.994306 35.938750 0.031505 1.000000 -0.611884 -0.110280 0.783222
-117.994306 35.903194 0.048660 1.000000 -0.611236 -0.110223 0.783735
-117.994306 35.867639 0.052821 1.000000 -0.610663 -0.110180 0.784188
-117.994306 35.832083 0.060723 1.000000 -0.609913 -0.110105 0.784782
-117.994306 35.796528 0.053754 1.000000 -0.609385 -0.110069 0.785197
-117.994306 35.760972 0.054425 1.000000 -0.608702 -0.110005 0.785736
-117.994306 35.725417 0.057361 1.000000 -0.608300 -0.109991 0.786049
-117.994306 35.689861 0.035865 1.000000 -0.607678 -0.109938 0.786537
-117.994306 35.654306 0.029525 1.000000 -0.606820 -0.109843 0.787213
-117.994306 35.618750 0.013750 1.000000 -0.606313 -0.109810 0.787608
-117.994306 35.583194 -0.004004 1.000000 -0.605508 -0.109724 0.788239
-117.994306 35.547639 -0.002496 1.000000 -0.604820 -0.109659 0.788776
-117.994306 35.512083 -0.008174 1.000000 -0.604210 -0.109607 0.789251
-117.994306 35.476528 -0.008890 1.000000 -0.603628 -0.109559 0.789703
-117.994306 35.440972 -0.014190 1.000000 -0.603050 -0.109513 0.790150
-117.994306 35.405417 -0.006986 1.000000 -0.602411 -0.109455 0.790646
-117.994306 35.369861 -0.014560 1.000000 -0.601758 -0.109395 0.791151
-117.994306 35.334306 -0.030465 1.000000 -0.601128 -0.109339 0.791637
-117.958750 36.152083 -0.006993 1.000000 -0.617307 -0.110661 0.778901
-117.958750 36.116528 0.008370 1.000000 -0.616756 -0.110624 0.779342
-117.958750 36.080972 0.006665 1.000000 -0.616120 -0.110571 0.779853
-117.958750 36.045417 0.004087 1.000000 -0.615553 -0.110530 0.780306
-117.958750 36.009861 0.001797 1.000000 -0.615031 -0.110497 0.780722
-117.958750 35.974306 0.010659 1.000000 -0.614613 -0.110482 0.781054
-117.958750 35.938750 0.035406 1.000000 -0.614175 -0.110463 0.781401
-117.958750 35.903194 0.049847 1.000000 -0.613617 -0.110423 0.781845
-117.958750 35.867639 0.054501 1.000000 -0.613071 -0.110385 0.782278
-117.958750 35.832083 0.056972 1.000000 -0.612364 -0.110318 0.782841
-117.958750 35.760972 0.051651 1.000000 -0.611195 -0.110228 0.783767
-117.958750 35.725417 0.039006 1.000000 -0.610692 -0.110197 0.784163
-117.958750 35.689861 0.038313 1.000000 -0.610064 -0.110143 0.784660
-117.958750 35.654306 0.024590 1.000000 -0.609541 -0.110108 0.785071
-117.958750 35.618750 0.011621 1.000000 -0.608839 -0.110041 0.785625
-117.958750 35.583194 -0.007158 1.000000 -0.608151 -0.109976 0.786167
-117.958750 35.547639 -0.001630 1.000000 -0.607475 -0.109914 0.786698
-117.958750 35.512083 -0.004904 1.000000 -0.606869 -0.109863 0.787172
-117.958750 35.476528 -0.012175 1.000000 -0.606292 -0.109818 0.787623
-117.958750 35.440972 -0.018936 1.000000 -0.605730 -0.109774 0.788062
-117.958750 35.405417 -0.022910 1.000000 -0.605101 -0.109719 0.788552
-117.958750 35.369861 -0.018886 1.000000 -0.604442 -0.109659 0.789066
-117.958750 35.334306 -0.021552 1.000000 -0.603779 -0.109597 0.789582
-117.923194 36.152083 0.006869 1.000000 -0.620010 -0.110912 0.776715
-117.923194 36.116528 0.007620 1.000000 -0.619469 -0.110876 0.777152
-117.923194 36.080972 0.003843 1.000000 -0.618735 -0.110807 0.777746
-117.923194 36.045417 0.009782 1.000000 -0.618122 -0.110759 0.778241
-117.923194 36.009861 0.018958 1.000000 -0.617548 -0.110717 0.778702
-117.923194 35.974306 0.031577 1.000000 -0.616989 -0.110678 0.779150
-117.923194 35.903194 0.054968 1.000000 -0.615994 -0.110621 0.779945
-117.923194 35.867639 0.059025 1.000000 -0.615442 -0.110582 0.780386
-117.923194 35.832083 0.064407 1.000000 -0.614791 -0.110526 0.780907
-117.923194 35.689861 0.034718 1.000000 -0.612618 -0.110376 0.782634
-117.923194 35.654306 0.026667 1.000000 -0.612155 -0.110352 0.783000
-117.923194 35.618750 0.017897 1.000000 -0.611361 -0.110270 0.783631
-117.923194 35.583194 0.005131 1.000000 -0.610720 -0.110214 0.784139
-117.923194 35.547639 -0.000850 1.000000 -0.610096 -0.110161 0.784632
-117.923194 35.512083 -0.010014 1.000000 -0.609513 -0.110115 0.785092
-117.923194 35.476528 -0.014457 1.000000 -0.608954 -0.110073 0.785531
-117.923194 35.440972 -0.019092 1.000000 -0.608417 -0.110035 0.785952
-117.923194 35.405417 -0.018417 1.000000 -0.607758 -0.109975 0.786470
-117.923194 35.369861 -0.030248 1.000000 -0.607114 -0.109918 0.786976
-117.887639 36.152083 0.000147 1.000000 -0.622649 -0.111149 0.774567
-117.887639 36.116528 0.003067 1.000000 -0.622119 -0.111116 0.774997
-117.887639 36.080972 0.015327 1.000000 -0.621381 -0.111047 0.775599
-117.887639 36.045417 0.006320 1.000000 -0.620725 -0.110992 0.776133
-117.887639 36.009861 0.019790 1.000000 -0.620134 -0.110948 0.776611
-117.887639 35.725417 0.063907 1.000000 -0.615549 -0.110615 0.780298
-117.887639 35.654306 0.025321 1.000000 -0.614492 -0.110545 0.781140
-117.887639 35.618750 0.020140 1.000000 -0.613876 -0.110495 0.781631
-117.887639 35.583194 0.010361 1.000000 -0.613308 -0.110453 0.782083
-117.887639 35.547639 -0.002885 1.000000 -0.612705 -0.110405 0.782562
-117.887639 35.512083 -0.010408 1.000000 -0.612168 -0.110367 0.782987
-117.887639 35.476528 -0.018566 1.000000 -0.611676 -0.110338 0.783376
-117.887639 35.440972 -0.024594 1.000000 -0.611087 -0.110291 0.783842
-117.887639 35.405417 -0.018375 1.000000 -0.610570 -0.110257 0.784250
-117.887639 35.369861 -0.021369 1.000000 -0.609695 -0.110160 0.784943
-117.887639 35.334306 -0.030337 1.000000 -0.609092 -0.110110 0.785419
-117.852083 36.152083 -0.002901 1.000000 -0.625222 -0.111373 0.772459
-117.852083 36.116528 0.004022 1.000000 -0.624622 -0.111328 0.772951
-117.852083 36.080972 0.002280 1.000000 -0.624048 -0.111289 0.773420
-117.852083 36.045417 -0.000323 1.000000 -0.623370 -0.111230 0.773975
-117.852083 36.009861 0.008143 1.000000 -0.622733 -0.111179 0.774495
-117.852083 35.689861 0.062973 1.000000 -0.617517 -0.110799 0.778715
-117.852083 35.618750 0.029516 1.000000 -0.616422 -0.110724 0.779592
-117.852083 35.583194 0.016235 1.000000 -0.615885 -0.110688 0.780021
-117.852083 35.547639 0.007186 1.000000 -0.615337 -0.110650 0.780459
-117.852083 35.512083 -0.002396 1.000000 -0.614907 -0.110632 0.780801
-117.852083 35.476528 -0.018417 1.000000 -0.614470 -0.110613 0.781147
-117.852083 35.440972 -0.022997 1.000000 -0.613764 -0.110547 0.781712
-117.852083 35.405417 -0.022137 1.000000 -0.613148 -0.110496 0.782202
-117.852083 35.369861 -0.034266 1.000000 -0.612321 -0.110408 0.782862
-117.852083 35.334306 -0.029651 1.000000 -0.611744 -0.110363 0.783319
-117.816528 36.152083 -0.003440 1.000000 -0.627838 -0.111602 0.770302
-117.816528 36.116528 -0.000396 1.000000 -0.627150 -0.111543 0.770871
-117.816528 36.080972 -0.003364 1.000000 -0.626585 -0.111506 0.771335
-117.816528 36.045417 -0.002179 1.000000 -0.625937 -0.111453 0.771868
-117.816528 36.009861 -0.003738 1.000000 -0.625362 -0.111414 0.772341
-117.816528 35.618750 0.044459 1.000000 -0.618994 -0.110956 0.777519
-117.816528 35.583194 0.028549 1.000000 -0.618456 -0.110920 0.777952
-117.816528 35.547639 0.010164 1.000000 -0.617952 -0.110890 0.778357
-117.816528 35.512083 -0.003691 1.000000 -0.617475 -0.110865 0.778738
-117.816528 35.476528 -0.022395 1.000000 -0.616938 -0.110829 0.779169
-117.816528 35.440972 -0.019634 1.000000 -0.616486 -0.110808 0.779530
-117.816528 35.405417 -0.025810 1.000000 -0.615663 -0.110722 0.780192
-117.816528 35.369861 -0.033489 1.000000 -0.614962 -0.110656 0.780754
-117.816528 35.334306 -0.016546 1.000000 -0.614410 -0.110617 0.781194
-117.780972 36.152083 -0.004919 1.000000 -0.630383 -0.111817 0.768189
-117.780972 36.116528 -0.005187 1.000000 -0.629719 -0.111763 0.768741
-117.780972 36.080972 0.001200 1.000000 -0.629052 -0.111709 0.769295
-117.780972 36.045417 0.002133 1.000000 -0.628390 -0.111655 0.769843
-117.780972 36.009861 0.010983 1.000000 -0.627841 -0.111620 0.770297
-117.780972 35.547639 0.009666 1.000000 -0.620541 -0.111125 0.776261
-117.780972 35.512083 -0.010065 1.000000 -0.620032 -0.111094 0.776671
-117.780972 35.476528 -0.021716 1.000000 -0.619496 -0.111059 0.777104
-117.780972 35.440972 -0.028968 1.000000 -0.618950 -0.111022 0.777544
-117.780972 35.405417 -0.047209 1.000000 -0.618182 -0.110946 0.778166
-117.780972 35.369861 -0.031279 1.000000 -0.617599 -0.110902 0.778635
-117.780972 35.334306 -0.005421 1.000000 -0.617081 -0.110869 0.779050
-117.745417 36.152083 -0.001380 1.000000 -0.632917 -0.112029 0.766071
-117.745417 36.116528 0.003315 1.000000 -0.632235 -0.111972 0.766643
-117.745417 36.080972 0.008925 1.000000 -0.631468 -0.111901 0.767285
-117.745417 36.045417 0.006158 1.000000 -0.630856 -0.111857 0.767795
-117.745417 36.009861 0.011587 1.000000 -0.630291 -0.111820 0.768264
-117.745417 35.974306 0.020859 1.000000 -0.629621 -0.111765 0.768822
-117.745417 35.547639 0.002344 1.000000 -0.623074 -0.111347 0.774197
-117.745417 35.512083 -0.005832 1.000000 -0.622559 -0.111317 0.774616
-117.745417 35.476528 -0.020049 1.000000 -0.622037 -0.111285 0.775039
-117.745417 35.440972 -0.044982 1.000000 -0.621464 -0.111244 0.775505
-117.745417 35.405417 -0.037305 1.000000 -0.620784 -0.111183 0.776058
-117.745417 35.369861 -0.030055 1.000000 -0.620233 -0.111146 0.776504
-117.745417 35.334306 -0.007372 1.000000 -0.619760 -0.111122 0.776884
-117.709861 36.152083 -0.000504 1.000000 -0.635467 -0.112241 0.763926
-117.709861 36.116528 0.009140 1.000000 -0.634760 -0.112181 0.764523
-117.709861 36.080972 0.008221 1.000000 -0.634064 -0.112123 0.765108
-117.709861 36.045417 0.005753 1.000000 -0.633461 -0.112081 0.765614
-117.709861 36.009861 0.010259 1.000000 -0.632849 -0.112036 0.766127
-117.709861 35.974306 0.015327 1.000000 -0.632151 -0.111977 0.766712
-117.709861 35.476528 -0.039766 1.000000 -0.624777 -0.111543 0.772795
-117.709861 35.440972 -0.038207 1.000000 -0.624054 -0.111476 0.773388
-117.709861 35.405417 -0.037409 1.000000 -0.623391 -0.111420 0.773931
-117.709861 35.369861 -0.020056 1.000000 -0.622881 -0.111390 0.774346
-117.709861 35.334306 -0.011141 1.000000 -0.622468 -0.111377 0.774680
-117.674306 36.152083 0.004350 1.000000 -0.637847 -0.112423 0.761914
-117.674306 36.116528 0.014846 1.000000 -0.637244 -0.112381 0.762425
-117.674306 36.080972 0.014672 1.000000 -0.636648 -0.112341 0.762927
-117.674306 36.045417 0.022553 1.000000 -0.636045 -0.112299 0.763436
-117.674306 36.009861 0.021549 1.000000 -0.635430 -0.112255 0.763955
-117.674306 35.974306 0.019981 1.000000 -0.634780 -0.112205 0.764503
-117.674306 35.476528 -0.039569 1.000000 -0.627260 -0.111755 0.770750
-117.674306 35.440972 -0.045908 1.000000 -0.626604 -0.111700 0.771292
-117.674306 35.405417 -0.031472 1.000000 -0.625994 -0.111653 0.771793
-117.674306 35.369861 -0.023771 1.000000 -0.625528 -0.111632 0.772174
-117.674306 35.334306 -0.021385 1.000000 -0.625126 -0.111622 0.772501
-117.638750 36.152083 0.012917 1.000000 -0.640201 -0.112598 0.759911
-117.638750 36.116528 0.021346 1.000000 -0.639688 -0.112572 0.760346
-117.638750 36.080972 0.025263 1.000000 -0.639147 -0.112542 0.760806
-117.638750 36.045417 0.026725 1.000000 -0.638593 -0.112510 0.761276
-117.638750 36.009861 0.026919 1.000000 -0.637985 -0.112467 0.761791
-117.638750 35.974306 0.029447 1.000000 -0.637329 -0.112417 0.762348
-117.638750 35.512083 -0.044452 1.000000 -0.630217 -0.111986 0.768301
-117.638750 35.476528 -0.048995 1.000000 -0.629703 -0.111957 0.768726
-117.638750 35.440972 -0.049179 1.000000 -0.629117 -0.111916 0.769211
-117.638750 35.405417 -0.039270 1.000000 -0.628593 -0.111885 0.769645
-117.638750 35.369861 -0.024497 1.000000 -0.628117 -0.111862 0.770036
-117.638750 35.334306 -0.019011 1.000000 -0.627588 -0.111830 0.770472
-117.603194 36.152083 0.022821 1.000000 -0.642548 -0.112770 0.757902
-117.603194 36.116528 0.024657 1.000000 -0.642099 -0.112756 0.758284
-117.603194 36.080972 0.030217 1.000000 -0.641567 -0.112728 0.758739
-117.603194 36.045417 0.033156 1.000000 -0.641077 -0.112707 0.759156
-117.603194 36.009861 0.033646 1.000000 -0.640435 -0.112660 0.759705
-117.603194 35.974306 0.039135 1.000000 -0.639873 -0.112626 0.760183
-117.603194 35.547639 -0.061031 1.000000 -0.633291 -0.112234 0.765732
-117.603194 35.512083 -0.053780 1.000000 -0.632689 -0.112191 0.766236
-117.603194 35.476528 -0.060696 1.000000 -0.632206 -0.112169 0.766638
-117.603194 35.440972 -0.048126 1.000000 -0.631650 -0.112133 0.767101
-117.603194 35.405417 -0.032720 1.000000 -0.631104 -0.112099 0.767556
-117.603194 35.369861 -0.027962 1.000000 -0.630645 -0.112080 0.767935
-117.603194 35.334306 -0.020397 1.000000 -0.630082 -0.112043 0.768403
-117.567639 36.152083 0.026389 1.000000 -0.644880 -0.112938 0.755894
-117.567639 36.116528 0.033617 1.000000 -0.644405 -0.112921 0.756301
-117.567639 36.080972 0.031821 1.000000 -0.644011 -0.112917 0.756637
-117.567639 36.045417 0.036975 1.000000 -0.643532 -0.112898 0.757047
-117.567639 36.009861 0.044821 1.000000 -0.642929 -0.112858 0.757565
-117.567639 35.974306 0.050663 1.000000 -0.642434 -0.112837 0.757988
-117.567639 35.938750 0.036349 1.000000 -0.641846 -0.112799 0.758492
-117.567639 35.547639 -0.064724 1.000000 -0.635731 -0.112432 0.763679
-117.567639 35.512083 -0.061469 1.000000 -0.635132 -0.112390 0.764183
-117.567639 35.476528 -0.057775 1.000000 -0.634703 -0.112377 0.764542
-117.567639 35.440972 -0.041475 1.000000 -0.634229 -0.112356 0.764938
-117.567639 35.405417 -0.029305 1.000000 -0.633683 -0.112323 0.765395
-117.567639 35.369861 -0.028035 1.000000 -0.633149 -0.112292 0.765841
-117.567639 35.334306 -0.018040 1.000000 -0.632599 -0.112257 0.766300
-117.532083 36.152083 0.035191 1.000000 -0.647248 -0.113111 0.753841
-117.532083 36.116528 0.032815 1.000000 -0.646862 -0.113109 0.754172
-117.532083 36.080972 0.033108 1.000000 -0.646401 -0.113094 0.754570
-117.532083 36.045417 0.036206 1.000000 -0.645938 -0.113079 0.754969
-117.532083 36.009861 0.049653 1.000000 -0.645397 -0.113050 0.755435
-117.532083 35.974306 0.049207 1.000000 -0.644924 -0.113033 0.755841
-117.532083 35.938750 0.043693 1.000000 -0.644350 -0.112998 0.756337
-117.532083 35.547639 -0.054015 1.000000 -0.638160 -0.112626 0.761621
-117.532083 35.512083 -0.065497 1.000000 -0.637565 -0.112585 0.762126
-117.532083 35.476528 -0.051802 1.000000 -0.637181 -0.112581 0.762447
-117.532083 35.440972 -0.030253 1.000000 -0.636802 -0.112577 0.762764
-117.532083 35.405417 -0.021860 1.000000 -0.636199 -0.112534 0.763274
-117.532083 35.369861 -0.029590 1.000000 -0.635544 -0.112483 0.763826
-117.532083 35.334306 -0.019997 1.000000 -0.634983 -0.112447 0.764299
-117.496528 36.152083 0.023376 1.000000 -0.649896 -0.113329 0.751526
-117.496528 36.116528 0.025603 1.000000 -0.649676 -0.113356 0.751713
-117.496528 36.080972 0.033229 1.000000 -0.648899 -0.113289 0.752393
-117.496528 36.045417 0.040286 1.000000 -0.648258 -0.113243 0.752953
-117.496528 36.009861 0.049582 1.000000 -0.647755 -0.113222 0.753388
-117.496528 35.974306 0.038317 1.000000 -0.647287 -0.113206 0.753793
-117.496528 35.938750 0.045257 1.000000 -0.646755 -0.113179 0.754254
-117.496528 35.512083 -0.061237 1.000000 -0.639990 -0.112777 0.760062
-117.496528 35.476528 -0.043913 1.000000 -0.639548 -0.112763 0.760436
-117.496528 35.440972 -0.034222 1.000000 -0.639175 -0.112761 0.760750
-117.496528 35.405417 -0.025991 1.000000 -0.638578 -0.112720 0.761257
-117.496528 35.369861 -0.014062 1.000000 -0.637976 -0.112679 0.761768
-117.496528 35.334306 -0.009598 1.000000 -0.637422 -0.112645 0.762237
-117.460972 36.152083 0.019826 1.000000 -0.652162 -0.113481 0.749538
-117.460972 36.116528 0.023541 1.000000 -0.651717 -0.113470 0.749927
-117.460972 36.080972 0.029231 1.000000 -0.651324 -0.113468 0.750268
-117.460972 36.045417 0.031335 1.000000 -0.650714 -0.113429 0.750803
-117.460972 36.009861 0.038650 1.000000 -0.650104 -0.113390 0.751338
-117.460972 35.974306 0.025432 1.000000 -0.649569 -0.113364 0.751804
-117.460972 35.938750 0.020987 1.000000 -0.649076 -0.113344 0.752232
-117.460972 35.476528 -0.050032 1.000000 -0.641969 -0.112954 0.758365
-117.460972 35.440972 -0.026792 1.000000 -0.641546 -0.112944 0.758724
-117.460972 35.405417 -0.009203 1.000000 -0.641032 -0.112918 0.759162
-117.460972 35.369861 -0.003211 1.000000 -0.640534 -0.112894 0.759586
-117.460972 35.334306 -0.000114 1.000000 -0.639882 -0.112844 0.760143
-117.425417 36.152083 0.012951 1.000000 -0.654167 -0.113586 0.747773
-117.425417 36.116528 0.016957 1.000000 -0.653784 -0.113587 0.748107
-117.425417 36.080972 0.027684 1.000000 -0.653335 -0.113576 0.748501
-117.425417 36.045417 0.035704 1.000000 -0.652789 -0.113548 0.748982
-117.425417 36.009861 0.031716 1.000000 -0.652359 -0.113541 0.749357
-117.425417 35.974306 0.016179 1.000000 -0.651851 -0.113519 0.749803
-117.425417 35.938750 0.008061 1.000000 -0.651400 -0.113508 0.750196
-117.425417 35.440972 -0.019074 1.000000 -0.643924 -0.113125 0.756680
-117.425417 35.405417 -0.011914 1.000000 -0.643496 -0.113115 0.757046
-117.425417 35.369861 -0.000014 1.000000 -0.642920 -0.113079 0.757540
-117.425417 35.334306 0.000618 1.000000 -0.642349 -0.113043 0.758029
-117.389861 36.152083 0.012869 1.000000 -0.656239 -0.113702 0.745937
-117.389861 36.116528 0.019231 1.000000 -0.655763 -0.113687 0.746358
-117.389861 36.080972 0.019204 1.000000 -0.655354 -0.113684 0.746718
-117.389861 36.045417 0.023466 1.000000 -0.654887 -0.113670 0.747130
-117.389861 36.009861 0.018146 1.000000 -0.654491 -0.113669 0.747477
-117.389861 35.974306 0.018024 1.000000 -0.654001 -0.113651 0.747907
-117.389861 35.938750 0.000189 1.000000 -0.653621 -0.113652 0.748240
-117.389861 35.476528 -0.031510 1.000000 -0.646842 -0.113334 0.754156
-117.389861 35.440972 -0.018648 1.000000 -0.646308 -0.113306 0.754617
-117.389861 35.405417 -0.013296 1.000000 -0.645838 -0.113289 0.755023
-117.389861 35.369861 -0.005410 1.000000 -0.645345 -0.113268 0.755447
-117.389861 35.334306 0.000287 1.000000 -0.644836 -0.113244 0.755886
-117.354306 36.152083 0.012457 1.000000 -0.658447 -0.113839 0.743968
-117.354306 36.116528 0.020322 1.000000 -0.657958 -0.113823 0.744403
-117.354306 36.080972 0.019617 1.000000 -0.657527 -0.113816 0.744784
-117.354306 36.045417 0.018963 1.000000 -0.657073 -0.113805 0.745187
-117.354306 36.009861 0.016024 1.000000 -0.656572 -0.113787 0.745631
-117.354306 35.974306 0.012408 1.000000 -0.656169 -0.113784 0.745986
-117.354306 35.938750 -0.009527 1.000000 -0.655718 -0.113774 0.746384
-117.354306 35.476528 -0.032070 1.000000 -0.649209 -0.113510 0.752092
-117.354306 35.440972 -0.021087 1.000000 -0.648706 -0.113488 0.752530
-117.354306 35.405417 -0.012286 1.000000 -0.648243 -0.113473 0.752931
-117.354306 35.369861 -0.006229 1.000000 -0.647801 -0.113461 0.753313
-117.354306 35.334306 0.001110 1.000000 -0.647324 -0.113443 0.753726
-117.318750 36.152083 0.007516 1.000000 -0.660677 -0.113978 0.741967
-117.318750 36.116528 0.012668 1.000000 -0.660194 -0.113963 0.742399
-117.318750 36.080972 0.021327 1.000000 -0.659742 -0.113954 0.742802
-117.318750 36.045417 0.012102 1.000000 -0.659295 -0.113945 0.743200
-117.318750 36.009861 0.007751 1.000000 -0.658811 -0.113930 0.743632
-117.318750 35.974306 -0.000983 1.000000 -0.658379 -0.113923 0.744016
-117.318750 35.938750 -0.018190 1.000000 -0.658010 -0.113927 0.744341
-117.318750 35.476528 -0.029245 1.000000 -0.651562 -0.113682 0.750029
-117.318750 35.440972 -0.026164 1.000000 -0.651134 -0.113674 0.750402
-117.318750 35.405417 -0.015518 1.000000 -0.650665 -0.113658 0.750811
-117.318750 35.369861 -0.006426 1.000000 -0.650217 -0.113646 0.751201
-117.318750 35.334306 0.001050 1.000000 -0.649788 -0.113636 0.751574
-117.283194 36.152083 0.010383 1.000000 -0.662939 -0.114121 0.739924
-117.283194 36.116528 0.008785 1.000000 -0.662446 -0.114105 0.740368
-117.283194 36.080972 0.011924 1.000000 -0.661974 -0.114093 0.740792
-117.283194 36.045417 0.007375 1.000000 -0.661519 -0.114083 0.741200
-117.283194 36.009861 -0.000460 1.000000 -0.661052 -0.114072 0.741618
-117.283194 35.974306 -0.008031 1.000000 -0.660571 -0.114057 0.742049
-117.283194 35.938750 -0.026287 1.000000 -0.660200 -0.114061 0.742379
-117.283194 35.903194 -0.056344 1.000000 -0.659829 -0.114066 0.742707
-117.283194 35.476528 -0.042516 1.000000 -0.653939 -0.113856 0.747931
-117.283194 35.440972 -0.028417 1.000000 -0.653517 -0.113849 0.748300
-117.283194 35.405417 -0.019751 1.000000 -0.653115 -0.113846 0.748652
-117.283194 35.369861 -0.006505 1.000000 -0.652611 -0.113825 0.749095
-117.283194 35.334306 -0.000661 1.000000 -0.652154 -0.113811 0.749494
-117.247639 36.152083 0.013507 1.000000 -0.665207 -0.114263 0.737864
-117.247639 36.116528 0.010962 1.000000 -0.664707 -0.114247 0.738317
-117.247639 36.080972 0.002260 1.000000 -0.664233 -0.114235 0.738746
-117.247639 36.045417 -0.007423 1.000000 -0.663761 -0.114223 0.739171
-117.247639 36.009861 -0.015552 1.000000 -0.663288 -0.114211 0.739598
-117.247639 35.974306 -0.020081 1.000000 -0.662808 -0.114198 0.740030
-117.247639 35.938750 -0.038127 1.000000 -0.662336 -0.114185 0.740454
-117.247639 35.903194 -0.055394 1.000000 -0.661938 -0.114185 0.740810
-117.247639 35.832083 -0.107734 1.000000 -0.661357 -0.114221 0.741323
-117.247639 35.796528 -0.128622 1.000000 -0.660701 -0.114177 0.741915
-117.247639 35.476528 -0.046766 1.000000 -0.656303 -0.114027 0.745831
-117.247639 35.440972 -0.030537 1.000000 -0.655924 -0.114027 0.746165
-117.247639 35.405417 -0.018986 1.000000 -0.655542 -0.114028 0.746500
-117.247639 35.369861 -0.007650 1.000000 -0.655055 -0.114010 0.746930
-117.247639 35.334306 -0.001771 1.000000 -0.654521 -0.113985 0.747402
-117.212083 36.152083 0.014194 1.000000 -0.667508 -0.114409 0.735761
-117.212083 36.116528 0.007972 1.000000 -0.667001 -0.114393 0.736223
-117.212083 36.080972 -0.002432 1.000000 -0.666537 -0.114383 0.736645
-117.212083 36.045417 -0.005081 1.000000 -0.666075 -0.114373 0.737064
-117.212083 36.009861 -0.021435 1.000000 -0.665610 -0.114363 0.737485
-117.212083 35.974306 -0.021320 1.000000 -0.665104 -0.114346 0.737944
-117.212083 35.938750 -0.042550 1.000000 -0.664608 -0.114330 0.738393
-117.212083 35.903194 -0.058999 1.000000 -0.664132 -0.114318 0.738823
-117.212083 35.832083 -0.100981 1.000000 -0.663538 -0.114352 0.739352
-117.212083 35.796528 -0.121267 1.000000 -0.663187 -0.114361 0.739665
-117.212083 35.760972 -0.132530 1.000000 -0.662604 -0.114329 0.740192
-117.212083 35.725417 -0.145425 1.000000 -0.662053 -0.114303 0.740689
-117.212083 35.689861 -0.160954 1.000000 -0.661487 -0.114274 0.741199
-117.212083 35.654306 -0.166258 1.000000 -0.661106 -0.114277 0.741538
-117.212083 35.618750 -0.162429 1.000000 -0.660874 -0.114304 0.741741
-117.212083 35.512083 -0.071210 1.000000 -0.659060 -0.114196 0.743370
-117.212083 35.476528 -0.049561 1.000000 -0.658741 -0.114207 0.743651
-117.212083 35.440972 -0.034319 1.000000 -0.658242 -0.114189 0.744095
-117.212083 35.405417 -0.016224 1.000000 -0.657874 -0.114192 0.744420
-117.212083 35.369861 -0.010131 1.000000 -0.657429 -0.114183 0.744815
-117.212083 35.334306 -0.003135 1.000000 -0.656891 -0.114157 0.745293
-117.176528 36.152083 -0.005821 1.000000 -0.670172 -0.114615 0.733303
-117.176528 36.116528 0.000120 1.000000 -0.669624 -0.114592 0.733807
-117.176528 36.080972 -0.005533 1.000000 -0.669130 -0.114578 0.734260
-117.176528 36.045417 -0.009958 1.000000 -0.668570 -0.114552 0.734773
-117.176528 36.009861 -0.024058 1.000000 -0.668226 -0.114563 0.735085
-117.176528 35.974306 -0.032464 1.000000 -0.667759 -0.114553 0.735511
-117.176528 35.938750 -0.036961 1.000000 -0.667082 -0.114508 0.736132
-117.176528 35.903194 -0.051331 1.000000 -0.666548 -0.114486 0.736619
-117.176528 35.832083 -0.094942 1.000000 -0.665513 -0.114448 0.737560
-117.176528 35.760972 -0.125875 1.000000 -0.664933 -0.114485 0.738077
-117.176528 35.725417 -0.139439 1.000000 -0.664520 -0.114483 0.738448
-117.176528 35.689861 -0.149102 1.000000 -0.663950 -0.114454 0.738966
-117.176528 35.654306 -0.148339 1.000000 -0.663554 -0.114455 0.739322
-117.176528 35.618750 -0.141837 1.000000 -0.663177 -0.114458 0.739659
-117.176528 35.512083 -0.069737 1.000000 -0.661369 -0.114353 0.741293
-117.176528 35.476528 -0.044003 1.000000 -0.661026 -0.114361 0.741597
-117.176528 35.440972 -0.029345 1.000000 -0.660653 -0.114364 0.741929
-117.176528 35.405417 -0.014405 1.000000 -0.660151 -0.114346 0.742378
-117.176528 35.369861 -0.005885 1.000000 -0.659683 -0.114333 0.742796
-117.176528 35.334306 -0.001020 1.000000 -0.659166 -0.114311 0.743259
-117.140972 36.152083 -0.012981 1.000000 -0.672741 -0.114802 0.730917
-117.140972 36.116528 -0.006367 1.000000 -0.672048 -0.114756 0.731562
-117.140972 36.080972 -0.009447 1.000000 -0.671638 -0.114756 0.731938
-117.140972 36.045417 -0.010415 1.000000 -0.671213 -0.114754 0.732328
-117.140972 36.009861 -0.027806 1.000000 -0.670826 -0.114758 0.732682
-117.140972 35.974306 -0.035917 1.000000 -0.670295 -0.114738 0.733171
-117.140972 35.938750 -0.046221 1.000000 -0.669686 -0.114705 0.733733
-117.140972 35.903194 -0.052361 1.000000 -0.669237 -0.114698 0.734144
-117.140972 35.867639 -0.059639 1.000000 -0.668513 -0.114645 0.734811
-117.140972 35.832083 -0.083712 1.000000 -0.667875 -0.114606 0.735397
-117.140972 35.796528 -0.100733 1.000000 -0.667343 -0.114585 0.735883
-117.140972 35.760972 -0.121736 1.000000 -0.666942 -0.114586 0.736246
-117.140972 35.725417 -0.131574 1.000000 -0.666570 -0.114591 0.736582
-117.140972 35.689861 -0.138407 1.000000 -0.666135 -0.114586 0.736976
-117.140972 35.654306 -0.131515 1.000000 -0.665750 -0.114589 0.737324
-117.140972 35.547639 -0.078808 1.000000 -0.664108 -0.114514 0.738814
-117.140972 35.512083 -0.058647 1.000000 -0.663671 -0.114507 0.739209
-117.140972 35.476528 -0.046330 1.000000 -0.663239 -0.114501 0.739597
-117.140972 35.440972 -0.023839 1.000000 -0.662972 -0.114523 0.739833
-117.140972 35.405417 -0.012356 1.000000 -0.662445 -0.114501 0.740308
-117.140972 35.369861 -0.005486 1.000000 -0.661925 -0.114479 0.740777
-117.140972 35.334306 0.001898 1.000000 -0.661424 -0.114461 0.741226
-117.105417 36.152083 -0.012420 1.000000 -0.675223 -0.114973 0.728598
-117.105417 36.116528 -0.010970 1.000000 -0.674468 -0.114917 0.729306
-117.105417 36.080972 -0.014597 1.000000 -0.674027 -0.114913 0.729714
-117.105417 36.045417 -0.023752 1.000000 -0.673717 -0.114931 0.729998
-117.105417 36.009861 -0.025462 1.000000 -0.673167 -0.114909 0.730508
-117.105417 35.974306 -0.032726 1.000000 -0.672668 -0.114895 0.730970
-117.105417 35.938750 -0.042522 1.000000 -0.671996 -0.114851 0.731595
-117.105417 35.903194 -0.056255 1.000000 -0.671499 -0.114837 0.732053
-117.105417 35.867639 -0.060783 1.000000 -0.670821 -0.114793 0.732681
-117.105417 35.832083 -0.076888 1.000000 -0.670329 -0.114779 0.733134
-117.105417 35.796528 -0.086448 1.000000 -0.669748 -0.114750 0.733669
-117.105417 35.654306 -0.113774 1.000000 -0.667816 -0.114699 0.735436
-117.105417 35.618750 -0.102372 1.000000 -0.667459 -0.114707 0.735758
-117.105417 35.583194 -0.083497 1.000000 -0.666874 -0.114676 0.736294
-117.105417 35.547639 -0.072414 1.000000 -0.666395 -0.114663 0.736730
-117.105417 35.512083 -0.052483 1.000000 -0.665965 -0.114659 0.737118
-117.105417 35.476528 -0.039674 1.000000 -0.665537 -0.114654 0.737506
-117.105417 35.440972 -0.024399 1.000000 -0.665212 -0.114666 0.737797
-117.105417 35.405417 -0.013386 1.000000 -0.664782 -0.114661 0.738185
-117.105417 35.369861 -0.006420 1.000000 -0.664210 -0.114631 0.738705
-117.105417 35.334306 0.002485 1.000000 -0.663701 -0.114612 0.739165
-117.069861 36.152083 -0.014594 1.000000 -0.677516 -0.115111 0.726444
-117.069861 36.116528 -0.018509 1.000000 -0.676871 -0.115074 0.727051
-117.069861 36.080972 -0.024346 1.000000 -0.676408 -0.115067 0.727484
-117.069861 36.045417 -0.027533 1.000000 -0.676005 -0.115070 0.727857
-117.069861 36.009861 -0.029839 1.000000 -0.675350 -0.115031 0.728471
-117.069861 35.974306 -0.033910 1.000000 -0.674765 -0.115003 0.729017
-117.069861 35.938750 -0.037662 1.000000 -0.674046 -0.114953 0.729690
-117.069861 35.903194 -0.050741 1.000000 -0.673601 -0.114948 0.730101
-117.069861 35.867639 -0.054511 1.000000 -0.673065 -0.114928 0.730599
-117.069861 35.832083 -0.073501 1.000000 -0.672683 -0.114933 0.730950
-117.069861 35.796528 -0.079377 1.000000 -0.672019 -0.114891 0.731567
-117.069861 35.760972 -0.082215 1.000000 -0.671436 -0.114862 0.732107
-117.069861 35.725417 -0.086862 1.000000 -0.670972 -0.114854 0.732533
-117.069861 35.689861 -0.085286 1.000000 -0.670556 -0.114852 0.732915
-117.069861 35.654306 -0.091674 1.000000 -0.670026 -0.114832 0.733402
-117.069861 35.618750 -0.080913 1.000000 -0.669573 -0.114824 0.733817
-117.069861 35.583194 -0.070196 1.000000 -0.669091 -0.114812 0.734258
-117.069861 35.547639 -0.060004 1.000000 -0.668639 -0.114804 0.734671
-117.069861 35.512083 -0.047560 1.000000 -0.668261 -0.114809 0.735014
-117.069861 35.476528 -0.034489 1.000000 -0.667891 -0.114814 0.735350
-117.069861 35.440972 -0.027411 1.000000 -0.667551 -0.114825 0.735657
-117.069861 35.405417 -0.015524 1.000000 -0.667150 -0.114825 0.736020
-117.069861 35.369861 -0.004504 1.000000 -0.666527 -0.114787 0.736590
-117.069861 35.334306 0.000179 1.000000 -0.665980 -0.114763 0.737089
-117.034306 36.152083 -0.022449 1.000000 -0.679280 -0.115160 0.724788
-117.034306 36.116528 -0.026319 1.000000 -0.678916 -0.115170 0.725127
-117.034306 36.080972 -0.021811 1.000000 -0.678339 -0.115145 0.725670
-117.034306 36.045417 -0.023406 1.000000 -0.678034 -0.115165 0.725953
-117.034306 36.009861 -0.030766 1.000000 -0.677426 -0.115134 0.726525
-117.034306 35.974306 -0.032086 1.000000 -0.676736 -0.115089 0.727174
-117.034306 35.938750 -0.034986 1.000000 -0.676197 -0.115070 0.727678
-117.034306 35.903194 -0.040775 1.000000 -0.675785 -0.115071 0.728061
-117.034306 35.867639 -0.045956 1.000000 -0.675345 -0.115067 0.728471
-117.034306 35.832083 -0.060194 1.000000 -0.674825 -0.115050 0.728954
-117.034306 35.796528 -0.074240 1.000000 -0.674225 -0.115019 0.729515
-117.034306 35.760972 -0.079138 1.000000 -0.673648 -0.114993 0.730051
-117.034306 35.725417 -0.076972 1.000000 -0.673215 -0.114989 0.730452
-117.034306 35.689861 -0.077148 1.000000 -0.673052 -0.115031 0.730594
-117.034306 35.654306 -0.073100 1.000000 -0.672349 -0.114982 0.731249
-117.034306 35.618750 -0.069702 1.000000 -0.671932 -0.114981 0.731633
-117.034306 35.583194 -0.059672 1.000000 -0.671337 -0.114951 0.732183
-117.034306 35.547639 -0.050975 1.000000 -0.670891 -0.114944 0.732593
-117.034306 35.512083 -0.047335 1.000000 -0.670523 -0.114951 0.732929
-117.034306 35.476528 -0.031982 1.000000 -0.670128 -0.114953 0.733290
-117.034306 35.440972 -0.025052 1.000000 -0.669707 -0.114951 0.733675
-117.034306 35.405417 -0.019273 1.000000 -0.669332 -0.114956 0.734016
-117.034306 35.369861 -0.011033 1.000000 -0.668813 -0.114937 0.734492
-117.034306 35.334306 -0.001512 1.000000 -0.668260 -0.114911 0.734999
-116.998750 36.152083 -0.028431 1.000000 -0.681199 -0.115233 0.722972
-116.998750 36.116528 -0.032911 1.000000 -0.680630 -0.115210 0.723512
-116.998750 36.080972 -0.028690 1.000000 -0.680258 -0.115219 0.723860
-116.998750 36.045417 -0.026919 1.000000 -0.679820 -0.115217 0.724272
-116.998750 36.009861 -0.026568 1.000000 -0.679386 -0.115216 0.724679
-116.998750 35.974306 -0.031931 1.000000 -0.678864 -0.115200 0.725170
-116.998750 35.938750 -0.036832 1.000000 -0.678285 -0.115174 0.725716
-116.998750 35.903194 -0.042072 1.000000 -0.677882 -0.115178 0.726093
-116.998750 35.867639 -0.047266 1.000000 -0.677478 -0.115181 0.726468
-116.998750 35.832083 -0.051275 1.000000 -0.676889 -0.115153 0.727022
-116.998750 35.796528 -0.064581 1.000000 -0.676378 -0.115137 0.727500
-116.998750 35.760972 -0.063681 1.000000 -0.675826 -0.115115 0.728017
-116.998750 35.725417 -0.072044 1.000000 -0.675411 -0.115116 0.728401
-116.998750 35.689861 -0.070302 1.000000 -0.675177 -0.115146 0.728613
-116.998750 35.654306 -0.062042 1.000000 -0.674714 -0.115138 0.729043
-116.998750 35.618750 -0.058014 1.000000 -0.674212 -0.115124 0.729510
-116.998750 35.583194 -0.049936 1.000000 -0.673588 -0.115089 0.730092
-116.998750 35.547639 -0.046624 1.000000 -0.673147 -0.115084 0.730499
-116.998750 35.512083 -0.036596 1.000000 -0.672731 -0.115083 0.730882
-116.998750 35.476528 -0.035812 1.000000 -0.672388 -0.115095 0.731196
-116.998750 35.440972 -0.020461 1.000000 -0.671917 -0.115085 0.731630
-116.998750 35.405417 -0.018792 1.000000 -0.671492 -0.115082 0.732021
-116.998750 35.369861 -0.011727 1.000000 -0.671037 -0.115074 0.732439
-116.998750 35.334306 -0.001936 1.000000 -0.670524 -0.115056 0.732912
-116.963194 36.152083 -0.023285 1.000000 -0.683008 -0.115286 0.721255
-116.963194 36.116528 -0.020862 1.000000 -0.682538 -0.115280 0.721701
-116.963194 36.080972 -0.020657 1.000000 -0.682186 -0.115293 0.722032
-116.963194 36.045417 -0.023134 1.000000 -0.681831 -0.115306 0.722365
-116.963194 36.009861 -0.027013 1.000000 -0.681597 -0.115338 0.722581
-116.963194 35.974306 -0.028003 1.000000 -0.680900 -0.115294 0.723244
-116.963194 35.938750 -0.027460 1.000000 -0.680326 -0.115270 0.723788
-116.963194 35.903194 -0.039920 1.000000 -0.680002 -0.115287 0.724090
-116.963194 35.867639 -0.041765 1.000000 -0.679585 -0.115288 0.724481
-116.963194 35.832083 -0.048463 1.000000 -0.679050 -0.115270 0.724986
-116.963194 35.796528 -0.052845 1.000000 -0.678491 -0.115248 0.725512
-116.963194 35.760972 -0.057023 1.000000 -0.678003 -0.115237 0.725970
-116.963194 35.725417 -0.057875 1.000000 -0.677611 -0.115241 0.726335
-116.963194 35.689861 -0.060310 1.000000 -0.677256 -0.115252 0.726664
-116.963194 35.654306 -0.053449 1.000000 -0.676915 -0.115265 0.726980
-116.963194 35.618750 -0.049013 1.000000 -0.676520 -0.115269 0.727347
-116.963194 35.583194 -0.042059 1.000000 -0.675865 -0.115230 0.727962
-116.963194 35.547639 -0.039910 1.000000 -0.675395 -0.115221 0.728400
-116.963194 35.512083 -0.031779 1.000000 -0.674976 -0.115220 0.728788
-116.963194 35.476528 -0.032984 1.000000 -0.674532 -0.115215 0.729199
-116.963194 35.440972 -0.023645 1.000000 -0.674134 -0.115218 0.729567
-116.963194 35.405417 -0.014532 1.000000 -0.673683 -0.115211 0.729984
-116.963194 35.369861 -0.009569 1.000000 -0.673332 -0.115221 0.730307
-116.963194 35.334306 -0.003888 1.000000 -0.672783 -0.115198 0.730816
-116.927639 36.152083 -0.018552 1.000000 -0.684875 -0.115348 0.719473
-116.927639 36.116528 -0.017880 1.000000 -0.684501 -0.115358 0.719827
-116.927639 36.080972 -0.013598 1.000000 -0.684113 -0.115366 0.720194
-116.927639 36.045417 -0.020593 1.000000 -0.683746 -0.115377 0.720541
-116.927639 36.009861 -0.019997 1.000000 -0.683418 -0.115395 0.720849
-116.927639 35.974306 -0.020932 1.000000 -0.683011 -0.115399 0.721234
-116.927639 35.938750 -0.015566 1.000000 -0.682432 -0.115374 0.721786
-116.927639 35.903194 -0.026633 1.000000 -0.682124 -0.115395 0.722074
-116.927639 35.867639 -0.034478 1.000000 -0.681778 -0.115408 0.722399
-116.927639 35.832083 -0.036036 1.000000 -0.681179 -0.115380 0.722968
-116.927639 35.796528 -0.047163 1.000000 -0.680619 -0.115358 0.723499
-116.927639 35.760972 -0.046477 1.000000 -0.680170 -0.115354 0.723921
-116.927639 35.725417 -0.042344 1.000000 -0.679853 -0.115372 0.724216
-116.927639 35.689861 -0.050335 1.000000 -0.679455 -0.115377 0.724589
-116.927639 35.654306 -0.048898 1.000000 -0.679134 -0.115393 0.724888
-116.927639 35.618750 -0.042573 1.000000 -0.678751 -0.115400 0.725244
-116.927639 35.583194 -0.039963 1.000000 -0.678132 -0.115367 0.725829
-116.927639 35.547639 -0.035106 1.000000 -0.677653 -0.115358 0.726277
-116.927639 35.512083 -0.028727 1.000000 -0.677321 -0.115372 0.726585
-116.927639 35.476528 -0.025950 1.000000 -0.676779 -0.115351 0.727093
-116.927639 35.440972 -0.020112 1.000000 -0.676336 -0.115347 0.727505
-116.927639 35.405417 -0.014226 1.000000 -0.675881 -0.115340 0.727929
-116.927639 35.369861 -0.005175 1.000000 -0.675427 -0.115334 0.728352
-116.927639 35.334306 -0.002219 1.000000 -0.674969 -0.115326 0.728777
-116.892083 36.116528 -0.014977 1.000000 -0.686499 -0.115441 0.717909
-116.892083 36.080972 -0.010847 1.000000 -0.686078 -0.115444 0.718310
-116.892083 36.045417 -0.015625 1.000000 -0.685685 -0.115451 0.718684
-116.892083 36.009861 -0.017822 1.000000 -0.685310 -0.115461 0.719041
-116.892083 35.974306 -0.014768 1.000000 -0.684951 -0.115474 0.719380
-116.892083 35.938750 -0.013025 1.000000 -0.684480 -0.115468 0.719830
-116.892083 35.903194 -0.021972 1.000000 -0.684228 -0.115498 0.720064
-116.892083 35.867639 -0.026632 1.000000 -0.683736 -0.115488 0.720532
-116.892083 35.832083 -0.037622 1.000000 -0.683213 -0.115473 0.721031
-116.892083 35.796528 -0.038996 1.000000 -0.682757 -0.115469 0.721464
-116.892083 35.760972 -0.043970 1.000000 -0.682459 -0.115491 0.721742
-116.892083 35.725417 -0.043864 1.000000 -0.682198 -0.115519 0.721984
-116.892083 35.689861 -0.042972 1.000000 -0.681646 -0.115498 0.722508
-116.892083 35.654306 -0.044693 1.000000 -0.681314 -0.115514 0.722820
-116.892083 35.618750 -0.039740 1.000000 -0.680966 -0.115527 0.723145
-116.892083 35.583194 -0.035511 1.000000 -0.680323 -0.115490 0.723756
-116.892083 35.547639 -0.031676 1.000000 -0.679967 -0.115502 0.724088
-116.892083 35.512083 -0.029702 1.000000 -0.679589 -0.115509 0.724442
-116.892083 35.476528 -0.021013 1.000000 -0.679027 -0.115486 0.724972
-116.892083 35.440972 -0.017384 1.000000 -0.678565 -0.115479 0.725406
-116.892083 35.405417 -0.011617 1.000000 -0.678080 -0.115468 0.725862
-116.892083 35.369861 -0.004416 1.000000 -0.677602 -0.115458 0.726309
-116.892083 35.334306 -0.001024 1.000000 -0.677166 -0.115455 0.726716
-116.856528 35.974306 -0.008775 1.000000 -0.686943 -0.115557 0.717465
-116.856528 35.938750 -0.010061 1.000000 -0.686535 -0.115562 0.717854
-116.856528 35.903194 -0.028111 1.000000 -0.686229 -0.115583 0.718143
-116.856528 35.867639 -0.039321 1.000000 -0.685742 -0.115575 0.718610
-116.856528 35.832083 -0.030141 1.000000 -0.685271 -0.115569 0.719061
-116.856528 35.796528 -0.026362 1.000000 -0.684991 -0.115595 0.719322
-116.856528 35.760972 -0.034602 1.000000 -0.684606 -0.115602 0.719688
-116.856528 35.725417 -0.038469 1.000000 -0.684201 -0.115607 0.720072
-116.856528 35.689861 -0.040675 1.000000 -0.683727 -0.115600 0.720523
-116.856528 35.654306 -0.041421 1.000000 -0.683388 -0.115615 0.720843
-116.856528 35.618750 -0.036294 1.000000 -0.683068 -0.115633 0.721143
-116.856528 35.583194 -0.029488 1.000000 -0.682486 -0.115608 0.721698
-116.856528 35.547639 -0.022401 1.000000 -0.682123 -0.115618 0.722040
-116.856528 35.512083 -0.028023 1.000000 -0.681713 -0.115621 0.722426
-116.856528 35.476528 -0.018984 1.000000 -0.681241 -0.115613 0.722872
-116.856528 35.440972 -0.015909 1.000000 -0.680733 -0.115599 0.723353
-116.856528 35.405417 -0.008014 1.000000 -0.680284 -0.115595 0.723776
-116.856528 35.369861 -0.002774 1.000000 -0.679833 -0.115590 0.724200
-116.856528 35.334306 -0.000493 1.000000 -0.679404 -0.115588 0.724603
-116.820972 36.152083 0.006139 1.000000 -0.690983 -0.115608 0.713566
-116.820972 36.116528 0.003413 1.000000 -0.690558 -0.115612 0.713977
-116.820972 36.080972 0.002463 1.000000 -0.690134 -0.115616 0.714386
-116.820972 36.045417 0.010673 1.000000 -0.689707 -0.115619 0.714798
-116.820972 35.974306 -0.010242 1.000000 -0.688963 -0.115642 0.715512
-116.820972 35.938750 -0.013964 1.000000 -0.688565 -0.115649 0.715894
-116.820972 35.903194 -0.027245 1.000000 -0.688216 -0.115664 0.716227
-116.820972 35.867639 -0.026697 1.000000 -0.687782 -0.115666 0.716643
-116.820972 35.832083 -0.027430 1.000000 -0.687451 -0.115683 0.716958
-116.820972 35.796528 -0.024387 1.000000 -0.687094 -0.115696 0.717298
-116.820972 35.760972 -0.025286 1.000000 -0.686698 -0.115703 0.717676
-116.820972 35.725417 -0.033860 1.000000 -0.686248 -0.115701 0.718107
-116.820972 35.689861 -0.034166 1.000000 -0.685836 -0.115705 0.718500
-116.820972 35.654306 -0.032650 1.000000 -0.685497 -0.115721 0.718820
-116.820972 35.618750 -0.031666 1.000000 -0.685143 -0.115733 0.719156
-116.820972 35.583194 -0.024473 1.000000 -0.684617 -0.115718 0.719659
-116.820972 35.547639 -0.019720 1.000000 -0.684322 -0.115740 0.719935
-116.820972 35.512083 -0.020533 1.000000 -0.683830 -0.115730 0.720405
-116.820972 35.476528 -0.014700 1.000000 -0.683359 -0.115723 0.720853
-116.820972 35.440972 -0.013109 1.000000 -0.682890 -0.115716 0.721299
-116.820972 35.405417 -0.004813 1.000000 -0.682429 -0.115711 0.721735
-116.820972 35.369861 -0.004563 1.000000 -0.682050 -0.115718 0.722092
-116.820972 35.334306 0.003817 1.000000 -0.681595 -0.115713 0.722523
