Lon Lat Los(m) wt E N U
-117.967639 35.734306 -0.060802 1.000000 0.659209 -0.114150 0.743245
-117.967639 35.716528 -0.054150 1.000000 0.658962 -0.114142 0.743465
-117.949861 35.734306 -0.074497 1.000000 0.657863 -0.114040 0.744453
-117.949861 35.716528 -0.062642 1.000000 0.657705 -0.114046 0.744592
-117.932083 35.912083 -0.059951 1.000000 0.659191 -0.114050 0.743277
-117.932083 35.894306 -0.073654 1.000000 0.658902 -0.114035 0.743535
-117.914306 35.912083 -0.073603 1.000000 0.657926 -0.113954 0.744411
-117.914306 35.894306 -0.085691 1.000000 0.657632 -0.113938 0.744674
-117.896528 35.983194 -0.034526 1.000000 0.657619 -0.113888 0.744692
-117.896528 35.965417 -0.045833 1.000000 0.657387 -0.113881 0.744898
-117.896528 35.947639 -0.060071 1.000000 0.657144 -0.113873 0.745114
-117.896528 35.929861 -0.072824 1.000000 0.656923 -0.113869 0.745309
-117.896528 35.912083 -0.089277 1.000000 0.656648 -0.113855 0.745553
-117.896528 35.894306 -0.097952 1.000000 0.656329 -0.113834 0.745838
-117.896528 35.876528 -0.105641 1.000000 0.656086 -0.113826 0.746053
-117.896528 35.858750 -0.113474 1.000000 0.655851 -0.113819 0.746260
-117.896528 35.840972 -0.120249 1.000000 0.655587 -0.113807 0.746495
-117.896528 35.823194 -0.123851 1.000000 0.655345 -0.113799 0.746708
-117.896528 35.805417 -0.119332 1.000000 0.655107 -0.113791 0.746918
-117.896528 35.787639 -0.117782 1.000000 0.654854 -0.113781 0.747141
-117.896528 35.769861 -0.115385 1.000000 0.654584 -0.113768 0.747379
-117.896528 35.752083 -0.109665 1.000000 0.654346 -0.113760 0.747589
-117.896528 35.734306 -0.102287 1.000000 0.654113 -0.113753 0.747794
-117.896528 35.716528 -0.090641 1.000000 0.653969 -0.113762 0.747919
-117.896528 35.698750 -0.081910 1.000000 0.653736 -0.113755 0.748124
-117.896528 35.680972 -0.072463 1.000000 0.653540 -0.113754 0.748295
-117.878750 35.983194 -0.029562 1.000000 0.656485 -0.113813 0.745704
-117.878750 35.965417 -0.043295 1.000000 0.656260 -0.113808 0.745903
-117.878750 35.947639 -0.060654 1.000000 0.656007 -0.113798 0.746126
-117.878750 35.929861 -0.074611 1.000000 0.655855 -0.113805 0.746259
-117.878750 35.912083 -0.095292 1.000000 0.655540 -0.113785 0.746539
-117.878750 35.894306 -0.114363 1.000000 0.655170 -0.113755 0.746869
-117.878750 35.876528 -0.123008 1.000000 0.654905 -0.113743 0.747103
-117.878750 35.858750 -0.137169 1.000000 0.654645 -0.113731 0.747332
-117.878750 35.840972 -0.142019 1.000000 0.654382 -0.113719 0.747564
-117.878750 35.823194 -0.143823 1.000000 0.654127 -0.113709 0.747789
-117.878750 35.805417 -0.138859 1.000000 0.653880 -0.113700 0.748006
-117.878750 35.787639 -0.137342 1.000000 0.653628 -0.113689 0.748228
-117.878750 35.769861 -0.133474 1.000000 0.653377 -0.113679 0.748449
-117.878750 35.752083 -0.125669 1.000000 0.653130 -0.113670 0.748665
-117.878750 35.734306 -0.113671 1.000000 0.652894 -0.113662 0.748872
-117.878750 35.716528 -0.104227 1.000000 0.652692 -0.113660 0.749049
-117.878750 35.698750 -0.093402 1.000000 0.652445 -0.113651 0.749266
-117.878750 35.680972 -0.082868 1.000000 0.652235 -0.113648 0.749448
-117.860972 35.983194 -0.022838 1.000000 0.655362 -0.113740 0.746702
-117.860972 35.965417 -0.039285 1.000000 0.655147 -0.113737 0.746891
-117.860972 35.947639 -0.059745 1.000000 0.654875 -0.113723 0.747132
-117.860972 35.929861 -0.075139 1.000000 0.654736 -0.113733 0.747252
-117.860972 35.912083 -0.099584 1.000000 0.654397 -0.113708 0.747553
-117.860972 35.894306 -0.122327 1.000000 0.654012 -0.113675 0.747895
-117.860972 35.876528 -0.141661 1.000000 0.653728 -0.113660 0.748145
-117.860972 35.858750 -0.159481 1.000000 0.653458 -0.113646 0.748383
-117.860972 35.840972 -0.163466 1.000000 0.653195 -0.113634 0.748614
-117.860972 35.823194 -0.160335 1.000000 0.652933 -0.113622 0.748845
-117.860972 35.805417 -0.159485 1.000000 0.652677 -0.113611 0.749070
-117.860972 35.787639 -0.158487 1.000000 0.652427 -0.113601 0.749289
-117.860972 35.769861 -0.152757 1.000000 0.652180 -0.113592 0.749505
-117.860972 35.752083 -0.141894 1.000000 0.651931 -0.113582 0.749724
-117.860972 35.734306 -0.126969 1.000000 0.651687 -0.113573 0.749937
-117.860972 35.716528 -0.117742 1.000000 0.651433 -0.113562 0.750159
-117.860972 35.698750 -0.105610 1.000000 0.651182 -0.113552 0.750378
-117.860972 35.680972 -0.096010 1.000000 0.650952 -0.113545 0.750579
-117.860972 35.663194 -0.087323 1.000000 0.650715 -0.113537 0.750785
-117.860972 35.645417 -0.076972 1.000000 0.650470 -0.113527 0.750999
-117.860972 35.343194 0.002373 1.000000 0.646045 -0.113315 0.754842
-117.843194 35.983194 -0.014545 1.000000 0.654257 -0.113670 0.747681
-117.843194 35.965417 -0.031794 1.000000 0.654059 -0.113669 0.747854
-117.843194 35.947639 -0.057928 1.000000 0.653745 -0.113649 0.748132
-117.843194 35.929861 -0.078752 1.000000 0.653477 -0.113636 0.748368
-117.843194 35.912083 -0.106327 1.000000 0.653141 -0.113611 0.748665
-117.843194 35.894306 -0.130658 1.000000 0.652821 -0.113590 0.748947
-117.843194 35.876528 -0.158823 1.000000 0.652543 -0.113575 0.749192
-117.843194 35.858750 -0.178182 1.000000 0.652292 -0.113565 0.749412
-117.843194 35.840972 -0.185530 1.000000 0.652026 -0.113552 0.749645
-117.843194 35.823194 -0.189862 1.000000 0.651748 -0.113537 0.749889
-117.843194 35.805417 -0.187260 1.000000 0.651491 -0.113526 0.750114
-117.843194 35.787639 -0.184384 1.000000 0.651238 -0.113515 0.750336
-117.843194 35.769861 -0.174680 1.000000 0.650984 -0.113504 0.750558
-117.843194 35.752083 -0.162550 1.000000 0.650731 -0.113494 0.750778
-117.843194 35.734306 -0.147069 1.000000 0.650482 -0.113484 0.750996
-117.843194 35.716528 -0.132898 1.000000 0.650231 -0.113473 0.751215
-117.843194 35.698750 -0.120117 1.000000 0.649986 -0.113463 0.751429
-117.843194 35.680972 -0.105998 1.000000 0.649749 -0.113455 0.751634
-117.843194 35.663194 -0.096320 1.000000 0.649505 -0.113446 0.751847
-117.843194 35.645417 -0.084625 1.000000 0.649253 -0.113435 0.752066
-117.843194 35.343194 0.003010 1.000000 0.644839 -0.113222 0.755886
-117.825417 35.983194 -0.007531 1.000000 0.653120 -0.113594 0.748686
-117.825417 35.965417 -0.027062 1.000000 0.652924 -0.113593 0.748857
-117.825417 35.947639 -0.052205 1.000000 0.652622 -0.113575 0.749123
-117.825417 35.929861 -0.080224 1.000000 0.652294 -0.113551 0.749412
-117.825417 35.912083 -0.111228 1.000000 0.651954 -0.113526 0.749712
-117.825417 35.894306 -0.143951 1.000000 0.651640 -0.113505 0.749988
-117.825417 35.876528 -0.174169 1.000000 0.651367 -0.113491 0.750228
-117.825417 35.858750 -0.198144 1.000000 0.651109 -0.113480 0.750453
-117.825417 35.840972 -0.216852 1.000000 0.650840 -0.113466 0.750688
-117.825417 35.823194 -0.219553 1.000000 0.650559 -0.113451 0.750934
-117.825417 35.805417 -0.217395 1.000000 0.650302 -0.113439 0.751158
-117.825417 35.787639 -0.207473 1.000000 0.650046 -0.113428 0.751381
-117.825417 35.769861 -0.196957 1.000000 0.649790 -0.113417 0.751605
-117.825417 35.752083 -0.182734 1.000000 0.649535 -0.113405 0.751827
-117.825417 35.734306 -0.166722 1.000000 0.649283 -0.113395 0.752046
-117.825417 35.716528 -0.150795 1.000000 0.649033 -0.113384 0.752264
-117.825417 35.698750 -0.135159 1.000000 0.648788 -0.113375 0.752476
-117.825417 35.680972 -0.118338 1.000000 0.648547 -0.113365 0.752685
-117.825417 35.663194 -0.105978 1.000000 0.648301 -0.113355 0.752899
-117.825417 35.645417 -0.092411 1.000000 0.648051 -0.113345 0.753115
-117.825417 35.627639 -0.079221 1.000000 0.647807 -0.113335 0.753327
-117.825417 35.609861 -0.065425 1.000000 0.647565 -0.113326 0.753537
-117.807639 35.983194 -0.001895 1.000000 0.651956 -0.113513 0.749712
-117.807639 35.965417 -0.021466 1.000000 0.651743 -0.113509 0.749898
-117.807639 35.947639 -0.045655 1.000000 0.651464 -0.113494 0.750143
-117.807639 35.929861 -0.075380 1.000000 0.651106 -0.113466 0.750457
-117.807639 35.912083 -0.111640 1.000000 0.650773 -0.113441 0.750750
-117.807639 35.894306 -0.154233 1.000000 0.650459 -0.113420 0.751025
-117.807639 35.876528 -0.189072 1.000000 0.650189 -0.113407 0.751261
-117.807639 35.858750 -0.219241 1.000000 0.649918 -0.113393 0.751497
-117.807639 35.840972 -0.241798 1.000000 0.649646 -0.113379 0.751735
-117.807639 35.823194 -0.247875 1.000000 0.649368 -0.113364 0.751977
-117.807639 35.805417 -0.244736 1.000000 0.649110 -0.113352 0.752202
-117.807639 35.787639 -0.236071 1.000000 0.648853 -0.113340 0.752425
-117.807639 35.769861 -0.220811 1.000000 0.648596 -0.113329 0.752649
-117.807639 35.752083 -0.202841 1.000000 0.648340 -0.113317 0.752871
-117.807639 35.734306 -0.185899 1.000000 0.648086 -0.113306 0.753091
-117.807639 35.716528 -0.168424 1.000000 0.647835 -0.113295 0.753309
-117.807639 35.698750 -0.149863 1.000000 0.647590 -0.113285 0.753520
-117.807639 35.680972 -0.131841 1.000000 0.647345 -0.113275 0.753733
-117.807639 35.663194 -0.116344 1.000000 0.647098 -0.113265 0.753946
-117.807639 35.645417 -0.099560 1.000000 0.646853 -0.113255 0.754158
-117.807639 35.627639 -0.086024 1.000000 0.646608 -0.113245 0.754370
-117.807639 35.609861 -0.071531 1.000000 0.646360 -0.113234 0.754584
-117.789861 35.983194 0.007086 1.000000 0.650723 -0.113420 0.750797
-117.789861 35.965417 -0.010592 1.000000 0.650443 -0.113404 0.751041
-117.789861 35.947639 -0.038095 1.000000 0.650165 -0.113389 0.751285
-117.789861 35.929861 -0.068869 1.000000 0.649811 -0.113362 0.751594
-117.789861 35.912083 -0.113170 1.000000 0.649538 -0.113347 0.751833
-117.789861 35.894306 -0.160563 1.000000 0.649270 -0.113334 0.752067
-117.789861 35.876528 -0.208130 1.000000 0.648997 -0.113320 0.752304
-117.789861 35.858750 -0.246891 1.000000 0.648724 -0.113305 0.752541
-117.789861 35.840972 -0.273141 1.000000 0.648449 -0.113290 0.752781
-117.789861 35.823194 -0.280265 1.000000 0.648171 -0.113275 0.753023
-117.789861 35.805417 -0.275454 1.000000 0.647912 -0.113263 0.753248
-117.789861 35.787639 -0.260812 1.000000 0.647655 -0.113251 0.753470
-117.789861 35.769861 -0.243565 1.000000 0.647400 -0.113240 0.753691
-117.789861 35.752083 -0.225134 1.000000 0.647143 -0.113228 0.753913
-117.789861 35.734306 -0.203779 1.000000 0.646890 -0.113216 0.754133
-117.789861 35.716528 -0.182153 1.000000 0.646638 -0.113205 0.754350
-117.789861 35.698750 -0.163545 1.000000 0.646392 -0.113195 0.754562
-117.789861 35.680972 -0.145708 1.000000 0.646145 -0.113185 0.754776
-117.789861 35.663194 -0.125499 1.000000 0.645898 -0.113174 0.754988
-117.789861 35.645417 -0.109061 1.000000 0.645652 -0.113164 0.755200
-117.789861 35.627639 -0.093512 1.000000 0.645404 -0.113153 0.755414
-117.789861 35.609861 -0.077342 1.000000 0.645156 -0.113143 0.755628
-117.789861 35.592083 -0.066364 1.000000 0.644911 -0.113132 0.755838
-117.789861 35.574306 -0.051143 1.000000 0.644670 -0.113123 0.756045
-117.772083 35.983194 0.019253 1.000000 0.649447 -0.113319 0.751916
-117.772083 35.965417 0.000553 1.000000 0.649149 -0.113300 0.752176
-117.772083 35.947639 -0.027544 1.000000 0.648866 -0.113284 0.752422
-117.772083 35.929861 -0.064170 1.000000 0.648547 -0.113262 0.752701
-117.772083 35.912083 -0.111315 1.000000 0.648294 -0.113251 0.752921
-117.772083 35.894306 -0.175772 1.000000 0.648061 -0.113243 0.753122
-117.772083 35.876528 -0.237320 1.000000 0.647801 -0.113231 0.753348
-117.772083 35.858750 -0.285517 1.000000 0.647524 -0.113216 0.753588
-117.772083 35.840972 -0.306594 1.000000 0.647247 -0.113201 0.753828
-117.772083 35.823194 -0.306066 1.000000 0.646972 -0.113186 0.754067
-117.772083 35.805417 -0.297836 1.000000 0.646710 -0.113173 0.754293
-117.772083 35.787639 -0.284043 1.000000 0.646455 -0.113161 0.754514
-117.772083 35.769861 -0.264681 1.000000 0.646200 -0.113150 0.754733
-117.772083 35.752083 -0.243824 1.000000 0.645944 -0.113138 0.754955
-117.772083 35.734306 -0.219508 1.000000 0.645689 -0.113126 0.755174
-117.772083 35.716528 -0.196014 1.000000 0.645437 -0.113115 0.755391
-117.772083 35.698750 -0.177258 1.000000 0.645189 -0.113104 0.755605
-117.772083 35.680972 -0.156256 1.000000 0.644941 -0.113093 0.755818
-117.772083 35.663194 -0.137334 1.000000 0.644693 -0.113083 0.756031
-117.772083 35.645417 -0.117774 1.000000 0.644445 -0.113072 0.756244
-117.772083 35.627639 -0.101263 1.000000 0.644195 -0.113061 0.756459
-117.772083 35.609861 -0.086330 1.000000 0.643946 -0.113050 0.756672
-117.772083 35.592083 -0.071281 1.000000 0.643700 -0.113039 0.756883
-117.772083 35.574306 -0.056096 1.000000 0.643456 -0.113029 0.757092
-117.754306 35.983194 0.029526 1.000000 0.648154 -0.113214 0.753046
-117.754306 35.965417 0.016184 1.000000 0.647863 -0.113197 0.753299
-117.754306 35.947639 -0.004580 1.000000 0.647575 -0.113180 0.753549
-117.754306 35.929861 -0.044015 1.000000 0.647303 -0.113165 0.753786
-117.754306 35.912083 -0.094212 1.000000 0.647048 -0.113154 0.754006
-117.754306 35.894306 -0.174387 1.000000 0.646841 -0.113151 0.754184
-117.754306 35.876528 -0.271662 1.000000 0.646600 -0.113142 0.754392
-117.754306 35.858750 -0.329532 1.000000 0.646320 -0.113126 0.754634
-117.754306 35.840972 -0.349313 1.000000 0.646043 -0.113110 0.754874
-117.754306 35.823194 -0.337019 1.000000 0.645770 -0.113095 0.755110
-117.754306 35.805417 -0.320722 1.000000 0.645508 -0.113082 0.755336
-117.754306 35.787639 -0.305976 1.000000 0.645252 -0.113071 0.755556
-117.754306 35.769861 -0.285994 1.000000 0.644997 -0.113059 0.755775
-117.754306 35.752083 -0.263107 1.000000 0.644741 -0.113047 0.755996
-117.754306 35.734306 -0.238862 1.000000 0.644485 -0.113034 0.756216
-117.754306 35.716528 -0.213899 1.000000 0.644232 -0.113023 0.756433
-117.754306 35.698750 -0.191972 1.000000 0.643983 -0.113012 0.756647
-117.754306 35.680972 -0.168172 1.000000 0.643734 -0.113001 0.756861
-117.754306 35.663194 -0.148286 1.000000 0.643483 -0.112989 0.757075
-117.754306 35.645417 -0.130071 1.000000 0.643233 -0.112978 0.757289
-117.754306 35.627639 -0.112200 1.000000 0.642983 -0.112967 0.757503
-117.754306 35.609861 -0.094425 1.000000 0.642733 -0.112955 0.757717
-117.754306 35.592083 -0.076199 1.000000 0.642486 -0.112944 0.757929
-117.754306 35.574306 -0.058968 1.000000 0.642239 -0.112934 0.758139
-117.754306 35.556528 -0.042339 1.000000 0.641994 -0.112923 0.758348
-117.754306 35.538750 -0.026606 1.000000 0.641751 -0.112912 0.758556
-117.736528 35.983194 0.044044 1.000000 0.646962 -0.113127 0.754084
-117.736528 35.965417 0.030768 1.000000 0.646668 -0.113108 0.754339
-117.736528 35.947639 0.023306 1.000000 0.646380 -0.113091 0.754588
-117.736528 35.929861 -0.001906 1.000000 0.646112 -0.113077 0.754820
-117.736528 35.912083 -0.076039 1.000000 0.645851 -0.113065 0.755045
-117.736528 35.894306 -0.149820 1.000000 0.645612 -0.113056 0.755250
-117.736528 35.876528 -0.285229 1.000000 0.645388 -0.113049 0.755443
-117.736528 35.858750 -0.353692 1.000000 0.645135 -0.113038 0.755661
-117.736528 35.840972 -0.374023 1.000000 0.644847 -0.113020 0.755909
-117.736528 35.823194 -0.365374 1.000000 0.644564 -0.113004 0.756153
-117.736528 35.805417 -0.346165 1.000000 0.644303 -0.112991 0.756377
-117.736528 35.787639 -0.330941 1.000000 0.644047 -0.112979 0.756597
-117.736528 35.769861 -0.308263 1.000000 0.643790 -0.112966 0.756818
-117.736528 35.752083 -0.286728 1.000000 0.643532 -0.112954 0.757039
-117.736528 35.734306 -0.261878 1.000000 0.643275 -0.112942 0.757259
-117.736528 35.716528 -0.235055 1.000000 0.643021 -0.112930 0.757477
-117.736528 35.698750 -0.209596 1.000000 0.642770 -0.112918 0.757692
-117.736528 35.680972 -0.183378 1.000000 0.642519 -0.112907 0.757906
-117.736528 35.663194 -0.161090 1.000000 0.642268 -0.112895 0.758121
-117.736528 35.645417 -0.140730 1.000000 0.642015 -0.112883 0.758336
-117.736528 35.627639 -0.120826 1.000000 0.641763 -0.112871 0.758551
-117.736528 35.609861 -0.099530 1.000000 0.641517 -0.112860 0.758761
-117.736528 35.592083 -0.080938 1.000000 0.641269 -0.112849 0.758972
-117.736528 35.574306 -0.061280 1.000000 0.641027 -0.112839 0.759178
-117.736528 35.556528 -0.042681 1.000000 0.640787 -0.112829 0.759382
-117.736528 35.538750 -0.024972 1.000000 0.640535 -0.112817 0.759597
-117.718750 35.947639 0.036734 1.000000 0.645188 -0.113003 0.755620
-117.718750 35.929861 0.030223 1.000000 0.644922 -0.112989 0.755850
-117.718750 35.912083 -0.022044 1.000000 0.644655 -0.112976 0.756079
-117.718750 35.894306 -0.122812 1.000000 0.644395 -0.112963 0.756303
-117.718750 35.876528 -0.276347 1.000000 0.644173 -0.112957 0.756493
-117.718750 35.858750 -0.359550 1.000000 0.643938 -0.112948 0.756695
-117.718750 35.840972 -0.384867 1.000000 0.643642 -0.112929 0.756949
-117.718750 35.823194 -0.382609 1.000000 0.643355 -0.112912 0.757195
-117.718750 35.805417 -0.372624 1.000000 0.643094 -0.112899 0.757419
-117.718750 35.787639 -0.366001 1.000000 0.642837 -0.112886 0.757639
-117.718750 35.769861 -0.335015 1.000000 0.642579 -0.112873 0.757860
-117.718750 35.752083 -0.311440 1.000000 0.642320 -0.112861 0.758081
-117.718750 35.734306 -0.283991 1.000000 0.642062 -0.112848 0.758302
-117.718750 35.716528 -0.255101 1.000000 0.641805 -0.112835 0.758521
-117.718750 35.698750 -0.225226 1.000000 0.641552 -0.112823 0.758737
-117.718750 35.680972 -0.199078 1.000000 0.641301 -0.112811 0.758951
-117.718750 35.663194 -0.174934 1.000000 0.641048 -0.112799 0.759166
-117.718750 35.645417 -0.150714 1.000000 0.640794 -0.112787 0.759383
-117.718750 35.627639 -0.130416 1.000000 0.640539 -0.112775 0.759600
-117.718750 35.609861 -0.108118 1.000000 0.640292 -0.112763 0.759810
-117.718750 35.592083 -0.085823 1.000000 0.640044 -0.112752 0.760020
-117.718750 35.574306 -0.063437 1.000000 0.639811 -0.112743 0.760218
-117.718750 35.556528 -0.042081 1.000000 0.639587 -0.112736 0.760407
-117.718750 35.538750 -0.024048 1.000000 0.639328 -0.112722 0.760627
-117.700972 35.947639 0.044982 1.000000 0.644000 -0.112915 0.756646
-117.700972 35.929861 0.032732 1.000000 0.643734 -0.112901 0.756875
-117.700972 35.912083 -0.000754 1.000000 0.643461 -0.112886 0.757109
-117.700972 35.894306 -0.064458 1.000000 0.643188 -0.112871 0.757344
-117.700972 35.876528 -0.265945 1.000000 0.642957 -0.112863 0.757541
-117.700972 35.858750 -0.359105 1.000000 0.642730 -0.112856 0.757735
-117.700972 35.840972 -0.391735 1.000000 0.642430 -0.112836 0.757992
-117.700972 35.823194 -0.404564 1.000000 0.642145 -0.112819 0.758236
-117.700972 35.805417 -0.398993 1.000000 0.641882 -0.112805 0.758460
-117.700972 35.787639 -0.395857 1.000000 0.641624 -0.112792 0.758681
-117.700972 35.769861 -0.369475 1.000000 0.641365 -0.112779 0.758902
-117.700972 35.752083 -0.342878 1.000000 0.641105 -0.112766 0.759123
-117.700972 35.734306 -0.310033 1.000000 0.640846 -0.112753 0.759344
-117.700972 35.716528 -0.276909 1.000000 0.640586 -0.112740 0.759565
-117.700972 35.698750 -0.242254 1.000000 0.640331 -0.112727 0.759782
-117.700972 35.680972 -0.214244 1.000000 0.640079 -0.112715 0.759996
-117.700972 35.663194 -0.188655 1.000000 0.639824 -0.112702 0.760213
-117.700972 35.645417 -0.165609 1.000000 0.639568 -0.112690 0.760430
-117.700972 35.627639 -0.143520 1.000000 0.639311 -0.112677 0.760648
-117.700972 35.609861 -0.119640 1.000000 0.639059 -0.112665 0.760861
-117.700972 35.592083 -0.091900 1.000000 0.638811 -0.112653 0.761072
-117.700972 35.574306 -0.066170 1.000000 0.638590 -0.112646 0.761258
-117.700972 35.556528 -0.043242 1.000000 0.638394 -0.112643 0.761423
-117.700972 35.538750 -0.025796 1.000000 0.638129 -0.112629 0.761647
-117.683194 35.912083 0.022051 1.000000 0.642286 -0.112799 0.758119
-117.683194 35.894306 -0.000258 1.000000 0.642000 -0.112782 0.758364
-117.683194 35.876528 0.010922 1.000000 0.641741 -0.112769 0.758586
-117.683194 35.858750 -0.344584 1.000000 0.641490 -0.112758 0.758799
-117.683194 35.840972 -0.435044 1.000000 0.641206 -0.112740 0.759042
-117.683194 35.823194 -0.438679 1.000000 0.640927 -0.112724 0.759280
-117.683194 35.805417 -0.445744 1.000000 0.640665 -0.112710 0.759503
-117.683194 35.787639 -0.445822 1.000000 0.640406 -0.112697 0.759724
-117.683194 35.769861 -0.418612 1.000000 0.640146 -0.112684 0.759944
-117.683194 35.752083 -0.374511 1.000000 0.639885 -0.112670 0.760166
-117.683194 35.734306 -0.340181 1.000000 0.639625 -0.112657 0.760387
-117.683194 35.716528 -0.303270 1.000000 0.639363 -0.112643 0.760609
-117.683194 35.698750 -0.260937 1.000000 0.639105 -0.112630 0.760828
-117.683194 35.680972 -0.227860 1.000000 0.638851 -0.112617 0.761043
-117.683194 35.663194 -0.203648 1.000000 0.638595 -0.112604 0.761260
-117.683194 35.645417 -0.181273 1.000000 0.638338 -0.112591 0.761477
-117.683194 35.627639 -0.159478 1.000000 0.638079 -0.112578 0.761696
-117.683194 35.609861 -0.131889 1.000000 0.637821 -0.112564 0.761914
-117.683194 35.592083 -0.100920 1.000000 0.637572 -0.112552 0.762125
-117.683194 35.574306 -0.070160 1.000000 0.637349 -0.112545 0.762313
-117.683194 35.556528 -0.044838 1.000000 0.637147 -0.112541 0.762482
-117.683194 35.538750 -0.025055 1.000000 0.636911 -0.112532 0.762680
-117.665417 35.912083 0.027869 1.000000 0.641103 -0.112711 0.759133
-117.665417 35.894306 0.005951 1.000000 0.640810 -0.112692 0.759383
-117.665417 35.876528 0.130333 1.000000 0.640530 -0.112675 0.759622
-117.665417 35.858750 0.167374 1.000000 0.640259 -0.112660 0.759853
-117.665417 35.840972 -0.537444 1.000000 0.639983 -0.112644 0.760087
-117.665417 35.823194 -0.529356 1.000000 0.639709 -0.112629 0.760321
-117.665417 35.805417 -0.530569 1.000000 0.639445 -0.112614 0.760545
-117.665417 35.787639 -0.517438 1.000000 0.639184 -0.112601 0.760766
-117.665417 35.769861 -0.507136 1.000000 0.638923 -0.112587 0.760987
-117.665417 35.752083 -0.417517 1.000000 0.638662 -0.112574 0.761208
-117.665417 35.734306 -0.393928 1.000000 0.638399 -0.112559 0.761431
-117.665417 35.716528 -0.335157 1.000000 0.638137 -0.112545 0.761652
-117.665417 35.698750 -0.290888 1.000000 0.637877 -0.112532 0.761873
-117.665417 35.680972 -0.251736 1.000000 0.637620 -0.112519 0.762089
-117.665417 35.663194 -0.223647 1.000000 0.637363 -0.112505 0.762306
-117.665417 35.645417 -0.199877 1.000000 0.637104 -0.112492 0.762524
-117.665417 35.627639 -0.174283 1.000000 0.636844 -0.112478 0.762744
-117.665417 35.609861 -0.145335 1.000000 0.636584 -0.112464 0.762963
-117.665417 35.592083 -0.109193 1.000000 0.636336 -0.112452 0.763172
-117.665417 35.574306 -0.072868 1.000000 0.636109 -0.112444 0.763362
-117.665417 35.556528 -0.046256 1.000000 0.635914 -0.112441 0.763525
-117.665417 35.538750 -0.024677 1.000000 0.635697 -0.112434 0.763707
-117.647639 35.912083 0.048369 1.000000 0.639906 -0.112620 0.760156
-117.647639 35.894306 0.074718 1.000000 0.639616 -0.112601 0.760402
-117.647639 35.876528 0.120690 1.000000 0.639328 -0.112583 0.760647
-117.647639 35.858750 0.195815 1.000000 0.639044 -0.112566 0.760889
-117.647639 35.840972 0.281518 1.000000 0.638765 -0.112549 0.761126
-117.647639 35.823194 -0.609467 1.000000 0.638490 -0.112533 0.761359
-117.647639 35.805417 -0.657000 1.000000 0.638222 -0.112518 0.761586
-117.647639 35.787639 -0.646084 1.000000 0.637959 -0.112504 0.761808
-117.647639 35.769861 -0.588366 1.000000 0.637697 -0.112490 0.762029
-117.647639 35.752083 -0.481116 1.000000 0.637434 -0.112475 0.762251
-117.647639 35.734306 -0.421505 1.000000 0.637170 -0.112461 0.762474
-117.647639 35.716528 -0.361746 1.000000 0.636907 -0.112447 0.762696
-117.647639 35.698750 -0.321325 1.000000 0.636645 -0.112432 0.762917
-117.647639 35.680972 -0.298044 1.000000 0.636386 -0.112419 0.763135
-117.647639 35.663194 -0.249756 1.000000 0.636128 -0.112405 0.763352
-117.647639 35.645417 -0.222196 1.000000 0.635868 -0.112391 0.763571
-117.647639 35.627639 -0.197073 1.000000 0.635605 -0.112377 0.763792
-117.647639 35.609861 -0.164808 1.000000 0.635348 -0.112363 0.764008
-117.647639 35.592083 -0.118144 1.000000 0.635104 -0.112352 0.764212
-117.647639 35.574306 -0.075300 1.000000 0.634876 -0.112343 0.764403
-117.647639 35.556528 -0.044699 1.000000 0.634706 -0.112345 0.764543
-117.647639 35.538750 -0.023343 1.000000 0.634489 -0.112338 0.764725
-117.629861 35.912083 0.054777 1.000000 0.638703 -0.112527 0.761181
-117.629861 35.894306 0.077177 1.000000 0.638414 -0.112509 0.761426
-117.629861 35.876528 0.114555 1.000000 0.638122 -0.112490 0.761673
-117.629861 35.858750 0.190966 1.000000 0.637835 -0.112471 0.761917
-117.629861 35.840972 0.316714 1.000000 0.637550 -0.112453 0.762158
-117.629861 35.823194 0.360470 1.000000 0.637270 -0.112436 0.762394
-117.629861 35.805417 -0.680101 1.000000 0.636996 -0.112420 0.762626
-117.629861 35.787639 -0.716476 1.000000 0.636730 -0.112405 0.762850
-117.629861 35.769861 -0.620180 1.000000 0.636466 -0.112391 0.763072
-117.629861 35.752083 -0.545125 1.000000 0.636202 -0.112376 0.763295
-117.629861 35.734306 -0.541228 1.000000 0.635937 -0.112362 0.763517
-117.629861 35.716528 -0.428961 1.000000 0.635673 -0.112347 0.763740
-117.629861 35.698750 -0.341035 1.000000 0.635410 -0.112332 0.763961
-117.629861 35.680972 -0.303020 1.000000 0.635152 -0.112319 0.764177
-117.629861 35.663194 -0.276323 1.000000 0.634898 -0.112306 0.764390
-117.629861 35.645417 -0.263360 1.000000 0.634633 -0.112291 0.764612
-117.629861 35.627639 -0.235488 1.000000 0.634369 -0.112276 0.764834
-117.629861 35.609861 -0.187982 1.000000 0.634117 -0.112263 0.765044
-117.629861 35.592083 -0.123470 1.000000 0.633878 -0.112252 0.765244
-117.629861 35.574306 -0.075062 1.000000 0.633649 -0.112243 0.765435
-117.629861 35.556528 -0.048740 1.000000 0.633465 -0.112242 0.765587
-117.629861 35.538750 -0.024704 1.000000 0.633249 -0.112236 0.765767
-117.612083 35.912083 0.060543 1.000000 0.637516 -0.112437 0.762189
-117.612083 35.894306 0.080183 1.000000 0.637220 -0.112417 0.762439
-117.612083 35.876528 0.116048 1.000000 0.636920 -0.112396 0.762693
-117.612083 35.858750 0.168861 1.000000 0.636636 -0.112378 0.762932
-117.612083 35.840972 0.248977 1.000000 0.636347 -0.112360 0.763176
-117.612083 35.823194 0.316860 1.000000 0.636052 -0.112340 0.763425
-117.612083 35.805417 0.410353 1.000000 0.635773 -0.112323 0.763659
-117.612083 35.787639 -0.686684 1.000000 0.635501 -0.112307 0.763888
-117.612083 35.769861 -0.627850 1.000000 0.635234 -0.112291 0.764113
-117.612083 35.752083 -0.575731 1.000000 0.634967 -0.112276 0.764337
-117.612083 35.734306 -0.605436 1.000000 0.634701 -0.112261 0.764560
-117.612083 35.716528 -0.495601 1.000000 0.634436 -0.112246 0.764782
-117.612083 35.698750 -0.397043 1.000000 0.634174 -0.112232 0.765001
-117.612083 35.680972 -0.338602 1.000000 0.633922 -0.112219 0.765213
-117.612083 35.663194 -0.317954 1.000000 0.633673 -0.112207 0.765420
-117.612083 35.645417 -0.307697 1.000000 0.633400 -0.112190 0.765648
-117.612083 35.627639 -0.285556 1.000000 0.633133 -0.112174 0.765871
-117.612083 35.609861 -0.224095 1.000000 0.632888 -0.112163 0.766076
-117.612083 35.592083 -0.134233 1.000000 0.632654 -0.112153 0.766271
-117.612083 35.574306 -0.079906 1.000000 0.632424 -0.112143 0.766462
-117.612083 35.556528 -0.050781 1.000000 0.632217 -0.112138 0.766633
-117.612083 35.538750 -0.030926 1.000000 0.631990 -0.112129 0.766821
-117.594306 35.912083 0.064398 1.000000 0.636379 -0.112354 0.763150
-117.594306 35.894306 0.077447 1.000000 0.636054 -0.112330 0.763425
-117.594306 35.876528 0.113190 1.000000 0.635734 -0.112305 0.763695
-117.594306 35.858750 0.157071 1.000000 0.635467 -0.112290 0.763919
-117.594306 35.840972 0.219632 1.000000 0.635173 -0.112270 0.764166
-117.594306 35.823194 0.290698 1.000000 0.634842 -0.112244 0.764445
-117.594306 35.805417 0.385472 1.000000 0.634565 -0.112227 0.764678
-117.594306 35.787639 0.446754 1.000000 0.634282 -0.112209 0.764916
-117.594306 35.769861 -0.588619 1.000000 0.634004 -0.112192 0.765148
-117.594306 35.752083 -0.577184 1.000000 0.633729 -0.112175 0.765379
-117.594306 35.734306 -0.598914 1.000000 0.633462 -0.112160 0.765602
-117.594306 35.716528 -0.555520 1.000000 0.633197 -0.112144 0.765823
-117.594306 35.698750 -0.446446 1.000000 0.632940 -0.112131 0.766037
-117.594306 35.680972 -0.372665 1.000000 0.632703 -0.112120 0.766235
-117.594306 35.663194 -0.344874 1.000000 0.632458 -0.112109 0.766439
-117.594306 35.645417 -0.347791 1.000000 0.632173 -0.112090 0.766676
-117.594306 35.627639 -0.334178 1.000000 0.631902 -0.112073 0.766902
-117.594306 35.609861 -0.271892 1.000000 0.631663 -0.112063 0.767101
-117.594306 35.592083 -0.147644 1.000000 0.631435 -0.112054 0.767290
-117.594306 35.574306 -0.101932 1.000000 0.631202 -0.112044 0.767483
-117.594306 35.556528 -0.065876 1.000000 0.630973 -0.112034 0.767673
-117.594306 35.538750 -0.042360 1.000000 0.630698 -0.112017 0.767902
-117.576528 35.912083 0.066169 1.000000 0.635291 -0.112280 0.764067
-117.576528 35.894306 0.080211 1.000000 0.634928 -0.112249 0.764373
-117.576528 35.876528 0.110721 1.000000 0.634563 -0.112216 0.764682
-117.576528 35.858750 0.147087 1.000000 0.634300 -0.112202 0.764902
-117.576528 35.840972 0.199857 1.000000 0.633999 -0.112181 0.765154
-117.576528 35.823194 0.281534 1.000000 0.633678 -0.112156 0.765423
-117.576528 35.805417 0.360144 1.000000 0.633358 -0.112132 0.765692
-117.576528 35.787639 0.417039 1.000000 0.633073 -0.112113 0.765930
-117.576528 35.769861 0.514300 1.000000 0.632774 -0.112092 0.766180
-117.576528 35.752083 0.774633 1.000000 0.632499 -0.112075 0.766410
-117.576528 35.734306 -0.370921 1.000000 0.632222 -0.112058 0.766641
-117.576528 35.716528 -0.528736 1.000000 0.631988 -0.112048 0.766835
-117.576528 35.698750 -0.509993 1.000000 0.631691 -0.112027 0.767083
-117.576528 35.680972 -0.425710 1.000000 0.631431 -0.112012 0.767299
-117.576528 35.663194 -0.397815 1.000000 0.631183 -0.112000 0.767505
-117.576528 35.645417 -0.392592 1.000000 0.630907 -0.111983 0.767735
-117.576528 35.627639 -0.383889 1.000000 0.630653 -0.111969 0.767945
-117.576528 35.609861 -0.283842 1.000000 0.630423 -0.111959 0.768136
-117.576528 35.592083 -0.179237 1.000000 0.630203 -0.111952 0.768317
-117.576528 35.574306 -0.130030 1.000000 0.629966 -0.111941 0.768513
-117.576528 35.556528 -0.087408 1.000000 0.629709 -0.111927 0.768725
-117.576528 35.538750 -0.059664 1.000000 0.629409 -0.111905 0.768974
-117.576528 35.520972 -0.039148 1.000000 0.629098 -0.111881 0.769232
-117.576528 35.503194 -0.022012 1.000000 0.628830 -0.111865 0.769454
-117.558750 35.912083 0.072272 1.000000 0.634202 -0.112206 0.764982
-117.558750 35.894306 0.085996 1.000000 0.633801 -0.112167 0.765320
-117.558750 35.876528 0.108962 1.000000 0.633394 -0.112128 0.765662
-117.558750 35.858750 0.145895 1.000000 0.633122 -0.112111 0.765890
-117.558750 35.840972 0.191899 1.000000 0.632820 -0.112090 0.766143
-117.558750 35.823194 0.249527 1.000000 0.632520 -0.112069 0.766393
-117.558750 35.805417 0.332849 1.000000 0.632153 -0.112036 0.766701
-117.558750 35.787639 0.413734 1.000000 0.631873 -0.112018 0.766935
-117.558750 35.769861 0.580775 1.000000 0.631547 -0.111992 0.767207
-117.558750 35.752083 0.792215 1.000000 0.631275 -0.111975 0.767433
-117.558750 35.734306 0.467163 1.000000 0.630985 -0.111956 0.767674
-117.558750 35.716528 -0.420735 1.000000 0.630783 -0.111951 0.767841
-117.558750 35.698750 -0.486197 1.000000 0.630435 -0.111921 0.768131
-117.558750 35.680972 -0.461548 1.000000 0.630143 -0.111901 0.768374
-117.558750 35.663194 -0.440806 1.000000 0.629885 -0.111887 0.768587
-117.558750 35.645417 -0.463914 1.000000 0.629625 -0.111872 0.768803
-117.558750 35.627639 -0.470639 1.000000 0.629392 -0.111862 0.768994
-117.558750 35.609861 -0.208651 1.000000 0.629171 -0.111854 0.769176
-117.558750 35.592083 -0.193575 1.000000 0.628958 -0.111847 0.769352
-117.558750 35.574306 -0.147696 1.000000 0.628722 -0.111836 0.769546
-117.558750 35.556528 -0.105811 1.000000 0.628439 -0.111817 0.769780
-117.558750 35.538750 -0.071580 1.000000 0.628123 -0.111793 0.770042
-117.558750 35.520972 -0.048115 1.000000 0.627813 -0.111769 0.770298
-117.558750 35.503194 -0.030016 1.000000 0.627549 -0.111753 0.770515
-117.540972 35.912083 0.073504 1.000000 0.632986 -0.112109 0.766003
-117.540972 35.894306 0.088589 1.000000 0.632565 -0.112067 0.766357
-117.540972 35.876528 0.110897 1.000000 0.632213 -0.112036 0.766651
-117.540972 35.858750 0.142688 1.000000 0.631888 -0.112011 0.766923
-117.540972 35.840972 0.187090 1.000000 0.631622 -0.111995 0.767144
-117.540972 35.823194 0.241322 1.000000 0.631288 -0.111968 0.767424
-117.540972 35.805417 0.318751 1.000000 0.630955 -0.111941 0.767701
-117.540972 35.787639 0.416461 1.000000 0.630691 -0.111926 0.767920
-117.540972 35.769861 0.562930 1.000000 0.630342 -0.111895 0.768211
-117.540972 35.752083 0.737902 1.000000 0.630058 -0.111877 0.768447
-117.540972 35.734306 0.887145 1.000000 0.629759 -0.111855 0.768695
-117.540972 35.716528 -0.306526 1.000000 0.629522 -0.111845 0.768891
-117.540972 35.698750 -0.493816 1.000000 0.629192 -0.111818 0.769164
-117.540972 35.680972 -0.507051 1.000000 0.628890 -0.111795 0.769415
-117.540972 35.663194 -0.483758 1.000000 0.628609 -0.111777 0.769647
-117.540972 35.645417 -0.471463 1.000000 0.628352 -0.111763 0.769859
-117.540972 35.627639 -0.198322 1.000000 0.628118 -0.111752 0.770051
-117.540972 35.609861 -0.217093 1.000000 0.627893 -0.111743 0.770236
-117.540972 35.592083 -0.194156 1.000000 0.627674 -0.111735 0.770416
-117.540972 35.574306 -0.152519 1.000000 0.627461 -0.111728 0.770591
-117.540972 35.556528 -0.114108 1.000000 0.627181 -0.111710 0.770821
-117.540972 35.538750 -0.082029 1.000000 0.626846 -0.111681 0.771097
-117.540972 35.520972 -0.053803 1.000000 0.626528 -0.111656 0.771360
-117.540972 35.503194 -0.039384 1.000000 0.626257 -0.111639 0.771582
-117.523194 35.912083 0.073991 1.000000 0.631786 -0.112014 0.767007
-117.523194 35.894306 0.090518 1.000000 0.631373 -0.111973 0.767353
-117.523194 35.876528 0.114851 1.000000 0.631042 -0.111946 0.767628
-117.523194 35.858750 0.140271 1.000000 0.630677 -0.111913 0.767934
-117.523194 35.840972 0.182757 1.000000 0.630401 -0.111896 0.768162
-117.523194 35.823194 0.235244 1.000000 0.630078 -0.111871 0.768432
-117.523194 35.805417 0.311770 1.000000 0.629751 -0.111844 0.768703
-117.523194 35.787639 0.403282 1.000000 0.629478 -0.111827 0.768929
-117.523194 35.769861 0.526432 1.000000 0.629145 -0.111800 0.769205
-117.523194 35.752083 0.673973 1.000000 0.628840 -0.111777 0.769458
-117.523194 35.734306 0.809948 1.000000 0.628536 -0.111755 0.769710
-117.523194 35.716528 0.800854 1.000000 0.628262 -0.111738 0.769936
-117.523194 35.698750 -0.409873 1.000000 0.627951 -0.111714 0.770193
-117.523194 35.680972 -0.445595 1.000000 0.627635 -0.111689 0.770454
-117.523194 35.663194 -0.489838 1.000000 0.627342 -0.111668 0.770696
-117.523194 35.645417 -0.228093 1.000000 0.627081 -0.111653 0.770910
-117.523194 35.627639 -0.203498 1.000000 0.626841 -0.111641 0.771107
-117.523194 35.609861 -0.206804 1.000000 0.626615 -0.111632 0.771293
-117.523194 35.592083 -0.184164 1.000000 0.626402 -0.111625 0.771466
-117.523194 35.574306 -0.151266 1.000000 0.626191 -0.111618 0.771638
-117.523194 35.556528 -0.118852 1.000000 0.625894 -0.111597 0.771882
-117.523194 35.538750 -0.088349 1.000000 0.625554 -0.111567 0.772163
-117.523194 35.520972 -0.062577 1.000000 0.625237 -0.111542 0.772423
-117.523194 35.503194 -0.045546 1.000000 0.624965 -0.111524 0.772646
-117.505417 35.912083 0.075167 1.000000 0.630597 -0.111921 0.767998
-117.505417 35.894306 0.092455 1.000000 0.630212 -0.111885 0.768320
-117.505417 35.876528 0.116071 1.000000 0.629878 -0.111857 0.768598
-117.505417 35.858750 0.141964 1.000000 0.629481 -0.111819 0.768928
-117.505417 35.840972 0.182587 1.000000 0.629163 -0.111794 0.769192
-117.505417 35.823194 0.232588 1.000000 0.628883 -0.111776 0.769423
-117.505417 35.805417 0.302431 1.000000 0.628542 -0.111747 0.769706
-117.505417 35.787639 0.388967 1.000000 0.628243 -0.111725 0.769953
-117.505417 35.769861 0.484536 1.000000 0.627953 -0.111705 0.770193
-117.505417 35.752083 0.598742 1.000000 0.627622 -0.111678 0.770467
-117.505417 35.734306 0.706423 1.000000 0.627313 -0.111654 0.770722
-117.505417 35.716528 0.712321 1.000000 0.627002 -0.111630 0.770978
-117.505417 35.698750 0.661079 1.000000 0.626709 -0.111609 0.771219
-117.505417 35.680972 0.623741 1.000000 0.626378 -0.111582 0.771492
-117.505417 35.663194 -0.140582 1.000000 0.626079 -0.111560 0.771738
-117.505417 35.645417 -0.190344 1.000000 0.625810 -0.111543 0.771958
-117.505417 35.592083 -0.179461 1.000000 0.625139 -0.111516 0.772506
-117.505417 35.574306 -0.153417 1.000000 0.624914 -0.111507 0.772689
-117.505417 35.556528 -0.122699 1.000000 0.624586 -0.111479 0.772959
-117.505417 35.538750 -0.090094 1.000000 0.624249 -0.111450 0.773235
-117.505417 35.520972 -0.066932 1.000000 0.623942 -0.111427 0.773486
-117.505417 35.503194 -0.049213 1.000000 0.623672 -0.111409 0.773706
-117.487639 35.912083 0.075245 1.000000 0.629304 -0.111809 0.769074
-117.487639 35.894306 0.093151 1.000000 0.628969 -0.111781 0.769352
-117.487639 35.876528 0.118131 1.000000 0.628602 -0.111748 0.769657
-117.487639 35.858750 0.143659 1.000000 0.628256 -0.111718 0.769944
-117.487639 35.840972 0.178734 1.000000 0.627943 -0.111694 0.770202
-117.487639 35.823194 0.226122 1.000000 0.627659 -0.111675 0.770437
-117.487639 35.805417 0.289842 1.000000 0.627316 -0.111645 0.770721
-117.487639 35.787639 0.362002 1.000000 0.627033 -0.111627 0.770953
-117.487639 35.769861 0.443316 1.000000 0.626696 -0.111598 0.771231
-117.487639 35.752083 0.533766 1.000000 0.626359 -0.111570 0.771509
-117.487639 35.734306 0.595887 1.000000 0.626035 -0.111543 0.771776
-117.487639 35.716528 0.679238 1.000000 0.625722 -0.111519 0.772034
-117.487639 35.698750 0.697344 1.000000 0.625412 -0.111495 0.772288
-117.487639 35.680972 0.684495 1.000000 0.625114 -0.111473 0.772532
-117.487639 35.663194 0.567932 1.000000 0.624819 -0.111451 0.772774
-117.487639 35.645417 -0.185826 1.000000 0.624536 -0.111432 0.773006
-117.487639 35.592083 -0.184008 1.000000 0.623836 -0.111399 0.773575
-117.487639 35.574306 -0.158719 1.000000 0.623564 -0.111382 0.773797
-117.487639 35.556528 -0.126929 1.000000 0.623250 -0.111357 0.774053
-117.487639 35.538750 -0.094931 1.000000 0.622934 -0.111331 0.774312
-117.487639 35.520972 -0.068730 1.000000 0.622648 -0.111311 0.774544
-117.487639 35.503194 -0.051755 1.000000 0.622384 -0.111294 0.774759
-117.469861 35.912083 0.075449 1.000000 0.627994 -0.111694 0.770161
-117.469861 35.894306 0.095015 1.000000 0.627701 -0.111673 0.770403
-117.469861 35.876528 0.119264 1.000000 0.627344 -0.111642 0.770698
-117.469861 35.858750 0.144488 1.000000 0.627041 -0.111619 0.770948
-117.469861 35.840972 0.175327 1.000000 0.626715 -0.111592 0.771217
-117.469861 35.823194 0.219400 1.000000 0.626401 -0.111568 0.771476
-117.469861 35.805417 0.274712 1.000000 0.626086 -0.111543 0.771735
-117.469861 35.787639 0.338584 1.000000 0.625775 -0.111519 0.771990
-117.469861 35.769861 0.410345 1.000000 0.625428 -0.111489 0.772276
-117.469861 35.752083 0.480786 1.000000 0.625111 -0.111464 0.772536
-117.469861 35.734306 0.556368 1.000000 0.624770 -0.111434 0.772816
-117.469861 35.716528 0.630243 1.000000 0.624451 -0.111408 0.773078
-117.469861 35.698750 0.703787 1.000000 0.624133 -0.111383 0.773338
-117.469861 35.680972 0.683888 1.000000 0.623834 -0.111361 0.773583
-117.469861 35.663194 0.588314 1.000000 0.623541 -0.111339 0.773822
-117.469861 35.645417 -0.163084 1.000000 0.623266 -0.111321 0.774046
-117.469861 35.627639 -0.202865 1.000000 0.623023 -0.111309 0.774243
-117.469861 35.609861 -0.210775 1.000000 0.622777 -0.111295 0.774443
-117.469861 35.592083 -0.196447 1.000000 0.622532 -0.111282 0.774642
-117.469861 35.574306 -0.166295 1.000000 0.622227 -0.111259 0.774890
-117.469861 35.556528 -0.132525 1.000000 0.621926 -0.111236 0.775135
-117.469861 35.538750 -0.098627 1.000000 0.621626 -0.111213 0.775379
-117.469861 35.520972 -0.067944 1.000000 0.621354 -0.111195 0.775600
-117.469861 35.503194 -0.055482 1.000000 0.621094 -0.111179 0.775811
-117.452083 35.912083 0.077012 1.000000 0.626661 -0.111574 0.771263
-117.452083 35.894306 0.095596 1.000000 0.626402 -0.111559 0.771476
-117.452083 35.876528 0.118140 1.000000 0.626107 -0.111538 0.771718
-117.452083 35.858750 0.143103 1.000000 0.625837 -0.111521 0.771940
-117.452083 35.840972 0.172133 1.000000 0.625476 -0.111489 0.772237
-117.452083 35.823194 0.211985 1.000000 0.625101 -0.111453 0.772546
-117.452083 35.805417 0.260482 1.000000 0.624854 -0.111440 0.772748
-117.452083 35.787639 0.314305 1.000000 0.624458 -0.111401 0.773073
-117.452083 35.769861 0.377211 1.000000 0.624147 -0.111377 0.773328
-117.452083 35.752083 0.445589 1.000000 0.623882 -0.111361 0.773544
-117.452083 35.734306 0.510744 1.000000 0.623520 -0.111327 0.773840
-117.452083 35.716528 0.592972 1.000000 0.623191 -0.111300 0.774109
-117.452083 35.698750 0.649717 1.000000 0.622876 -0.111274 0.774367
-117.452083 35.680972 0.642582 1.000000 0.622533 -0.111244 0.774647
-117.452083 35.663194 0.574014 1.000000 0.622242 -0.111223 0.774883
-117.452083 35.645417 0.625336 1.000000 0.622002 -0.111211 0.775078
-117.452083 35.627639 -0.112505 1.000000 0.621751 -0.111197 0.775281
-117.452083 35.609861 -0.187187 1.000000 0.621495 -0.111182 0.775489
-117.452083 35.592083 -0.192741 1.000000 0.621225 -0.111164 0.775708
-117.452083 35.574306 -0.171534 1.000000 0.620907 -0.111138 0.775965
-117.452083 35.556528 -0.134845 1.000000 0.620615 -0.111116 0.776203
-117.452083 35.538750 -0.097734 1.000000 0.620327 -0.111096 0.776435
-117.452083 35.520972 -0.066339 1.000000 0.620059 -0.111078 0.776652
-117.452083 35.503194 -0.054642 1.000000 0.619801 -0.111063 0.776860
-117.434306 35.912083 0.077434 1.000000 0.625317 -0.111452 0.772371
-117.434306 35.894306 0.096233 1.000000 0.624975 -0.111423 0.772652
-117.434306 35.876528 0.117827 1.000000 0.624725 -0.111409 0.772856
-117.434306 35.858750 0.140981 1.000000 0.624470 -0.111395 0.773064
-117.434306 35.840972 0.170193 1.000000 0.624166 -0.111372 0.773313
-117.434306 35.823194 0.201532 1.000000 0.623715 -0.111323 0.773684
-117.434306 35.805417 0.242591 1.000000 0.623543 -0.111323 0.773823
-117.434306 35.787639 0.290296 1.000000 0.623133 -0.111281 0.774158
-117.434306 35.769861 0.342595 1.000000 0.622814 -0.111255 0.774419
-117.434306 35.752083 0.404276 1.000000 0.622559 -0.111241 0.774626
-117.434306 35.734306 0.476281 1.000000 0.622181 -0.111204 0.774935
-117.434306 35.716528 0.542741 1.000000 0.621890 -0.111183 0.775172
-117.434306 35.698750 0.588708 1.000000 0.621565 -0.111156 0.775437
-117.434306 35.680972 0.578031 1.000000 0.621242 -0.111129 0.775699
-117.434306 35.663194 0.567172 1.000000 0.620971 -0.111112 0.775918
-117.434306 35.645417 0.654155 1.000000 0.620739 -0.111101 0.776105
-117.434306 35.627639 -0.188940 1.000000 0.620464 -0.111082 0.776328
-117.434306 35.609861 -0.173349 1.000000 0.620183 -0.111062 0.776555
-117.434306 35.592083 -0.198192 1.000000 0.619899 -0.111042 0.776785
-117.434306 35.574306 -0.160988 1.000000 0.619592 -0.111018 0.777033
-117.434306 35.556528 -0.127291 1.000000 0.619307 -0.110997 0.777263
-117.434306 35.538750 -0.094700 1.000000 0.619030 -0.110978 0.777487
-117.434306 35.520972 -0.068721 1.000000 0.618763 -0.110961 0.777702
-117.434306 35.503194 -0.049933 1.000000 0.618506 -0.110945 0.777908
-117.416528 35.912083 0.076180 1.000000 0.623982 -0.111331 0.773468
-117.416528 35.894306 0.095188 1.000000 0.623571 -0.111290 0.773805
-117.416528 35.876528 0.114777 1.000000 0.623345 -0.111280 0.773988
-117.416528 35.858750 0.136202 1.000000 0.623090 -0.111265 0.774196
-117.416528 35.840972 0.163230 1.000000 0.622813 -0.111247 0.774421
-117.416528 35.823194 0.189718 1.000000 0.622350 -0.111196 0.774801
-117.416528 35.805417 0.225006 1.000000 0.622185 -0.111197 0.774933
-117.416528 35.787639 0.264454 1.000000 0.621799 -0.111159 0.775248
-117.416528 35.769861 0.308765 1.000000 0.621458 -0.111129 0.775525
-117.416528 35.752083 0.365860 1.000000 0.621194 -0.111113 0.775739
-117.416528 35.734306 0.426906 1.000000 0.620827 -0.111078 0.776039
-117.416528 35.716528 0.480012 1.000000 0.620561 -0.111062 0.776253
-117.416528 35.698750 0.509468 1.000000 0.620243 -0.111035 0.776511
-117.416528 35.680972 0.520176 1.000000 0.619943 -0.111012 0.776754
-117.416528 35.663194 0.537248 1.000000 0.619682 -0.110996 0.776965
-117.416528 35.645417 0.591594 1.000000 0.619444 -0.110984 0.777156
-117.416528 35.627639 0.673735 1.000000 0.619163 -0.110964 0.777383
-117.416528 35.609861 -0.169943 1.000000 0.618873 -0.110943 0.777617
-117.416528 35.592083 -0.090918 1.000000 0.618575 -0.110920 0.777857
-117.416528 35.574306 -0.191269 1.000000 0.618281 -0.110898 0.778094
-117.416528 35.556528 -0.114566 1.000000 0.618003 -0.110879 0.778318
-117.416528 35.538750 -0.100300 1.000000 0.617731 -0.110860 0.778536
-117.416528 35.520972 -0.068022 1.000000 0.617469 -0.110843 0.778746
-117.416528 35.503194 -0.043492 1.000000 0.617215 -0.110828 0.778950
-117.398750 35.912083 0.075776 1.000000 0.622671 -0.111214 0.774540
-117.398750 35.894306 0.090801 1.000000 0.622246 -0.111170 0.774888
-117.398750 35.876528 0.109498 1.000000 0.622010 -0.111158 0.775079
-117.398750 35.858750 0.127977 1.000000 0.621723 -0.111138 0.775312
-117.398750 35.840972 0.150352 1.000000 0.621390 -0.111110 0.775583
-117.398750 35.823194 0.173628 1.000000 0.621051 -0.111080 0.775859
-117.398750 35.805417 0.205438 1.000000 0.620751 -0.111057 0.776102
-117.398750 35.787639 0.242128 1.000000 0.620448 -0.111034 0.776348
-117.398750 35.769861 0.279737 1.000000 0.620073 -0.110998 0.776652
-117.398750 35.752083 0.327544 1.000000 0.619768 -0.110974 0.776899
-117.398750 35.734306 0.360683 1.000000 0.619467 -0.110951 0.777143
-117.398750 35.716528 0.403374 1.000000 0.619190 -0.110932 0.777366
-117.398750 35.698750 0.439405 1.000000 0.618914 -0.110913 0.777588
-117.398750 35.680972 0.473135 1.000000 0.618628 -0.110892 0.777819
-117.398750 35.663194 0.492516 1.000000 0.618347 -0.110873 0.778045
-117.398750 35.645417 0.538683 1.000000 0.618084 -0.110856 0.778257
-117.398750 35.627639 0.594969 1.000000 0.617835 -0.110841 0.778456
-117.398750 35.609861 0.612259 1.000000 0.617575 -0.110825 0.778665
-117.398750 35.592083 -0.150172 1.000000 0.617261 -0.110799 0.778917
-117.398750 35.574306 -0.151332 1.000000 0.616982 -0.110780 0.779141
-117.398750 35.556528 -0.175030 1.000000 0.616705 -0.110760 0.779363
-117.398750 35.538750 -0.111223 1.000000 0.616431 -0.110741 0.779583
-117.398750 35.520972 -0.062783 1.000000 0.616179 -0.110726 0.779784
-117.398750 35.503194 -0.037066 1.000000 0.615935 -0.110712 0.779978
-117.380972 35.912083 0.071999 1.000000 0.621302 -0.111086 0.775657
-117.380972 35.894306 0.084546 1.000000 0.620916 -0.111049 0.775971
-117.380972 35.876528 0.100326 1.000000 0.620666 -0.111035 0.776174
-117.380972 35.858750 0.116458 1.000000 0.620333 -0.111006 0.776443
-117.380972 35.840972 0.137034 1.000000 0.620003 -0.110978 0.776712
-117.380972 35.823194 0.159822 1.000000 0.619681 -0.110951 0.776972
-117.380972 35.805417 0.186919 1.000000 0.619372 -0.110927 0.777222
-117.380972 35.787639 0.219966 1.000000 0.619078 -0.110905 0.777459
-117.380972 35.769861 0.246992 1.000000 0.618740 -0.110875 0.777732
-117.380972 35.752083 0.283198 1.000000 0.618441 -0.110852 0.777974
-117.380972 35.734306 0.306163 1.000000 0.618157 -0.110832 0.778202
-117.380972 35.716528 0.326846 1.000000 0.617877 -0.110812 0.778427
-117.380972 35.698750 0.394092 1.000000 0.617603 -0.110793 0.778647
-117.380972 35.680972 0.417359 1.000000 0.617322 -0.110773 0.778873
-117.380972 35.663194 0.440495 1.000000 0.617038 -0.110753 0.779101
-117.380972 35.645417 0.482072 1.000000 0.616764 -0.110734 0.779320
-117.380972 35.627639 0.525444 1.000000 0.616507 -0.110718 0.779526
-117.380972 35.609861 0.572271 1.000000 0.616245 -0.110701 0.779735
-117.380972 35.592083 0.703427 1.000000 0.615953 -0.110679 0.779970
-117.380972 35.574306 0.033291 1.000000 0.615685 -0.110661 0.780183
-117.380972 35.556528 0.024549 1.000000 0.615412 -0.110642 0.780402
-117.380972 35.538750 -0.064378 1.000000 0.615133 -0.110622 0.780624
-117.380972 35.520972 -0.049500 1.000000 0.614890 -0.110609 0.780818
-117.380972 35.503194 -0.024320 1.000000 0.614642 -0.110594 0.781015
-117.363194 36.143194 -0.006707 1.000000 0.623270 -0.111153 0.774066
-117.363194 35.912083 0.064586 1.000000 0.619917 -0.110955 0.776783
-117.363194 35.894306 0.078306 1.000000 0.619584 -0.110926 0.777053
-117.363194 35.876528 0.091761 1.000000 0.619314 -0.110909 0.777270
-117.363194 35.858750 0.107721 1.000000 0.618950 -0.110875 0.777566
-117.363194 35.840972 0.126663 1.000000 0.618635 -0.110849 0.777820
-117.363194 35.823194 0.147621 1.000000 0.618305 -0.110821 0.778086
-117.363194 35.805417 0.172234 1.000000 0.618019 -0.110800 0.778316
-117.363194 35.787639 0.200128 1.000000 0.617717 -0.110776 0.778559
-117.363194 35.769861 0.209621 1.000000 0.617426 -0.110755 0.778793
-117.363194 35.752083 0.252807 1.000000 0.617142 -0.110734 0.779021
-117.363194 35.734306 0.260415 1.000000 0.616861 -0.110714 0.779247
-117.363194 35.716528 0.283640 1.000000 0.616579 -0.110694 0.779472
-117.363194 35.698750 0.339116 1.000000 0.616298 -0.110674 0.779697
-117.363194 35.680972 0.366485 1.000000 0.616017 -0.110654 0.779922
-117.363194 35.663194 0.396877 1.000000 0.615735 -0.110634 0.780148
-117.363194 35.645417 0.424758 1.000000 0.615456 -0.110614 0.780370
-117.363194 35.627639 0.465323 1.000000 0.615181 -0.110595 0.780590
-117.363194 35.609861 0.527508 1.000000 0.614910 -0.110576 0.780806
-117.363194 35.592083 0.639520 1.000000 0.614645 -0.110558 0.781018
-117.363194 35.574306 0.321757 1.000000 0.614390 -0.110543 0.781220
-117.363194 35.556528 0.055327 1.000000 0.614120 -0.110524 0.781435
-117.363194 35.538750 0.011525 1.000000 0.613841 -0.110504 0.781657
-117.363194 35.520972 -0.013005 1.000000 0.613596 -0.110490 0.781851
-117.363194 35.503194 -0.011602 1.000000 0.613340 -0.110474 0.782055
-117.345417 36.143194 -0.008148 1.000000 0.621970 -0.111038 0.775128
-117.345417 35.912083 0.058311 1.000000 0.618541 -0.110825 0.777898
-117.345417 35.894306 0.070410 1.000000 0.618244 -0.110803 0.778137
-117.345417 35.876528 0.083793 1.000000 0.617950 -0.110781 0.778374
-117.345417 35.858750 0.100324 1.000000 0.617620 -0.110752 0.778639
-117.345417 35.840972 0.116007 1.000000 0.617307 -0.110727 0.778892
-117.345417 35.823194 0.133114 1.000000 0.616994 -0.110701 0.779143
-117.345417 35.805417 0.154675 1.000000 0.616703 -0.110679 0.779376
-117.345417 35.787639 0.193636 1.000000 0.616412 -0.110658 0.779609
-117.345417 35.769861 0.200306 1.000000 0.616127 -0.110637 0.779838
-117.345417 35.752083 0.216369 1.000000 0.615844 -0.110616 0.780065
-117.345417 35.734306 0.250942 1.000000 0.615561 -0.110596 0.780291
-117.345417 35.716528 0.258826 1.000000 0.615278 -0.110575 0.780517
-117.345417 35.698750 0.297420 1.000000 0.614995 -0.110555 0.780742
-117.345417 35.680972 0.329400 1.000000 0.614713 -0.110534 0.780968
-117.345417 35.663194 0.364087 1.000000 0.614429 -0.110514 0.781193
-117.345417 35.645417 0.375907 1.000000 0.614148 -0.110493 0.781418
-117.345417 35.627639 0.414079 1.000000 0.613870 -0.110473 0.781639
-117.345417 35.609861 0.470040 1.000000 0.613598 -0.110454 0.781855
-117.345417 35.592083 0.544379 1.000000 0.613339 -0.110438 0.782061
-117.345417 35.574306 0.512084 1.000000 0.613101 -0.110425 0.782249
-117.345417 35.556528 0.129875 1.000000 0.612834 -0.110407 0.782461
-117.345417 35.538750 0.047087 1.000000 0.612573 -0.110389 0.782668
-117.345417 35.520972 0.020985 1.000000 0.612293 -0.110369 0.782890
-117.345417 35.503194 0.007005 1.000000 0.612021 -0.110350 0.783105
-117.327639 35.876528 0.078228 1.000000 0.616620 -0.110658 0.779445
-117.327639 35.858750 0.091510 1.000000 0.616308 -0.110632 0.779695
-117.327639 35.840972 0.105111 1.000000 0.615997 -0.110607 0.779945
-117.327639 35.823194 0.121328 1.000000 0.615691 -0.110583 0.780190
-117.327639 35.805417 0.141715 1.000000 0.615397 -0.110560 0.780425
-117.327639 35.787639 0.172992 1.000000 0.615108 -0.110539 0.780655
-117.327639 35.769861 0.183419 1.000000 0.614824 -0.110518 0.780883
-117.327639 35.752083 0.200564 1.000000 0.614540 -0.110497 0.781109
-117.327639 35.734306 0.224390 1.000000 0.614256 -0.110476 0.781335
-117.327639 35.716528 0.238268 1.000000 0.613972 -0.110455 0.781561
-117.327639 35.698750 0.251976 1.000000 0.613688 -0.110434 0.781787
-117.327639 35.680972 0.286400 1.000000 0.613404 -0.110413 0.782013
-117.327639 35.663194 0.312750 1.000000 0.613120 -0.110392 0.782239
-117.327639 35.645417 0.327695 1.000000 0.612836 -0.110371 0.782464
-117.327639 35.627639 0.357229 1.000000 0.612558 -0.110351 0.782685
-117.327639 35.609861 0.397339 1.000000 0.612285 -0.110332 0.782901
-117.327639 35.592083 0.427279 1.000000 0.612028 -0.110316 0.783105
-117.327639 35.574306 0.409454 1.000000 0.611794 -0.110303 0.783289
-117.327639 35.556528 0.251393 1.000000 0.611533 -0.110286 0.783495
-117.327639 35.538750 0.095910 1.000000 0.611266 -0.110268 0.783706
-117.327639 35.520972 0.046985 1.000000 0.610976 -0.110245 0.783935
-117.327639 35.503194 0.020332 1.000000 0.610692 -0.110224 0.784159
-117.309861 35.876528 0.072902 1.000000 0.615321 -0.110540 0.780488
-117.309861 35.858750 0.083136 1.000000 0.615007 -0.110514 0.780739
-117.309861 35.840972 0.094655 1.000000 0.614699 -0.110489 0.780985
-117.309861 35.823194 0.109025 1.000000 0.614398 -0.110465 0.781225
-117.309861 35.805417 0.128114 1.000000 0.614100 -0.110442 0.781463
-117.309861 35.787639 0.148382 1.000000 0.613806 -0.110419 0.781697
-117.309861 35.769861 0.164441 1.000000 0.613518 -0.110398 0.781926
-117.309861 35.752083 0.183039 1.000000 0.613234 -0.110377 0.782152
-117.309861 35.734306 0.199372 1.000000 0.612948 -0.110356 0.782378
-117.309861 35.716528 0.218590 1.000000 0.612663 -0.110334 0.782605
-117.309861 35.698750 0.235381 1.000000 0.612378 -0.110313 0.782831
-117.309861 35.680972 0.254690 1.000000 0.612092 -0.110292 0.783057
-117.309861 35.663194 0.270395 1.000000 0.611806 -0.110270 0.783284
-117.309861 35.645417 0.279803 1.000000 0.611522 -0.110249 0.783509
-117.309861 35.627639 0.304422 1.000000 0.611245 -0.110229 0.783728
-117.309861 35.609861 0.323640 1.000000 0.610973 -0.110209 0.783943
-117.309861 35.592083 0.334814 1.000000 0.610713 -0.110192 0.784148
-117.309861 35.574306 0.316627 1.000000 0.610474 -0.110179 0.784335
-117.309861 35.556528 0.222704 1.000000 0.610219 -0.110163 0.784536
-117.309861 35.538750 0.117214 1.000000 0.609936 -0.110141 0.784759
-117.309861 35.520972 0.064479 1.000000 0.609651 -0.110119 0.784984
-117.309861 35.503194 0.024700 1.000000 0.609358 -0.110096 0.785215
-117.292083 35.805417 0.108637 1.000000 0.612862 -0.110334 0.782449
-117.292083 35.787639 0.128743 1.000000 0.612516 -0.110302 0.782725
-117.292083 35.769861 0.146090 1.000000 0.612219 -0.110278 0.782960
-117.292083 35.752083 0.157203 1.000000 0.611924 -0.110255 0.783194
-117.292083 35.734306 0.184435 1.000000 0.611635 -0.110233 0.783423
-117.292083 35.716528 0.198032 1.000000 0.611349 -0.110212 0.783649
-117.292083 35.698750 0.207192 1.000000 0.611062 -0.110190 0.783876
-117.292083 35.680972 0.223324 1.000000 0.610775 -0.110168 0.784103
-117.292083 35.663194 0.231813 1.000000 0.610488 -0.110146 0.784329
-117.292083 35.645417 0.243623 1.000000 0.610202 -0.110125 0.784554
-117.292083 35.627639 0.255555 1.000000 0.609927 -0.110105 0.784772
-117.292083 35.609861 0.263199 1.000000 0.609660 -0.110086 0.784981
-117.292083 35.592083 0.262661 1.000000 0.609393 -0.110068 0.785192
-117.292083 35.574306 0.244392 1.000000 0.609132 -0.110050 0.785397
-117.292083 35.556528 0.189359 1.000000 0.608868 -0.110032 0.785603
-117.292083 35.538750 0.119449 1.000000 0.608597 -0.110013 0.785816
-117.292083 35.520972 0.071406 1.000000 0.608311 -0.109991 0.786041
-117.292083 35.503194 0.040168 1.000000 0.608025 -0.109968 0.786265
-117.274306 35.805417 0.101273 1.000000 0.611607 -0.110222 0.783446
-117.274306 35.787639 0.115272 1.000000 0.611240 -0.110186 0.783737
-117.274306 35.769861 0.133271 1.000000 0.610929 -0.110160 0.783983
-117.274306 35.752083 0.143159 1.000000 0.610620 -0.110135 0.784228
-117.274306 35.734306 0.156703 1.000000 0.610323 -0.110111 0.784462
-117.274306 35.716528 0.171980 1.000000 0.610031 -0.110088 0.784693
-117.274306 35.698750 0.182398 1.000000 0.609743 -0.110066 0.784920
-117.274306 35.680972 0.192735 1.000000 0.609454 -0.110044 0.785147
-117.274306 35.663194 0.200571 1.000000 0.609166 -0.110022 0.785374
-117.274306 35.645417 0.208311 1.000000 0.608881 -0.110000 0.785598
-117.274306 35.627639 0.212002 1.000000 0.608617 -0.109982 0.785805
-117.274306 35.609861 0.211215 1.000000 0.608371 -0.109967 0.785998
-117.274306 35.592083 0.204306 1.000000 0.608105 -0.109948 0.786206
-117.274306 35.574306 0.194535 1.000000 0.607816 -0.109926 0.786432
-117.274306 35.556528 0.156253 1.000000 0.607531 -0.109904 0.786656
-117.274306 35.538750 0.114564 1.000000 0.607256 -0.109883 0.786871
-117.274306 35.520972 0.074718 1.000000 0.606971 -0.109861 0.787094
-117.274306 35.503194 0.049469 1.000000 0.606692 -0.109840 0.787312
-117.256528 35.876528 0.060027 1.000000 0.611455 -0.110189 0.783569
-117.256528 35.858750 0.070920 1.000000 0.611247 -0.110181 0.783732
-117.256528 35.769861 0.117345 1.000000 0.609649 -0.110044 0.784996
-117.256528 35.752083 0.126490 1.000000 0.609322 -0.110014 0.785254
-117.256528 35.734306 0.133906 1.000000 0.609013 -0.109988 0.785497
-117.256528 35.716528 0.143295 1.000000 0.608712 -0.109964 0.785734
-117.256528 35.698750 0.156213 1.000000 0.608420 -0.109941 0.785963
-117.256528 35.680972 0.164946 1.000000 0.608131 -0.109918 0.786190
-117.256528 35.663194 0.166714 1.000000 0.607842 -0.109896 0.786417
-117.256528 35.645417 0.172725 1.000000 0.607557 -0.109874 0.786640
-117.256528 35.627639 0.171559 1.000000 0.607314 -0.109859 0.786829
-117.256528 35.609861 0.169199 1.000000 0.607103 -0.109851 0.786993
-117.256528 35.592083 0.165783 1.000000 0.606848 -0.109834 0.787192
-117.256528 35.574306 0.155171 1.000000 0.606526 -0.109805 0.787445
-117.256528 35.556528 0.132569 1.000000 0.606205 -0.109777 0.787696
-117.256528 35.538750 0.101263 1.000000 0.605914 -0.109753 0.787923
-117.256528 35.520972 0.074518 1.000000 0.605632 -0.109732 0.788142
-117.256528 35.503194 0.048866 1.000000 0.605358 -0.109711 0.788356
-117.238750 35.876528 0.052155 1.000000 0.610048 -0.110050 0.784685
-117.238750 35.858750 0.068011 1.000000 0.609929 -0.110058 0.784776
-117.238750 35.769861 0.104138 1.000000 0.608401 -0.109932 0.785979
-117.238750 35.752083 0.111042 1.000000 0.608077 -0.109903 0.786234
-117.238750 35.734306 0.116756 1.000000 0.607750 -0.109874 0.786491
-117.238750 35.716528 0.124713 1.000000 0.607449 -0.109849 0.786727
-117.238750 35.698750 0.134866 1.000000 0.607125 -0.109820 0.786981
-117.238750 35.680972 0.141460 1.000000 0.606832 -0.109797 0.787210
-117.238750 35.663194 0.144372 1.000000 0.606554 -0.109776 0.787427
-117.238750 35.645417 0.148738 1.000000 0.606312 -0.109762 0.787616
-117.238750 35.627639 0.153161 1.000000 0.606146 -0.109761 0.787743
-117.238750 35.609861 0.154450 1.000000 0.605950 -0.109754 0.787895
-117.238750 35.592083 0.152880 1.000000 0.605669 -0.109733 0.788114
-117.238750 35.574306 0.139023 1.000000 0.605251 -0.109687 0.788442
-117.238750 35.556528 0.114725 1.000000 0.604889 -0.109651 0.788724
-117.238750 35.538750 0.087061 1.000000 0.604574 -0.109623 0.788970
-117.238750 35.520972 0.063037 1.000000 0.604289 -0.109601 0.789191
-117.238750 35.503194 0.046742 1.000000 0.604018 -0.109581 0.789401
-117.220972 35.840972 0.072103 1.000000 0.608440 -0.109933 0.785949
-117.220972 35.823194 0.082926 1.000000 0.608221 -0.109923 0.786119
-117.220972 35.592083 0.137745 1.000000 0.604411 -0.109617 0.789095
-117.220972 35.574306 0.121225 1.000000 0.603963 -0.109566 0.789445
-117.220972 35.556528 0.099934 1.000000 0.603563 -0.109523 0.789757
-117.220972 35.538750 0.074455 1.000000 0.603230 -0.109492 0.790016
-117.203194 35.840972 0.059584 1.000000 0.606873 -0.109765 0.787183
-117.203194 35.823194 0.072119 1.000000 0.606663 -0.109756 0.787346
-117.203194 35.592083 0.121706 1.000000 0.603026 -0.109479 0.790173
-117.203194 35.574306 0.107296 1.000000 0.602655 -0.109441 0.790462
-117.203194 35.556528 0.084125 1.000000 0.602223 -0.109392 0.790797
-117.203194 35.538750 0.063325 1.000000 0.601883 -0.109360 0.791061
-117.185417 35.805417 0.068883 1.000000 0.605027 -0.109603 0.788625
-117.185417 35.787639 0.084404 1.000000 0.604868 -0.109603 0.788747
-117.185417 35.769861 0.093494 1.000000 0.604587 -0.109582 0.788965
-117.185417 35.752083 0.099172 1.000000 0.604313 -0.109561 0.789178
-117.185417 35.627639 0.116546 1.000000 0.602451 -0.109428 0.790619
-117.185417 35.609861 0.115209 1.000000 0.602082 -0.109390 0.790905
-117.185417 35.592083 0.106254 1.000000 0.601652 -0.109342 0.791239
-117.185417 35.574306 0.094610 1.000000 0.601298 -0.109307 0.791513
-117.185417 35.556528 0.072804 1.000000 0.600870 -0.109259 0.791844
-117.185417 35.538750 0.055895 1.000000 0.600529 -0.109226 0.792107
-117.167639 35.805417 0.054702 1.000000 0.603503 -0.109441 0.789815
-117.167639 35.787639 0.065113 1.000000 0.603346 -0.109441 0.789934
-117.167639 35.769861 0.077576 1.000000 0.603171 -0.109438 0.790068
-117.167639 35.752083 0.081890 1.000000 0.602912 -0.109420 0.790269
-117.167639 35.627639 0.107835 1.000000 0.601114 -0.109297 0.791654
-117.167639 35.609861 0.097757 1.000000 0.600659 -0.109244 0.792006
-117.167639 35.592083 0.093295 1.000000 0.600272 -0.109203 0.792306
-117.167639 35.574306 0.082690 1.000000 0.599921 -0.109169 0.792576
-117.167639 35.556528 0.062299 1.000000 0.599505 -0.109122 0.792897
-117.167639 35.538750 0.049764 1.000000 0.599173 -0.109091 0.793152
-117.149861 35.769861 0.061854 1.000000 0.601669 -0.109279 0.791235
-117.149861 35.752083 0.069414 1.000000 0.601425 -0.109264 0.791422
-117.149861 35.734306 0.077772 1.000000 0.601210 -0.109254 0.791587
-117.149861 35.716528 0.085171 1.000000 0.600959 -0.109237 0.791780
-117.149861 35.698750 0.090136 1.000000 0.600653 -0.109211 0.792015
-117.149861 35.680972 0.087378 1.000000 0.600391 -0.109192 0.792217
-117.149861 35.627639 0.095126 1.000000 0.599718 -0.109156 0.792732
-117.149861 35.609861 0.086418 1.000000 0.599254 -0.109101 0.793090
-117.149861 35.592083 0.080009 1.000000 0.598871 -0.109060 0.793385
-117.149861 35.574306 0.070958 1.000000 0.598517 -0.109025 0.793657
-117.132083 35.769861 0.047267 1.000000 0.600288 -0.109141 0.792302
-117.132083 35.752083 0.055575 1.000000 0.599986 -0.109115 0.792534
-117.132083 35.734306 0.064731 1.000000 0.599739 -0.109099 0.792724
-117.132083 35.716528 0.069963 1.000000 0.599472 -0.109080 0.792928
-117.132083 35.698750 0.073719 1.000000 0.599196 -0.109058 0.793140
-117.132083 35.680972 0.075768 1.000000 0.598940 -0.109040 0.793336
-117.132083 35.627639 0.079002 1.000000 0.598279 -0.109006 0.793839
-117.132083 35.609861 0.073984 1.000000 0.597813 -0.108951 0.794197
-117.132083 35.592083 0.067743 1.000000 0.597449 -0.108913 0.794477
-117.132083 35.574306 0.058790 1.000000 0.597102 -0.108879 0.794742
-117.114306 36.107639 -0.013085 1.000000 0.605357 -0.109613 0.788371
-117.114306 35.734306 0.051623 1.000000 0.598304 -0.108951 0.793828
-117.114306 35.716528 0.056930 1.000000 0.598024 -0.108929 0.794041
-117.096528 36.107639 -0.017232 1.000000 0.604118 -0.109503 0.789336
-117.096528 35.734306 0.037509 1.000000 0.596962 -0.108818 0.794855
-117.096528 35.716528 0.043222 1.000000 0.596649 -0.108790 0.795094
-117.007639 35.414306 0.002111 1.000000 0.584777 -0.107647 0.804020
-116.972083 35.556528 0.005293 1.000000 0.584302 -0.107557 0.804377
-116.972083 35.538750 0.005428 1.000000 0.584007 -0.107530 0.804595
-116.936528 35.698750 -0.005222 1.000000 0.584030 -0.107504 0.804582
-116.900972 35.876528 -0.014329 1.000000 0.584330 -0.107500 0.804365
-116.865417 36.072083 -0.047592 1.000000 0.584517 -0.107450 0.804235
-118.172083 36.152083 0.010203 1.000000 0.678089 -0.115136 0.725906
-118.172083 36.116528 0.011379 1.000000 0.677662 -0.115136 0.726304
-118.172083 36.080972 0.010895 1.000000 0.677068 -0.115107 0.726863
-118.172083 36.045417 0.005702 1.000000 0.676534 -0.115088 0.727363
-118.172083 36.009861 -0.001598 1.000000 0.676084 -0.115084 0.727782
-118.172083 35.974306 -0.011405 1.000000 0.675411 -0.115041 0.728413
-118.172083 35.938750 -0.014869 1.000000 0.674922 -0.115030 0.728868
-118.172083 35.903194 -0.020813 1.000000 0.674474 -0.115024 0.729283
-118.172083 35.867639 -0.020465 1.000000 0.674166 -0.115043 0.729565
-118.172083 35.832083 -0.023067 1.000000 0.673491 -0.114999 0.730195
-118.172083 35.796528 -0.022406 1.000000 0.673133 -0.115009 0.730524
-118.172083 35.760972 -0.022594 1.000000 0.672344 -0.114946 0.731260
-118.172083 35.725417 -0.019341 1.000000 0.671691 -0.114906 0.731866
-118.172083 35.689861 -0.008797 1.000000 0.671394 -0.114925 0.732135
-118.172083 35.654306 -0.001505 1.000000 0.671146 -0.114952 0.732358
-118.172083 35.618750 0.001683 1.000000 0.670669 -0.114940 0.732797
-118.172083 35.583194 0.003868 1.000000 0.670213 -0.114932 0.733216
-118.172083 35.547639 0.008569 1.000000 0.669616 -0.114901 0.733766
-118.172083 35.512083 0.006660 1.000000 0.669207 -0.114900 0.734139
-118.172083 35.476528 0.006901 1.000000 0.668713 -0.114885 0.734592
-118.172083 35.440972 0.010393 1.000000 0.668376 -0.114896 0.734896
-118.172083 35.405417 0.008609 1.000000 0.667861 -0.114878 0.735367
-118.172083 35.369861 0.008641 1.000000 0.667328 -0.114856 0.735854
-118.172083 35.334306 0.004535 1.000000 0.666743 -0.114825 0.736390
-118.136528 36.152083 0.011022 1.000000 0.675861 -0.115009 0.728001
-118.136528 36.116528 0.013267 1.000000 0.675438 -0.115009 0.728393
-118.136528 36.080972 0.011956 1.000000 0.674824 -0.114977 0.728967
-118.136528 36.045417 0.007614 1.000000 0.674303 -0.114959 0.729452
-118.136528 36.009861 -0.001429 1.000000 0.673701 -0.114928 0.730013
-118.136528 35.974306 -0.008767 1.000000 0.673268 -0.114926 0.730413
-118.136528 35.938750 -0.014236 1.000000 0.672855 -0.114926 0.730793
-118.136528 35.903194 -0.017510 1.000000 0.672389 -0.114917 0.731223
-118.136528 35.867639 -0.022101 1.000000 0.671922 -0.114908 0.731654
-118.136528 35.832083 -0.027195 1.000000 0.671355 -0.114882 0.732178
-118.136528 35.796528 -0.023646 1.000000 0.670915 -0.114877 0.732582
-118.136528 35.760972 -0.031473 1.000000 0.670060 -0.114803 0.733375
-118.136528 35.725417 -0.022644 1.000000 0.669507 -0.114779 0.733884
-118.136528 35.689861 -0.007767 1.000000 0.669300 -0.114812 0.734067
-118.136528 35.654306 -0.003320 1.000000 0.669010 -0.114832 0.734329
-118.136528 35.618750 -0.000544 1.000000 0.668583 -0.114828 0.734719
-118.136528 35.583194 0.000547 1.000000 0.668083 -0.114812 0.735176
-118.136528 35.547639 0.008306 1.000000 0.667525 -0.114786 0.735686
-118.136528 35.512083 0.014347 1.000000 0.667037 -0.114772 0.736132
-118.136528 35.476528 0.013192 1.000000 0.666567 -0.114760 0.736559
-118.136528 35.440972 0.015888 1.000000 0.666081 -0.114746 0.737001
-118.136528 35.405417 0.006872 1.000000 0.665509 -0.114717 0.737521
-118.136528 35.369861 0.003205 1.000000 0.665015 -0.114701 0.737970
-118.136528 35.334306 -0.001346 1.000000 0.664454 -0.114673 0.738479
-118.100972 36.152083 0.015653 1.000000 0.673689 -0.114890 0.730030
-118.100972 36.116528 0.014632 1.000000 0.673140 -0.114868 0.730540
-118.100972 36.080972 0.012580 1.000000 0.672679 -0.114861 0.730965
-118.100972 36.045417 0.005908 1.000000 0.672152 -0.114842 0.731453
-118.100972 36.009861 -0.003931 1.000000 0.671553 -0.114811 0.732007
-118.100972 35.974306 -0.008624 1.000000 0.671111 -0.114806 0.732414
-118.100972 35.938750 -0.013378 1.000000 0.670805 -0.114824 0.732691
-118.100972 35.903194 -0.018419 1.000000 0.670292 -0.114806 0.733163
-118.100972 35.867639 -0.025192 1.000000 0.669800 -0.114793 0.733614
-118.100972 35.832083 -0.029130 1.000000 0.669222 -0.114764 0.734146
-118.100972 35.796528 -0.038138 1.000000 0.668583 -0.114725 0.734734
-118.100972 35.760972 -0.035732 1.000000 0.667861 -0.114672 0.735399
-118.100972 35.725417 -0.029576 1.000000 0.667354 -0.114655 0.735862
-118.100972 35.689861 -0.016235 1.000000 0.667274 -0.114710 0.735926
-118.100972 35.654306 -0.010450 1.000000 0.666839 -0.114704 0.736321
-118.100972 35.618750 -0.001003 1.000000 0.666423 -0.114702 0.736698
-118.100972 35.583194 0.003047 1.000000 0.665768 -0.114659 0.737296
-118.100972 35.547639 0.009610 1.000000 0.665248 -0.114639 0.737769
-118.100972 35.512083 0.010173 1.000000 0.664651 -0.114606 0.738312
-118.100972 35.476528 0.015165 1.000000 0.664171 -0.114592 0.738746
-118.100972 35.440972 0.009032 1.000000 0.663699 -0.114579 0.739172
-118.100972 35.405417 0.005220 1.000000 0.663206 -0.114563 0.739617
-118.100972 35.369861 -0.000557 1.000000 0.662622 -0.114531 0.740145
-118.100972 35.334306 -0.001104 1.000000 0.662029 -0.114497 0.740681
-118.065417 36.152083 0.016239 1.000000 0.671507 -0.114768 0.732056
-118.065417 36.116528 0.013829 1.000000 0.671037 -0.114759 0.732489
-118.065417 36.080972 0.009126 1.000000 0.670559 -0.114748 0.732928
-118.065417 36.045417 0.007466 1.000000 0.669925 -0.114711 0.733513
-118.065417 36.009861 -0.004914 1.000000 0.669373 -0.114687 0.734021
-118.065417 35.974306 -0.013218 1.000000 0.668876 -0.114672 0.734477
-118.065417 35.938750 -0.019058 1.000000 0.668545 -0.114685 0.734776
-118.065417 35.903194 -0.023987 1.000000 0.668123 -0.114682 0.735160
-118.065417 35.867639 -0.029700 1.000000 0.667535 -0.114652 0.735698
-118.065417 35.832083 -0.037130 1.000000 0.666900 -0.114613 0.736280
-118.065417 35.796528 -0.044874 1.000000 0.666302 -0.114580 0.736826
-118.065417 35.760972 -0.044861 1.000000 0.665709 -0.114548 0.737367
-118.065417 35.725417 -0.038637 1.000000 0.665171 -0.114525 0.737856
-118.065417 35.689861 -0.027206 1.000000 0.664848 -0.114538 0.738145
-118.065417 35.654306 -0.016979 1.000000 0.664438 -0.114537 0.738515
-118.065417 35.618750 -0.003081 1.000000 0.664158 -0.114557 0.738763
-118.065417 35.583194 -0.000361 1.000000 0.663360 -0.114489 0.739491
-118.065417 35.547639 0.002574 1.000000 0.662867 -0.114473 0.739935
-118.065417 35.512083 0.008246 1.000000 0.662306 -0.114445 0.740441
-118.065417 35.476528 0.007241 1.000000 0.661793 -0.114425 0.740903
-118.065417 35.440972 0.008224 1.000000 0.661310 -0.114410 0.741337
-118.065417 35.405417 0.005528 1.000000 0.660814 -0.114392 0.741781
-118.065417 35.369861 0.004750 1.000000 0.660285 -0.114369 0.742256
-118.065417 35.334306 0.000683 1.000000 0.659769 -0.114348 0.742718
-118.029861 36.152083 0.017280 1.000000 0.668879 -0.114570 0.734489
-118.029861 36.116528 0.015184 1.000000 0.668382 -0.114555 0.734944
-118.029861 36.080972 0.009297 1.000000 0.667999 -0.114559 0.735292
-118.029861 36.045417 0.000744 1.000000 0.667583 -0.114558 0.735670
-118.029861 36.009861 -0.007886 1.000000 0.667324 -0.114583 0.735901
-118.029861 35.974306 -0.016836 1.000000 0.666699 -0.114546 0.736473
-118.029861 35.938750 -0.024425 1.000000 0.666298 -0.114546 0.736835
-118.029861 35.903194 -0.032691 1.000000 0.665701 -0.114514 0.737379
-118.029861 35.867639 -0.037943 1.000000 0.665233 -0.114503 0.737804
-118.029861 35.832083 -0.051245 1.000000 0.664592 -0.114462 0.738387
-118.029861 35.796528 -0.052801 1.000000 0.664163 -0.114458 0.738774
-118.029861 35.760972 -0.052017 1.000000 0.663570 -0.114425 0.739311
-118.029861 35.725417 -0.044942 1.000000 0.663065 -0.114407 0.739767
-118.029861 35.689861 -0.033965 1.000000 0.662572 -0.114391 0.740212
-118.029861 35.654306 -0.023135 1.000000 0.662142 -0.114385 0.740597
-118.029861 35.618750 -0.008404 1.000000 0.661739 -0.114384 0.740957
-118.029861 35.583194 -0.006633 1.000000 0.660997 -0.114325 0.741628
-118.029861 35.547639 -0.000823 1.000000 0.660427 -0.114295 0.742141
-118.029861 35.512083 -0.000779 1.000000 0.659881 -0.114269 0.742630
-118.029861 35.476528 0.004731 1.000000 0.659401 -0.114254 0.743058
-118.029861 35.440972 0.007571 1.000000 0.658927 -0.114239 0.743481
-118.029861 35.405417 0.010158 1.000000 0.658413 -0.114218 0.743940
-118.029861 35.369861 0.006654 1.000000 0.657903 -0.114197 0.744394
-118.029861 35.334306 0.005374 1.000000 0.657349 -0.114169 0.744888
-117.994306 36.152083 0.019054 1.000000 0.666353 -0.114387 0.736811
-117.994306 36.116528 0.014109 1.000000 0.665889 -0.114377 0.737231
-117.994306 36.080972 0.003868 1.000000 0.665431 -0.114368 0.737646
-117.994306 36.045417 -0.005431 1.000000 0.664953 -0.114355 0.738079
-117.994306 36.009861 -0.012888 1.000000 0.664669 -0.114375 0.738331
-117.994306 35.974306 -0.020872 1.000000 0.664355 -0.114390 0.738611
-117.994306 35.938750 -0.032008 1.000000 0.663924 -0.114385 0.739000
-117.994306 35.903194 -0.041643 1.000000 0.663359 -0.114357 0.739512
-117.994306 35.867639 -0.052035 1.000000 0.662908 -0.114348 0.739918
-117.994306 35.832083 -0.056383 1.000000 0.662359 -0.114323 0.740413
-117.994306 35.796528 -0.061205 1.000000 0.661824 -0.114299 0.740895
-117.994306 35.760972 -0.057472 1.000000 0.661374 -0.114290 0.741297
-117.994306 35.725417 -0.043843 1.000000 0.660964 -0.114288 0.741663
-117.994306 35.689861 -0.039602 1.000000 0.660441 -0.114266 0.742132
-117.994306 35.654306 -0.030333 1.000000 0.659768 -0.114218 0.742739
-117.994306 35.618750 -0.013356 1.000000 0.659267 -0.114200 0.743186
-117.994306 35.583194 -0.013954 1.000000 0.658685 -0.114167 0.743706
-117.994306 35.547639 -0.007764 1.000000 0.658037 -0.114124 0.744287
-117.994306 35.512083 -0.004637 1.000000 0.657522 -0.114102 0.744745
-117.994306 35.476528 0.002958 1.000000 0.657039 -0.114086 0.745174
-117.994306 35.440972 0.007062 1.000000 0.656566 -0.114071 0.745593
-117.994306 35.405417 0.004957 1.000000 0.656018 -0.114043 0.746079
-117.994306 35.369861 0.006939 1.000000 0.655489 -0.114019 0.746548
-117.958750 36.152083 0.017927 1.000000 0.664001 -0.114231 0.738955
-117.958750 36.116528 0.011118 1.000000 0.663537 -0.114221 0.739373
-117.958750 36.080972 0.001800 1.000000 0.662998 -0.114197 0.739859
-117.958750 36.045417 -0.008296 1.000000 0.662521 -0.114184 0.740289
-117.958750 36.009861 -0.017763 1.000000 0.662100 -0.114181 0.740666
-117.958750 35.974306 -0.028177 1.000000 0.661672 -0.114176 0.741049
-117.958750 35.938750 -0.040649 1.000000 0.661390 -0.114195 0.741298
-117.958750 35.903194 -0.055451 1.000000 0.660886 -0.114177 0.741751
-117.958750 35.867639 -0.066539 1.000000 0.660460 -0.114171 0.742130
-117.958750 35.832083 -0.077497 1.000000 0.659837 -0.114133 0.742690
-117.958750 35.796528 -0.081285 1.000000 0.659342 -0.114115 0.743133
-117.958750 35.760972 -0.075254 1.000000 0.658847 -0.114098 0.743574
-117.958750 35.689861 -0.049178 1.000000 0.657984 -0.114084 0.744340
-117.958750 35.654306 -0.039265 1.000000 0.657441 -0.114058 0.744824
-117.958750 35.618750 -0.025559 1.000000 0.656827 -0.114020 0.745371
-117.958750 35.583194 -0.022764 1.000000 0.656256 -0.113988 0.745879
-117.958750 35.547639 -0.018284 1.000000 0.655681 -0.113956 0.746388
-117.958750 35.512083 -0.006165 1.000000 0.655165 -0.113934 0.746845
-117.958750 35.476528 0.001045 1.000000 0.654677 -0.113916 0.747275
-117.958750 35.440972 0.004860 1.000000 0.654211 -0.113902 0.747686
-117.958750 35.405417 0.004476 1.000000 0.653684 -0.113878 0.748150
-117.958750 35.369861 0.003129 1.000000 0.653155 -0.113852 0.748616
-117.923194 36.152083 0.026169 1.000000 0.661811 -0.114101 0.740937
-117.923194 36.116528 0.021152 1.000000 0.661449 -0.114107 0.741259
-117.923194 36.080972 0.004519 1.000000 0.660737 -0.114054 0.741902
-117.923194 36.045417 -0.004312 1.000000 0.660202 -0.114031 0.742382
-117.923194 36.009861 -0.020940 1.000000 0.659717 -0.114015 0.742814
-117.923194 35.974306 -0.041961 1.000000 0.659233 -0.114000 0.743247
-117.923194 35.938750 -0.056068 1.000000 0.658811 -0.113995 0.743622
-117.923194 35.867639 -0.086905 1.000000 0.657846 -0.113965 0.744480
-117.923194 35.832083 -0.094481 1.000000 0.657424 -0.113959 0.744854
-117.923194 35.796528 -0.094138 1.000000 0.657185 -0.113985 0.745061
-117.923194 35.760972 -0.090888 1.000000 0.656460 -0.113928 0.745708
-117.923194 35.725417 -0.080300 1.000000 0.655948 -0.113907 0.746162
-117.923194 35.689861 -0.062554 1.000000 0.655437 -0.113886 0.746614
-117.923194 35.654306 -0.047076 1.000000 0.655114 -0.113896 0.746896
-117.923194 35.618750 -0.036934 1.000000 0.654444 -0.113848 0.747490
-117.923194 35.583194 -0.029142 1.000000 0.653837 -0.113810 0.748027
-117.923194 35.547639 -0.019446 1.000000 0.653298 -0.113783 0.748502
-117.923194 35.512083 -0.011928 1.000000 0.652796 -0.113762 0.748943
-117.923194 35.476528 -0.001025 1.000000 0.652316 -0.113745 0.749364
-117.923194 35.440972 0.001000 1.000000 0.651832 -0.113728 0.749787
-117.923194 35.405417 0.008303 1.000000 0.651248 -0.113692 0.750300
-117.923194 35.369861 0.004258 1.000000 0.650740 -0.113670 0.750744
-117.887639 36.152083 0.032349 1.000000 0.659637 -0.113972 0.742893
-117.887639 36.116528 0.027493 1.000000 0.659243 -0.113972 0.743242
-117.887639 36.080972 0.012566 1.000000 0.658583 -0.113927 0.743834
-117.887639 36.045417 0.000706 1.000000 0.657939 -0.113885 0.744410
-117.887639 36.009861 -0.011859 1.000000 0.657423 -0.113864 0.744869
-117.887639 35.654306 -0.066571 1.000000 0.652486 -0.113681 0.749225
-117.887639 35.618750 -0.051541 1.000000 0.651924 -0.113650 0.749719
-117.887639 35.583194 -0.031322 1.000000 0.651436 -0.113632 0.750146
-117.887639 35.547639 -0.020385 1.000000 0.650912 -0.113607 0.750605
-117.887639 35.512083 -0.015668 1.000000 0.650437 -0.113591 0.751018
-117.887639 35.476528 -0.005614 1.000000 0.650012 -0.113583 0.751387
-117.887639 35.440972 0.001953 1.000000 0.649494 -0.113558 0.751839
-117.887639 35.405417 0.011016 1.000000 0.648983 -0.113535 0.752284
-117.887639 35.369861 0.006588 1.000000 0.648266 -0.113476 0.752911
-117.852083 36.152083 0.035872 1.000000 0.657399 -0.113831 0.744895
-117.852083 36.116528 0.034108 1.000000 0.656892 -0.113811 0.745345
-117.852083 36.080972 0.024639 1.000000 0.656306 -0.113778 0.745866
-117.852083 36.045417 0.006242 1.000000 0.655672 -0.113736 0.746430
-117.852083 36.009861 -0.003286 1.000000 0.655146 -0.113713 0.746896
-117.852083 35.618750 -0.062896 1.000000 0.649494 -0.113467 0.751853
-117.852083 35.583194 -0.039912 1.000000 0.649018 -0.113450 0.752266
-117.852083 35.547639 -0.021396 1.000000 0.648551 -0.113434 0.752672
-117.852083 35.512083 -0.014173 1.000000 0.648148 -0.113429 0.753019
-117.852083 35.476528 -0.004759 1.000000 0.647782 -0.113431 0.753334
-117.852083 35.440972 0.002737 1.000000 0.647157 -0.113388 0.753877
-117.852083 35.405417 0.009026 1.000000 0.646572 -0.113351 0.754385
-117.852083 35.369861 0.002986 1.000000 0.645832 -0.113288 0.755027
-117.816528 36.152083 0.043523 1.000000 0.655160 -0.113687 0.746887
-117.816528 36.116528 0.041756 1.000000 0.654509 -0.113643 0.747464
-117.816528 36.080972 0.039558 1.000000 0.653999 -0.113622 0.747914
-117.816528 36.045417 0.031562 1.000000 0.653399 -0.113585 0.748444
-117.816528 36.009861 0.015964 1.000000 0.652868 -0.113561 0.748910
-117.816528 35.583194 -0.050665 1.000000 0.646599 -0.113266 0.754375
-117.816528 35.547639 -0.028503 1.000000 0.646138 -0.113251 0.754771
-117.816528 35.512083 -0.013802 1.000000 0.645712 -0.113241 0.755137
-117.816528 35.476528 -0.005259 1.000000 0.645245 -0.113225 0.755539
-117.816528 35.440972 0.007032 1.000000 0.644862 -0.113222 0.755866
-117.816528 35.405417 0.009574 1.000000 0.644060 -0.113148 0.756561
-117.816528 35.369861 0.002307 1.000000 0.643421 -0.113101 0.757111
-117.816528 35.334306 0.004221 1.000000 0.642923 -0.113078 0.757538
-117.780972 36.152083 0.043519 1.000000 0.652902 -0.113539 0.748885
-117.780972 36.116528 0.048564 1.000000 0.652261 -0.113496 0.749449
-117.780972 36.080972 0.048038 1.000000 0.651683 -0.113463 0.749957
-117.780972 36.045417 0.040884 1.000000 0.650990 -0.113410 0.750567
-117.780972 36.009861 0.033367 1.000000 0.650502 -0.113392 0.750992
-117.780972 35.547639 -0.030858 1.000000 0.643703 -0.113061 0.756878
-117.780972 35.512083 -0.009431 1.000000 0.643321 -0.113059 0.757202
-117.780972 35.476528 -0.003325 1.000000 0.642763 -0.113026 0.757681
-117.780972 35.440972 0.006954 1.000000 0.642260 -0.113003 0.758111
-117.780972 35.405417 0.001704 1.000000 0.641536 -0.112941 0.758733
-117.780972 35.369861 0.000945 1.000000 0.641012 -0.112913 0.759180
-117.780972 35.334306 0.008928 1.000000 0.640533 -0.112893 0.759587
-117.745417 36.152083 0.045272 1.000000 0.650545 -0.113373 0.750958
-117.745417 36.116528 0.048808 1.000000 0.649838 -0.113317 0.751578
-117.745417 36.080972 0.048928 1.000000 0.649163 -0.113267 0.752169
-117.745417 36.045417 0.044335 1.000000 0.648594 -0.113235 0.752665
-117.745417 36.009861 0.050678 1.000000 0.648031 -0.113203 0.753154
-117.745417 35.512083 -0.008219 1.000000 0.640801 -0.112853 0.759367
-117.745417 35.476528 0.000203 1.000000 0.640327 -0.112834 0.759770
-117.745417 35.440972 0.008941 1.000000 0.639756 -0.112798 0.760256
-117.745417 35.405417 0.003889 1.000000 0.639115 -0.112750 0.760802
-117.745417 35.369861 0.004171 1.000000 0.638600 -0.112723 0.761238
-117.745417 35.334306 0.010175 1.000000 0.638154 -0.112708 0.761614
-117.709861 36.152083 0.045929 1.000000 0.648253 -0.113216 0.752961
-117.709861 36.116528 0.048539 1.000000 0.647583 -0.113166 0.753545
-117.709861 36.080972 0.052333 1.000000 0.646884 -0.113111 0.754153
-117.709861 36.045417 0.056265 1.000000 0.646329 -0.113080 0.754634
-117.709861 36.009861 0.059277 1.000000 0.645711 -0.113038 0.755169
-117.709861 35.974306 0.052186 1.000000 0.645059 -0.112991 0.755733
-117.709861 35.512083 -0.005887 1.000000 0.638389 -0.112664 0.761424
-117.709861 35.476528 0.006999 1.000000 0.637979 -0.112655 0.761769
-117.709861 35.440972 0.012918 1.000000 0.637339 -0.112607 0.762311
-117.709861 35.405417 0.002321 1.000000 0.636692 -0.112557 0.762859
-117.709861 35.369861 0.006576 1.000000 0.636198 -0.112533 0.763275
-117.709861 35.334306 0.016108 1.000000 0.635819 -0.112529 0.763591
-117.674306 36.152083 0.045524 1.000000 0.645788 -0.113027 0.755104
-117.674306 36.116528 0.047704 1.000000 0.645206 -0.112992 0.755607
-117.674306 36.080972 0.053865 1.000000 0.644645 -0.112960 0.756090
-117.674306 36.045417 0.061160 1.000000 0.644030 -0.112918 0.756621
-117.674306 36.009861 0.062650 1.000000 0.643421 -0.112877 0.757145
-117.674306 35.974306 0.058917 1.000000 0.642793 -0.112833 0.757685
-117.674306 35.938750 0.045231 1.000000 0.642095 -0.112777 0.758285
-117.674306 35.512083 -0.005389 1.000000 0.635907 -0.112461 0.763528
-117.674306 35.476528 0.004748 1.000000 0.635504 -0.112453 0.763865
-117.674306 35.440972 0.006325 1.000000 0.634849 -0.112401 0.764417
-117.674306 35.405417 0.004622 1.000000 0.634253 -0.112359 0.764917
-117.674306 35.369861 0.011208 1.000000 0.633820 -0.112345 0.765278
-117.674306 35.334306 0.017659 1.000000 0.633407 -0.112335 0.765622
-117.638750 36.152083 0.041686 1.000000 0.643292 -0.112832 0.757261
-117.638750 36.116528 0.046428 1.000000 0.642783 -0.112808 0.757697
-117.638750 36.080972 0.052114 1.000000 0.642251 -0.112780 0.758152
-117.638750 36.045417 0.059032 1.000000 0.641739 -0.112756 0.758589
-117.638750 36.009861 0.058627 1.000000 0.641119 -0.112713 0.759119
-117.638750 35.974306 0.055751 1.000000 0.640444 -0.112660 0.759697
-117.638750 35.938750 0.051890 1.000000 0.639721 -0.112598 0.760315
-117.638750 35.512083 -0.006920 1.000000 0.633412 -0.112254 0.765629
-117.638750 35.476528 0.001932 1.000000 0.632906 -0.112227 0.766051
-117.638750 35.440972 0.000133 1.000000 0.632337 -0.112190 0.766527
-117.638750 35.405417 0.003312 1.000000 0.631805 -0.112158 0.766970
-117.638750 35.369861 0.012014 1.000000 0.631346 -0.112139 0.767351
-117.638750 35.334306 0.011493 1.000000 0.630817 -0.112108 0.767790
-117.603194 36.152083 0.035487 1.000000 0.640820 -0.112639 0.759383
-117.603194 36.116528 0.040554 1.000000 0.640313 -0.112615 0.759814
-117.603194 36.080972 0.045288 1.000000 0.639820 -0.112593 0.760232
-117.603194 36.045417 0.053315 1.000000 0.639384 -0.112581 0.760601
-117.603194 36.009861 0.054904 1.000000 0.638693 -0.112525 0.761189
-117.603194 35.974306 0.052070 1.000000 0.638099 -0.112485 0.761693
-117.603194 35.938750 0.052573 1.000000 0.637382 -0.112424 0.762303
-117.603194 35.512083 -0.019079 1.000000 0.630885 -0.112039 0.767744
-117.603194 35.476528 -0.007830 1.000000 0.630398 -0.112015 0.768148
-117.603194 35.440972 -0.001910 1.000000 0.629844 -0.111980 0.768607
-117.603194 35.405417 0.001419 1.000000 0.629306 -0.111947 0.769053
-117.603194 35.369861 0.007968 1.000000 0.628854 -0.111929 0.769425
-117.603194 35.334306 0.009681 1.000000 0.628280 -0.111889 0.769899
-117.567639 36.152083 0.029302 1.000000 0.638249 -0.112427 0.761576
-117.567639 36.116528 0.034807 1.000000 0.637820 -0.112416 0.761937
-117.567639 36.080972 0.040229 1.000000 0.637425 -0.112410 0.762269
-117.567639 36.045417 0.043920 1.000000 0.636897 -0.112381 0.762714
-117.567639 36.009861 0.047464 1.000000 0.636290 -0.112339 0.763227
-117.567639 35.974306 0.049975 1.000000 0.635794 -0.112316 0.763643
-117.567639 35.938750 0.057018 1.000000 0.635136 -0.112264 0.764198
-117.567639 35.476528 -0.016155 1.000000 0.627880 -0.111800 0.770238
-117.567639 35.440972 -0.006569 1.000000 0.627378 -0.111773 0.770651
-117.567639 35.405417 -0.000740 1.000000 0.626876 -0.111746 0.771063
-117.567639 35.369861 0.002757 1.000000 0.626275 -0.111701 0.771558
-117.567639 35.334306 0.008320 1.000000 0.625705 -0.111661 0.772026
-117.532083 36.152083 0.024932 1.000000 0.635810 -0.112236 0.763642
-117.532083 36.116528 0.030076 1.000000 0.635367 -0.112222 0.764013
-117.532083 36.080972 0.035590 1.000000 0.634922 -0.112207 0.764385
-117.532083 36.045417 0.039275 1.000000 0.634527 -0.112201 0.764713
-117.532083 36.009861 0.038314 1.000000 0.633885 -0.112152 0.765253
-117.532083 35.974306 0.046027 1.000000 0.633390 -0.112128 0.765666
-117.532083 35.938750 0.057791 1.000000 0.632798 -0.112087 0.766161
-117.532083 35.476528 -0.022901 1.000000 0.625315 -0.111575 0.772355
-117.532083 35.440972 -0.012006 1.000000 0.624866 -0.111557 0.772721
-117.532083 35.405417 -0.005496 1.000000 0.624303 -0.111518 0.773182
-117.532083 35.369861 -0.001542 1.000000 0.623628 -0.111459 0.773735
-117.532083 35.334306 0.002090 1.000000 0.623040 -0.111416 0.774214
-117.496528 36.152083 0.020035 1.000000 0.633597 -0.112082 0.765501
-117.496528 36.116528 0.021317 1.000000 0.633215 -0.112078 0.765818
-117.496528 36.080972 0.029275 1.000000 0.632562 -0.112027 0.766365
-117.496528 36.045417 0.033870 1.000000 0.631906 -0.111975 0.766913
-117.496528 36.009861 0.036196 1.000000 0.631351 -0.111940 0.767376
-117.496528 35.974306 0.046569 1.000000 0.630841 -0.111913 0.767799
-117.496528 35.938750 0.057021 1.000000 0.630326 -0.111884 0.768226
-117.496528 35.618750 -0.200437 1.000000 0.624812 -0.111469 0.772777
-117.496528 35.476528 -0.026082 1.000000 0.622686 -0.111337 0.774511
-117.496528 35.440972 -0.015287 1.000000 0.622294 -0.111328 0.774826
-117.496528 35.405417 -0.006949 1.000000 0.621657 -0.111275 0.775345
-117.496528 35.369861 -0.005695 1.000000 0.621023 -0.111223 0.775860
-117.496528 35.334306 -0.000276 1.000000 0.620436 -0.111179 0.776337
-117.460972 36.152083 0.017171 1.000000 0.631098 -0.111877 0.767593
-117.460972 36.116528 0.019332 1.000000 0.630599 -0.111852 0.768006
-117.460972 36.080972 0.021565 1.000000 0.630104 -0.111828 0.768416
-117.460972 36.045417 0.027043 1.000000 0.629425 -0.111771 0.768981
-117.460972 36.009861 0.035177 1.000000 0.628803 -0.111724 0.769497
-117.460972 35.974306 0.044241 1.000000 0.628278 -0.111693 0.769930
-117.460972 35.938750 0.058242 1.000000 0.627726 -0.111658 0.770385
-117.460972 35.476528 -0.024746 1.000000 0.620112 -0.111106 0.776606
-117.460972 35.440972 -0.024318 1.000000 0.619621 -0.111079 0.777001
-117.460972 35.405417 -0.011568 1.000000 0.619078 -0.111043 0.777439
-117.460972 35.369861 -0.005125 1.000000 0.618516 -0.111003 0.777892
-117.460972 35.334306 -0.001116 1.000000 0.617840 -0.110942 0.778438
-117.425417 36.152083 0.010001 1.000000 0.628169 -0.111596 0.770032
-117.425417 36.116528 0.013857 1.000000 0.627782 -0.111590 0.770349
-117.425417 36.080972 0.016877 1.000000 0.627234 -0.111555 0.770800
-117.425417 36.045417 0.024603 1.000000 0.626659 -0.111516 0.771273
-117.425417 36.009861 0.030854 1.000000 0.626190 -0.111495 0.771657
-117.425417 35.974306 0.043563 1.000000 0.625638 -0.111459 0.772110
-117.425417 35.938750 0.058487 1.000000 0.625129 -0.111430 0.772526
-117.425417 35.476528 -0.025369 1.000000 0.617489 -0.110865 0.778727
-117.425417 35.440972 -0.020363 1.000000 0.616992 -0.110836 0.779125
-117.425417 35.405417 -0.010148 1.000000 0.616503 -0.110809 0.779516
-117.425417 35.369861 -0.009179 1.000000 0.615858 -0.110754 0.780033
-117.425417 35.334306 -0.002554 1.000000 0.615250 -0.110705 0.780520
-117.389861 36.152083 0.000403 1.000000 0.625385 -0.111338 0.772332
-117.389861 36.116528 0.004319 1.000000 0.624933 -0.111319 0.772701
-117.389861 36.080972 0.009723 1.000000 0.624418 -0.111290 0.773121
-117.389861 36.045417 0.015770 1.000000 0.623904 -0.111261 0.773540
-117.389861 36.009861 0.023736 1.000000 0.623476 -0.111246 0.773888
-117.389861 35.974306 0.038550 1.000000 0.622832 -0.111194 0.774413
-117.389861 35.938750 0.054835 1.000000 0.622446 -0.111186 0.774725
-117.389861 35.476528 -0.018294 1.000000 0.614936 -0.110635 0.780778
-117.389861 35.440972 -0.017927 1.000000 0.614330 -0.110586 0.781262
-117.389861 35.405417 -0.008837 1.000000 0.613794 -0.110550 0.781688
-117.389861 35.369861 -0.008984 1.000000 0.613247 -0.110511 0.782122
-117.389861 35.334306 -0.004283 1.000000 0.612681 -0.110469 0.782572
-117.354306 36.116528 -0.003471 1.000000 0.622230 -0.111073 0.774915
-117.354306 36.080972 0.003764 1.000000 0.621734 -0.111046 0.775317
-117.354306 36.045417 0.009818 1.000000 0.621215 -0.111015 0.775736
-117.354306 36.009861 0.018115 1.000000 0.620654 -0.110976 0.776191
-117.354306 35.974306 0.030880 1.000000 0.620155 -0.110949 0.776594
-117.354306 35.938750 0.048108 1.000000 0.619670 -0.110923 0.776984
-117.354306 35.476528 -0.007188 1.000000 0.612265 -0.110382 0.782909
-117.354306 35.440972 -0.003466 1.000000 0.611697 -0.110339 0.783359
-117.354306 35.405417 -0.011944 1.000000 0.611167 -0.110303 0.783778
-117.354306 35.369861 -0.006083 1.000000 0.610661 -0.110271 0.784177
-117.354306 35.334306 -0.005916 1.000000 0.610126 -0.110234 0.784599
-117.318750 36.116528 -0.007290 1.000000 0.619603 -0.110837 0.777050
-117.318750 36.080972 -0.001163 1.000000 0.619079 -0.110805 0.777472
-117.318750 36.045417 0.007349 1.000000 0.618568 -0.110775 0.777883
-117.318750 36.009861 0.015588 1.000000 0.617993 -0.110733 0.778346
-117.318750 35.974306 0.025516 1.000000 0.617494 -0.110705 0.778746
-117.318750 35.938750 0.041793 1.000000 0.617050 -0.110686 0.779101
-117.318750 35.903194 0.057840 1.000000 0.616412 -0.110632 0.779613
-117.318750 35.476528 0.011491 1.000000 0.609601 -0.110128 0.785022
-117.318750 35.440972 0.007323 1.000000 0.609108 -0.110098 0.785408
-117.318750 35.405417 -0.002149 1.000000 0.608558 -0.110058 0.785840
-117.318750 35.369861 -0.006074 1.000000 0.608066 -0.110028 0.786225
-117.318750 35.334306 -0.001898 1.000000 0.607516 -0.109987 0.786656
-117.283194 36.116528 -0.007897 1.000000 0.616997 -0.110604 0.779154
-117.283194 36.080972 -0.003310 1.000000 0.616438 -0.110564 0.779602
-117.283194 36.045417 0.002077 1.000000 0.615900 -0.110529 0.780033
-117.283194 36.009861 0.009307 1.000000 0.615355 -0.110492 0.780468
-117.283194 35.974306 0.017430 1.000000 0.614771 -0.110448 0.780934
-117.283194 35.938750 0.034033 1.000000 0.614358 -0.110434 0.781261
-117.283194 35.903194 0.056138 1.000000 0.614005 -0.110430 0.781539
-117.283194 35.867639 0.071245 1.000000 0.613295 -0.110363 0.782106
-117.283194 35.832083 0.088523 1.000000 0.612658 -0.110309 0.782613
-117.283194 35.476528 0.026033 1.000000 0.606954 -0.109875 0.787105
-117.283194 35.440972 0.011658 1.000000 0.606445 -0.109842 0.787502
-117.283194 35.405417 0.004419 1.000000 0.605955 -0.109812 0.787883
-117.283194 35.369861 -0.006295 1.000000 0.605345 -0.109760 0.788359
-117.283194 35.334306 -0.004944 1.000000 0.604805 -0.109720 0.788779
-117.247639 36.116528 -0.009657 1.000000 0.614398 -0.110369 0.781239
-117.247639 36.080972 -0.004544 1.000000 0.613829 -0.110328 0.781692
-117.247639 36.045417 0.002572 1.000000 0.613262 -0.110287 0.782142
-117.247639 36.009861 0.006101 1.000000 0.612707 -0.110247 0.782583
-117.247639 35.974306 0.012403 1.000000 0.612126 -0.110203 0.783043
-117.247639 35.938750 0.024699 1.000000 0.611556 -0.110161 0.783494
-117.247639 35.903194 0.040252 1.000000 0.611067 -0.110132 0.783880
-117.247639 35.832083 0.081178 1.000000 0.610247 -0.110103 0.784523
-117.247639 35.796528 0.097082 1.000000 0.609527 -0.110033 0.785092
-117.247639 35.476528 0.029285 1.000000 0.604291 -0.109618 0.789187
-117.247639 35.440972 0.014408 1.000000 0.603783 -0.109584 0.789580
-117.247639 35.405417 0.008146 1.000000 0.603346 -0.109563 0.789917
-117.247639 35.369861 -0.000038 1.000000 0.602726 -0.109508 0.790398
-117.247639 35.334306 -0.003968 1.000000 0.602133 -0.109459 0.790857
-117.212083 36.116528 -0.010424 1.000000 0.611947 -0.110159 0.783190
-117.212083 36.080972 -0.004749 1.000000 0.611247 -0.110094 0.783745
-117.212083 36.045417 -0.000029 1.000000 0.610701 -0.110056 0.784176
-117.212083 36.009861 0.006432 1.000000 0.610152 -0.110017 0.784609
-117.212083 35.974306 0.011417 1.000000 0.609516 -0.109962 0.785110
-117.212083 35.938750 0.017101 1.000000 0.608919 -0.109914 0.785580
-117.212083 35.903194 0.031515 1.000000 0.608360 -0.109873 0.786019
-117.212083 35.867639 0.049415 1.000000 0.607863 -0.109842 0.786408
-117.212083 35.796528 0.088180 1.000000 0.607095 -0.109821 0.787004
-117.212083 35.760972 0.098086 1.000000 0.606401 -0.109755 0.787548
-117.212083 35.725417 0.110246 1.000000 0.605761 -0.109698 0.788048
-117.212083 35.689861 0.117732 1.000000 0.605104 -0.109639 0.788561
-117.212083 35.654306 0.127279 1.000000 0.604571 -0.109601 0.788975
-117.212083 35.618750 0.139867 1.000000 0.604263 -0.109603 0.789210
-117.212083 35.512083 0.045607 1.000000 0.602126 -0.109392 0.790871
-117.212083 35.476528 0.033177 1.000000 0.601689 -0.109370 0.791207
-117.212083 35.440972 0.013634 1.000000 0.601111 -0.109323 0.791653
-117.212083 35.405417 0.009423 1.000000 0.600632 -0.109293 0.792021
-117.212083 35.369861 0.001412 1.000000 0.600095 -0.109253 0.792433
-117.212083 35.334306 -0.001268 1.000000 0.599422 -0.109188 0.792951
-117.176528 36.116528 -0.003539 1.000000 0.609547 -0.109956 0.785087
-117.176528 36.080972 0.001078 1.000000 0.609005 -0.109918 0.785513
-117.176528 36.045417 0.005102 1.000000 0.608300 -0.109851 0.786068
-117.176528 36.009861 0.015864 1.000000 0.607905 -0.109839 0.786376
-117.176528 35.974306 0.020677 1.000000 0.607293 -0.109788 0.786856
-117.176528 35.938750 0.017667 1.000000 0.606551 -0.109714 0.787438
-117.176528 35.903194 0.023127 1.000000 0.605827 -0.109643 0.788005
-117.176528 35.867639 0.036634 1.000000 0.605118 -0.109574 0.788560
-117.176528 35.832083 0.048712 1.000000 0.604575 -0.109534 0.788981
-117.176528 35.725417 0.103981 1.000000 0.603315 -0.109480 0.789953
-117.176528 35.689861 0.103207 1.000000 0.602562 -0.109403 0.790538
-117.176528 35.654306 0.108101 1.000000 0.602062 -0.109370 0.790923
-117.176528 35.512083 0.039517 1.000000 0.599415 -0.109122 0.792965
-117.176528 35.476528 0.025179 1.000000 0.598947 -0.109095 0.793323
-117.176528 35.440972 0.018163 1.000000 0.598472 -0.109065 0.793685
-117.176528 35.405417 0.011471 1.000000 0.597857 -0.109011 0.794156
-117.176528 35.369861 0.003559 1.000000 0.597273 -0.108961 0.794602
-117.176528 35.334306 -0.004391 1.000000 0.596640 -0.108903 0.795086
-117.140972 36.116528 -0.004492 1.000000 0.607175 -0.109757 0.786951
-117.140972 36.080972 -0.000954 1.000000 0.606569 -0.109707 0.787425
-117.140972 36.045417 0.003624 1.000000 0.606040 -0.109670 0.787838
-117.140972 36.009861 0.009312 1.000000 0.605673 -0.109662 0.788121
-117.140972 35.974306 0.016741 1.000000 0.604876 -0.109578 0.788745
-117.140972 35.938750 0.021359 1.000000 0.604253 -0.109524 0.789229
-117.140972 35.903194 0.031057 1.000000 0.603672 -0.109478 0.789681
-117.140972 35.867639 0.032256 1.000000 0.602807 -0.109381 0.790354
-117.140972 35.832083 0.032169 1.000000 0.601943 -0.109284 0.791026
-117.140972 35.796528 0.044014 1.000000 0.601323 -0.109230 0.791504
-117.140972 35.654306 0.084951 1.000000 0.599259 -0.109086 0.793088
-117.140972 35.547639 0.045711 1.000000 0.597258 -0.108895 0.794622
-117.140972 35.512083 0.032348 1.000000 0.596719 -0.108854 0.795033
-117.140972 35.476528 0.022470 1.000000 0.596143 -0.108806 0.795471
-117.140972 35.440972 0.015854 1.000000 0.595705 -0.108783 0.795803
-117.140972 35.405417 0.007235 1.000000 0.595103 -0.108730 0.796260
-117.140972 35.369861 0.002012 1.000000 0.594450 -0.108668 0.796756
-117.140972 35.334306 -0.001742 1.000000 0.593831 -0.108612 0.797226
-117.105417 36.080972 -0.008089 1.000000 0.604247 -0.109514 0.789236
-117.105417 36.045417 -0.006747 1.000000 0.603742 -0.109481 0.789627
-117.105417 36.009861 0.000681 1.000000 0.603048 -0.109414 0.790166
-117.105417 35.974306 0.009531 1.000000 0.602402 -0.109356 0.790666
-117.105417 35.938750 0.018263 1.000000 0.601543 -0.109259 0.791334
-117.105417 35.903194 0.026595 1.000000 0.601110 -0.109239 0.791665
-117.105417 35.867639 0.026512 1.000000 0.600116 -0.109118 0.792436
-117.105417 35.832083 0.029942 1.000000 0.599472 -0.109059 0.792931
-117.105417 35.796528 0.034373 1.000000 0.598802 -0.108996 0.793446
-117.105417 35.760972 0.036783 1.000000 0.598111 -0.108928 0.793976
-117.105417 35.689861 0.054907 1.000000 0.596898 -0.108823 0.794902
-117.105417 35.654306 0.059161 1.000000 0.596362 -0.108782 0.795311
-117.105417 35.618750 0.059877 1.000000 0.595845 -0.108745 0.795703
-117.105417 35.583194 0.048595 1.000000 0.595150 -0.108676 0.796232
-117.105417 35.547639 0.033580 1.000000 0.594543 -0.108622 0.796693
-117.105417 35.512083 0.024516 1.000000 0.593958 -0.108572 0.797136
-117.105417 35.476528 0.014259 1.000000 0.593415 -0.108530 0.797547
-117.105417 35.440972 0.009695 1.000000 0.592944 -0.108500 0.797900
-117.105417 35.405417 0.007310 1.000000 0.592421 -0.108460 0.798295
-117.105417 35.369861 -0.003047 1.000000 0.591690 -0.108384 0.798846
-117.105417 35.334306 -0.006586 1.000000 0.591035 -0.108320 0.799340
-117.069861 36.080972 -0.019514 1.000000 0.601808 -0.109298 0.791127
-117.069861 36.045417 -0.015536 1.000000 0.601229 -0.109251 0.791573
-117.069861 36.009861 -0.002889 1.000000 0.600388 -0.109158 0.792224
-117.069861 35.974306 0.008430 1.000000 0.599578 -0.109070 0.792849
-117.069861 35.938750 0.014800 1.000000 0.598706 -0.108970 0.793522
-117.069861 35.903194 0.020793 1.000000 0.598151 -0.108927 0.793946
-117.069861 35.867639 0.020168 1.000000 0.597461 -0.108860 0.794475
-117.069861 35.832083 0.027396 1.000000 0.596946 -0.108823 0.794867
-117.069861 35.796528 0.023661 1.000000 0.596158 -0.108738 0.795469
-117.069861 35.760972 0.023600 1.000000 0.595410 -0.108660 0.796040
-117.069861 35.725417 0.028315 1.000000 0.594786 -0.108603 0.796514
-117.069861 35.689861 0.033191 1.000000 0.594254 -0.108563 0.796916
-117.069861 35.654306 0.037815 1.000000 0.593573 -0.108496 0.797434
-117.069861 35.618750 0.039512 1.000000 0.593017 -0.108451 0.797853
-117.069861 35.583194 0.034344 1.000000 0.592351 -0.108387 0.798356
-117.069861 35.547639 0.025102 1.000000 0.591779 -0.108338 0.798787
-117.069861 35.512083 0.017066 1.000000 0.591229 -0.108294 0.799200
-117.069861 35.476528 0.009903 1.000000 0.590753 -0.108263 0.799556
-117.069861 35.440972 0.002015 1.000000 0.590204 -0.108218 0.799967
-117.069861 35.405417 0.005242 1.000000 0.589744 -0.108190 0.800311
-117.069861 35.369861 -0.006426 1.000000 0.588945 -0.108100 0.800911
-117.069861 35.334306 -0.008438 1.000000 0.588245 -0.108028 0.801435
-117.034306 36.080972 -0.017108 1.000000 0.598697 -0.108961 0.793529
-117.034306 36.045417 -0.015600 1.000000 0.598197 -0.108928 0.793911
-117.034306 36.009861 -0.005407 1.000000 0.597491 -0.108858 0.794453
-117.034306 35.974306 0.005786 1.000000 0.596650 -0.108763 0.795097
-117.034306 35.938750 0.010498 1.000000 0.595915 -0.108687 0.795659
-117.034306 35.903194 0.014896 1.000000 0.595413 -0.108653 0.796039
-117.034306 35.867639 0.015027 1.000000 0.594806 -0.108600 0.796500
-117.034306 35.832083 0.020366 1.000000 0.594163 -0.108540 0.796988
-117.034306 35.796528 0.012867 1.000000 0.593393 -0.108457 0.797572
-117.034306 35.760972 0.011784 1.000000 0.592653 -0.108379 0.798133
-117.034306 35.725417 0.016227 1.000000 0.592056 -0.108327 0.798583
-117.034306 35.689861 0.031421 1.000000 0.591755 -0.108328 0.798806
-117.034306 35.654306 0.023974 1.000000 0.590897 -0.108228 0.799455
-117.034306 35.618750 0.029732 1.000000 0.590350 -0.108184 0.799865
-117.034306 35.583194 0.022491 1.000000 0.589585 -0.108101 0.800439
-117.034306 35.547639 0.015947 1.000000 0.588990 -0.108048 0.800885
-117.034306 35.512083 0.012192 1.000000 0.588508 -0.108015 0.801243
-117.034306 35.476528 0.009572 1.000000 0.587947 -0.107969 0.801661
-117.034306 35.440972 0.006504 1.000000 0.587351 -0.107915 0.802105
-117.034306 35.405417 0.001221 1.000000 0.586806 -0.107870 0.802510
-117.034306 35.369861 -0.007471 1.000000 0.586160 -0.107807 0.802990
-117.034306 35.334306 -0.008851 1.000000 0.585447 -0.107732 0.803521
-116.998750 36.080972 -0.018835 1.000000 0.595667 -0.108636 0.795851
-116.998750 36.045417 -0.015440 1.000000 0.595197 -0.108608 0.796206
-116.998750 36.009861 -0.008111 1.000000 0.594607 -0.108557 0.796654
-116.998750 35.974306 -0.001094 1.000000 0.593840 -0.108475 0.797238
-116.998750 35.938750 0.004853 1.000000 0.593128 -0.108403 0.797777
-116.998750 35.903194 0.007495 1.000000 0.592538 -0.108352 0.798222
-116.998750 35.867639 0.011293 1.000000 0.592082 -0.108325 0.798564
-116.998750 35.832083 0.004722 1.000000 0.591254 -0.108232 0.799190
-116.998750 35.796528 -0.000309 1.000000 0.590553 -0.108160 0.799718
-116.998750 35.760972 -0.001113 1.000000 0.589863 -0.108091 0.800236
-116.998750 35.725417 0.006099 1.000000 0.589299 -0.108044 0.800658
-116.998750 35.689861 0.022079 1.000000 0.588945 -0.108035 0.800919
-116.998750 35.654306 0.018180 1.000000 0.588268 -0.107967 0.801426
-116.998750 35.618750 0.020157 1.000000 0.587616 -0.107903 0.801913
-116.998750 35.583194 0.014578 1.000000 0.586826 -0.107815 0.802503
-116.998750 35.547639 0.010377 1.000000 0.586232 -0.107762 0.802944
-116.998750 35.512083 0.004804 1.000000 0.585649 -0.107710 0.803377
-116.998750 35.476528 0.004978 1.000000 0.585115 -0.107667 0.803771
-116.998750 35.440972 0.002355 1.000000 0.584514 -0.107612 0.804216
-116.963194 36.080972 -0.024198 1.000000 0.592764 -0.108332 0.798057
-116.963194 36.045417 -0.018507 1.000000 0.592232 -0.108292 0.798457
-116.963194 36.009861 -0.015450 1.000000 0.591763 -0.108263 0.798809
-116.963194 35.974306 -0.006080 1.000000 0.590988 -0.108178 0.799394
-116.963194 35.938750 -0.004568 1.000000 0.590231 -0.108097 0.799964
-116.963194 35.903194 -0.002412 1.000000 0.589731 -0.108062 0.800338
-116.963194 35.867639 -0.000826 1.000000 0.589184 -0.108018 0.800746
-116.963194 35.832083 -0.005810 1.000000 0.588468 -0.107943 0.801283
-116.963194 35.796528 -0.010795 1.000000 0.587723 -0.107864 0.801840
-116.963194 35.760972 -0.009369 1.000000 0.587066 -0.107799 0.802330
-116.963194 35.725417 -0.004357 1.000000 0.586526 -0.107756 0.802730
-116.963194 35.689861 0.001435 1.000000 0.585998 -0.107715 0.803121
-116.963194 35.654306 0.008777 1.000000 0.585484 -0.107676 0.803502
-116.963194 35.618750 0.014426 1.000000 0.584896 -0.107623 0.803936
-116.963194 35.583194 0.007802 1.000000 0.584089 -0.107531 0.804536
-116.927639 36.080972 -0.031031 1.000000 0.589793 -0.108013 0.800299
-116.927639 36.045417 -0.026437 1.000000 0.589273 -0.107974 0.800687
-116.927639 36.009861 -0.018707 1.000000 0.588766 -0.107938 0.801064
-116.927639 35.974306 -0.012498 1.000000 0.588178 -0.107886 0.801503
-116.927639 35.938750 -0.012668 1.000000 0.587435 -0.107807 0.802059
-116.927639 35.903194 -0.007315 1.000000 0.586931 -0.107771 0.802432
-116.927639 35.867639 -0.008011 1.000000 0.586432 -0.107734 0.802802
-116.927639 35.832083 -0.016250 1.000000 0.585624 -0.107643 0.803404
-116.927639 35.796528 -0.012468 1.000000 0.584888 -0.107564 0.803951
-116.927639 35.760972 -0.015518 1.000000 0.584260 -0.107504 0.804415
-116.927639 35.725417 -0.008977 1.000000 0.583760 -0.107467 0.804783
-116.892083 36.080972 -0.038524 1.000000 0.586861 -0.107700 0.802493
-116.892083 36.045417 -0.033935 1.000000 0.586267 -0.107647 0.802934
-116.892083 36.009861 -0.028372 1.000000 0.585698 -0.107599 0.803355
-116.892083 35.974306 -0.019137 1.000000 0.585245 -0.107571 0.803689
-116.892083 35.938750 -0.021731 1.000000 0.584543 -0.107498 0.804210
-116.892083 35.903194 -0.015305 1.000000 0.584060 -0.107464 0.804565
-116.856528 36.045417 -0.047474 1.000000 0.583348 -0.107333 0.805099
-116.856528 36.009861 -0.034593 1.000000 0.582749 -0.107278 0.805540
