> -Z0.013616370527438077 
78.94886016845703 41.81698989868164 
79.06328582763672 41.81698989868164 
79.06328582763672 41.72294998168945 
78.94886016845703 41.72294998168945 
78.94886016845703 41.81698989868164 
> -Z0.01423906716080768 
78.95440673828125 41.90684509277344 
79.0689697265625 41.90684509277344 
79.0689697265625 41.81279373168945 
78.95440673828125 41.81279373168945 
78.95440673828125 41.90684509277344 
> -Z0.014528882481201742 
78.95996856689453 41.99669647216797 
79.07467651367188 41.99669647216797 
79.07467651367188 41.90263366699219 
78.95996856689453 41.90263366699219 
78.95996856689453 41.99669647216797 
> -Z0.014650491271091717 
78.96556091308594 42.0865478515625 
79.08041381835938 42.0865478515625 
79.08041381835938 41.99247360229492 
78.96556091308594 41.99247360229492 
78.96556091308594 42.0865478515625 
> -Z0.01468838153640415 
78.97117614746094 42.176395416259766 
79.08617401123047 42.176395416259766 
79.08617401123047 42.08230972290039 
78.97117614746094 42.08230972290039 
78.97117614746094 42.176395416259766 
> -Z0.02129393598113158 
78.63812255859375 40.566497802734375 
78.75098419189453 40.566497802734375 
78.75098419189453 40.47282409667969 
78.63812255859375 40.47282409667969 
78.63812255859375 40.566497802734375 
> -Z0.022412911106290827 
78.64301300048828 40.656402587890625 
78.75601196289062 40.656402587890625 
78.75601196289062 40.562721252441406 
78.64301300048828 40.562721252441406 
78.64301300048828 40.656402587890625 
> -Z0.02349196875762674 
78.64791870117188 40.746307373046875 
78.76105499267578 40.746307373046875 
78.76105499267578 40.65261459350586 
78.64791870117188 40.65261459350586 
78.64791870117188 40.746307373046875 
> -Z0.023955760151951385 
78.65284729003906 40.836212158203125 
78.76612091064453 40.836212158203125 
78.76612091064453 40.74250793457031 
78.65284729003906 40.74250793457031 
78.65284729003906 40.836212158203125 
> -Z0.021800330668215257 
78.65779876708984 40.92611312866211 
78.77120971679688 40.92611312866211 
78.77120971679688 40.8323974609375 
78.65779876708984 40.8323974609375 
78.65779876708984 40.92611312866211 
> -Z0.010266852104582697 
78.66277313232422 41.01601028442383 
78.77632141113281 41.01601028442383 
78.77632141113281 40.92228698730469 
78.66277313232422 40.92228698730469 
78.66277313232422 41.01601028442383 
> -Z-0.08740359700996708 
78.66777801513672 41.10590744018555 
78.69622802734375 41.10590744018555 
78.69622802734375 41.082481384277344 
78.66777801513672 41.082481384277344 
78.66777801513672 41.10590744018555 
> -Z-0.06902011889558823 
78.6974868774414 41.104957580566406 
78.72592163085938 41.104957580566406 
78.72592163085938 41.08152389526367 
78.6974868774414 41.08152389526367 
78.6974868774414 41.104957580566406 
> -Z-0.06705931096882148 
78.66651916503906 41.08343505859375 
78.69496154785156 41.08343505859375 
78.69496154785156 41.06000900268555 
78.66651916503906 41.06000900268555 
78.66651916503906 41.08343505859375 
> -Z-0.04846302802595225 
78.69622802734375 41.082481384277344 
78.72465515136719 41.082481384277344 
78.72465515136719 41.059051513671875 
78.69622802734375 41.059051513671875 
78.69622802734375 41.082481384277344 
> -Z-0.04909231611211259 
78.7271957397461 41.10399627685547 
78.75562286376953 41.10399627685547 
78.75562286376953 41.08055877685547 
78.7271957397461 41.08055877685547 
78.7271957397461 41.10399627685547 
> -Z-0.030852413321843485 
78.75690460205078 41.103031158447266 
78.78532409667969 41.103031158447266 
78.78532409667969 41.079586029052734 
78.75690460205078 41.079586029052734 
78.75690460205078 41.103031158447266 
> -Z-0.030719376020294266 
78.72592163085938 41.08152389526367 
78.75434112548828 41.08152389526367 
78.75434112548828 41.05808639526367 
78.72592163085938 41.05808639526367 
78.72592163085938 41.08152389526367 
> -Z-0.01553134709271185 
78.75562286376953 41.08055877685547 
78.7840347290039 41.08055877685547 
78.7840347290039 41.05711364746094 
78.75562286376953 41.05711364746094 
78.75562286376953 41.08055877685547 
> -Z-0.0474409047247235 
78.66527557373047 41.06095886230469 
78.6937026977539 41.06095886230469 
78.6937026977539 41.03753662109375 
78.66527557373047 41.03753662109375 
78.66527557373047 41.06095886230469 
> -Z-0.030691912610938406 
78.69496154785156 41.06000900268555 
78.723388671875 41.06000900268555 
78.723388671875 41.03657913208008 
78.69496154785156 41.03657913208008 
78.69496154785156 41.06000900268555 
> -Z-0.030745916789871826 
78.66402435302734 41.03848648071289 
78.69245147705078 41.03848648071289 
78.69245147705078 41.01506423950195 
78.66402435302734 41.01506423950195 
78.66402435302734 41.03848648071289 
> -Z-0.016422158637638788 
78.6937026977539 41.03753662109375 
78.72212219238281 41.03753662109375 
78.72212219238281 41.01410675048828 
78.6937026977539 41.01410675048828 
78.6937026977539 41.03753662109375 
> -Z-0.006312252410154744 
79.2675552368164 41.17526626586914 
79.38043975830078 41.17526626586914 
79.38043975830078 41.08097457885742 
79.2675552368164 41.08097457885742 
79.2675552368164 41.17526626586914 
> -Z-0.012341798838383301 
79.27340698242188 41.26509475708008 
79.38642883300781 41.26509475708008 
79.38642883300781 41.17079162597656 
79.27340698242188 41.17079162597656 
79.27340698242188 41.26509475708008 
> -Z0.011897869722730712 
78.23683166503906 42.0193977355957 
78.3526840209961 42.0193977355957 
78.3526840209961 41.92601776123047 
78.23683166503906 41.92601776123047 
78.23683166503906 42.0193977355957 
> -Z0.012382984850487468 
78.24140167236328 42.109317779541016 
78.35740661621094 42.109317779541016 
78.35740661621094 42.01593017578125 
78.24140167236328 42.01593017578125 
78.24140167236328 42.109317779541016 
> -Z0.012759674245267858 
78.24600219726562 42.19923782348633 
78.36215209960938 42.19923782348633 
78.36215209960938 42.105838775634766 
78.24600219726562 42.105838775634766 
78.24600219726562 42.19923782348633 
> -Z0.016340488303757075 
78.27122497558594 40.307281494140625 
78.38421630859375 40.307281494140625 
78.38421630859375 40.213958740234375 
78.27122497558594 40.213958740234375 
78.27122497558594 40.307281494140625 
> -Z0.01638831990147082 
78.27558135986328 40.39722442626953 
78.38870239257812 40.39722442626953 
78.38870239257812 40.30389404296875 
78.27558135986328 40.30389404296875 
78.27558135986328 40.39722442626953 
> -Z0.016244725674577087 
78.27995300292969 40.48716735839844 
78.3932113647461 40.48716735839844 
78.3932113647461 40.393829345703125 
78.27995300292969 40.393829345703125 
78.27995300292969 40.48716735839844 
> -Z0.01585586350276159 
78.28434753417969 40.577110290527344 
78.39774322509766 40.577110290527344 
78.39774322509766 40.483760833740234 
78.28434753417969 40.483760833740234 
78.28434753417969 40.577110290527344 
> -Z0.01507179741315435 
78.28875732421875 40.667049407958984 
78.40229034423828 40.667049407958984 
78.40229034423828 40.573692321777344 
78.28875732421875 40.573692321777344 
78.28875732421875 40.667049407958984 
> -Z0.013774026070896091 
78.2931900024414 40.756988525390625 
78.4068603515625 40.756988525390625 
78.4068603515625 40.66362380981445 
78.2931900024414 40.66362380981445 
78.2931900024414 40.756988525390625 
> -Z0.012422063072960626 
78.29764556884766 40.846923828125 
78.41145324707031 40.846923828125 
78.41145324707031 40.75354766845703 
78.29764556884766 40.75354766845703 
78.29764556884766 40.846923828125 
> -Z0.01746703133515945 
77.23101806640625 40.87250518798828 
77.34642028808594 40.87250518798828 
77.34642028808594 40.7801399230957 
77.23101806640625 40.7801399230957 
77.23101806640625 40.87250518798828 
> -Z0.018185142505260567 
77.23404693603516 40.962520599365234 
77.34959411621094 40.962520599365234 
77.34959411621094 40.87015151977539 
77.23404693603516 40.87015151977539 
77.23404693603516 40.962520599365234 
> -Z0.018843274030113516 
77.23709106445312 41.05253601074219 
77.352783203125 41.05253601074219 
77.352783203125 40.96015930175781 
77.23709106445312 40.96015930175781 
77.23709106445312 41.05253601074219 
> -Z0.009339903845110933 
79.60525512695312 40.89210891723633 
79.71717834472656 40.89210891723633 
79.71717834472656 40.79753494262695 
79.60525512695312 40.79753494262695 
79.60525512695312 40.89210891723633 
> -Z0.006456283228577527 
79.61150360107422 40.98189926147461 
79.72356414794922 40.98189926147461 
79.72356414794922 40.88731384277344 
79.61150360107422 40.88731384277344 
79.61150360107422 40.98189926147461 
> -Z0.0034633453226194794 
79.61779022216797 41.07168960571289 
79.72998046875 41.07168960571289 
79.72998046875 40.977088928222656 
79.61779022216797 40.977088928222656 
79.61779022216797 41.07168960571289 
> -Z0.0008489048256155284 
79.62409973144531 41.161476135253906 
79.73641967773438 41.161476135253906 
79.73641967773438 41.066864013671875 
79.62409973144531 41.066864013671875 
79.62409973144531 41.161476135253906 
> -Z-0.0008556108909320986 
79.63043975830078 41.25126266479492 
79.74288940429688 41.25126266479492 
79.74288940429688 41.15663528442383 
79.63043975830078 41.15663528442383 
79.63043975830078 41.25126266479492 
> -Z-0.0012956192298851019 
79.63681030273438 41.34104537963867 
79.7493896484375 41.34104537963867 
79.7493896484375 41.24640655517578 
79.63681030273438 41.24640655517578 
79.63681030273438 41.34104537963867 
> -Z-0.00046139147843934566 
79.64320373535156 41.430824279785156 
79.75592041015625 41.430824279785156 
79.75592041015625 41.33617401123047 
79.64320373535156 41.33617401123047 
79.64320373535156 41.430824279785156 
> -Z0.0013171688870746 
79.64962768554688 41.52060317993164 
79.76248168945312 41.52060317993164 
79.76248168945312 41.42593765258789 
79.64962768554688 41.42593765258789 
79.64962768554688 41.52060317993164 
> -Z0.0035544198682209947 
79.65608215332031 41.61037826538086 
79.76907348632812 41.61037826538086 
79.76907348632812 41.51570129394531 
79.65608215332031 41.51570129394531 
79.65608215332031 41.61037826538086 
> -Z0.005815364741632533 
79.66256713867188 41.70015335083008 
79.77568817138672 41.70015335083008 
79.77568817138672 41.60546112060547 
79.66256713867188 41.60546112060547 
79.66256713867188 41.70015335083008 
> -Z0.007830047459494142 
79.66908264160156 41.78992462158203 
79.78234100341797 41.78992462158203 
79.78234100341797 41.695220947265625 
79.66908264160156 41.695220947265625 
79.66908264160156 41.78992462158203 
> -Z0.009483326819756579 
79.67562866210938 41.879695892333984 
79.78901672363281 41.879695892333984 
79.78901672363281 41.784976959228516 
79.67562866210938 41.784976959228516 
79.67562866210938 41.879695892333984 
> -Z0.013016740753530157 
79.0689697265625 41.81279373168945 
79.18319702148438 41.81279373168945 
79.18319702148438 41.7186393737793 
79.0689697265625 41.7186393737793 
79.0689697265625 41.81279373168945 
> -Z0.013931184327108537 
79.07467651367188 41.90263366699219 
79.18904113769531 41.90263366699219 
79.18904113769531 41.8084716796875 
79.07467651367188 41.8084716796875 
79.07467651367188 41.90263366699219 
> -Z0.014372474854207685 
79.08041381835938 41.99247360229492 
79.1949234008789 41.99247360229492 
79.1949234008789 41.89829635620117 
79.08041381835938 41.89829635620117 
79.08041381835938 41.99247360229492 
> -Z0.020567751199306192 
78.74598693847656 40.38292694091797 
78.85840606689453 40.38292694091797 
78.85840606689453 40.28916549682617 
78.74598693847656 40.28916549682617 
78.74598693847656 40.38292694091797 
> -Z0.02140750343547195 
78.75098419189453 40.47282409667969 
78.86354064941406 40.47282409667969 
78.86354064941406 40.379051208496094 
78.75098419189453 40.379051208496094 
78.75098419189453 40.47282409667969 
> -Z0.022860035368259413 
78.75601196289062 40.562721252441406 
78.86869049072266 40.562721252441406 
78.86869049072266 40.468936920166016 
78.75601196289062 40.468936920166016 
78.75601196289062 40.562721252441406 
> -Z0.02470374311918942 
78.76105499267578 40.65261459350586 
78.87387084960938 40.65261459350586 
78.87387084960938 40.55882263183594 
78.76105499267578 40.55882263183594 
78.76105499267578 40.65261459350586 
> -Z0.02699504549580559 
78.76612091064453 40.74250793457031 
78.87906646728516 40.74250793457031 
78.87906646728516 40.648704528808594 
78.76612091064453 40.648704528808594 
78.76612091064453 40.74250793457031 
> -Z0.029597402716691423 
78.77120971679688 40.8323974609375 
78.88429260253906 40.8323974609375 
78.88429260253906 40.73858642578125 
78.77120971679688 40.73858642578125 
78.77120971679688 40.8323974609375 
> -Z0.031530894901636526 
78.77632141113281 40.92228698730469 
78.88954162597656 40.92228698730469 
78.88954162597656 40.82846450805664 
78.77632141113281 40.82846450805664 
78.77632141113281 40.92228698730469 
> -Z0.02900157235385662 
78.78145599365234 41.01217269897461 
78.89481353759766 41.01217269897461 
78.89481353759766 40.918338775634766 
78.78145599365234 40.918338775634766 
78.78145599365234 41.01217269897461 
> -Z0.012120853000638959 
78.78661346435547 41.10205841064453 
78.90010833740234 41.10205841064453 
78.90010833740234 41.00821304321289 
78.78661346435547 41.00821304321289 
78.78661346435547 41.10205841064453 
> -Z0.016812570940141342 
76.88288116455078 41.14894485473633 
76.99925231933594 41.14894485473633 
76.99925231933594 41.056907653808594 
76.88288116455078 41.056907653808594 
76.88288116455078 41.14894485473633 
> -Z0.016835787552854826 
76.88545989990234 41.23897171020508 
77.00198364257812 41.23897171020508 
77.00198364257812 41.146934509277344 
76.88545989990234 41.146934509277344 
76.88545989990234 41.23897171020508 
> -Z0.016758645809505656 
76.88805389404297 41.329002380371094 
77.00473022460938 41.329002380371094 
77.00473022460938 41.23695755004883 
76.88805389404297 41.23695755004883 
76.88805389404297 41.329002380371094 
> -Z0.016589402001471323 
76.89066314697266 41.419029235839844 
77.00748443603516 41.419029235839844 
77.00748443603516 41.32698059082031 
76.89066314697266 41.32698059082031 
76.89066314697266 41.419029235839844 
> -Z0.016343147454691263 
76.89328002929688 41.509056091308594 
77.01025390625 41.509056091308594 
77.01025390625 41.4170036315918 
76.89328002929688 41.4170036315918 
76.89328002929688 41.509056091308594 
> -Z0.01609838039391795 
76.89591217041016 41.59907913208008 
77.0130386352539 41.59907913208008 
77.0130386352539 41.507022857666016 
76.89591217041016 41.507022857666016 
76.89591217041016 41.59907913208008 
> -Z0.015820155024821987 
76.89855194091797 41.68910217285156 
77.01583862304688 41.68910217285156 
77.01583862304688 41.59703826904297 
76.89855194091797 41.59703826904297 
76.89855194091797 41.68910217285156 
> -Z0.015527002742242745 
76.90120697021484 41.77912521362305 
77.01864624023438 41.77912521362305 
77.01864624023438 41.68705749511719 
76.90120697021484 41.68705749511719 
76.90120697021484 41.77912521362305 
> -Z0.015242279279166264 
76.90386962890625 41.869144439697266 
77.02146911621094 41.869144439697266 
77.02146911621094 41.777069091796875 
76.90386962890625 41.777069091796875 
76.90386962890625 41.869144439697266 
> -Z0.015014459257122501 
76.90654754638672 41.959163665771484 
77.02429962158203 41.959163665771484 
77.02429962158203 41.86708450317383 
76.90654754638672 41.86708450317383 
76.90654754638672 41.959163665771484 
> -Z0.01582942100080052 
76.98844146728516 40.6967887878418 
77.10389709472656 40.6967887878418 
77.10389709472656 40.60466384887695 
76.98844146728516 40.60466384887695 
76.98844146728516 40.6967887878418 
> -Z0.016097826639072044 
76.99112701416016 40.78682327270508 
77.10672760009766 40.78682327270508 
77.10672760009766 40.6946907043457 
76.99112701416016 40.6946907043457 
76.99112701416016 40.78682327270508 
> -Z0.01643306722064096 
76.99382019042969 40.87685012817383 
77.10956573486328 40.87685012817383 
77.10956573486328 40.78471755981445 
76.99382019042969 40.78471755981445 
76.99382019042969 40.87685012817383 
> -Z0.0543942248417261 
78.36598205566406 41.02507019042969 
78.42302703857422 41.02507019042969 
78.42302703857422 40.97835922241211 
78.36598205566406 40.97835922241211 
78.36598205566406 41.02507019042969 
> -Z0.03818619123380411 
78.30435943603516 40.98182678222656 
78.36141204833984 40.98182678222656 
78.36141204833984 40.935142517089844 
78.30435943603516 40.935142517089844 
78.30435943603516 40.98182678222656 
> -Z0.023459202379043115 
78.36369323730469 40.980106353759766 
78.42070007324219 40.980106353759766 
78.42070007324219 40.93339920043945 
78.36369323730469 40.93339920043945 
78.36369323730469 40.980106353759766 
> -Z0.2015957387612996 
78.31112670898438 41.116722106933594 
78.36827850341797 41.116722106933594 
78.36827850341797 41.07003402709961 
78.31112670898438 41.07003402709961 
78.31112670898438 41.116722106933594 
> -Z0.2714380616983948 
78.3705825805664 41.11499786376953 
78.3991470336914 41.11499786376953 
78.3991470336914 41.09164047241211 
78.3705825805664 41.09164047241211 
78.3705825805664 41.11499786376953 
> -Z0.3056137414692222 
78.40030670166016 41.11412048339844 
78.4288558959961 41.11412048339844 
78.4288558959961 41.09075927734375 
78.40030670166016 41.09075927734375 
78.40030670166016 41.11412048339844 
> -Z0.2110666379972222 
78.36943054199219 41.09251403808594 
78.39798736572266 41.09251403808594 
78.39798736572266 41.06916046142578 
78.36943054199219 41.06916046142578 
78.36943054199219 41.09251403808594 
> -Z0.22461820201919575 
78.3991470336914 41.09164047241211 
78.42768859863281 41.09164047241211 
78.42768859863281 41.06827926635742 
78.3991470336914 41.06827926635742 
78.3991470336914 41.09164047241211 
> -Z0.12586399624690714 
78.30886840820312 41.07175827026367 
78.36598205566406 41.07175827026367 
78.36598205566406 41.02507019042969 
78.30886840820312 41.02507019042969 
78.30886840820312 41.07175827026367 
> -Z0.15436587011761688 
78.36827850341797 41.07003402709961 
78.3968276977539 41.07003402709961 
78.3968276977539 41.04668045043945 
78.36827850341797 41.04668045043945 
78.36827850341797 41.07003402709961 
> -Z0.1526948204096366 
78.39798736572266 41.06916046142578 
78.42652130126953 41.06916046142578 
78.42652130126953 41.045799255371094 
78.39798736572266 41.045799255371094 
78.39798736572266 41.06916046142578 
> -Z0.10780130995542153 
78.36713409423828 41.04755401611328 
78.39566802978516 41.04755401611328 
78.39566802978516 41.024200439453125 
78.36713409423828 41.024200439453125 
78.36713409423828 41.04755401611328 
> -Z0.09801047495145687 
78.3968276977539 41.04668045043945 
78.42535400390625 41.04668045043945 
78.42535400390625 41.023319244384766 
78.3968276977539 41.023319244384766 
78.3968276977539 41.04668045043945 
> -Z0.2859855880677897 
78.31565856933594 41.20664978027344 
78.37288665771484 41.20664978027344 
78.37288665771484 41.15995788574219 
78.31565856933594 41.15995788574219 
78.31565856933594 41.20664978027344 
> -Z0.36751557311579963 
78.37519836425781 41.20492172241211 
78.40379333496094 41.20492172241211 
78.40379333496094 41.18156433105469 
78.37519836425781 41.18156433105469 
78.37519836425781 41.20492172241211 
> -Z0.4350386277428249 
78.40496063232422 41.204044342041016 
78.43354797363281 41.204044342041016 
78.43354797363281 41.18067932128906 
78.40496063232422 41.18067932128906 
78.40496063232422 41.204044342041016 
> -Z0.37484130640853447 
78.37403869628906 41.182437896728516 
78.40263366699219 41.182437896728516 
78.40263366699219 41.15908432006836 
78.37403869628906 41.15908432006836 
78.37403869628906 41.182437896728516 
> -Z0.44639559603795304 
78.40379333496094 41.18156433105469 
78.432373046875 41.18156433105469 
78.432373046875 41.158199310302734 
78.40379333496094 41.158199310302734 
78.40379333496094 41.18156433105469 
> -Z0.2664037524264201 
78.31339263916016 41.161685943603516 
78.3705825805664 41.161685943603516 
78.3705825805664 41.11499786376953 
78.31339263916016 41.11499786376953 
78.31339263916016 41.161685943603516 
> -Z0.3607446895282888 
78.37288665771484 41.15995788574219 
78.4014663696289 41.15995788574219 
78.4014663696289 41.136600494384766 
78.37288665771484 41.136600494384766 
78.37288665771484 41.15995788574219 
> -Z0.42830795362617863 
78.40263366699219 41.15908432006836 
78.43119812011719 41.15908432006836 
78.43119812011719 41.135719299316406 
78.40263366699219 41.135719299316406 
78.40263366699219 41.15908432006836 
> -Z0.3244423814444693 
78.37173461914062 41.13747787475586 
78.40030670166016 41.13747787475586 
78.40030670166016 41.11412048339844 
78.37173461914062 41.11412048339844 
78.37173461914062 41.13747787475586 
> -Z0.37937659660050255 
78.4014663696289 41.136600494384766 
78.4300308227539 41.136600494384766 
78.4300308227539 41.11323928833008 
78.4014663696289 41.11323928833008 
78.4014663696289 41.136600494384766 
> -Z0.02179756862439027 
78.98637390136719 40.464935302734375 
79.09856414794922 40.464935302734375 
79.09856414794922 40.370948791503906 
78.98637390136719 40.370948791503906 
78.98637390136719 40.464935302734375 
> -Z0.023015016604341604 
78.99170684814453 40.554805755615234 
79.1040267944336 40.554805755615234 
79.1040267944336 40.46080780029297 
78.99170684814453 40.46080780029297 
78.99170684814453 40.554805755615234 
> -Z0.024435802374721642 
78.99706268310547 40.644676208496094 
79.1095199584961 40.644676208496094 
79.1095199584961 40.55066680908203 
78.99706268310547 40.55066680908203 
78.99706268310547 40.644676208496094 
> -Z0.015919101636217806 
77.81236267089844 40.589576721191406 
77.92646789550781 40.589576721191406 
77.92646789550781 40.49666976928711 
77.81236267089844 40.49666976928711 
77.81236267089844 40.589576721191406 
> -Z0.01694544427136474 
77.81614685058594 40.67955780029297 
77.93038940429688 40.67955780029297 
77.93038940429688 40.58664321899414 
77.81614685058594 40.58664321899414 
77.81614685058594 40.67955780029297 
> -Z0.01886025192188498 
77.8199462890625 40.769535064697266 
77.934326171875 40.769535064697266 
77.934326171875 40.676612854003906 
77.8199462890625 40.676612854003906 
77.8199462890625 40.769535064697266 
> -Z0.022155396604493713 
77.82376098632812 40.8595085144043 
77.93828582763672 40.8595085144043 
77.93828582763672 40.766578674316406 
77.82376098632812 40.766578674316406 
77.82376098632812 40.8595085144043 
> -Z0.027232864031590046 
77.82759094238281 40.949485778808594 
77.9422607421875 40.949485778808594 
77.9422607421875 40.856544494628906 
77.82759094238281 40.856544494628906 
77.82759094238281 40.949485778808594 
> -Z0.0338474726355418 
77.8314437866211 41.03945541381836 
77.94625091552734 41.03945541381836 
77.94625091552734 40.946510314941406 
77.8314437866211 40.946510314941406 
77.8314437866211 41.03945541381836 
> -Z0.04038337536880342 
77.83531188964844 41.12942886352539 
77.95026397705078 41.12942886352539 
77.95026397705078 41.03647232055664 
77.83531188964844 41.03647232055664 
77.83531188964844 41.12942886352539 
> -Z0.04420234279213786 
77.83919525146484 41.21939468383789 
77.95429229736328 41.21939468383789 
77.95429229736328 41.126434326171875 
77.83919525146484 41.126434326171875 
77.83919525146484 41.21939468383789 
> -Z0.04352224034424787 
77.84309387207031 41.309364318847656 
77.95833587646484 41.309364318847656 
77.95833587646484 41.21639633178711 
77.84309387207031 41.21639633178711 
77.84309387207031 41.309364318847656 
> -Z0.03879520541360676 
77.84701538085938 41.399330139160156 
77.96240234375 41.399330139160156 
77.96240234375 41.30635070800781 
77.84701538085938 41.30635070800781 
77.84701538085938 41.399330139160156 
> -Z0.03218106290281808 
77.8509521484375 41.48929214477539 
77.96649169921875 41.48929214477539 
77.96649169921875 41.39630889892578 
77.8509521484375 41.39630889892578 
77.8509521484375 41.48929214477539 
> -Z0.0258165183757832 
77.85491180419922 41.579254150390625 
77.97058868408203 41.579254150390625 
77.97058868408203 41.486263275146484 
77.85491180419922 41.486263275146484 
77.85491180419922 41.579254150390625 
> -Z0.020838810834920913 
77.85888671875 41.66921615600586 
77.97471618652344 41.66921615600586 
77.97471618652344 41.57621383666992 
77.85888671875 41.57621383666992 
77.85888671875 41.66921615600586 
> -Z0.019212077479844922 
78.52494812011719 40.660072326660156 
78.63812255859375 40.660072326660156 
78.63812255859375 40.566497802734375 
78.52494812011719 40.566497802734375 
78.52494812011719 40.660072326660156 
> -Z0.20972972111668842 
78.3202133178711 41.29657745361328 
78.37751007080078 41.29657745361328 
78.37751007080078 41.249881744384766 
78.3202133178711 41.249881744384766 
78.3202133178711 41.29657745361328 
> -Z0.2730250007485718 
78.37982940673828 41.29484176635742 
78.43708038330078 41.29484176635742 
78.43708038330078 41.24811553955078 
78.37982940673828 41.24811553955078 
78.37982940673828 41.29484176635742 
> -Z0.2596324499678038 
78.31793212890625 41.25161361694336 
78.37519836425781 41.25161361694336 
78.37519836425781 41.20492172241211 
78.31793212890625 41.20492172241211 
78.31793212890625 41.25161361694336 
> -Z0.312331920613873 
78.37751007080078 41.249881744384766 
78.4061279296875 41.249881744384766 
78.4061279296875 41.226524353027344 
78.37751007080078 41.226524353027344 
78.37751007080078 41.249881744384766 
> -Z0.361610717283221 
78.40729522705078 41.249000549316406 
78.43590545654297 41.249000549316406 
78.43590545654297 41.22563552856445 
78.40729522705078 41.22563552856445 
78.40729522705078 41.249000549316406 
> -Z0.34468132305511545 
78.37635040283203 41.22740173339844 
78.40496063232422 41.22740173339844 
78.40496063232422 41.204044342041016 
78.37635040283203 41.204044342041016 
78.37635040283203 41.22740173339844 
> -Z0.40368576768498493 
78.4061279296875 41.226524353027344 
78.43472290039062 41.226524353027344 
78.43472290039062 41.20315933227539 
78.4061279296875 41.20315933227539 
78.4061279296875 41.226524353027344 
> -Z0.11067200105569597 
78.32479095458984 41.386505126953125 
78.38215637207031 41.386505126953125 
78.38215637207031 41.33980178833008 
78.32479095458984 41.33980178833008 
78.32479095458984 41.386505126953125 
> -Z0.12830382011952748 
78.38449096679688 41.384761810302734 
78.44181060791016 41.384761810302734 
78.44181060791016 41.33803176879883 
78.38449096679688 41.33803176879883 
78.38449096679688 41.384761810302734 
> -Z0.15666139309567528 
78.32250213623047 41.3415412902832 
78.37982940673828 41.3415412902832 
78.37982940673828 41.29484176635742 
78.32250213623047 41.29484176635742 
78.32250213623047 41.3415412902832 
> -Z0.19320758465518761 
78.38215637207031 41.33980178833008 
78.43944549560547 41.33980178833008 
78.43944549560547 41.29307556152344 
78.38215637207031 41.29307556152344 
78.38215637207031 41.33980178833008 
> -Z0.06228277231999416 
78.32938385009766 41.4764289855957 
78.44418334960938 41.4764289855957 
78.44418334960938 41.38298797607422 
78.32938385009766 41.38298797607422 
78.32938385009766 41.4764289855957 
> -Z0.014913330844244751 
77.4483642578125 40.327640533447266 
77.56256866455078 40.327640533447266 
77.56256866455078 40.235084533691406 
77.4483642578125 40.235084533691406 
77.4483642578125 40.327640533447266 
> -Z0.015136586588975468 
77.45162963867188 40.41764831542969 
77.56597137451172 40.41764831542969 
77.56597137451172 40.32508850097656 
77.45162963867188 40.32508850097656 
77.45162963867188 40.41764831542969 
> -Z0.015487903779839355 
77.45490264892578 40.50765609741211 
77.56938934326172 40.50765609741211 
77.56938934326172 40.41508865356445 
77.45490264892578 40.41508865356445 
77.45490264892578 40.50765609741211 
> -Z0.01314268844689356 
78.60358428955078 42.09850311279297 
78.7190170288086 42.09850311279297 
78.7190170288086 42.00476837158203 
78.60358428955078 42.00476837158203 
78.60358428955078 42.09850311279297 
> -Z0.013587697273112914 
78.60869598388672 42.18838882446289 
78.72427368164062 42.18838882446289 
78.72427368164062 42.09464645385742 
78.60869598388672 42.09464645385742 
78.60869598388672 42.18838882446289 
> -Z0.013806824965960009 
78.61382293701172 42.27827453613281 
78.72954559326172 42.27827453613281 
78.72954559326172 42.18451690673828 
78.61382293701172 42.18451690673828 
78.61382293701172 42.27827453613281 
> -Z0.01958693557381258 
78.62841796875 40.386680603027344 
78.74101257324219 40.386680603027344 
78.74101257324219 40.293025970458984 
78.62841796875 40.293025970458984 
78.62841796875 40.386680603027344 
> -Z0.020296551688641806 
78.63326263427734 40.47658920288086 
78.74598693847656 40.47658920288086 
78.74598693847656 40.38292694091797 
78.63326263427734 40.38292694091797 
78.63326263427734 40.47658920288086 
> -Z0.014575505917833584 
79.08617401123047 42.08230972290039 
79.20082092285156 42.08230972290039 
79.20082092285156 41.988121032714844 
79.08617401123047 41.988121032714844 
79.08617401123047 42.08230972290039 
> -Z0.01465295954071905 
79.09195709228516 42.17214584350586 
79.20674896240234 42.17214584350586 
79.20674896240234 42.077945709228516 
79.09195709228516 42.077945709228516 
79.09195709228516 42.17214584350586 
> -Z0.014612480814289433 
79.09777069091797 42.26197814941406 
79.21270751953125 42.26197814941406 
79.21270751953125 42.16776657104492 
79.09777069091797 42.16776657104492 
79.09777069091797 42.26197814941406 
> -Z0.020053076990386724 
79.09856414794922 40.370948791503906 
79.21044921875 40.370948791503906 
79.21044921875 40.27687072753906 
79.09856414794922 40.27687072753906 
79.09856414794922 40.370948791503906 
> -Z0.02103781103303834 
79.1040267944336 40.46080780029297 
79.2160415649414 40.46080780029297 
79.2160415649414 40.36671829223633 
79.1040267944336 40.36671829223633 
79.1040267944336 40.46080780029297 
> -Z0.021854889431859075 
79.1095199584961 40.55066680908203 
79.22166442871094 40.55066680908203 
79.22166442871094 40.456565856933594 
79.1095199584961 40.456565856933594 
79.1095199584961 40.55066680908203 
> -Z0.022577480401772092 
79.11503601074219 40.640525817871094 
79.22731018066406 40.640525817871094 
79.22731018066406 40.546409606933594 
79.11503601074219 40.546409606933594 
79.11503601074219 40.640525817871094 
> -Z0.022883120517648584 
79.12057495117188 40.730377197265625 
79.23297882080078 40.730377197265625 
79.23297882080078 40.636253356933594 
79.12057495117188 40.636253356933594 
79.12057495117188 40.730377197265625 
> -Z0.022199734175584417 
79.12613677978516 40.82023239135742 
79.23867797851562 40.82023239135742 
79.23867797851562 40.72609329223633 
79.12613677978516 40.72609329223633 
79.12613677978516 40.82023239135742 
> -Z0.01958131017571693 
79.13172912597656 40.91007995605469 
79.24440002441406 40.91007995605469 
79.24440002441406 40.81593322753906 
79.13172912597656 40.81593322753906 
79.13172912597656 40.91007995605469 
> -Z0.01380906243973935 
79.13734436035156 40.99992752075195 
79.25015258789062 40.99992752075195 
79.25015258789062 40.90576934814453 
79.13734436035156 40.90576934814453 
79.13734436035156 40.99992752075195 
> -Z0.004126423686432238 
79.14299011230469 41.08977508544922 
79.25592803955078 41.08977508544922 
79.25592803955078 40.99560546875 
79.14299011230469 40.99560546875 
79.14299011230469 41.08977508544922 
> -Z-0.00818988109104667 
79.14865112304688 41.17961883544922 
79.26172637939453 41.17961883544922 
79.26172637939453 41.0854377746582 
79.14865112304688 41.0854377746582 
79.14865112304688 41.17961883544922 
> -Z-0.018213178902529346 
79.15434265136719 41.26946258544922 
79.2675552368164 41.26946258544922 
79.2675552368164 41.17526626586914 
79.15434265136719 41.17526626586914 
79.15434265136719 41.26946258544922 
> -Z-0.019666664930519807 
79.16006469726562 41.35930252075195 
79.27340698242188 41.35930252075195 
79.27340698242188 41.26509475708008 
79.16006469726562 41.26509475708008 
79.16006469726562 41.35930252075195 
> -Z-0.012437625321702693 
79.16580963134766 41.44913864135742 
79.27928924560547 41.44913864135742 
79.27928924560547 41.354923248291016 
79.16580963134766 41.354923248291016 
79.16580963134766 41.44913864135742 
> -Z0.01483007588484327 
77.56256866455078 40.235084533691406 
77.67645263671875 40.235084533691406 
77.67645263671875 40.14242935180664 
77.56256866455078 40.14242935180664 
77.56256866455078 40.235084533691406 
> -Z0.014949216477868215 
77.56597137451172 40.32508850097656 
77.67999267578125 40.32508850097656 
77.67999267578125 40.232425689697266 
77.56597137451172 40.232425689697266 
77.56597137451172 40.32508850097656 
> -Z0.02579729652386141 
79.00244903564453 40.73454284667969 
79.11503601074219 40.73454284667969 
79.11503601074219 40.640525817871094 
79.00244903564453 40.640525817871094 
79.00244903564453 40.73454284667969 
> -Z0.026566243946621396 
79.00785064697266 40.824405670166016 
79.12057495117188 40.824405670166016 
79.12057495117188 40.730377197265625 
79.00785064697266 40.730377197265625 
79.00785064697266 40.824405670166016 
> -Z0.025561146773245 
79.0132827758789 40.91427230834961 
79.12613677978516 40.91427230834961 
79.12613677978516 40.82023239135742 
79.0132827758789 40.82023239135742 
79.0132827758789 40.91427230834961 
> -Z0.020709447239115136 
79.01873779296875 41.00413131713867 
79.13172912597656 41.00413131713867 
79.13172912597656 40.91007995605469 
79.01873779296875 40.91007995605469 
79.01873779296875 41.00413131713867 
> -Z0.014126697146444404 
78.83950805664062 42.000797271728516 
78.95440673828125 42.000797271728516 
78.95440673828125 41.90684509277344 
78.83950805664062 41.90684509277344 
78.83950805664062 42.000797271728516 
> -Z0.014358239081627781 
78.84493255615234 42.090660095214844 
78.95996856689453 42.090660095214844 
78.95996856689453 41.99669647216797 
78.84493255615234 41.99669647216797 
78.84493255615234 42.090660095214844 
> -Z0.014463766483587865 
78.85037994384766 42.18052291870117 
78.96556091308594 42.18052291870117 
78.96556091308594 42.0865478515625 
78.85037994384766 42.0865478515625 
78.85037994384766 42.18052291870117 
> -Z0.016784359984593256 
77.46150207519531 40.68766784667969 
77.5762710571289 40.68766784667969 
77.5762710571289 40.595088958740234 
77.46150207519531 40.595088958740234 
77.46150207519531 40.68766784667969 
> -Z0.017825756628084798 
77.4648208618164 40.777671813964844 
77.5797348022461 40.777671813964844 
77.5797348022461 40.68508529663086 
77.4648208618164 40.68508529663086 
77.4648208618164 40.777671813964844 
> -Z0.01914608836971054 
77.4681625366211 40.867671966552734 
77.58321380615234 40.867671966552734 
77.58321380615234 40.775081634521484 
77.4681625366211 40.775081634521484 
77.4681625366211 40.867671966552734 
> -Z0.020669362820822833 
77.47151184082031 40.957672119140625 
77.58670806884766 40.957672119140625 
77.58670806884766 40.865074157714844 
77.47151184082031 40.865074157714844 
77.47151184082031 40.957672119140625 
> -Z0.022207779361507952 
77.4748764038086 41.047672271728516 
77.59021759033203 41.047672271728516 
77.59021759033203 40.9550666809082 
77.4748764038086 40.9550666809082 
77.4748764038086 41.047672271728516 
> -Z0.023424271497528154 
77.47825622558594 41.13766860961914 
77.59375 41.13766860961914 
77.59375 41.0450553894043 
77.47825622558594 41.0450553894043 
77.47825622558594 41.13766860961914 
> -Z0.024076802237412095 
77.48165893554688 41.2276611328125 
77.5972900390625 41.2276611328125 
77.5972900390625 41.13504409790039 
77.48165893554688 41.13504409790039 
77.48165893554688 41.2276611328125 
> -Z0.023980998030156058 
77.48506927490234 41.317657470703125 
77.6008529663086 41.317657470703125 
77.6008529663086 41.22502899169922 
77.48506927490234 41.22502899169922 
77.48506927490234 41.317657470703125 
> -Z0.023150471599025495 
77.48849487304688 41.40764617919922 
77.60443115234375 41.40764617919922 
77.60443115234375 41.31501388549805 
77.48849487304688 41.31501388549805 
77.48849487304688 41.40764617919922 
> -Z0.02178856263198881 
77.491943359375 41.49763870239258 
77.60801696777344 41.49763870239258 
77.60801696777344 41.404998779296875 
77.491943359375 41.404998779296875 
77.491943359375 41.49763870239258 
> -Z0.020180648897287597 
77.49539947509766 41.58762741088867 
77.61162567138672 41.58762741088867 
77.61162567138672 41.49497985839844 
77.49539947509766 41.49497985839844 
77.49539947509766 41.58762741088867 
> -Z0.018598198101319758 
77.4988784790039 41.6776123046875 
77.6152572631836 41.6776123046875 
77.6152572631836 41.5849609375 
77.4988784790039 41.5849609375 
77.4988784790039 41.6776123046875 
> -Z0.017204964348089553 
77.50236511230469 41.76759719848633 
77.618896484375 41.76759719848633 
77.618896484375 41.6749382019043 
77.50236511230469 41.6749382019043 
77.50236511230469 41.76759719848633 
> -Z0.0160860394504451 
77.50587463378906 41.857582092285156 
77.62255096435547 41.857582092285156 
77.62255096435547 41.764915466308594 
77.50587463378906 41.764915466308594 
77.50587463378906 41.857582092285156 
> -Z0.015247738827795933 
77.5093994140625 41.94756317138672 
77.62622833251953 41.94756317138672 
77.62622833251953 41.854888916015625 
77.5093994140625 41.854888916015625 
77.5093994140625 41.94756317138672 
> -Z0.014705631757388905 
77.512939453125 42.03754425048828 
77.62992095947266 42.03754425048828 
77.62992095947266 41.944862365722656 
77.512939453125 41.944862365722656 
77.512939453125 42.03754425048828 
> -Z0.014778028035791287 
77.5591812133789 40.14508056640625 
77.67292785644531 40.14508056640625 
77.67292785644531 40.05242919921875 
77.5591812133789 40.05242919921875 
77.5591812133789 40.14508056640625 
> -Z0.5232520893541523 
78.49665069580078 41.24631881713867 
78.52522277832031 41.24631881713867 
78.52522277832031 41.22293472290039 
78.49665069580078 41.22293472290039 
78.49665069580078 41.24631881713867 
> -Z0.5704472171746385 
78.52642822265625 41.24541091918945 
78.55499267578125 41.24541091918945 
78.55499267578125 41.22201919555664 
78.52642822265625 41.22201919555664 
78.52642822265625 41.24541091918945 
> -Z0.015753766043784662 
78.15372467041016 40.310546875 
78.26689147949219 40.310546875 
78.26689147949219 40.21733474731445 
78.15372467041016 40.21733474731445 
78.15372467041016 40.310546875 
> -Z0.015744612998159584 
78.15792083740234 40.4005012512207 
78.27122497558594 40.4005012512207 
78.27122497558594 40.307281494140625 
78.15792083740234 40.307281494140625 
78.15792083740234 40.4005012512207 
> -Z0.01558537530032728 
78.16213989257812 40.490455627441406 
78.27558135986328 40.490455627441406 
78.27558135986328 40.39722442626953 
78.16213989257812 40.39722442626953 
78.16213989257812 40.490455627441406 
> -Z0.015332332435085638 
78.16637420654297 40.580406188964844 
78.27995300292969 40.580406188964844 
78.27995300292969 40.48716735839844 
78.16637420654297 40.48716735839844 
78.16637420654297 40.580406188964844 
> -Z0.015078459711182907 
78.1706314086914 40.67035675048828 
78.28434753417969 40.67035675048828 
78.28434753417969 40.577110290527344 
78.1706314086914 40.577110290527344 
78.1706314086914 40.67035675048828 
> -Z0.015275218472143932 
78.1749038696289 40.76030731201172 
78.28875732421875 40.76030731201172 
78.28875732421875 40.667049407958984 
78.1749038696289 40.667049407958984 
78.1749038696289 40.76030731201172 
> -Z0.017573634731416658 
78.17919921875 40.85025405883789 
78.2931900024414 40.85025405883789 
78.2931900024414 40.756988525390625 
78.17919921875 40.756988525390625 
78.17919921875 40.85025405883789 
> -Z0.027215321756692362 
78.18351745605469 40.9401969909668 
78.29764556884766 40.9401969909668 
78.29764556884766 40.846923828125 
78.18351745605469 40.846923828125 
78.18351745605469 40.9401969909668 
> -Z0.014941425972155243 
79.69820404052734 40.5281867980957 
79.80943298339844 40.5281867980957 
79.80943298339844 40.43355941772461 
79.69820404052734 40.43355941772461 
79.69820404052734 40.5281867980957 
> -Z0.01398496132428181 
79.70449829101562 40.61797332763672 
79.81585693359375 40.61797332763672 
79.81585693359375 40.52333068847656 
79.70449829101562 40.52333068847656 
79.70449829101562 40.61797332763672 
> -Z0.018237644433001826 
77.34959411621094 40.87015151977539 
77.4648208618164 40.87015151977539 
77.4648208618164 40.777671813964844 
77.34959411621094 40.777671813964844 
77.34959411621094 40.87015151977539 
> -Z0.01927731996156534 
77.352783203125 40.96015930175781 
77.4681625366211 40.96015930175781 
77.4681625366211 40.867671966552734 
77.352783203125 40.867671966552734 
77.352783203125 40.96015930175781 
> -Z0.020266289908854207 
77.35599517822266 41.05016326904297 
77.47151184082031 41.05016326904297 
77.47151184082031 40.957672119140625 
77.35599517822266 40.957672119140625 
77.35599517822266 41.05016326904297 
> -Z0.021047217413055243 
77.35921478271484 41.140167236328125 
77.4748764038086 41.140167236328125 
77.4748764038086 41.047672271728516 
77.35921478271484 41.047672271728516 
77.35921478271484 41.140167236328125 
> -Z0.021444151231852254 
77.3624496459961 41.23017120361328 
77.47825622558594 41.23017120361328 
77.47825622558594 41.13766860961914 
77.3624496459961 41.13766860961914 
77.3624496459961 41.23017120361328 
> -Z0.02138686006651972 
77.36569213867188 41.32017135620117 
77.48165893554688 41.32017135620117 
77.48165893554688 41.2276611328125 
77.36569213867188 41.2276611328125 
77.36569213867188 41.32017135620117 
> -Z0.020876323540123594 
77.36895751953125 41.41017150878906 
77.48506927490234 41.41017150878906 
77.48506927490234 41.317657470703125 
77.36895751953125 41.317657470703125 
77.36895751953125 41.41017150878906 
> -Z0.020011427088731642 
77.37223815917969 41.50017166137695 
77.48849487304688 41.50017166137695 
77.48849487304688 41.40764617919922 
77.37223815917969 41.40764617919922 
77.37223815917969 41.50017166137695 
> -Z0.01894969369426143 
77.37553405761719 41.59016799926758 
77.491943359375 41.59016799926758 
77.491943359375 41.49763870239258 
77.37553405761719 41.49763870239258 
77.37553405761719 41.59016799926758 
> -Z0.017856669133280552 
77.37883758544922 41.68016052246094 
77.49539947509766 41.68016052246094 
77.49539947509766 41.58762741088867 
77.37883758544922 41.58762741088867 
77.37883758544922 41.68016052246094 
> -Z0.016841299216722304 
77.38216400146484 41.7701530456543 
77.4988784790039 41.7701530456543 
77.4988784790039 41.6776123046875 
77.38216400146484 41.6776123046875 
77.38216400146484 41.7701530456543 
> -Z0.01598033077665635 
77.38550567626953 41.860145568847656 
77.50236511230469 41.860145568847656 
77.50236511230469 41.76759719848633 
77.38550567626953 41.76759719848633 
77.38550567626953 41.860145568847656 
> -Z0.015296925418746577 
77.38885498046875 41.95013427734375 
77.50587463378906 41.95013427734375 
77.50587463378906 41.857582092285156 
77.38885498046875 41.857582092285156 
77.38885498046875 41.95013427734375 
> -Z0.014874630515524536 
77.39222717285156 42.040122985839844 
77.5093994140625 42.040122985839844 
77.5093994140625 41.94756317138672 
77.39222717285156 41.94756317138672 
77.39222717285156 42.040122985839844 
> -Z0.014710710327141994 
77.44188690185547 40.147613525390625 
77.5558090209961 40.147613525390625 
77.5558090209961 40.05507278442383 
77.44188690185547 40.05507278442383 
77.44188690185547 40.147613525390625 
> -Z0.01477588886414821 
77.44512176513672 40.23762893676758 
77.5591812133789 40.23762893676758 
77.5591812133789 40.14508056640625 
77.44512176513672 40.14508056640625 
77.44512176513672 40.23762893676758 
> -Z0.015484237835022724 
77.69071960449219 40.502403259277344 
77.80485534667969 40.502403259277344 
77.80485534667969 40.40961456298828 
77.69071960449219 40.40961456298828 
77.69071960449219 40.502403259277344 
> -Z0.016073012067735586 
77.69432067871094 40.59239196777344 
77.80860137939453 40.59239196777344 
77.80860137939453 40.499595642089844 
77.69432067871094 40.499595642089844 
77.69432067871094 40.59239196777344 
> -Z0.017093560332899237 
77.69794464111328 40.68238067626953 
77.81236267089844 40.68238067626953 
77.81236267089844 40.589576721191406 
77.69794464111328 40.589576721191406 
77.69794464111328 40.68238067626953 
> -Z0.018755463240347776 
77.70158386230469 40.772369384765625 
77.81614685058594 40.772369384765625 
77.81614685058594 40.67955780029297 
77.70158386230469 40.67955780029297 
77.70158386230469 40.772369384765625 
> -Z0.021259331723295985 
77.70523834228516 40.86235427856445 
77.8199462890625 40.86235427856445 
77.8199462890625 40.769535064697266 
77.70523834228516 40.769535064697266 
77.70523834228516 40.86235427856445 
> -Z0.024649306808555947 
77.70891571044922 40.952335357666016 
77.82376098632812 40.952335357666016 
77.82376098632812 40.8595085144043 
77.70891571044922 40.8595085144043 
77.70891571044922 40.952335357666016 
> -Z0.0285885351598638 
77.71260070800781 41.04231643676758 
77.82759094238281 41.04231643676758 
77.82759094238281 40.949485778808594 
77.71260070800781 40.949485778808594 
77.71260070800781 41.04231643676758 
> -Z0.03217246024711723 
77.71630859375 41.13229751586914 
77.8314437866211 41.13229751586914 
77.8314437866211 41.03945541381836 
77.71630859375 41.03945541381836 
77.71630859375 41.13229751586914 
> -Z0.034113348237141725 
77.72003173828125 41.22227478027344 
77.83531188964844 41.22227478027344 
77.83531188964844 41.12942886352539 
77.72003173828125 41.12942886352539 
77.72003173828125 41.22227478027344 
> -Z0.03380997610995022 
77.72377014160156 41.312252044677734 
77.83919525146484 41.312252044677734 
77.83919525146484 41.21939468383789 
77.72377014160156 41.21939468383789 
77.72377014160156 41.312252044677734 
> -Z0.03131316171094505 
77.72752380371094 41.402225494384766 
77.84309387207031 41.402225494384766 
77.84309387207031 41.309364318847656 
77.72752380371094 41.309364318847656 
77.72752380371094 41.402225494384766 
> -Z-0.00828723316365651 
79.39849090576172 41.35041809082031 
79.51145935058594 41.35041809082031 
79.51145935058594 41.25599670410156 
79.39849090576172 41.25599670410156 
79.39849090576172 41.35041809082031 
> -Z-0.005978026355325305 
79.4045639038086 41.44022750854492 
79.51766204833984 41.44022750854492 
79.51766204833984 41.345794677734375 
79.4045639038086 41.345794677734375 
79.4045639038086 41.44022750854492 
> -Z-0.0018951554162766754 
79.41065979003906 41.53003692626953 
79.52389526367188 41.53003692626953 
79.52389526367188 41.43558883666992 
79.41065979003906 41.43558883666992 
79.41065979003906 41.53003692626953 
> -Z0.0024443660806673703 
79.41678619384766 41.619842529296875 
79.53015899658203 41.619842529296875 
79.53015899658203 41.52538299560547 
79.41678619384766 41.52538299560547 
79.41678619384766 41.619842529296875 
> -Z0.0061190693975453105 
79.42293548583984 41.70964431762695 
79.53644561767578 41.70964431762695 
79.53644561767578 41.61517333984375 
79.42293548583984 41.61517333984375 
79.42293548583984 41.70964431762695 
> -Z0.008865681606894334 
79.42912292480469 41.79944610595703 
79.54277038574219 41.79944610595703 
79.54277038574219 41.70496368408203 
79.42912292480469 41.70496368408203 
79.42912292480469 41.79944610595703 
> -Z0.010777956959306771 
79.43533325195312 41.88924789428711 
79.54911804199219 41.88924789428711 
79.54911804199219 41.79475021362305 
79.43533325195312 41.79475021362305 
79.43533325195312 41.88924789428711 
> -Z0.01205844060025624 
79.44156646728516 41.979042053222656 
79.55548858642578 41.979042053222656 
79.55548858642578 41.8845329284668 
79.44156646728516 41.8845329284668 
79.44156646728516 41.979042053222656 
> -Z0.012896817472130312 
79.44783782958984 42.06884002685547 
79.56189727783203 42.06884002685547 
79.56189727783203 41.97431564331055 
79.44783782958984 41.97431564331055 
79.44783782958984 42.06884002685547 
> -Z0.013440002013935635 
79.45413208007812 42.15863037109375 
79.5683364868164 42.15863037109375 
79.5683364868164 42.06409454345703 
79.45413208007812 42.06409454345703 
79.45413208007812 42.15863037109375 
> -Z0.013722547994593342 
79.46045684814453 42.24842071533203 
79.57479858398438 42.24842071533203 
79.57479858398438 42.153873443603516 
79.46045684814453 42.153873443603516 
79.46045684814453 42.24842071533203 
> -Z0.017715136526850597 
79.45092010498047 40.35790252685547 
79.562255859375 40.35790252685547 
79.562255859375 40.26350784301758 
79.45092010498047 40.26350784301758 
79.45092010498047 40.35790252685547 
> -Z0.017568550083174206 
79.45684814453125 40.44771957397461 
79.56832122802734 40.44771957397461 
79.56832122802734 40.35331344604492 
79.45684814453125 40.35331344604492 
79.45684814453125 40.44771957397461 
> -Z0.01722164693698085 
79.46280670166016 40.53753662109375 
79.57440185546875 40.53753662109375 
79.57440185546875 40.443119049072266 
79.46280670166016 40.443119049072266 
79.46280670166016 40.53753662109375 
> -Z0.4704919247669613 
78.4609375 41.134830474853516 
78.48947143554688 41.134830474853516 
78.48947143554688 41.111454010009766 
78.4609375 41.111454010009766 
78.4609375 41.134830474853516 
> -Z0.5882605754267393 
78.49185943603516 41.156410217285156 
78.52039337158203 41.156410217285156 
78.52039337158203 41.133026123046875 
78.49185943603516 41.133026123046875 
78.49185943603516 41.156410217285156 
> -Z0.5382516816155709 
78.52159881591797 41.15550231933594 
78.55012512207031 41.15550231933594 
78.55012512207031 41.132110595703125 
78.52159881591797 41.132110595703125 
78.52159881591797 41.15550231933594 
> -Z0.4608636318946668 
78.49066925048828 41.13393020629883 
78.51919555664062 41.13393020629883 
78.51919555664062 41.11054611206055 
78.49066925048828 41.11054611206055 
78.49066925048828 41.13393020629883 
> -Z0.3696023101434723 
78.52039337158203 41.133026123046875 
78.54891204833984 41.133026123046875 
78.54891204833984 41.10963439941406 
78.52039337158203 41.10963439941406 
78.52039337158203 41.133026123046875 
> -Z0.3015387855375588 
78.43944549560547 41.29307556152344 
78.46805572509766 41.29307556152344 
78.46805572509766 41.26969909667969 
78.43944549560547 41.26969909667969 
78.43944549560547 41.29307556152344 
> -Z0.3374663459384508 
78.46924591064453 41.292179107666016 
78.49784851074219 41.292179107666016 
78.49784851074219 41.268798828125 
78.46924591064453 41.268798828125 
78.46924591064453 41.292179107666016 
> -Z0.35778820516956183 
78.43826293945312 41.27059555053711 
78.46686553955078 41.27059555053711 
78.46686553955078 41.247222900390625 
78.43826293945312 41.247222900390625 
78.43826293945312 41.27059555053711 
> -Z0.4033186961204452 
78.46805572509766 41.26969909667969 
78.49665069580078 41.26969909667969 
78.49665069580078 41.24631881713867 
78.46805572509766 41.24631881713867 
78.46805572509766 41.26969909667969 
> -Z0.3755016299467941 
78.49905395507812 41.29127502441406 
78.52764129638672 41.29127502441406 
78.52764129638672 41.267887115478516 
78.49905395507812 41.267887115478516 
78.49905395507812 41.29127502441406 
> -Z0.41440829839158494 
78.52885437011719 41.29036331176758 
78.55742645263672 41.29036331176758 
78.55742645263672 41.266971588134766 
78.52885437011719 41.266971588134766 
78.52885437011719 41.29036331176758 
> -Z0.4497202955095614 
78.49784851074219 41.268798828125 
78.52642822265625 41.268798828125 
78.52642822265625 41.24541091918945 
78.49784851074219 41.24541091918945 
78.49784851074219 41.268798828125 
> -Z0.4950087974684096 
78.52764129638672 41.267887115478516 
78.55620574951172 41.267887115478516 
78.55620574951172 41.2444953918457 
78.52764129638672 41.2444953918457 
78.52764129638672 41.267887115478516 
> -Z0.41437943072902667 
78.43708038330078 41.24811553955078 
78.4656753540039 41.24811553955078 
78.4656753540039 41.2247428894043 
78.43708038330078 41.2247428894043 
78.43708038330078 41.24811553955078 
> -Z0.46998564245301966 
78.46686553955078 41.247222900390625 
78.49544525146484 41.247222900390625 
78.49544525146484 41.22384262084961 
78.46686553955078 41.22384262084961 
78.46686553955078 41.247222900390625 
> -Z0.46770033178705445 
78.43590545654297 41.22563552856445 
78.46449279785156 41.22563552856445 
78.46449279785156 41.202266693115234 
78.43590545654297 41.202266693115234 
78.43590545654297 41.22563552856445 
> -Z0.5317275082871832 
78.4656753540039 41.2247428894043 
78.49425506591797 41.2247428894043 
78.49425506591797 41.20136642456055 
78.4656753540039 41.20136642456055 
78.4656753540039 41.2247428894043 
> -Z0.017368098399302225 
78.39774322509766 40.483760833740234 
78.51082611083984 40.483760833740234 
78.51082611083984 40.390316009521484 
78.39774322509766 40.390316009521484 
78.39774322509766 40.483760833740234 
> -Z0.017178042125224956 
78.40229034423828 40.573692321777344 
78.51551055908203 40.573692321777344 
78.51551055908203 40.4802360534668 
78.40229034423828 40.4802360534668 
78.40229034423828 40.573692321777344 
> -Z0.016438546293932543 
78.4068603515625 40.66362380981445 
78.52021789550781 40.66362380981445 
78.52021789550781 40.57015609741211 
78.4068603515625 40.57015609741211 
78.4068603515625 40.66362380981445 
> -Z0.014527279597221684 
78.41145324707031 40.75354766845703 
78.52494812011719 40.75354766845703 
78.52494812011719 40.660072326660156 
78.41145324707031 40.660072326660156 
78.41145324707031 40.75354766845703 
> -Z0.010150779578640651 
78.41606903076172 40.843475341796875 
78.52970123291016 40.843475341796875 
78.52970123291016 40.7499885559082 
78.41606903076172 40.7499885559082 
78.41606903076172 40.843475341796875 
> -Z0.0012686527545293803 
78.42070007324219 40.93339920043945 
78.53446960449219 40.93339920043945 
78.53446960449219 40.83990478515625 
78.42070007324219 40.83990478515625 
78.42070007324219 40.93339920043945 
> -Z0.014901390934050027 
77.67999267578125 40.232425689697266 
77.79370880126953 40.232425689697266 
77.79370880126953 40.13965606689453 
77.67999267578125 40.13965606689453 
77.67999267578125 40.232425689697266 
> -Z0.014988459789151922 
77.68355560302734 40.322418212890625 
77.79740905761719 40.322418212890625 
77.79740905761719 40.229644775390625 
77.68355560302734 40.229644775390625 
77.68355560302734 40.322418212890625 
> -Z0.015159719423538786 
77.68712615966797 40.412410736083984 
77.8011245727539 40.412410736083984 
77.8011245727539 40.31962966918945 
77.68712615966797 40.31962966918945 
77.68712615966797 40.412410736083984 
> -Z0.06699392756319822 
78.18785095214844 41.0301399230957 
78.24502563476562 41.0301399230957 
78.24502563476562 40.98351287841797 
78.18785095214844 40.98351287841797 
78.18785095214844 41.0301399230957 
> -Z0.07167924779683785 
78.24723052978516 41.028480529785156 
78.30435943603516 41.028480529785156 
78.30435943603516 40.98182678222656 
78.24723052978516 40.98182678222656 
78.24723052978516 41.028480529785156 
> -Z0.04709565719979552 
78.18567657470703 40.98516845703125 
78.2428207397461 40.98516845703125 
78.2428207397461 40.93854522705078 
78.18567657470703 40.93854522705078 
78.18567657470703 40.98516845703125 
> -Z0.045395395268173086 
78.24502563476562 40.98351287841797 
78.30211639404297 40.98351287841797 
78.30211639404297 40.936859130859375 
78.24502563476562 40.936859130859375 
78.24502563476562 40.98351287841797 
> -Z0.11939642651980531 
78.19219970703125 41.12008285522461 
78.24944305419922 41.12008285522461 
78.24944305419922 41.073448181152344 
78.19219970703125 41.073448181152344 
78.19219970703125 41.12008285522461 
> -Z0.15474012280320862 
78.25166320800781 41.1184196472168 
78.30886840820312 41.1184196472168 
78.30886840820312 41.07175827026367 
78.25166320800781 41.07175827026367 
78.25166320800781 41.1184196472168 
> -Z0.09254610151987444 
78.19001770019531 41.075111389160156 
78.24723052978516 41.075111389160156 
78.24723052978516 41.028480529785156 
78.19001770019531 41.028480529785156 
78.19001770019531 41.075111389160156 
> -Z0.11013085738863165 
78.24944305419922 41.073448181152344 
78.30661010742188 41.073448181152344 
78.30661010742188 41.026790618896484 
78.24944305419922 41.026790618896484 
78.24944305419922 41.073448181152344 
> -Z0.14758677479685564 
78.19657135009766 41.21002197265625 
78.25389099121094 41.21002197265625 
78.25389099121094 41.16338348388672 
78.19657135009766 41.16338348388672 
78.19657135009766 41.21002197265625 
> -Z0.202630451335498 
78.25611877441406 41.208351135253906 
78.31339263916016 41.208351135253906 
78.31339263916016 41.161685943603516 
78.25611877441406 41.161685943603516 
78.25611877441406 41.208351135253906 
> -Z0.1399794746095924 
78.19438171386719 41.16505432128906 
78.25166320800781 41.16505432128906 
78.25166320800781 41.1184196472168 
78.19438171386719 41.1184196472168 
78.19438171386719 41.16505432128906 
> -Z0.19041486258751106 
78.25389099121094 41.16338348388672 
78.31112670898438 41.16338348388672 
78.31112670898438 41.116722106933594 
78.25389099121094 41.116722106933594 
78.25389099121094 41.16338348388672 
> -Z0.12399685863062054 
78.20096588134766 41.29996109008789 
78.25835418701172 41.29996109008789 
78.25835418701172 41.253318786621094 
78.20096588134766 41.253318786621094 
78.20096588134766 41.29996109008789 
> -Z0.16053539808620723 
78.26058959960938 41.29828643798828 
78.31793212890625 41.29828643798828 
78.31793212890625 41.25161361694336 
78.26058959960938 41.25161361694336 
78.26058959960938 41.29828643798828 
> -Z0.14097352621166861 
78.19876861572266 41.25498962402344 
78.25611877441406 41.25498962402344 
78.25611877441406 41.208351135253906 
78.19876861572266 41.208351135253906 
78.19876861572266 41.25498962402344 
> -Z0.18957096028024695 
78.25835418701172 41.253318786621094 
78.31565856933594 41.253318786621094 
78.31565856933594 41.20664978027344 
78.25835418701172 41.20664978027344 
78.25835418701172 41.253318786621094 
> -Z0.10016938058774269 
78.20537567138672 41.389896392822266 
78.3202133178711 41.389896392822266 
78.3202133178711 41.29657745361328 
78.20537567138672 41.29657745361328 
78.20537567138672 41.389896392822266 
> -Z0.014158198889577846 
79.9269027709961 40.4286003112793 
80.03763580322266 40.4286003112793 
80.03763580322266 40.33378219604492 
79.9269027709961 40.33378219604492 
79.9269027709961 40.4286003112793 
> -Z0.013662241211509846 
79.93347930908203 40.51835632324219 
80.04434204101562 40.51835632324219 
80.04434204101562 40.42352294921875 
79.93347930908203 40.42352294921875 
79.93347930908203 40.51835632324219 
> -Z0.012806998987195842 
79.94009399414062 40.60811233520508 
80.05107879638672 40.60811233520508 
80.05107879638672 40.51326370239258 
79.94009399414062 40.51326370239258 
79.94009399414062 40.60811233520508 
> -Z-0.03330814431894945 
78.97843170166016 41.320709228515625 
79.0352554321289 41.320709228515625 
79.0352554321289 41.273704528808594 
78.97843170166016 41.273704528808594 
78.97843170166016 41.320709228515625 
> -Z-0.010011039216419056 
78.92694854736328 41.45755386352539 
79.04080963134766 41.45755386352539 
79.04080963134766 41.363555908203125 
78.92694854736328 41.363555908203125 
78.92694854736328 41.45755386352539 
> -Z0.0033883360031026905 
78.93238830566406 41.54741668701172 
79.04638671875 41.54741668701172 
79.04638671875 41.453407287597656 
78.93238830566406 41.453407287597656 
78.93238830566406 41.54741668701172 
> -Z0.00950985241352629 
78.93785858154297 41.63727569580078 
79.05199432373047 41.63727569580078 
79.05199432373047 41.54325866699219 
78.93785858154297 41.54325866699219 
78.93785858154297 41.63727569580078 
> -Z0.012301604304372724 
78.94334411621094 41.727134704589844 
79.05762481689453 41.727134704589844 
79.05762481689453 41.63310623168945 
78.94334411621094 41.63310623168945 
78.94334411621094 41.727134704589844 
> -Z0.016590720722462555 
77.01583862304688 41.59703826904297 
77.1327896118164 41.59703826904297 
77.1327896118164 41.50486373901367 
77.01583862304688 41.50486373901367 
77.01583862304688 41.59703826904297 
> -Z0.01620352728418139 
77.01864624023438 41.68705749511719 
77.13574981689453 41.68705749511719 
77.13574981689453 41.594871520996094 
77.01864624023438 41.594871520996094 
77.01864624023438 41.68705749511719 
> -Z0.015806704317042664 
77.02146911621094 41.777069091796875 
77.13872528076172 41.777069091796875 
77.13872528076172 41.68488311767578 
77.02146911621094 41.68488311767578 
77.02146911621094 41.777069091796875 
> -Z0.015429070632218279 
77.02429962158203 41.86708450317383 
77.14170837402344 41.86708450317383 
77.14170837402344 41.7748908996582 
77.02429962158203 41.7748908996582 
77.02429962158203 41.86708450317383 
> -Z0.015101771128078596 
77.02714538574219 41.957096099853516 
77.14471435546875 41.957096099853516 
77.14471435546875 41.864898681640625 
77.02714538574219 41.864898681640625 
77.02714538574219 41.957096099853516 
> -Z0.0145702430894959 
77.08993530273438 40.15450668334961 
77.20435333251953 40.15450668334961 
77.20435333251953 40.06229782104492 
77.08993530273438 40.06229782104492 
77.08993530273438 40.15450668334961 
> -Z0.014647174347692684 
77.09269714355469 40.24454116821289 
77.20726776123047 40.24454116821289 
77.20726776123047 40.15232849121094 
77.09269714355469 40.15232849121094 
77.09269714355469 40.24454116821289 
> -Z0.014773433591185032 
77.0954818725586 40.334571838378906 
77.21018981933594 40.334571838378906 
77.21018981933594 40.24235534667969 
77.0954818725586 40.24235534667969 
77.0954818725586 40.334571838378906 
> -Z0.014953822397878602 
77.09827423095703 40.42460632324219 
77.21311950683594 40.42460632324219 
77.21311950683594 40.33238220214844 
77.09827423095703 40.33238220214844 
77.09827423095703 40.42460632324219 
> -Z0.015196429502176407 
77.10107421875 40.5146369934082 
77.21607208251953 40.5146369934082 
77.21607208251953 40.42240524291992 
77.10107421875 40.42240524291992 
77.10107421875 40.5146369934082 
> -Z0.01551076418684698 
77.10389709472656 40.60466384887695 
77.21903228759766 40.60466384887695 
77.21903228759766 40.512428283691406 
77.10389709472656 40.512428283691406 
77.10389709472656 40.60466384887695 
> -Z0.015887921014423333 
77.10672760009766 40.6946907043457 
77.22200775146484 40.6946907043457 
77.22200775146484 40.60245132446289 
77.10672760009766 40.60245132446289 
77.10672760009766 40.6946907043457 
> -Z0.016332411822439823 
77.10956573486328 40.78471755981445 
77.2249984741211 40.78471755981445 
77.2249984741211 40.69247055053711 
77.10956573486328 40.69247055053711 
77.10956573486328 40.78471755981445 
> -Z0.01682845884331117 
77.1124267578125 40.87474060058594 
77.2280044555664 40.87474060058594 
77.2280044555664 40.78248977661133 
77.1124267578125 40.78248977661133 
77.1124267578125 40.87474060058594 
> -Z0.01733125295103005 
77.11529541015625 40.96476364135742 
77.23101806640625 40.96476364135742 
77.23101806640625 40.87250518798828 
77.11529541015625 40.87250518798828 
77.11529541015625 40.96476364135742 
> -Z0.017787781844853048 
77.11817932128906 41.05478286743164 
77.23404693603516 41.05478286743164 
77.23404693603516 40.962520599365234 
77.11817932128906 40.962520599365234 
77.11817932128906 41.05478286743164 
> -Z0.018125749063972765 
77.1210708618164 41.14480209350586 
77.23709106445312 41.14480209350586 
77.23709106445312 41.05253601074219 
77.1210708618164 41.05253601074219 
77.1210708618164 41.14480209350586 
> -Z0.018301041855859394 
77.12397766113281 41.23481750488281 
77.24015045166016 41.23481750488281 
77.24015045166016 41.142547607421875 
77.12397766113281 41.142547607421875 
77.12397766113281 41.23481750488281 
> -Z0.015158801612371885 
77.56938934326172 40.41508865356445 
77.68355560302734 40.41508865356445 
77.68355560302734 40.322418212890625 
77.56938934326172 40.322418212890625 
77.56938934326172 40.41508865356445 
> -Z0.0073524041583914995 
79.37448120117188 40.99115753173828 
79.4869155883789 40.99115753173828 
79.4869155883789 40.896785736083984 
79.37448120117188 40.896785736083984 
79.37448120117188 40.99115753173828 
> -Z0.0017467599011203698 
79.38043975830078 41.08097457885742 
79.49300384521484 41.08097457885742 
79.49300384521484 40.98659133911133 
79.38043975830078 40.98659133911133 
79.38043975830078 41.08097457885742 
> -Z-0.0037649949882376833 
79.38642883300781 41.17079162597656 
79.49913024902344 41.17079162597656 
79.49913024902344 41.076393127441406 
79.38642883300781 41.076393127441406 
79.38642883300781 41.17079162597656 
> -Z-0.007546510181487057 
79.39244842529297 41.2606086730957 
79.50527954101562 41.2606086730957 
79.50527954101562 41.166194915771484 
79.39244842529297 41.166194915771484 
79.39244842529297 41.2606086730957 
> -Z0.018284476441658374 
77.12689971923828 41.32483673095703 
77.24321746826172 41.32483673095703 
77.24321746826172 41.2325553894043 
77.12689971923828 41.2325553894043 
77.12689971923828 41.32483673095703 
> -Z0.018070052664304493 
77.12983703613281 41.41484832763672 
77.24630737304688 41.41484832763672 
77.24630737304688 41.322566986083984 
77.12983703613281 41.322566986083984 
77.12983703613281 41.41484832763672 
> -Z0.016481030852882796 
79.46879577636719 40.62735366821289 
79.58052062988281 40.62735366821289 
79.58052062988281 40.532920837402344 
79.46879577636719 40.532920837402344 
79.46879577636719 40.62735366821289 
> -Z0.015175111156794253 
79.47480773925781 40.717166900634766 
79.58666229248047 40.717166900634766 
79.58666229248047 40.62272262573242 
79.47480773925781 40.62272262573242 
79.47480773925781 40.717166900634766 
> -Z0.013128541824677728 
79.48084259033203 40.806976318359375 
79.59282684326172 40.806976318359375 
79.59282684326172 40.712520599365234 
79.48084259033203 40.712520599365234 
79.48084259033203 40.806976318359375 
> -Z0.01022685434398947 
79.4869155883789 40.896785736083984 
79.59902954101562 40.896785736083984 
79.59902954101562 40.80231475830078 
79.4869155883789 40.80231475830078 
79.4869155883789 40.896785736083984 
> -Z0.006539017061358341 
79.49300384521484 40.98659133911133 
79.60525512695312 40.98659133911133 
79.60525512695312 40.89210891723633 
79.49300384521484 40.89210891723633 
79.49300384521484 40.98659133911133 
> -Z0.0024490045783872004 
79.49913024902344 41.076393127441406 
79.61150360107422 41.076393127441406 
79.61150360107422 40.98189926147461 
79.49913024902344 40.98189926147461 
79.49913024902344 41.076393127441406 
> -Z-0.08041378468339988 
78.79179382324219 41.19194030761719 
78.82023620605469 41.19194030761719 
78.82023620605469 41.168487548828125 
78.79179382324219 41.168487548828125 
78.79179382324219 41.19194030761719 
> -Z-0.05756005357559179 
78.82154083251953 41.190956115722656 
78.84996795654297 41.190956115722656 
78.84996795654297 41.16749572753906 
78.82154083251953 41.16749572753906 
78.82154083251953 41.190956115722656 
> -Z-0.06451324061336983 
78.79049682617188 41.16946792602539 
78.81892395019531 41.16946792602539 
78.81892395019531 41.14601516723633 
78.79049682617188 41.14601516723633 
78.79049682617188 41.16946792602539 
> -Z-0.043777436283915144 
78.82023620605469 41.168487548828125 
78.8486557006836 41.168487548828125 
78.8486557006836 41.14502716064453 
78.82023620605469 41.14502716064453 
78.82023620605469 41.168487548828125 
> -Z-0.027601776697432488 
78.85128784179688 41.189964294433594 
78.90809631347656 41.189964294433594 
78.90809631347656 41.14302062988281 
78.85128784179688 41.14302062988281 
78.85128784179688 41.189964294433594 
> -Z-0.047172197982390904 
78.78919982910156 41.14699935913086 
78.81761932373047 41.14699935913086 
78.81761932373047 41.1235466003418 
78.78919982910156 41.1235466003418 
78.78919982910156 41.14699935913086 
> -Z-0.02963153928362027 
78.81892395019531 41.14601516723633 
78.84733581542969 41.14601516723633 
78.84733581542969 41.122554779052734 
78.81892395019531 41.122554779052734 
78.81892395019531 41.14601516723633 
> -Z-0.03060090040780806 
78.78790283203125 41.12452697753906 
78.81632232666016 41.12452697753906 
78.81632232666016 41.10107421875 
78.78790283203125 41.10107421875 
78.78790283203125 41.12452697753906 
> -Z-0.01640154689107998 
78.81761932373047 41.1235466003418 
78.84602355957031 41.1235466003418 
78.84602355957031 41.1000862121582 
78.81761932373047 41.1000862121582 
78.81761932373047 41.1235466003418 
> -Z-0.007578105924300638 
78.8486557006836 41.14502716064453 
78.90542602539062 41.14502716064453 
78.90542602539062 41.098087310791016 
78.8486557006836 41.098087310791016 
78.8486557006836 41.14502716064453 
> -Z-0.024390326736960406 
78.7969970703125 41.281822204589844 
78.82547760009766 41.281822204589844 
78.82547760009766 41.258365631103516 
78.7969970703125 41.258365631103516 
78.7969970703125 41.281822204589844 
> -Z-0.05400875324963366 
78.82678985595703 41.28083419799805 
78.8552474975586 41.28083419799805 
78.8552474975586 41.25736999511719 
78.82678985595703 41.25736999511719 
78.82678985595703 41.28083419799805 
> -Z-0.06813525727694139 
78.79570007324219 41.25934982299805 
78.82416534423828 41.25934982299805 
78.82416534423828 41.23589324951172 
78.79570007324219 41.23589324951172 
78.79570007324219 41.25934982299805 
> -Z-0.0708706030123756 
78.82547760009766 41.258365631103516 
78.85392761230469 41.258365631103516 
78.85392761230469 41.234901428222656 
78.82547760009766 41.234901428222656 
78.82547760009766 41.258365631103516 
> -Z-0.05234309649131274 
78.85657501220703 41.27983856201172 
78.88502502441406 41.27983856201172 
78.88502502441406 41.25636672973633 
78.85657501220703 41.25636672973633 
78.85657501220703 41.27983856201172 
> -Z-0.045343476442500565 
78.88636016845703 41.27883529663086 
78.914794921875 41.27883529663086 
78.914794921875 41.25535583496094 
78.88636016845703 41.25535583496094 
78.88636016845703 41.27883529663086 
> -Z-0.05768645650093667 
78.8552474975586 41.25736999511719 
78.8836898803711 41.25736999511719 
78.8836898803711 41.2338981628418 
78.8552474975586 41.2338981628418 
78.8552474975586 41.25736999511719 
> -Z-0.04590483782476587 
78.88502502441406 41.25636672973633 
78.9134521484375 41.25636672973633 
78.9134521484375 41.23289108276367 
78.88502502441406 41.23289108276367 
78.88502502441406 41.25636672973633 
> -Z-0.08953621394884237 
78.79439544677734 41.236881256103516 
78.8228530883789 41.236881256103516 
78.8228530883789 41.21342468261719 
78.79439544677734 41.21342468261719 
78.79439544677734 41.236881256103516 
> -Z-0.0749238332336904 
78.82416534423828 41.23589324951172 
78.85260772705078 41.23589324951172 
78.85260772705078 41.212432861328125 
78.82416534423828 41.212432861328125 
78.82416534423828 41.23589324951172 
> -Z0.013699334964743955 
79.59282684326172 40.712520599365234 
79.70449829101562 40.712520599365234 
79.70449829101562 40.61797332763672 
79.59282684326172 40.61797332763672 
79.59282684326172 40.712520599365234 
> -Z0.011797068365191845 
79.59902954101562 40.80231475830078 
79.71082305908203 40.80231475830078 
79.71082305908203 40.70775604248047 
79.59902954101562 40.70775604248047 
79.59902954101562 40.80231475830078 
> -Z0.0055239406821519475 
79.85502624511719 41.06191635131836 
79.96683502197266 41.06191635131836 
79.96683502197266 40.967105865478516 
79.85502624511719 40.967105865478516 
79.85502624511719 41.06191635131836 
> -Z0.0041172282489553465 
79.86165618896484 41.15167236328125 
79.97359466552734 41.15167236328125 
79.97359466552734 41.05685043334961 
79.86165618896484 41.05685043334961 
79.86165618896484 41.15167236328125 
> -Z0.0030112801571826244 
79.86831665039062 41.24142837524414 
79.98038482666016 41.24142837524414 
79.98038482666016 41.14658737182617 
79.86831665039062 41.14658737182617 
79.86831665039062 41.24142837524414 
> -Z0.0025115825594593383 
79.87500762939453 41.331180572509766 
79.98721313476562 41.331180572509766 
79.98721313476562 41.236328125 
79.87500762939453 41.236328125 
79.87500762939453 41.331180572509766 
> -Z0.0026667429550601782 
79.88172912597656 41.420928955078125 
79.99406433105469 41.420928955078125 
79.99406433105469 41.3260612487793 
79.88172912597656 41.3260612487793 
79.88172912597656 41.420928955078125 
> -Z0.0032373732200389315 
79.88848114013672 41.510677337646484 
80.00094604492188 41.510677337646484 
80.00094604492188 41.415794372558594 
79.88848114013672 41.415794372558594 
79.88848114013672 41.510677337646484 
> -Z0.011567695268751696 
79.18904113769531 41.8084716796875 
79.3030776977539 41.8084716796875 
79.3030776977539 41.71420669555664 
79.18904113769531 41.71420669555664 
79.18904113769531 41.8084716796875 
> -Z0.012987543184102184 
79.1949234008789 41.89829635620117 
79.30909729003906 41.89829635620117 
79.30909729003906 41.804019927978516 
79.1949234008789 41.804019927978516 
79.1949234008789 41.89829635620117 
> -Z0.013759382603477532 
79.20082092285156 41.988121032714844 
79.31513977050781 41.988121032714844 
79.31513977050781 41.89383316040039 
79.20082092285156 41.89383316040039 
79.20082092285156 41.988121032714844 
> -Z0.01417405130565373 
79.20674896240234 42.077945709228516 
79.32121276855469 42.077945709228516 
79.32121276855469 41.983646392822266 
79.20674896240234 41.983646392822266 
79.20674896240234 42.077945709228516 
> -Z0.014389523860469546 
79.21270751953125 42.16776657104492 
79.32730865478516 42.16776657104492 
79.32730865478516 42.073455810546875 
79.21270751953125 42.073455810546875 
79.21270751953125 42.16776657104492 
> -Z0.01443467132327156 
79.21869659423828 42.25758743286133 
79.33343505859375 42.25758743286133 
79.33343505859375 42.16326141357422 
79.21869659423828 42.16326141357422 
79.21869659423828 42.25758743286133 
> -Z0.0195619669292218 
79.2160415649414 40.36671829223633 
79.32774353027344 40.36671829223633 
79.32774353027344 40.27253341674805 
79.2160415649414 40.27253341674805 
79.2160415649414 40.36671829223633 
> -Z0.019954147798883336 
79.22166442871094 40.456565856933594 
79.33349609375 40.456565856933594 
79.33349609375 40.362369537353516 
79.22166442871094 40.362369537353516 
79.22166442871094 40.456565856933594 
> -Z0.020318088999858517 
79.22731018066406 40.546409606933594 
79.33927154541016 40.546409606933594 
79.33927154541016 40.45220184326172 
79.22731018066406 40.45220184326172 
79.22731018066406 40.546409606933594 
> -Z0.020381420581972214 
79.23297882080078 40.636253356933594 
79.3450698852539 40.636253356933594 
79.3450698852539 40.54203414916992 
79.23297882080078 40.54203414916992 
79.23297882080078 40.636253356933594 
> -Z0.01984222620541342 
79.23867797851562 40.72609329223633 
79.35089874267578 40.72609329223633 
79.35089874267578 40.63186264038086 
79.23867797851562 40.63186264038086 
79.23867797851562 40.72609329223633 
> -Z0.01823790379239637 
79.24440002441406 40.81593322753906 
79.35675811767578 40.81593322753906 
79.35675811767578 40.7216911315918 
79.24440002441406 40.7216911315918 
79.24440002441406 40.81593322753906 
> -Z0.014967044138042312 
79.25015258789062 40.90576934814453 
79.36264038085938 40.90576934814453 
79.36264038085938 40.81151580810547 
79.25015258789062 40.81151580810547 
79.25015258789062 40.90576934814453 
> -Z0.009506941856000206 
79.25592803955078 40.99560546875 
79.36854553222656 40.99560546875 
79.36854553222656 40.901336669921875 
79.25592803955078 40.901336669921875 
79.25592803955078 40.99560546875 
> -Z0.001942164022799911 
79.26172637939453 41.0854377746582 
79.37448120117188 41.0854377746582 
79.37448120117188 40.99115753173828 
79.26172637939453 40.99115753173828 
79.26172637939453 41.0854377746582 
> -Z0.015128666921172967 
78.30211639404297 40.936859130859375 
78.41606903076172 40.936859130859375 
78.41606903076172 40.843475341796875 
78.30211639404297 40.843475341796875 
78.30211639404297 40.936859130859375 
> -Z0.06985759662084601 
78.30661010742188 41.026790618896484 
78.36369323730469 41.026790618896484 
78.36369323730469 40.980106353759766 
78.30661010742188 40.980106353759766 
78.30661010742188 41.026790618896484 
> -Z0.5891952483206961 
78.49544525146484 41.22384262084961 
78.52400970458984 41.22384262084961 
78.52400970458984 41.20045852661133 
78.49544525146484 41.20045852661133 
78.49544525146484 41.22384262084961 
> -Z0.630498005466758 
78.52522277832031 41.22293472290039 
78.55377197265625 41.22293472290039 
78.55377197265625 41.19954299926758 
78.52522277832031 41.19954299926758 
78.52522277832031 41.22293472290039 
> -Z0.14716145999385755 
78.44418334960938 41.38298797607422 
78.50145721435547 41.38298797607422 
78.50145721435547 41.33623123168945 
78.44418334960938 41.33623123168945 
78.44418334960938 41.38298797607422 
> -Z0.16678418193244757 
78.50386810302734 41.38118362426758 
78.56110382080078 41.38118362426758 
78.56110382080078 41.33439636230469 
78.50386810302734 41.33439636230469 
78.50386810302734 41.38118362426758 
> -Z0.23603071231266765 
78.44181060791016 41.33803176879883 
78.49905395507812 41.33803176879883 
78.49905395507812 41.29127502441406 
78.44181060791016 41.29127502441406 
78.44181060791016 41.33803176879883 
> -Z0.2414822783753286 
78.50145721435547 41.33623123168945 
78.53006744384766 41.33623123168945 
78.53006744384766 41.31283950805664 
78.50145721435547 41.31283950805664 
78.50145721435547 41.33623123168945 
> -Z0.26301330775382226 
78.53128051757812 41.33531951904297 
78.55987548828125 41.33531951904297 
78.55987548828125 41.311920166015625 
78.53128051757812 41.311920166015625 
78.53128051757812 41.33531951904297 
> -Z0.30508346133124165 
78.50025177001953 41.313751220703125 
78.52885437011719 41.313751220703125 
78.52885437011719 41.29036331176758 
78.50025177001953 41.29036331176758 
78.50025177001953 41.313751220703125 
> -Z0.3355756180817852 
78.53006744384766 41.31283950805664 
78.55865478515625 41.31283950805664 
78.55865478515625 41.28944778442383 
78.53006744384766 41.28944778442383 
78.53006744384766 41.31283950805664 
> -Z0.04623742795781987 
78.44894409179688 41.472900390625 
78.50628662109375 41.472900390625 
78.50628662109375 41.4261360168457 
78.44894409179688 41.4261360168457 
78.44894409179688 41.472900390625 
> -Z0.040517875282721244 
78.50871276855469 41.471092224121094 
78.5660171508789 41.471092224121094 
78.5660171508789 41.42430114746094 
78.50871276855469 41.42430114746094 
78.50871276855469 41.471092224121094 
> -Z0.08513805408822181 
78.44656372070312 41.42794418334961 
78.50386810302734 41.42794418334961 
78.50386810302734 41.38118362426758 
78.44656372070312 41.38118362426758 
78.44656372070312 41.42794418334961 
> -Z0.08684603550421824 
78.50628662109375 41.4261360168457 
78.56355285644531 41.4261360168457 
78.56355285644531 41.37934875488281 
78.50628662109375 41.37934875488281 
78.50628662109375 41.4261360168457 
> -Z0.014613716980974002 
78.45372772216797 41.56281280517578 
78.5684814453125 41.56281280517578 
78.5684814453125 41.4692497253418 
78.45372772216797 41.4692497253418 
78.45372772216797 41.56281280517578 
> -Z0.005649213422321896 
78.45852661132812 41.6527214050293 
78.57342529296875 41.6527214050293 
78.57342529296875 41.55915069580078 
78.45852661132812 41.55915069580078 
78.45852661132812 41.6527214050293 
> -Z0.006501670604375509 
78.4633560180664 41.74262619018555 
78.57839965820312 41.74262619018555 
78.57839965820312 41.6490478515625 
78.4633560180664 41.6490478515625 
78.4633560180664 41.74262619018555 
> -Z0.008720178237900906 
78.46820068359375 41.8325309753418 
78.58338928222656 41.8325309753418 
78.58338928222656 41.73894119262695 
78.46820068359375 41.73894119262695 
78.46820068359375 41.8325309753418 
> -Z0.010535481719148358 
78.47307586669922 41.92243576049805 
78.5884017944336 41.92243576049805 
78.5884017944336 41.828834533691406 
78.47307586669922 41.828834533691406 
78.47307586669922 41.92243576049805 
> -Z0.011792650342202374 
78.47796630859375 42.01233673095703 
78.59344482421875 42.01233673095703 
78.59344482421875 41.91872787475586 
78.47796630859375 41.91872787475586 
78.47796630859375 42.01233673095703 
> -Z0.012620752794189262 
78.48287963867188 42.10223388671875 
78.59850311279297 42.10223388671875 
78.59850311279297 42.00861740112305 
78.48287963867188 42.00861740112305 
78.48287963867188 42.10223388671875 
> -Z0.01316473659205254 
78.4878158569336 42.19213104248047 
78.60358428955078 42.19213104248047 
78.60358428955078 42.09850311279297 
78.4878158569336 42.09850311279297 
78.4878158569336 42.19213104248047 
> -Z0.013430621792546693 
78.49278259277344 42.28202819824219 
78.60869598388672 42.28202819824219 
78.60869598388672 42.18838882446289 
78.49278259277344 42.18838882446289 
78.49278259277344 42.28202819824219 
> -Z0.01841192752206272 
78.51082611083984 40.390316009521484 
78.62359619140625 40.390316009521484 
78.62359619140625 40.29676818847656 
78.51082611083984 40.29676818847656 
78.51082611083984 40.390316009521484 
> -Z0.01882491965938752 
78.51551055908203 40.4802360534668 
78.62841796875 40.4802360534668 
78.62841796875 40.386680603027344 
78.51551055908203 40.386680603027344 
78.51551055908203 40.4802360534668 
> -Z0.01917301987532559 
78.52021789550781 40.57015609741211 
78.63326263427734 40.57015609741211 
78.63326263427734 40.47658920288086 
78.52021789550781 40.47658920288086 
78.52021789550781 40.57015609741211 
> -Z-0.014942415619207675 
78.76591491699219 41.26033020019531 
78.79439544677734 41.26033020019531 
78.79439544677734 41.236881256103516 
78.76591491699219 41.236881256103516 
78.76591491699219 41.26033020019531 
> -Z0.32473718337760743 
78.6753158569336 41.24074935913086 
78.70381927490234 41.24074935913086 
78.70381927490234 41.21731948852539 
78.6753158569336 41.21731948852539 
78.6753158569336 41.24074935913086 
> -Z0.1401417262984273 
78.70508575439453 41.23979187011719 
78.73357391357422 41.23979187011719 
78.73357391357422 41.21635818481445 
78.70508575439453 41.21635818481445 
78.70508575439453 41.23979187011719 
> -Z0.161939935610387 
78.67405700683594 41.21827697753906 
78.70254516601562 41.21827697753906 
78.70254516601562 41.194847106933594 
78.67405700683594 41.194847106933594 
78.67405700683594 41.21827697753906 
> -Z0.0077423172407171436 
78.70381927490234 41.21731948852539 
78.7322998046875 41.21731948852539 
78.7322998046875 41.193885803222656 
78.70381927490234 41.193885803222656 
78.70381927490234 41.21731948852539 
> -Z-0.0038411735731945056 
78.73485565185547 41.23883056640625 
78.76333618164062 41.23883056640625 
78.76333618164062 41.215389251708984 
78.73485565185547 41.215389251708984 
78.73485565185547 41.23883056640625 
> -Z-0.0763084335664228 
78.7646255493164 41.237857818603516 
78.7930908203125 41.237857818603516 
78.7930908203125 41.21440887451172 
78.7646255493164 41.21440887451172 
78.7646255493164 41.237857818603516 
> -Z-0.07781192541680473 
78.73357391357422 41.21635818481445 
78.76204681396484 41.21635818481445 
78.76204681396484 41.19291687011719 
78.73357391357422 41.19291687011719 
78.73357391357422 41.21635818481445 
> -Z-0.10168669614019107 
78.76333618164062 41.215389251708984 
78.79179382324219 41.215389251708984 
78.79179382324219 41.19194030761719 
78.76333618164062 41.19194030761719 
78.76333618164062 41.215389251708984 
> -Z0.13391929304759345 
78.68290710449219 41.375587463378906 
78.71145629882812 41.375587463378906 
78.71145629882812 41.35215377807617 
78.68290710449219 41.35215377807617 
78.68290710449219 41.375587463378906 
> -Z0.10901563029575331 
78.71273803710938 41.37462615966797 
78.74127960205078 41.37462615966797 
78.74127960205078 41.35118865966797 
78.71273803710938 41.35118865966797 
78.71273803710938 41.37462615966797 
> -Z0.21855091808305285 
78.68163299560547 41.35311508178711 
78.7101821899414 41.35311508178711 
78.7101821899414 41.329681396484375 
78.68163299560547 41.329681396484375 
78.68163299560547 41.35311508178711 
> -Z0.18975212589005108 
78.71145629882812 41.35215377807617 
78.739990234375 41.35215377807617 
78.739990234375 41.32871627807617 
78.71145629882812 41.32871627807617 
78.71145629882812 41.35215377807617 
> -Z0.07494626617836803 
78.74256896972656 41.3736572265625 
78.77110290527344 41.3736572265625 
78.77110290527344 41.35021209716797 
78.74256896972656 41.35021209716797 
78.74256896972656 41.3736572265625 
> -Z0.03802644398630132 
78.77239990234375 41.372684478759766 
78.80091857910156 41.372684478759766 
78.80091857910156 41.3492317199707 
78.77239990234375 41.3492317199707 
78.77239990234375 41.372684478759766 
> -Z0.1420254953873234 
78.74127960205078 41.35118865966797 
78.76980590820312 41.35118865966797 
78.76980590820312 41.32774353027344 
78.74127960205078 41.32774353027344 
78.74127960205078 41.35118865966797 
> -Z0.08193903171297345 
78.77110290527344 41.35021209716797 
78.79961395263672 41.35021209716797 
78.79961395263672 41.326759338378906 
78.77110290527344 41.326759338378906 
78.77110290527344 41.35021209716797 
> -Z0.3193388571453708 
78.68036651611328 41.33064270019531 
78.70890808105469 41.33064270019531 
78.70890808105469 41.30720901489258 
78.68036651611328 41.30720901489258 
78.68036651611328 41.33064270019531 
> -Z0.2844402542320026 
78.7101821899414 41.329681396484375 
78.73870849609375 41.329681396484375 
78.73870849609375 41.306243896484375 
78.7101821899414 41.306243896484375 
78.7101821899414 41.329681396484375 
> -Z0.41242022028189806 
78.6791000366211 41.30816650390625 
78.70763397216797 41.30816650390625 
78.70763397216797 41.28473663330078 
78.6791000366211 41.28473663330078 
78.6791000366211 41.30816650390625 
> -Z0.358885968788137 
78.70890808105469 41.30720901489258 
78.73741912841797 41.30720901489258 
78.73741912841797 41.283775329589844 
78.70890808105469 41.283775329589844 
78.70890808105469 41.30720901489258 
> -Z0.21830020101914402 
78.739990234375 41.32871627807617 
78.76850891113281 41.32871627807617 
78.76850891113281 41.30527114868164 
78.739990234375 41.30527114868164 
78.739990234375 41.32871627807617 
> -Z0.12681753387151418 
78.76980590820312 41.32774353027344 
78.79830932617188 41.32774353027344 
78.79830932617188 41.304290771484375 
78.76980590820312 41.304290771484375 
78.76980590820312 41.32774353027344 
> -Z0.2594548947340973 
78.73870849609375 41.306243896484375 
78.7672119140625 41.306243896484375 
78.7672119140625 41.28280258178711 
78.73870849609375 41.28280258178711 
78.73870849609375 41.306243896484375 
> -Z0.13128358155498174 
78.76850891113281 41.30527114868164 
78.7969970703125 41.30527114868164 
78.7969970703125 41.281822204589844 
78.76850891113281 41.281822204589844 
78.76850891113281 41.30527114868164 
> -Z-0.041940781198929716 
78.57862854003906 41.10871505737305 
78.60711669921875 41.10871505737305 
78.60711669921875 41.08531188964844 
78.57862854003906 41.08531188964844 
78.57862854003906 41.10871505737305 
> -Z-0.02575875577574529 
78.54769897460938 41.087158203125 
78.57618713378906 41.087158203125 
78.57618713378906 41.06376266479492 
78.54769897460938 41.06376266479492 
78.54769897460938 41.087158203125 
> -Z-0.07479060719212449 
78.57740783691406 41.086238861083984 
78.60588836669922 41.086238861083984 
78.60588836669922 41.062835693359375 
78.57740783691406 41.062835693359375 
78.57740783691406 41.086238861083984 
> -Z-0.08850699633264833 
78.60834503173828 41.1077880859375 
78.6368179321289 41.1077880859375 
78.6368179321289 41.08437728881836 
78.60834503173828 41.08437728881836 
78.60834503173828 41.1077880859375 
> -Z-0.09781877016852128 
78.6380615234375 41.106849670410156 
78.66651916503906 41.106849670410156 
78.66651916503906 41.08343505859375 
78.6380615234375 41.08343505859375 
78.6380615234375 41.106849670410156 
> -Z-0.08951010231644954 
78.60711669921875 41.08531188964844 
78.63558197021484 41.08531188964844 
78.63558197021484 41.0619010925293 
78.60711669921875 41.0619010925293 
78.60711669921875 41.08531188964844 
> -Z-0.08304550632678295 
78.6368179321289 41.08437728881836 
78.66527557373047 41.08437728881836 
78.66527557373047 41.06095886230469 
78.6368179321289 41.06095886230469 
78.6368179321289 41.08437728881836 
> -Z-0.052802930331267144 
78.54649353027344 41.06468200683594 
78.5749740600586 41.06468200683594 
78.5749740600586 41.04128646850586 
78.54649353027344 41.04128646850586 
78.54649353027344 41.06468200683594 
> -Z-0.07482999612423205 
78.57618713378906 41.06376266479492 
78.60466003417969 41.06376266479492 
78.60466003417969 41.04035949707031 
78.57618713378906 41.04035949707031 
78.57618713378906 41.06376266479492 
> -Z-0.053324165788342835 
78.54528045654297 41.04220199584961 
78.5737533569336 41.04220199584961 
78.5737533569336 41.0188102722168 
78.54528045654297 41.0188102722168 
78.54528045654297 41.04220199584961 
> -Z-0.062083583344317024 
78.5749740600586 41.04128646850586 
78.60343170166016 41.04128646850586 
78.60343170166016 41.01788330078125 
78.5749740600586 41.01788330078125 
78.5749740600586 41.04128646850586 
> -Z-0.07543210364736783 
78.60588836669922 41.062835693359375 
78.63433837890625 41.062835693359375 
78.63433837890625 41.039424896240234 
78.60588836669922 41.039424896240234 
78.60588836669922 41.062835693359375 
> -Z-0.06382308105064713 
78.63558197021484 41.0619010925293 
78.66402435302734 41.0619010925293 
78.66402435302734 41.03848648071289 
78.63558197021484 41.03848648071289 
78.63558197021484 41.0619010925293 
> -Z-0.05751250579077374 
78.60466003417969 41.04035949707031 
78.63310241699219 41.04035949707031 
78.63310241699219 41.01695251464844 
78.60466003417969 41.01695251464844 
78.60466003417969 41.04035949707031 
> -Z-0.04541773569086985 
78.63433837890625 41.039424896240234 
78.66277313232422 41.039424896240234 
78.66277313232422 41.01601028442383 
78.63433837890625 41.01601028442383 
78.63433837890625 41.039424896240234 
> -Z0.6332230674450525 
78.55377197265625 41.19954299926758 
78.58230590820312 41.19954299926758 
78.58230590820312 41.176143646240234 
78.55377197265625 41.176143646240234 
78.55377197265625 41.19954299926758 
> -Z0.5405370723015472 
78.58352661132812 41.1986198425293 
78.61204528808594 41.1986198425293 
78.61204528808594 41.17521286010742 
78.58352661132812 41.17521286010742 
78.58352661132812 41.1986198425293 
> -Z0.552473053154638 
78.55255126953125 41.177066802978516 
78.5810775756836 41.177066802978516 
78.5810775756836 41.15366744995117 
78.55255126953125 41.15366744995117 
78.55255126953125 41.177066802978516 
> -Z0.3999345062428442 
78.58230590820312 41.176143646240234 
78.6108169555664 41.176143646240234 
78.6108169555664 41.15273666381836 
78.58230590820312 41.15273666381836 
78.58230590820312 41.176143646240234 
> -Z0.39293280800929536 
78.61328887939453 41.19768524169922 
78.64179229736328 41.19768524169922 
78.64179229736328 41.17427444458008 
78.61328887939453 41.17427444458008 
78.61328887939453 41.19768524169922 
> -Z0.17697064413969 
78.6430435180664 41.196746826171875 
78.67153930664062 41.196746826171875 
78.67153930664062 41.1733283996582 
78.6430435180664 41.1733283996582 
78.6430435180664 41.196746826171875 
> -Z0.17995281626385085 
78.61204528808594 41.17521286010742 
78.64054870605469 41.17521286010742 
78.64054870605469 41.151798248291016 
78.61204528808594 41.151798248291016 
78.61204528808594 41.17521286010742 
> -Z0.0267608429507013 
78.64179229736328 41.17427444458008 
78.67028045654297 41.17427444458008 
78.67028045654297 41.150856018066406 
78.64179229736328 41.150856018066406 
78.64179229736328 41.17427444458008 
> -Z0.006740971812749646 
79.72998046875 40.977088928222656 
79.84185028076172 40.977088928222656 
79.84185028076172 40.88239669799805 
79.72998046875 40.88239669799805 
79.72998046875 40.977088928222656 
> -Z0.004524888843325482 
79.73641967773438 41.066864013671875 
79.84841918945312 41.066864013671875 
79.84841918945312 40.97216033935547 
79.73641967773438 40.97216033935547 
79.73641967773438 41.066864013671875 
> -Z0.015374007708896223 
78.04025268554688 40.40365982055664 
78.15372467041016 40.40365982055664 
78.15372467041016 40.310546875 
78.04025268554688 40.310546875 
78.04025268554688 40.40365982055664 
> -Z0.015329001207694086 
78.0443115234375 40.493621826171875 
78.15792083740234 40.493621826171875 
78.15792083740234 40.4005012512207 
78.0443115234375 40.4005012512207 
78.0443115234375 40.493621826171875 
> -Z0.01537444277408945 
78.04839324951172 40.58358383178711 
78.16213989257812 40.58358383178711 
78.16213989257812 40.490455627441406 
78.04839324951172 40.490455627441406 
78.04839324951172 40.58358383178711 
> -Z0.015767505957256758 
78.052490234375 40.673545837402344 
78.16637420654297 40.673545837402344 
78.16637420654297 40.580406188964844 
78.052490234375 40.580406188964844 
78.052490234375 40.673545837402344 
> -Z0.017171944886025185 
78.05660247802734 40.76350402832031 
78.1706314086914 40.76350402832031 
78.1706314086914 40.67035675048828 
78.05660247802734 40.67035675048828 
78.05660247802734 40.76350402832031 
> -Z0.021156935593000345 
78.06073760986328 40.85346221923828 
78.1749038696289 40.85346221923828 
78.1749038696289 40.76030731201172 
78.06073760986328 40.76030731201172 
78.06073760986328 40.85346221923828 
> -Z0.030854826185483613 
78.06489562988281 40.943416595458984 
78.17919921875 40.943416595458984 
78.17919921875 40.85025405883789 
78.06489562988281 40.85025405883789 
78.06489562988281 40.943416595458984 
> -Z0.050249016801570325 
78.06906127929688 41.03336715698242 
78.18351745605469 41.03336715698242 
78.18351745605469 40.9401969909668 
78.06906127929688 40.9401969909668 
78.06906127929688 41.03336715698242 
> -Z0.0774738032264585 
78.07325744628906 41.123321533203125 
78.18785095214844 41.123321533203125 
78.18785095214844 41.0301399230957 
78.07325744628906 41.0301399230957 
78.07325744628906 41.123321533203125 
> -Z0.09637107393555314 
78.07746124267578 41.2132682800293 
78.19219970703125 41.2132682800293 
78.19219970703125 41.12008285522461 
78.07746124267578 41.12008285522461 
78.07746124267578 41.2132682800293 
> -Z0.09151693677367637 
78.08169555664062 41.303218841552734 
78.19657135009766 41.303218841552734 
78.19657135009766 41.21002197265625 
78.08169555664062 41.21002197265625 
78.08169555664062 41.303218841552734 
> -Z0.06973442814034445 
78.08594512939453 41.393165588378906 
78.20096588134766 41.393165588378906 
78.20096588134766 41.29996109008789 
78.08594512939453 41.29996109008789 
78.08594512939453 41.393165588378906 
> -Z0.046489466044952514 
78.0902099609375 41.48310852050781 
78.20537567138672 41.48310852050781 
78.20537567138672 41.389896392822266 
78.0902099609375 41.389896392822266 
78.0902099609375 41.48310852050781 
> -Z0.029699383210720017 
78.09449768066406 41.57305145263672 
78.20980834960938 41.57305145263672 
78.20980834960938 41.47983169555664 
78.09449768066406 41.47983169555664 
78.09449768066406 41.57305145263672 
> -Z0.019940661942059602 
78.09880065917969 41.66299057006836 
78.21426391601562 41.66299057006836 
78.21426391601562 41.56976318359375 
78.09880065917969 41.56976318359375 
78.09880065917969 41.66299057006836 
> -Z0.012429738476071255 
78.71378326416016 41.91489028930664 
78.8287353515625 41.91489028930664 
78.8287353515625 41.82106399536133 
78.71378326416016 41.82106399536133 
78.71378326416016 41.91489028930664 
> -Z0.013306614885410867 
78.7190170288086 42.00476837158203 
78.8341064453125 42.00476837158203 
78.8341064453125 41.91093063354492 
78.7190170288086 41.91093063354492 
78.7190170288086 42.00476837158203 
> -Z0.01379055086299638 
78.72427368164062 42.09464645385742 
78.83950805664062 42.09464645385742 
78.83950805664062 42.000797271728516 
78.72427368164062 42.000797271728516 
78.72427368164062 42.09464645385742 
> -Z0.01402695313889073 
78.72954559326172 42.18451690673828 
78.84493255615234 42.18451690673828 
78.84493255615234 42.090660095214844 
78.72954559326172 42.090660095214844 
78.72954559326172 42.18451690673828 
> -Z0.014126223953649533 
78.73484802246094 42.274391174316406 
78.85037994384766 42.274391174316406 
78.85037994384766 42.18052291870117 
78.73484802246094 42.18052291870117 
78.73484802246094 42.274391174316406 
> -Z0.019942652261337915 
78.42535400390625 41.023319244384766 
78.48234558105469 41.023319244384766 
78.48234558105469 40.97658157348633 
78.42535400390625 40.97658157348633 
78.42535400390625 41.023319244384766 
> -Z-0.021494129620958778 
78.4847183227539 41.02153778076172 
78.54166412353516 41.02153778076172 
78.54166412353516 40.974769592285156 
78.4847183227539 40.974769592285156 
78.4847183227539 41.02153778076172 
> -Z0.003062897155666015 
78.42302703857422 40.97835922241211 
78.47998046875 40.97835922241211 
78.47998046875 40.93162155151367 
78.42302703857422 40.93162155151367 
78.42302703857422 40.97835922241211 
> -Z-0.014092372926003346 
78.48234558105469 40.97658157348633 
78.53926086425781 40.97658157348633 
78.53926086425781 40.92981719970703 
78.48234558105469 40.92981719970703 
78.48234558105469 40.97658157348633 
> -Z0.3319866073094454 
78.4300308227539 41.11323928833008 
78.45857238769531 41.11323928833008 
78.45857238769531 41.08987045288086 
78.4300308227539 41.08987045288086 
78.4300308227539 41.11323928833008 
> -Z0.01769013543560364 
77.1327896118164 41.50486373901367 
77.24940490722656 41.50486373901367 
77.24940490722656 41.412574768066406 
77.1327896118164 41.412574768066406 
77.1327896118164 41.50486373901367 
> -Z0.0172054491037108 
77.13574981689453 41.594871520996094 
77.25251770019531 41.594871520996094 
77.25251770019531 41.50257873535156 
77.13574981689453 41.50257873535156 
77.13574981689453 41.594871520996094 
> -Z0.016662368635677865 
77.13872528076172 41.68488311767578 
77.25564575195312 41.68488311767578 
77.25564575195312 41.59258270263672 
77.13872528076172 41.59258270263672 
77.13872528076172 41.68488311767578 
> -Z0.016122873661215793 
77.14170837402344 41.7748908996582 
77.2587890625 41.7748908996582 
77.2587890625 41.682586669921875 
77.14170837402344 41.682586669921875 
77.14170837402344 41.7748908996582 
> -Z0.0156246287254068 
77.14471435546875 41.864898681640625 
77.26194763183594 41.864898681640625 
77.26194763183594 41.772586822509766 
77.14471435546875 41.772586822509766 
77.14471435546875 41.864898681640625 
> -Z0.01519188078028797 
77.1477279663086 41.95490264892578 
77.2651138305664 41.95490264892578 
77.2651138305664 41.86258316040039 
77.1477279663086 41.86258316040039 
77.1477279663086 41.95490264892578 
> -Z0.014977287352713656 
77.15076446533203 42.04490661621094 
77.26830291748047 42.04490661621094 
77.26830291748047 41.95258331298828 
77.15076446533203 41.95258331298828 
77.15076446533203 42.04490661621094 
> -Z0.014586771983071676 
77.20726776123047 40.15232849121094 
77.32151794433594 40.15232849121094 
77.32151794433594 40.06000900268555 
77.20726776123047 40.06000900268555 
77.20726776123047 40.15232849121094 
> -Z0.014675462531671549 
77.21018981933594 40.24235534667969 
77.3245849609375 40.24235534667969 
77.3245849609375 40.15003204345703 
77.21018981933594 40.15003204345703 
77.21018981933594 40.24235534667969 
> -Z0.014815608029035941 
77.21311950683594 40.33238220214844 
77.3276596069336 40.33238220214844 
77.3276596069336 40.24005126953125 
77.21311950683594 40.24005126953125 
77.21311950683594 40.33238220214844 
> -Z0.01501874885124011 
77.21607208251953 40.42240524291992 
77.33074951171875 40.42240524291992 
77.33074951171875 40.33007049560547 
77.21607208251953 40.33007049560547 
77.21607208251953 40.42240524291992 
> -Z0.01530384383255051 
77.21903228759766 40.512428283691406 
77.33385467529297 40.512428283691406 
77.33385467529297 40.42008590698242 
77.21903228759766 40.42008590698242 
77.21903228759766 40.512428283691406 
> -Z0.01568840908045717 
77.22200775146484 40.60245132446289 
77.33697509765625 40.60245132446289 
77.33697509765625 40.51010513305664 
77.22200775146484 40.51010513305664 
77.22200775146484 40.60245132446289 
> -Z0.016183621518441514 
77.2249984741211 40.69247055053711 
77.3401107788086 40.69247055053711 
77.3401107788086 40.60011672973633 
77.2249984741211 40.60011672973633 
77.2249984741211 40.69247055053711 
> -Z0.01678375984269733 
77.2280044555664 40.78248977661133 
77.34325408935547 40.78248977661133 
77.34325408935547 40.690128326416016 
77.2280044555664 40.690128326416016 
77.2280044555664 40.78248977661133 
> -Z0.017445607252420614 
77.86287689208984 41.75917434692383 
77.97885131835938 41.75917434692383 
77.97885131835938 41.666168212890625 
77.86287689208984 41.666168212890625 
77.86287689208984 41.75917434692383 
> -Z0.015364874310211243 
77.86688995361328 41.8491325378418 
77.98301696777344 41.8491325378418 
77.98301696777344 41.7561149597168 
77.86688995361328 41.7561149597168 
77.86688995361328 41.8491325378418 
> -Z0.014205225700450214 
77.87091827392578 41.9390869140625 
77.98719024658203 41.9390869140625 
77.98719024658203 41.84606170654297 
77.87091827392578 41.84606170654297 
77.87091827392578 41.9390869140625 
> -Z0.013626603050723284 
77.87496185302734 42.0290412902832 
77.99138641357422 42.0290412902832 
77.99138641357422 41.93600845336914 
77.87496185302734 41.93600845336914 
77.87496185302734 42.0290412902832 
> -Z0.013388691111083685 
77.8790283203125 42.11899185180664 
77.99560546875 42.11899185180664 
77.99560546875 42.02595138549805 
77.8790283203125 42.02595138549805 
77.8790283203125 42.11899185180664 
> -Z0.05540371348799026 
78.20980834960938 41.47983169555664 
78.32479095458984 41.47983169555664 
78.32479095458984 41.386505126953125 
78.20980834960938 41.386505126953125 
78.20980834960938 41.47983169555664 
> -Z0.029273351212989695 
78.21426391601562 41.56976318359375 
78.32938385009766 41.56976318359375 
78.32938385009766 41.4764289855957 
78.21426391601562 41.4764289855957 
78.21426391601562 41.56976318359375 
> -Z0.017137955813965943 
78.21873474121094 41.65969467163086 
78.3340072631836 41.65969467163086 
78.3340072631836 41.566349029541016 
78.21873474121094 41.566349029541016 
78.21873474121094 41.65969467163086 
> -Z0.012572164011124777 
78.22322845458984 41.7496223449707 
78.3386459350586 41.7496223449707 
78.3386459350586 41.65626907348633 
78.22322845458984 41.65626907348633 
78.22322845458984 41.7496223449707 
> -Z0.01137243109507366 
78.22773742675781 41.83955001831055 
78.34329986572266 41.83955001831055 
78.34329986572266 41.746185302734375 
78.22773742675781 41.746185302734375 
78.22773742675781 41.83955001831055 
> -Z0.011448204771332524 
78.2322769165039 41.929473876953125 
78.34798431396484 41.929473876953125 
78.34798431396484 41.83610153198242 
78.2322769165039 41.83610153198242 
78.2322769165039 41.929473876953125 
> -Z0.05056754164599747 
78.57984924316406 41.13119125366211 
78.60834503173828 41.13119125366211 
78.60834503173828 41.1077880859375 
78.57984924316406 41.1077880859375 
78.57984924316406 41.13119125366211 
> -Z0.03415996503187718 
78.6108169555664 41.15273666381836 
78.6393051147461 41.15273666381836 
78.6393051147461 41.12932586669922 
78.6108169555664 41.12932586669922 
78.6108169555664 41.15273666381836 
> -Z-0.06145561878825508 
78.64054870605469 41.151798248291016 
78.66902923583984 41.151798248291016 
78.66902923583984 41.128379821777344 
78.64054870605469 41.128379821777344 
78.64054870605469 41.151798248291016 
> -Z-0.05270792327605458 
78.60958099365234 41.1302604675293 
78.6380615234375 41.1302604675293 
78.6380615234375 41.106849670410156 
78.60958099365234 41.106849670410156 
78.60958099365234 41.1302604675293 
> -Z-0.09692464295085448 
78.6393051147461 41.12932586669922 
78.66777801513672 41.12932586669922 
78.66777801513672 41.10590744018555 
78.6393051147461 41.10590744018555 
78.6393051147461 41.12932586669922 
> -Z0.452826135080067 
78.55865478515625 41.28944778442383 
78.58721923828125 41.28944778442383 
78.58721923828125 41.26604461669922 
78.55865478515625 41.26604461669922 
78.55865478515625 41.28944778442383 
> -Z0.48637881323754895 
78.58844757080078 41.28852081298828 
78.61700439453125 41.28852081298828 
78.61700439453125 41.26511001586914 
78.58844757080078 41.26511001586914 
78.58844757080078 41.28852081298828 
> -Z0.5353784518379671 
78.55742645263672 41.266971588134766 
78.58598327636719 41.266971588134766 
78.58598327636719 41.243568420410156 
78.55742645263672 41.243568420410156 
78.55742645263672 41.266971588134766 
> -Z0.5641591810909324 
78.58721923828125 41.26604461669922 
78.61576080322266 41.26604461669922 
78.61576080322266 41.242637634277344 
78.58721923828125 41.242637634277344 
78.58721923828125 41.26604461669922 
> -Z0.5078801015389679 
78.61824798583984 41.2875862121582 
78.64678955078125 41.2875862121582 
78.64678955078125 41.2641716003418 
78.61824798583984 41.2641716003418 
78.61824798583984 41.2875862121582 
> -Z0.5053127708783802 
78.64804077148438 41.286643981933594 
78.67657470703125 41.286643981933594 
78.67657470703125 41.263221740722656 
78.64804077148438 41.263221740722656 
78.64804077148438 41.286643981933594 
> -Z0.5688478700323284 
78.61700439453125 41.26511001586914 
78.64553833007812 41.26511001586914 
78.64553833007812 41.241695404052734 
78.61700439453125 41.241695404052734 
78.61700439453125 41.26511001586914 
> -Z0.5319314165214999 
78.64678955078125 41.2641716003418 
78.6753158569336 41.2641716003418 
78.6753158569336 41.24074935913086 
78.64678955078125 41.24074935913086 
78.64678955078125 41.2641716003418 
> -Z0.6043074658780107 
78.55620574951172 41.2444953918457 
78.58475494384766 41.2444953918457 
78.58475494384766 41.221092224121094 
78.55620574951172 41.221092224121094 
78.55620574951172 41.2444953918457 
> -Z0.6128706374408652 
78.58598327636719 41.243568420410156 
78.6145248413086 41.243568420410156 
78.6145248413086 41.22016143798828 
78.58598327636719 41.22016143798828 
78.58598327636719 41.243568420410156 
> -Z0.643722153047163 
78.55499267578125 41.22201919555664 
78.58352661132812 41.22201919555664 
78.58352661132812 41.1986198425293 
78.55499267578125 41.1986198425293 
78.55499267578125 41.22201919555664 
> -Z0.6117678822389832 
78.58475494384766 41.221092224121094 
78.61328887939453 41.221092224121094 
78.61328887939453 41.19768524169922 
78.58475494384766 41.19768524169922 
78.58475494384766 41.221092224121094 
> -Z0.5788312755832667 
78.61576080322266 41.242637634277344 
78.644287109375 41.242637634277344 
78.644287109375 41.21922302246094 
78.61576080322266 41.21922302246094 
78.61576080322266 41.242637634277344 
> -Z0.48372700263332996 
78.64553833007812 41.241695404052734 
78.67405700683594 41.241695404052734 
78.67405700683594 41.21827697753906 
78.64553833007812 41.21827697753906 
78.64553833007812 41.241695404052734 
> -Z0.5152573711021966 
78.6145248413086 41.22016143798828 
78.6430435180664 41.22016143798828 
78.6430435180664 41.196746826171875 
78.6145248413086 41.196746826171875 
78.6145248413086 41.22016143798828 
> -Z0.3545675874205246 
78.644287109375 41.21922302246094 
78.67279815673828 41.21922302246094 
78.67279815673828 41.19580078125 
78.644287109375 41.19580078125 
78.644287109375 41.21922302246094 
> -Z0.18439518076545328 
78.56355285644531 41.37934875488281 
78.62073516845703 41.37934875488281 
78.62073516845703 41.33253479003906 
78.56355285644531 41.33253479003906 
78.56355285644531 41.37934875488281 
> -Z0.15511627653417268 
78.62322998046875 41.37748336791992 
78.65180969238281 41.37748336791992 
78.65180969238281 41.35406494140625 
78.62322998046875 41.35406494140625 
78.62322998046875 41.37748336791992 
> -Z0.14882944335874138 
78.65306854248047 41.37653732299805 
78.68163299560547 41.37653732299805 
78.68163299560547 41.35311508178711 
78.65306854248047 41.35311508178711 
78.65306854248047 41.37653732299805 
> -Z0.23101765767552834 
78.62198638916016 41.35500717163086 
78.65055084228516 41.35500717163086 
78.65055084228516 41.33159255981445 
78.62198638916016 41.33159255981445 
78.62198638916016 41.35500717163086 
> -Z0.23082114339020554 
78.65180969238281 41.35406494140625 
78.68036651611328 41.35406494140625 
78.68036651611328 41.33064270019531 
78.65180969238281 41.33064270019531 
78.65180969238281 41.35406494140625 
> -Z-0.09088865439708285 
78.7930908203125 41.21440887451172 
78.82154083251953 41.21440887451172 
78.82154083251953 41.190956115722656 
78.7930908203125 41.190956115722656 
78.7930908203125 41.21440887451172 
> -Z-0.06907257781119441 
78.8228530883789 41.21342468261719 
78.85128784179688 41.21342468261719 
78.85128784179688 41.189964294433594 
78.8228530883789 41.189964294433594 
78.8228530883789 41.21342468261719 
> -Z-0.05606927515601689 
78.85392761230469 41.234901428222656 
78.88236236572266 41.234901428222656 
78.88236236572266 41.211429595947266 
78.85392761230469 41.211429595947266 
78.85392761230469 41.234901428222656 
> -Z-0.04234225161767515 
78.8836898803711 41.2338981628418 
78.912109375 41.2338981628418 
78.912109375 41.21042251586914 
78.8836898803711 41.21042251586914 
78.8836898803711 41.2338981628418 
> -Z-0.04926505186811216 
78.85260772705078 41.212432861328125 
78.88102722167969 41.212432861328125 
78.88102722167969 41.18896484375 
78.85260772705078 41.18896484375 
78.85260772705078 41.212432861328125 
> -Z-0.03574505551556856 
78.88236236572266 41.211429595947266 
78.91077423095703 41.211429595947266 
78.91077423095703 41.18795394897461 
78.88236236572266 41.18795394897461 
78.88236236572266 41.211429595947266 
> -Z0.002189986299754601 
78.80223083496094 41.371700286865234 
78.85922241210938 41.371700286865234 
78.85922241210938 41.32477569580078 
78.80223083496094 41.32477569580078 
78.80223083496094 41.371700286865234 
> -Z-0.021228357245175362 
78.86188507080078 41.36970901489258 
78.91883087158203 41.36970901489258 
78.91883087158203 41.322757720947266 
78.86188507080078 41.322757720947266 
78.86188507080078 41.36970901489258 
> -Z0.039439892066211436 
78.79961395263672 41.326759338378906 
78.8281021118164 41.326759338378906 
78.8281021118164 41.30330276489258 
78.79961395263672 41.30330276489258 
78.79961395263672 41.326759338378906 
> -Z-0.011655070421411218 
78.82942199707031 41.32577133178711 
78.85789489746094 41.32577133178711 
78.85789489746094 41.30230712890625 
78.82942199707031 41.30230712890625 
78.82942199707031 41.32577133178711 
> -Z0.02225687445028244 
78.79830932617188 41.304290771484375 
78.82678985595703 41.304290771484375 
78.82678985595703 41.28083419799805 
78.79830932617188 41.28083419799805 
78.79830932617188 41.304290771484375 
> -Z-0.029508746269529852 
78.8281021118164 41.30330276489258 
78.85657501220703 41.30330276489258 
78.85657501220703 41.27983856201172 
78.8281021118164 41.27983856201172 
78.8281021118164 41.30330276489258 
> -Z-0.03698907408083619 
78.85922241210938 41.32477569580078 
78.9161376953125 41.32477569580078 
78.9161376953125 41.27782440185547 
78.85922241210938 41.27782440185547 
78.85922241210938 41.32477569580078 
> -Z-0.009061231277559312 
78.80747985839844 41.461578369140625 
78.86454772949219 41.461578369140625 
78.86454772949219 41.41464614868164 
78.80747985839844 41.41464614868164 
78.80747985839844 41.461578369140625 
> -Z-0.005342428033549413 
78.86721801757812 41.45957946777344 
78.92424011230469 41.45957946777344 
78.92424011230469 41.41262435913086 
78.86721801757812 41.41262435913086 
78.86721801757812 41.45957946777344 
> -Z-0.009637776821466791 
78.80485534667969 41.4166374206543 
78.86188507080078 41.4166374206543 
78.86188507080078 41.36970901489258 
78.80485534667969 41.36970901489258 
78.80485534667969 41.4166374206543 
> -Z-0.012034881748357575 
78.86454772949219 41.41464614868164 
78.9215316772461 41.41464614868164 
78.9215316772461 41.36769104003906 
78.86454772949219 41.36769104003906 
78.86454772949219 41.41464614868164 
> -Z0.0005184006844883432 
78.81275939941406 41.55145263671875 
78.92694854736328 41.55145263671875 
78.92694854736328 41.45755386352539 
78.81275939941406 41.45755386352539 
78.81275939941406 41.55145263671875 
> -Z0.007393463940348156 
78.81806182861328 41.64132308959961 
78.93238830566406 41.64132308959961 
78.93238830566406 41.54741668701172 
78.81806182861328 41.54741668701172 
78.81806182861328 41.64132308959961 
> -Z0.01096584082793194 
78.8233871459961 41.731197357177734 
78.93785858154297 41.731197357177734 
78.93785858154297 41.63727569580078 
78.8233871459961 41.63727569580078 
78.8233871459961 41.731197357177734 
> -Z0.012755947844498416 
78.8287353515625 41.82106399536133 
78.94334411621094 41.82106399536133 
78.94334411621094 41.727134704589844 
78.8287353515625 41.727134704589844 
78.8287353515625 41.82106399536133 
> -Z0.013663898927955763 
78.8341064453125 41.91093063354492 
78.94886016845703 41.91093063354492 
78.94886016845703 41.81698989868164 
78.8341064453125 41.81698989868164 
78.8341064453125 41.91093063354492 
> -Z0.39790396696334845 
78.55133819580078 41.15458679199219 
78.57984924316406 41.15458679199219 
78.57984924316406 41.13119125366211 
78.55133819580078 41.13119125366211 
78.55133819580078 41.15458679199219 
> -Z0.2087847250120045 
78.5810775756836 41.15366744995117 
78.60958099365234 41.15366744995117 
78.60958099365234 41.1302604675293 
78.5810775756836 41.1302604675293 
78.5810775756836 41.15366744995117 
> -Z0.20979190987261723 
78.55012512207031 41.132110595703125 
78.57862854003906 41.132110595703125 
78.57862854003906 41.10871505737305 
78.55012512207031 41.10871505737305 
78.55012512207031 41.132110595703125 
> -Z-0.025477305372641777 
78.9215316772461 41.36769104003906 
78.97843170166016 41.36769104003906 
78.97843170166016 41.320709228515625 
78.9215316772461 41.320709228515625 
78.9215316772461 41.36769104003906 
> -Z-0.026382625839447366 
78.98117065429688 41.365638732910156 
79.03803253173828 41.365638732910156 
79.03803253173828 41.31863021850586 
78.98117065429688 41.31863021850586 
78.98117065429688 41.365638732910156 
> -Z-0.0034107922190170815 
78.72465515136719 41.059051513671875 
78.78145599365234 41.059051513671875 
78.78145599365234 41.01217269897461 
78.72465515136719 41.01217269897461 
78.72465515136719 41.059051513671875 
> -Z0.01819582197309472 
78.67279815673828 41.19580078125 
78.70127868652344 41.19580078125 
78.70127868652344 41.1723747253418 
78.67279815673828 41.1723747253418 
78.67279815673828 41.19580078125 
> -Z-0.0749828091231167 
78.70254516601562 41.194847106933594 
78.73101806640625 41.194847106933594 
78.73101806640625 41.17141342163086 
78.70254516601562 41.17141342163086 
78.70254516601562 41.194847106933594 
> -Z-0.06906895854882139 
78.67153930664062 41.1733283996582 
78.70001220703125 41.1733283996582 
78.70001220703125 41.14990234375 
78.67153930664062 41.14990234375 
78.67153930664062 41.1733283996582 
> -Z-0.10659423126210246 
78.70127868652344 41.1723747253418 
78.72974395751953 41.1723747253418 
78.72974395751953 41.14894104003906 
78.70127868652344 41.14894104003906 
78.70127868652344 41.1723747253418 
> -Z-0.10676684938584483 
78.7322998046875 41.193885803222656 
78.76075744628906 41.193885803222656 
78.76075744628906 41.17044448852539 
78.7322998046875 41.17044448852539 
78.7322998046875 41.193885803222656 
> -Z-0.10137048651348099 
78.76204681396484 41.19291687011719 
78.79049682617188 41.19291687011719 
78.79049682617188 41.16946792602539 
78.76204681396484 41.16946792602539 
78.76204681396484 41.19291687011719 
> -Z-0.10598151419105875 
78.73101806640625 41.17141342163086 
78.75947570800781 41.17141342163086 
78.75947570800781 41.14797592163086 
78.73101806640625 41.14797592163086 
78.73101806640625 41.17141342163086 
> -Z-0.08756727337904494 
78.76075744628906 41.17044448852539 
78.78919982910156 41.17044448852539 
78.78919982910156 41.14699935913086 
78.76075744628906 41.14699935913086 
78.76075744628906 41.17044448852539 
> -Z-0.10292101312991073 
78.67028045654297 41.150856018066406 
78.69874572753906 41.150856018066406 
78.69874572753906 41.1274299621582 
78.67028045654297 41.1274299621582 
78.67028045654297 41.150856018066406 
> -Z-0.10603496059332071 
78.70001220703125 41.14990234375 
78.72846984863281 41.14990234375 
78.72846984863281 41.126468658447266 
78.70001220703125 41.126468658447266 
78.70001220703125 41.14990234375 
> -Z-0.10303279813905303 
78.66902923583984 41.128379821777344 
78.6974868774414 41.128379821777344 
78.6974868774414 41.104957580566406 
78.66902923583984 41.104957580566406 
78.66902923583984 41.128379821777344 
> -Z-0.09004987140113718 
78.69874572753906 41.1274299621582 
78.7271957397461 41.1274299621582 
78.7271957397461 41.10399627685547 
78.69874572753906 41.10399627685547 
78.69874572753906 41.1274299621582 
> -Z-0.0904980206883966 
78.72974395751953 41.14894104003906 
78.75818634033203 41.14894104003906 
78.75818634033203 41.12550354003906 
78.72974395751953 41.12550354003906 
78.72974395751953 41.14894104003906 
> -Z-0.06859165157069053 
78.75947570800781 41.14797592163086 
78.78790283203125 41.14797592163086 
78.78790283203125 41.12452697753906 
78.75947570800781 41.12452697753906 
78.75947570800781 41.14797592163086 
> -Z-0.06981076922689763 
78.72846984863281 41.126468658447266 
78.75690460205078 41.126468658447266 
78.75690460205078 41.103031158447266 
78.72846984863281 41.103031158447266 
78.72846984863281 41.126468658447266 
> -Z-0.04887566828059655 
78.75818634033203 41.12550354003906 
78.78661346435547 41.12550354003906 
78.78661346435547 41.10205841064453 
78.75818634033203 41.10205841064453 
78.75818634033203 41.12550354003906 
> -Z0.4626664958572686 
78.67784118652344 41.28569412231445 
78.70635986328125 41.28569412231445 
78.70635986328125 41.262264251708984 
78.67784118652344 41.262264251708984 
78.67784118652344 41.28569412231445 
> -Z0.36605492784025173 
78.70763397216797 41.28473663330078 
78.73613739013672 41.28473663330078 
78.73613739013672 41.26130294799805 
78.70763397216797 41.26130294799805 
78.70763397216797 41.28473663330078 
> -Z0.4363323681872492 
78.67657470703125 41.263221740722656 
78.70508575439453 41.263221740722656 
78.70508575439453 41.23979187011719 
78.67657470703125 41.23979187011719 
78.67657470703125 41.263221740722656 
> -Z0.28277112647021274 
78.70635986328125 41.262264251708984 
78.73485565185547 41.262264251708984 
78.73485565185547 41.23883056640625 
78.70635986328125 41.23883056640625 
78.70635986328125 41.262264251708984 
> -Z0.21842440805669583 
78.73741912841797 41.283775329589844 
78.76591491699219 41.283775329589844 
78.76591491699219 41.26033020019531 
78.73741912841797 41.26033020019531 
78.73741912841797 41.283775329589844 
> -Z0.07015334455844233 
78.7672119140625 41.28280258178711 
78.79570007324219 41.28280258178711 
78.79570007324219 41.25934982299805 
78.7672119140625 41.25934982299805 
78.7672119140625 41.28280258178711 
> -Z0.11118140447527275 
78.73613739013672 41.26130294799805 
78.7646255493164 41.26130294799805 
78.7646255493164 41.237857818603516 
78.73613739013672 41.237857818603516 
78.73613739013672 41.26130294799805 
> -Z0.0018114851472277732 
78.68799591064453 41.465476989746094 
78.74515533447266 41.465476989746094 
78.74515533447266 41.418601989746094 
78.68799591064453 41.418601989746094 
78.68799591064453 41.465476989746094 
> -Z-0.008678306613998314 
78.74774169921875 41.46354293823242 
78.80485534667969 41.46354293823242 
78.80485534667969 41.4166374206543 
78.74774169921875 41.4166374206543 
78.74774169921875 41.46354293823242 
> -Z0.04333030119228264 
78.6854476928711 41.4205322265625 
78.74256896972656 41.4205322265625 
78.74256896972656 41.3736572265625 
78.6854476928711 41.3736572265625 
78.6854476928711 41.4205322265625 
> -Z0.009125889051388482 
78.74515533447266 41.418601989746094 
78.80223083496094 41.418601989746094 
78.80223083496094 41.371700286865234 
78.74515533447266 41.371700286865234 
78.74515533447266 41.418601989746094 
> -Z-0.006508952746092204 
78.69310760498047 41.555362701416016 
78.80747985839844 41.555362701416016 
78.80747985839844 41.461578369140625 
78.69310760498047 41.461578369140625 
78.69310760498047 41.555362701416016 
> -Z0.002061801145686607 
78.6982421875 41.64524841308594 
78.81275939941406 41.64524841308594 
78.81275939941406 41.55145263671875 
78.6982421875 41.55145263671875 
78.6982421875 41.64524841308594 
> -Z0.00776238713442288 
78.70339965820312 41.735130310058594 
78.81806182861328 41.735130310058594 
78.81806182861328 41.64132308959961 
78.70339965820312 41.64132308959961 
78.70339965820312 41.735130310058594 
> -Z0.010810490846889533 
78.70858001708984 41.82501220703125 
78.8233871459961 41.82501220703125 
78.8233871459961 41.731197357177734 
78.70858001708984 41.731197357177734 
78.70858001708984 41.82501220703125 
> -Z0.01601843393491484 
77.45819854736328 40.59766387939453 
77.57282257080078 40.59766387939453 
77.57282257080078 40.505088806152344 
77.45819854736328 40.505088806152344 
77.45819854736328 40.59766387939453 
> -Z-0.0012988010807295537 
79.50527954101562 41.166194915771484 
79.61779022216797 41.166194915771484 
79.61779022216797 41.07168960571289 
79.50527954101562 41.07168960571289 
79.50527954101562 41.166194915771484 
> -Z-0.0037850563013106485 
79.51145935058594 41.25599670410156 
79.62409973144531 41.25599670410156 
79.62409973144531 41.161476135253906 
79.51145935058594 41.161476135253906 
79.51145935058594 41.25599670410156 
> -Z-0.00434804730317578 
79.51766204833984 41.345794677734375 
79.63043975830078 41.345794677734375 
79.63043975830078 41.25126266479492 
79.51766204833984 41.25126266479492 
79.51766204833984 41.345794677734375 
> -Z-0.002979441547304621 
79.52389526367188 41.43558883666992 
79.63681030273438 41.43558883666992 
79.63681030273438 41.34104537963867 
79.52389526367188 41.34104537963867 
79.52389526367188 41.43558883666992 
> -Z-0.0003086470806675252 
79.53015899658203 41.52538299560547 
79.64320373535156 41.52538299560547 
79.64320373535156 41.430824279785156 
79.53015899658203 41.430824279785156 
79.53015899658203 41.52538299560547 
> -Z0.0028145925179430178 
79.53644561767578 41.61517333984375 
79.64962768554688 41.61517333984375 
79.64962768554688 41.52060317993164 
79.53644561767578 41.52060317993164 
79.53644561767578 41.61517333984375 
> -Z0.0057392809139986106 
79.54277038574219 41.70496368408203 
79.65608215332031 41.70496368408203 
79.65608215332031 41.61037826538086 
79.54277038574219 41.61037826538086 
79.54277038574219 41.70496368408203 
> -Z0.008150425496609317 
79.54911804199219 41.79475021362305 
79.66256713867188 41.79475021362305 
79.66256713867188 41.70015335083008 
79.54911804199219 41.70015335083008 
79.54911804199219 41.79475021362305 
> -Z0.009986906016266565 
79.55548858642578 41.8845329284668 
79.66908264160156 41.8845329284668 
79.66908264160156 41.78992462158203 
79.55548858642578 41.78992462158203 
79.55548858642578 41.8845329284668 
> -Z0.011324472013019025 
79.56189727783203 41.97431564331055 
79.67562866210938 41.97431564331055 
79.67562866210938 41.879695892333984 
79.56189727783203 41.879695892333984 
79.56189727783203 41.97431564331055 
> -Z0.012265258209994098 
79.5683364868164 42.06409454345703 
79.68219757080078 42.06409454345703 
79.68219757080078 41.96946334838867 
79.5683364868164 41.96946334838867 
79.5683364868164 42.06409454345703 
> -Z0.012920995966099327 
79.57479858398438 42.153873443603516 
79.68880462646484 42.153873443603516 
79.68880462646484 42.059226989746094 
79.57479858398438 42.059226989746094 
79.57479858398438 42.153873443603516 
> -Z0.013332669979762207 
79.58129119873047 42.243648529052734 
79.6954345703125 42.243648529052734 
79.6954345703125 42.148990631103516 
79.58129119873047 42.148990631103516 
79.58129119873047 42.243648529052734 
> -Z0.016907239554763236 
79.56832122802734 40.35331344604492 
79.67947387695312 40.35331344604492 
79.67947387695312 40.25881576538086 
79.56832122802734 40.25881576538086 
79.56832122802734 40.35331344604492 
> -Z0.01649179235663694 
79.57440185546875 40.443119049072266 
79.6856918334961 40.443119049072266 
79.6856918334961 40.348609924316406 
79.57440185546875 40.348609924316406 
79.57440185546875 40.443119049072266 
> -Z0.015952186957108917 
79.58052062988281 40.532920837402344 
79.69193267822266 40.532920837402344 
79.69193267822266 40.43840026855469 
79.58052062988281 40.43840026855469 
79.58052062988281 40.532920837402344 
> -Z0.015056775108551905 
79.58666229248047 40.62272262573242 
79.69820404052734 40.62272262573242 
79.69820404052734 40.5281867980957 
79.58666229248047 40.5281867980957 
79.58666229248047 40.62272262573242 
> -Z0.02799881289150495 
77.6008529663086 41.22502899169922 
77.71630859375 41.22502899169922 
77.71630859375 41.13229751586914 
77.6008529663086 41.13229751586914 
77.6008529663086 41.22502899169922 
> -Z0.027838848216215465 
77.60443115234375 41.31501388549805 
77.72003173828125 41.31501388549805 
77.72003173828125 41.22227478027344 
77.60443115234375 41.22227478027344 
77.60443115234375 41.31501388549805 
> -Z0.026429091707141417 
77.60801696777344 41.404998779296875 
77.72377014160156 41.404998779296875 
77.72377014160156 41.312252044677734 
77.60801696777344 41.312252044677734 
77.60801696777344 41.404998779296875 
> -Z0.024215405763969133 
77.61162567138672 41.49497985839844 
77.72752380371094 41.49497985839844 
77.72752380371094 41.402225494384766 
77.61162567138672 41.402225494384766 
77.61162567138672 41.49497985839844 
> -Z0.021723229172839705 
77.6152572631836 41.5849609375 
77.7313003540039 41.5849609375 
77.7313003540039 41.4921989440918 
77.6152572631836 41.4921989440918 
77.6152572631836 41.5849609375 
> -Z0.019408786128004608 
77.618896484375 41.6749382019043 
77.73509216308594 41.6749382019043 
77.73509216308594 41.58216857910156 
77.618896484375 41.58216857910156 
77.618896484375 41.6749382019043 
> -Z0.01750400497590181 
77.62255096435547 41.764915466308594 
77.73889923095703 41.764915466308594 
77.73889923095703 41.67213821411133 
77.62255096435547 41.67213821411133 
77.62255096435547 41.764915466308594 
> -Z0.0160747515225861 
77.62622833251953 41.854888916015625 
77.74272155761719 41.854888916015625 
77.74272155761719 41.762107849121094 
77.62622833251953 41.762107849121094 
77.62622833251953 41.854888916015625 
> -Z0.015082826513377837 
77.62992095947266 41.944862365722656 
77.74656677246094 41.944862365722656 
77.74656677246094 41.852073669433594 
77.62992095947266 41.852073669433594 
77.62992095947266 41.944862365722656 
> -Z0.014440825723101746 
77.63362884521484 42.03483581542969 
77.75042724609375 42.03483581542969 
77.75042724609375 41.942039489746094 
77.63362884521484 41.942039489746094 
77.63362884521484 42.03483581542969 
> -Z0.014109490660531708 
77.6373519897461 42.12480545043945 
77.75430297851562 42.12480545043945 
77.75430297851562 42.03200149536133 
77.6373519897461 42.03200149536133 
77.6373519897461 42.12480545043945 
> -Z0.019351246470564517 
77.24015045166016 41.142547607421875 
77.35599517822266 41.142547607421875 
77.35599517822266 41.05016326904297 
77.24015045166016 41.05016326904297 
77.24015045166016 41.142547607421875 
> -Z0.016014369024994233 
76.77350616455078 41.51096725463867 
76.89066314697266 41.51096725463867 
76.89066314697266 41.419029235839844 
76.77350616455078 41.419029235839844 
76.77350616455078 41.51096725463867 
> -Z0.01581888878398498 
76.77597045898438 41.60099792480469 
76.89328002929688 41.60099792480469 
76.89328002929688 41.509056091308594 
76.77597045898438 41.509056091308594 
76.77597045898438 41.60099792480469 
> -Z0.015564818425661502 
76.77845001220703 41.69102478027344 
76.89591217041016 41.69102478027344 
76.89591217041016 41.59907913208008 
76.77845001220703 41.59907913208008 
76.77845001220703 41.69102478027344 
> -Z0.01530724601182806 
76.78093719482422 41.78105163574219 
76.89855194091797 41.78105163574219 
76.89855194091797 41.68910217285156 
76.78093719482422 41.68910217285156 
76.78093719482422 41.78105163574219 
> -Z0.015077302240615355 
76.78343200683594 41.87107849121094 
76.90120697021484 41.87107849121094 
76.90120697021484 41.77912521362305 
76.78343200683594 41.77912521362305 
76.78343200683594 41.87107849121094 
> -Z0.014917833181582863 
76.78594207763672 41.96110153198242 
76.90386962890625 41.96110153198242 
76.90386962890625 41.869144439697266 
76.78594207763672 41.869144439697266 
76.78594207763672 41.96110153198242 
> -Z0.015116031961152429 
78.1031265258789 41.7529296875 
78.21873474121094 41.7529296875 
78.21873474121094 41.65969467163086 
78.1031265258789 41.65969467163086 
78.1031265258789 41.7529296875 
> -Z0.013093605057637556 
78.10747528076172 41.84286880493164 
78.22322845458984 41.84286880493164 
78.22322845458984 41.7496223449707 
78.10747528076172 41.7496223449707 
78.10747528076172 41.84286880493164 
> -Z0.01245509558659547 
78.1118392944336 41.932804107666016 
78.22773742675781 41.932804107666016 
78.22773742675781 41.83955001831055 
78.1118392944336 41.83955001831055 
78.1118392944336 41.932804107666016 
> -Z0.012427761982192542 
78.11622619628906 42.02273941040039 
78.2322769165039 42.02273941040039 
78.2322769165039 41.929473876953125 
78.11622619628906 41.929473876953125 
78.11622619628906 42.02273941040039 
> -Z0.01263040690076132 
78.12063598632812 42.1126708984375 
78.23683166503906 42.1126708984375 
78.23683166503906 42.0193977355957 
78.12063598632812 42.0193977355957 
78.12063598632812 42.1126708984375 
> -Z0.012821471828813833 
78.12506103515625 42.202598571777344 
78.24140167236328 42.202598571777344 
78.24140167236328 42.109317779541016 
78.12506103515625 42.109317779541016 
78.12506103515625 42.202598571777344 
> -Z0.015666062632555194 
78.14954376220703 40.22058868408203 
78.2625732421875 40.22058868408203 
78.2625732421875 40.127384185791016 
78.14954376220703 40.127384185791016 
78.14954376220703 40.22058868408203 
> -Z0.28486091268644176 
78.56110382080078 41.33439636230469 
78.58968353271484 41.33439636230469 
78.58968353271484 41.31099319458008 
78.56110382080078 41.31099319458008 
78.56110382080078 41.33439636230469 
> -Z0.305443509744084 
78.5909194946289 41.33346939086914 
78.61949157714844 41.33346939086914 
78.61949157714844 41.31005859375 
78.5909194946289 41.31005859375 
78.5909194946289 41.33346939086914 
> -Z0.3663809002168812 
78.55987548828125 41.311920166015625 
78.58844757080078 41.311920166015625 
78.58844757080078 41.28852081298828 
78.55987548828125 41.28852081298828 
78.55987548828125 41.311920166015625 
> -Z0.395915107640936 
78.58968353271484 41.31099319458008 
78.61824798583984 41.31099319458008 
78.61824798583984 41.2875862121582 
78.58968353271484 41.2875862121582 
78.58968353271484 41.31099319458008 
> -Z0.3219715924099658 
78.62073516845703 41.33253479003906 
78.64929962158203 41.33253479003906 
78.64929962158203 41.30911636352539 
78.62073516845703 41.30911636352539 
78.62073516845703 41.33253479003906 
> -Z0.32872894104012884 
78.65055084228516 41.33159255981445 
78.6791000366211 41.33159255981445 
78.6791000366211 41.30816650390625 
78.65055084228516 41.30816650390625 
78.65055084228516 41.33159255981445 
> -Z0.41908293880617137 
78.61949157714844 41.31005859375 
78.64804077148438 41.31005859375 
78.64804077148438 41.286643981933594 
78.61949157714844 41.286643981933594 
78.61949157714844 41.31005859375 
> -Z0.4280694528000743 
78.64929962158203 41.30911636352539 
78.67784118652344 41.30911636352539 
78.67784118652344 41.28569412231445 
78.64929962158203 41.28569412231445 
78.64929962158203 41.30911636352539 
> -Z0.030984338841699932 
78.5684814453125 41.4692497253418 
78.625732421875 41.4692497253418 
78.625732421875 41.42243194580078 
78.5684814453125 41.42243194580078 
78.5684814453125 41.4692497253418 
> -Z0.017335989610258805 
78.62824249267578 41.467376708984375 
78.6854476928711 41.467376708984375 
78.6854476928711 41.4205322265625 
78.62824249267578 41.4205322265625 
78.62824249267578 41.467376708984375 
> -Z0.0835231617094272 
78.5660171508789 41.42430114746094 
78.62322998046875 41.42430114746094 
78.62322998046875 41.37748336791992 
78.5660171508789 41.37748336791992 
78.5660171508789 41.42430114746094 
> -Z0.07066777973623153 
78.625732421875 41.42243194580078 
78.68290710449219 41.42243194580078 
78.68290710449219 41.375587463378906 
78.625732421875 41.375587463378906 
78.625732421875 41.42243194580078 
> -Z0.0006348454227113678 
78.57342529296875 41.55915069580078 
78.68799591064453 41.55915069580078 
78.68799591064453 41.465476989746094 
78.57342529296875 41.465476989746094 
78.57342529296875 41.55915069580078 
> -Z0.0009172008050166713 
78.57839965820312 41.6490478515625 
78.69310760498047 41.6490478515625 
78.69310760498047 41.555362701416016 
78.57839965820312 41.555362701416016 
78.57839965820312 41.6490478515625 
> -Z0.005684314767078815 
78.58338928222656 41.73894119262695 
78.6982421875 41.73894119262695 
78.6982421875 41.64524841308594 
78.58338928222656 41.64524841308594 
78.58338928222656 41.73894119262695 
> -Z0.009106935655220572 
78.5884017944336 41.828834533691406 
78.70339965820312 41.828834533691406 
78.70339965820312 41.735130310058594 
78.5884017944336 41.735130310058594 
78.5884017944336 41.828834533691406 
> -Z0.01118209000265753 
78.59344482421875 41.91872787475586 
78.70858001708984 41.91872787475586 
78.70858001708984 41.82501220703125 
78.59344482421875 41.82501220703125 
78.59344482421875 41.91872787475586 
> -Z0.012407994206772856 
78.59850311279297 42.00861740112305 
78.71378326416016 42.00861740112305 
78.71378326416016 41.91489028930664 
78.59850311279297 41.91489028930664 
78.59850311279297 42.00861740112305 
> -Z-0.0028908037396009473 
79.17157745361328 41.53897476196289 
79.28519439697266 41.53897476196289 
79.28519439697266 41.44474411010742 
79.17157745361328 41.44474411010742 
79.17157745361328 41.53897476196289 
> -Z0.004448056250252661 
79.17737579345703 41.628807067871094 
79.29113006591797 41.628807067871094 
79.29113006591797 41.534568786621094 
79.17737579345703 41.534568786621094 
79.17737579345703 41.628807067871094 
> -Z0.008989395239374143 
79.18319702148438 41.7186393737793 
79.29708862304688 41.7186393737793 
79.29708862304688 41.624385833740234 
79.18319702148438 41.624385833740234 
79.18319702148438 41.7186393737793 
> -Z0.015009465747748234 
77.79740905761719 40.229644775390625 
77.91095733642578 40.229644775390625 
77.91095733642578 40.13676452636719 
77.79740905761719 40.13676452636719 
77.79740905761719 40.229644775390625 
> -Z0.015053893461012758 
77.8011245727539 40.31962966918945 
77.91480255126953 40.31962966918945 
77.91480255126953 40.22674560546875 
77.8011245727539 40.22674560546875 
77.8011245727539 40.31962966918945 
> -Z0.015161198053629697 
77.80485534667969 40.40961456298828 
77.9186782836914 40.40961456298828 
77.9186782836914 40.31672286987305 
77.80485534667969 40.31672286987305 
77.80485534667969 40.40961456298828 
> -Z0.015404177347244754 
77.80860137939453 40.499595642089844 
77.92256164550781 40.499595642089844 
77.92256164550781 40.40669631958008 
77.80860137939453 40.40669631958008 
77.80860137939453 40.499595642089844 
> -Z0.3346775537408346 
78.45975494384766 41.11235046386719 
78.48828125 41.11235046386719 
78.48828125 41.08897399902344 
78.45975494384766 41.08897399902344 
78.45975494384766 41.11235046386719 
> -Z0.22516613388460555 
78.4288558959961 41.09075927734375 
78.45738983154297 41.09075927734375 
78.45738983154297 41.06739044189453 
78.4288558959961 41.06739044189453 
78.4288558959961 41.09075927734375 
> -Z0.201423787828573 
78.45857238769531 41.08987045288086 
78.48709106445312 41.08987045288086 
78.48709106445312 41.06649398803711 
78.45857238769531 41.06649398803711 
78.45857238769531 41.08987045288086 
> -Z0.2907161907766446 
78.48947143554688 41.111454010009766 
78.51799011230469 41.111454010009766 
78.51799011230469 41.088069915771484 
78.48947143554688 41.088069915771484 
78.48947143554688 41.111454010009766 
> -Z0.18629885221813425 
78.51919555664062 41.11054611206055 
78.54769897460938 41.11054611206055 
78.54769897460938 41.087158203125 
78.51919555664062 41.087158203125 
78.51919555664062 41.11054611206055 
> -Z0.14355752389106569 
78.48828125 41.08897399902344 
78.51679229736328 41.08897399902344 
78.51679229736328 41.06559371948242 
78.48828125 41.06559371948242 
78.48828125 41.08897399902344 
> -Z0.05652680093896672 
78.51799011230469 41.088069915771484 
78.54649353027344 41.088069915771484 
78.54649353027344 41.06468200683594 
78.51799011230469 41.06468200683594 
78.51799011230469 41.088069915771484 
> -Z0.1378814320426543 
78.42768859863281 41.06827926635742 
78.45621490478516 41.06827926635742 
78.45621490478516 41.04491424560547 
78.42768859863281 41.04491424560547 
78.42768859863281 41.06827926635742 
> -Z0.1047681025854619 
78.45738983154297 41.06739044189453 
78.48590850830078 41.06739044189453 
78.48590850830078 41.04401779174805 
78.45738983154297 41.04401779174805 
78.45738983154297 41.06739044189453 
> -Z0.07810134719729561 
78.42652130126953 41.045799255371094 
78.45503997802734 41.045799255371094 
78.45503997802734 41.02243423461914 
78.42652130126953 41.02243423461914 
78.42652130126953 41.045799255371094 
> -Z0.04730414342366789 
78.45621490478516 41.04491424560547 
78.4847183227539 41.04491424560547 
78.4847183227539 41.02153778076172 
78.45621490478516 41.02153778076172 
78.45621490478516 41.04491424560547 
> -Z0.05283817930669701 
78.48709106445312 41.06649398803711 
78.51559448242188 41.06649398803711 
78.51559448242188 41.043113708496094 
78.48709106445312 41.043113708496094 
78.48709106445312 41.06649398803711 
> -Z-0.006322440855925298 
78.51679229736328 41.06559371948242 
78.54528045654297 41.06559371948242 
78.54528045654297 41.04220199584961 
78.51679229736328 41.04220199584961 
78.51679229736328 41.06559371948242 
> -Z0.008848526937442707 
78.48590850830078 41.04401779174805 
78.51439666748047 41.04401779174805 
78.51439666748047 41.02063751220703 
78.48590850830078 41.02063751220703 
78.48590850830078 41.04401779174805 
> -Z-0.02819060689815462 
78.51559448242188 41.043113708496094 
78.54407501220703 41.043113708496094 
78.54407501220703 41.01972579956055 
78.51559448242188 41.01972579956055 
78.51559448242188 41.043113708496094 
> -Z0.5080423369764729 
78.43472290039062 41.20315933227539 
78.46330261230469 41.20315933227539 
78.46330261230469 41.179786682128906 
78.43472290039062 41.179786682128906 
78.43472290039062 41.20315933227539 
> -Z0.5787896042097724 
78.46449279785156 41.202266693115234 
78.49305725097656 41.202266693115234 
78.49305725097656 41.17888641357422 
78.46449279785156 41.17888641357422 
78.46449279785156 41.202266693115234 
> -Z0.5235330335459863 
78.43354797363281 41.18067932128906 
78.46212005615234 41.18067932128906 
78.46212005615234 41.15730667114258 
78.43354797363281 41.15730667114258 
78.43354797363281 41.18067932128906 
> -Z0.5954953072217988 
78.46330261230469 41.179786682128906 
78.49185943603516 41.179786682128906 
78.49185943603516 41.156410217285156 
78.46330261230469 41.156410217285156 
78.46330261230469 41.179786682128906 
> -Z0.6347103626872361 
78.49425506591797 41.20136642456055 
78.5228042602539 41.20136642456055 
78.5228042602539 41.177978515625 
78.49425506591797 41.177978515625 
78.49425506591797 41.20136642456055 
> -Z0.6593718716092339 
78.52400970458984 41.20045852661133 
78.55255126953125 41.20045852661133 
78.55255126953125 41.177066802978516 
78.52400970458984 41.177066802978516 
78.52400970458984 41.20045852661133 
> -Z0.6421749269546522 
78.49305725097656 41.17888641357422 
78.52159881591797 41.17888641357422 
78.52159881591797 41.15550231933594 
78.49305725097656 41.15550231933594 
78.49305725097656 41.17888641357422 
> -Z0.6357363528682063 
78.5228042602539 41.177978515625 
78.55133819580078 41.177978515625 
78.55133819580078 41.15458679199219 
78.5228042602539 41.15458679199219 
78.5228042602539 41.177978515625 
> -Z0.5007002017968447 
78.432373046875 41.158199310302734 
78.4609375 41.158199310302734 
78.4609375 41.134830474853516 
78.432373046875 41.134830474853516 
78.432373046875 41.158199310302734 
> -Z0.563435254625281 
78.46212005615234 41.15730667114258 
78.49066925048828 41.15730667114258 
78.49066925048828 41.13393020629883 
78.46212005615234 41.13393020629883 
78.46212005615234 41.15730667114258 
> -Z0.43323791139340445 
78.43119812011719 41.135719299316406 
78.45975494384766 41.135719299316406 
78.45975494384766 41.11235046386719 
78.43119812011719 41.11235046386719 
78.43119812011719 41.135719299316406 
> -Z0.01673161840696024 
76.99652862548828 40.966880798339844 
77.1124267578125 40.966880798339844 
77.1124267578125 40.87474060058594 
76.99652862548828 40.87474060058594 
76.99652862548828 40.966880798339844 
> -Z0.017030271589036066 
76.99925231933594 41.056907653808594 
77.11529541015625 41.056907653808594 
77.11529541015625 40.96476364135742 
76.99925231933594 40.96476364135742 
76.99925231933594 41.056907653808594 
> -Z0.017220732525846185 
77.00198364257812 41.146934509277344 
77.11817932128906 41.146934509277344 
77.11817932128906 41.05478286743164 
77.00198364257812 41.05478286743164 
77.00198364257812 41.146934509277344 
> -Z0.017336668618124256 
77.00473022460938 41.23695755004883 
77.1210708618164 41.23695755004883 
77.1210708618164 41.14480209350586 
77.00473022460938 41.14480209350586 
77.00473022460938 41.23695755004883 
> -Z0.01732657879304414 
77.00748443603516 41.32698059082031 
77.12397766113281 41.32698059082031 
77.12397766113281 41.23481750488281 
77.00748443603516 41.23481750488281 
77.00748443603516 41.32698059082031 
> -Z0.017184656389970066 
77.01025390625 41.4170036315918 
77.12689971923828 41.4170036315918 
77.12689971923828 41.32483673095703 
77.01025390625 41.32483673095703 
77.01025390625 41.4170036315918 
> -Z0.01692732651197521 
77.0130386352539 41.507022857666016 
77.12983703613281 41.507022857666016 
77.12983703613281 41.41484832763672 
77.0130386352539 41.41484832763672 
77.0130386352539 41.507022857666016 
> -Z0.011736538488571605 
79.94673156738281 40.6978645324707 
80.05784606933594 40.6978645324707 
80.05784606933594 40.60300064086914 
79.94673156738281 40.60300064086914 
79.94673156738281 40.6978645324707 
> -Z0.010460945248261503 
79.95339965820312 40.78761291503906 
80.06463623046875 40.78761291503906 
80.06463623046875 40.6927375793457 
79.95339965820312 40.6927375793457 
79.95339965820312 40.78761291503906 
> -Z0.009026920853052043 
79.9601058959961 40.87736129760742 
80.07146453857422 40.87736129760742 
80.07146453857422 40.782470703125 
79.9601058959961 40.782470703125 
79.9601058959961 40.87736129760742 
> -Z0.00752825071889674 
79.96683502197266 40.967105865478516 
80.07832336425781 40.967105865478516 
80.07832336425781 40.8722038269043 
79.96683502197266 40.8722038269043 
79.96683502197266 40.967105865478516 
> -Z0.006196502782196672 
79.97359466552734 41.05685043334961 
80.08521270751953 41.05685043334961 
80.08521270751953 40.96193313598633 
79.97359466552734 40.96193313598633 
79.97359466552734 41.05685043334961 
> -Z0.021127208630445555 
78.86354064941406 40.379051208496094 
78.97577667236328 40.379051208496094 
78.97577667236328 40.285186767578125 
78.86354064941406 40.285186767578125 
78.86354064941406 40.379051208496094 
> -Z0.02190231643771567 
78.86869049072266 40.468936920166016 
78.98106384277344 40.468936920166016 
78.98106384277344 40.37506103515625 
78.86869049072266 40.37506103515625 
78.86869049072266 40.468936920166016 
> -Z0.023440171458585374 
78.87387084960938 40.55882263183594 
78.98637390136719 40.55882263183594 
78.98637390136719 40.464935302734375 
78.87387084960938 40.464935302734375 
78.87387084960938 40.55882263183594 
> -Z0.025340400910031147 
78.87906646728516 40.648704528808594 
78.99170684814453 40.648704528808594 
78.99170684814453 40.554805755615234 
78.87906646728516 40.554805755615234 
78.87906646728516 40.648704528808594 
> -Z0.027579917669290303 
78.88429260253906 40.73858642578125 
78.99706268310547 40.73858642578125 
78.99706268310547 40.644676208496094 
78.88429260253906 40.644676208496094 
78.88429260253906 40.73858642578125 
> -Z0.029845198850478465 
78.88954162597656 40.82846450805664 
79.00244903564453 40.82846450805664 
79.00244903564453 40.73454284667969 
78.88954162597656 40.73454284667969 
78.88954162597656 40.82846450805664 
> -Z0.031028366577932048 
78.89481353759766 40.918338775634766 
79.00785064697266 40.918338775634766 
79.00785064697266 40.824405670166016 
78.89481353759766 40.824405670166016 
78.89481353759766 40.918338775634766 
> -Z0.02829149892981343 
78.90010833740234 41.00821304321289 
79.0132827758789 41.00821304321289 
79.0132827758789 40.91427230834961 
78.90010833740234 40.91427230834961 
78.90010833740234 41.00821304321289 
> -Z0.016854036692187012 
78.90542602539062 41.098087310791016 
79.01873779296875 41.098087310791016 
79.01873779296875 41.00413131713867 
78.90542602539062 41.00413131713867 
78.90542602539062 41.098087310791016 
> -Z-0.005938596323610379 
78.91077423095703 41.18795394897461 
79.02422332763672 41.18795394897461 
79.02422332763672 41.093990325927734 
78.91077423095703 41.093990325927734 
78.91077423095703 41.18795394897461 
> -Z-0.03772223040279034 
78.9161376953125 41.27782440185547 
78.97297668457031 41.27782440185547 
78.97297668457031 41.23085021972656 
78.9161376953125 41.23085021972656 
78.9161376953125 41.27782440185547 
> -Z-0.03254698025583351 
78.97570037841797 41.275779724121094 
79.03248596191406 41.275779724121094 
79.03248596191406 41.22877502441406 
78.97570037841797 41.22877502441406 
78.97570037841797 41.275779724121094 
> -Z-0.028896329019990168 
78.9134521484375 41.23289108276367 
78.97025299072266 41.23289108276367 
78.97025299072266 41.185916900634766 
78.9134521484375 41.185916900634766 
78.9134521484375 41.23289108276367 
> -Z-0.024298549272559193 
78.97297668457031 41.23085021972656 
79.02972412109375 41.23085021972656 
79.02972412109375 41.1838493347168 
78.97297668457031 41.1838493347168 
78.97297668457031 41.23085021972656 
> -Z0.0026529594825045813 
79.74288940429688 41.15663528442383 
79.85502624511719 41.15663528442383 
79.85502624511719 41.06191635131836 
79.74288940429688 41.06191635131836 
79.74288940429688 41.15663528442383 
> -Z0.001440001668894842 
79.7493896484375 41.24640655517578 
79.86165618896484 41.24640655517578 
79.86165618896484 41.15167236328125 
79.7493896484375 41.15167236328125 
79.7493896484375 41.24640655517578 
> -Z0.0010890803923898733 
79.75592041015625 41.33617401123047 
79.86831665039062 41.33617401123047 
79.86831665039062 41.24142837524414 
79.75592041015625 41.24142837524414 
79.75592041015625 41.33617401123047 
> -Z0.0016085273763414148 
79.76248168945312 41.42593765258789 
79.87500762939453 41.42593765258789 
79.87500762939453 41.331180572509766 
79.76248168945312 41.331180572509766 
79.76248168945312 41.42593765258789 
> -Z0.002801736295333153 
79.76907348632812 41.51570129394531 
79.88172912597656 41.51570129394531 
79.88172912597656 41.420928955078125 
79.76907348632812 41.420928955078125 
79.76907348632812 41.51570129394531 
> -Z0.004340480913186277 
79.77568817138672 41.60546112060547 
79.88848114013672 41.60546112060547 
79.88848114013672 41.510677337646484 
79.77568817138672 41.510677337646484 
79.77568817138672 41.60546112060547 
> -Z0.006084415774492017 
79.78234100341797 41.695220947265625 
79.895263671875 41.695220947265625 
79.895263671875 41.60042190551758 
79.78234100341797 41.60042190551758 
79.78234100341797 41.695220947265625 
> -Z0.00777207016221978 
79.78901672363281 41.784976959228516 
79.9020767211914 41.784976959228516 
79.9020767211914 41.690162658691406 
79.78901672363281 41.690162658691406 
79.78901672363281 41.784976959228516 
> -Z0.009228015677274326 
79.79573059082031 41.87472915649414 
79.90892791748047 41.87472915649414 
79.90892791748047 41.779903411865234 
79.79573059082031 41.779903411865234 
79.79573059082031 41.87472915649414 
> -Z0.010434929659408157 
79.8024673461914 41.964481353759766 
79.91580200195312 41.964481353759766 
79.91580200195312 41.8696403503418 
79.8024673461914 41.8696403503418 
79.8024673461914 41.964481353759766 
> -Z0.011249899720089844 
79.80924224853516 42.054229736328125 
79.9227066040039 42.054229736328125 
79.9227066040039 41.95937728881836 
79.80924224853516 41.95937728881836 
79.80924224853516 42.054229736328125 
> -Z0.0132812229159649 
77.88311767578125 42.20894241333008 
77.99983978271484 42.20894241333008 
77.99983978271484 42.11589431762695 
77.88311767578125 42.11589431762695 
77.88311767578125 42.20894241333008 
> -Z0.01517221610931824 
77.91480255126953 40.22674560546875 
78.02818298339844 40.22674560546875 
78.02818298339844 40.133758544921875 
77.91480255126953 40.133758544921875 
77.91480255126953 40.22674560546875 
> -Z0.01518190150148007 
77.9186782836914 40.31672286987305 
78.03218841552734 40.31672286987305 
78.03218841552734 40.223724365234375 
77.9186782836914 40.223724365234375 
77.9186782836914 40.31672286987305 
> -Z0.015208615137019313 
77.92256164550781 40.40669631958008 
78.03620910644531 40.40669631958008 
78.03620910644531 40.31369400024414 
77.92256164550781 40.31369400024414 
77.92256164550781 40.40669631958008 
> -Z0.015319213368795404 
77.92646789550781 40.49666976928711 
78.04025268554688 40.49666976928711 
78.04025268554688 40.40365982055664 
77.92646789550781 40.40365982055664 
77.92646789550781 40.49666976928711 
> -Z0.015649893177787456 
77.93038940429688 40.58664321899414 
78.0443115234375 40.58664321899414 
78.0443115234375 40.493621826171875 
77.93038940429688 40.493621826171875 
77.93038940429688 40.58664321899414 
> -Z0.016490469896684554 
77.934326171875 40.676612854003906 
78.04839324951172 40.676612854003906 
78.04839324951172 40.58358383178711 
77.934326171875 40.58358383178711 
77.934326171875 40.676612854003906 
> -Z0.015515029920604863 
77.57282257080078 40.505088806152344 
77.68712615966797 40.505088806152344 
77.68712615966797 40.412410736083984 
77.57282257080078 40.412410736083984 
77.57282257080078 40.505088806152344 
> -Z0.016097691860549372 
77.5762710571289 40.595088958740234 
77.69071960449219 40.595088958740234 
77.69071960449219 40.502403259277344 
77.5762710571289 40.502403259277344 
77.5762710571289 40.595088958740234 
> -Z0.017008857565368993 
77.5797348022461 40.68508529663086 
77.69432067871094 40.68508529663086 
77.69432067871094 40.59239196777344 
77.5797348022461 40.59239196777344 
77.5797348022461 40.68508529663086 
> -Z0.018349309890219045 
77.58321380615234 40.775081634521484 
77.69794464111328 40.775081634521484 
77.69794464111328 40.68238067626953 
77.58321380615234 40.68238067626953 
77.58321380615234 40.775081634521484 
> -Z0.020178901261832746 
77.58670806884766 40.865074157714844 
77.70158386230469 40.865074157714844 
77.70158386230469 40.772369384765625 
77.58670806884766 40.772369384765625 
77.58670806884766 40.865074157714844 
> -Z0.022439569704805255 
77.59021759033203 40.9550666809082 
77.70523834228516 40.9550666809082 
77.70523834228516 40.86235427856445 
77.59021759033203 40.86235427856445 
77.59021759033203 40.9550666809082 
> -Z0.024855844438662636 
77.59375 41.0450553894043 
77.70891571044922 41.0450553894043 
77.70891571044922 40.952335357666016 
77.59375 40.952335357666016 
77.59375 41.0450553894043 
> -Z0.026884998603017303 
77.5972900390625 41.13504409790039 
77.71260070800781 41.13504409790039 
77.71260070800781 41.04231643676758 
77.5972900390625 41.04231643676758 
77.5972900390625 41.13504409790039 
> -Z-0.013356840366123186 
79.27928924560547 41.354923248291016 
79.39244842529297 41.354923248291016 
79.39244842529297 41.2606086730957 
79.27928924560547 41.2606086730957 
79.27928924560547 41.354923248291016 
> -Z-0.009334840356557392 
79.28519439697266 41.44474411010742 
79.39849090576172 41.44474411010742 
79.39849090576172 41.35041809082031 
79.28519439697266 41.35041809082031 
79.28519439697266 41.44474411010742 
> -Z-0.0030359706416500237 
79.29113006591797 41.534568786621094 
79.4045639038086 41.534568786621094 
79.4045639038086 41.44022750854492 
79.29113006591797 41.44022750854492 
79.29113006591797 41.534568786621094 
> -Z0.002830314420669571 
79.29708862304688 41.624385833740234 
79.41065979003906 41.624385833740234 
79.41065979003906 41.53003692626953 
79.29708862304688 41.53003692626953 
79.29708862304688 41.624385833740234 
> -Z0.007172477336740656 
79.3030776977539 41.71420669555664 
79.41678619384766 41.71420669555664 
79.41678619384766 41.619842529296875 
79.3030776977539 41.619842529296875 
79.3030776977539 41.71420669555664 
> -Z0.010038320396465242 
79.30909729003906 41.804019927978516 
79.42293548583984 41.804019927978516 
79.42293548583984 41.70964431762695 
79.30909729003906 41.70964431762695 
79.30909729003906 41.804019927978516 
> -Z0.011827548099495712 
79.31513977050781 41.89383316040039 
79.42912292480469 41.89383316040039 
79.42912292480469 41.79944610595703 
79.31513977050781 41.79944610595703 
79.31513977050781 41.89383316040039 
> -Z0.012915890874308458 
79.32121276855469 41.983646392822266 
79.43533325195312 41.983646392822266 
79.43533325195312 41.88924789428711 
79.32121276855469 41.88924789428711 
79.32121276855469 41.983646392822266 
> -Z0.013568002640714328 
79.32730865478516 42.073455810546875 
79.44156646728516 42.073455810546875 
79.44156646728516 41.979042053222656 
79.32730865478516 41.979042053222656 
79.32730865478516 42.073455810546875 
> -Z0.013955416983818268 
79.33343505859375 42.16326141357422 
79.44783782958984 42.16326141357422 
79.44783782958984 42.06884002685547 
79.33343505859375 42.06884002685547 
79.33343505859375 42.16326141357422 
> -Z0.014110352385894875 
79.33958435058594 42.25306701660156 
79.45413208007812 42.25306701660156 
79.45413208007812 42.15863037109375 
79.33958435058594 42.15863037109375 
79.33958435058594 42.25306701660156 
> -Z0.0186767121127127 
79.33349609375 40.362369537353516 
79.44501495361328 40.362369537353516 
79.44501495361328 40.26808166503906 
79.33349609375 40.26808166503906 
79.33349609375 40.362369537353516 
> -Z0.018754685672767078 
79.33927154541016 40.45220184326172 
79.45092010498047 40.45220184326172 
79.45092010498047 40.35790252685547 
79.33927154541016 40.35790252685547 
79.33927154541016 40.45220184326172 
> -Z0.018708559506058584 
79.3450698852539 40.54203414916992 
79.45684814453125 40.54203414916992 
79.45684814453125 40.44771957397461 
79.3450698852539 40.44771957397461 
79.3450698852539 40.54203414916992 
> -Z0.01827708214975384 
79.35089874267578 40.63186264038086 
79.46280670166016 40.63186264038086 
79.46280670166016 40.53753662109375 
79.35089874267578 40.53753662109375 
79.35089874267578 40.63186264038086 
> -Z0.017214469191262426 
79.35675811767578 40.7216911315918 
79.46879577636719 40.7216911315918 
79.46879577636719 40.62735366821289 
79.35675811767578 40.62735366821289 
79.35675811767578 40.7216911315918 
> -Z0.015211534335625334 
79.36264038085938 40.81151580810547 
79.47480773925781 40.81151580810547 
79.47480773925781 40.717166900634766 
79.36264038085938 40.717166900634766 
79.36264038085938 40.81151580810547 
> -Z0.01196258031997113 
79.36854553222656 40.901336669921875 
79.48084259033203 40.901336669921875 
79.48084259033203 40.806976318359375 
79.36854553222656 40.806976318359375 
79.36854553222656 40.901336669921875 
> -Z0.009614367666514103 
79.02422332763672 41.093990325927734 
79.13734436035156 41.093990325927734 
79.13734436035156 40.99992752075195 
79.02422332763672 40.99992752075195 
79.02422332763672 41.093990325927734 
> -Z-0.007800510632165324 
79.02972412109375 41.1838493347168 
79.14299011230469 41.1838493347168 
79.14299011230469 41.08977508544922 
79.02972412109375 41.08977508544922 
79.02972412109375 41.1838493347168 
> -Z-0.024562437790641982 
79.0352554321289 41.273704528808594 
79.14865112304688 41.273704528808594 
79.14865112304688 41.17961883544922 
79.0352554321289 41.17961883544922 
79.0352554321289 41.273704528808594 
> -Z-0.026596803505759596 
79.04080963134766 41.363555908203125 
79.15434265136719 41.363555908203125 
79.15434265136719 41.26946258544922 
79.04080963134766 41.26946258544922 
79.04080963134766 41.363555908203125 
> -Z-0.013496345347853794 
79.04638671875 41.453407287597656 
79.16006469726562 41.453407287597656 
79.16006469726562 41.35930252075195 
79.04638671875 41.35930252075195 
79.04638671875 41.453407287597656 
> -Z-0.00037273968751845923 
79.05199432373047 41.54325866699219 
79.16580963134766 41.54325866699219 
79.16580963134766 41.44913864135742 
79.05199432373047 41.44913864135742 
79.05199432373047 41.54325866699219 
> -Z0.007296459813305494 
79.05762481689453 41.63310623168945 
79.17157745361328 41.63310623168945 
79.17157745361328 41.53897476196289 
79.05762481689453 41.53897476196289 
79.05762481689453 41.63310623168945 
> -Z0.01113938000683358 
79.06328582763672 41.72294998168945 
79.17737579345703 41.72294998168945 
79.17737579345703 41.628807067871094 
79.06328582763672 41.628807067871094 
79.06328582763672 41.72294998168945 
> -Z0.024768871649192517 
78.3340072631836 41.566349029541016 
78.44894409179688 41.566349029541016 
78.44894409179688 41.472900390625 
78.3340072631836 41.472900390625 
78.3340072631836 41.566349029541016 
> -Z0.01209922515903089 
78.3386459350586 41.65626907348633 
78.45372772216797 41.65626907348633 
78.45372772216797 41.56281280517578 
78.3386459350586 41.56281280517578 
78.3386459350586 41.65626907348633 
> -Z0.009351449894810678 
78.34329986572266 41.746185302734375 
78.45852661132812 41.746185302734375 
78.45852661132812 41.6527214050293 
78.34329986572266 41.6527214050293 
78.34329986572266 41.746185302734375 
> -Z0.009691218441664578 
78.34798431396484 41.83610153198242 
78.4633560180664 41.83610153198242 
78.4633560180664 41.74262619018555 
78.34798431396484 41.74262619018555 
78.34798431396484 41.83610153198242 
> -Z0.01068685630499817 
78.3526840209961 41.92601776123047 
78.46820068359375 41.92601776123047 
78.46820068359375 41.8325309753418 
78.3526840209961 41.8325309753418 
78.3526840209961 41.92601776123047 
> -Z0.011631027420075666 
78.35740661621094 42.01593017578125 
78.47307586669922 42.01593017578125 
78.47307586669922 41.92243576049805 
78.35740661621094 41.92243576049805 
78.35740661621094 42.01593017578125 
> -Z0.012361704149076959 
78.36215209960938 42.105838775634766 
78.47796630859375 42.105838775634766 
78.47796630859375 42.01233673095703 
78.36215209960938 42.01233673095703 
78.36215209960938 42.105838775634766 
> -Z0.012882376975504987 
78.3669204711914 42.19574737548828 
78.48287963867188 42.19574737548828 
78.48287963867188 42.10223388671875 
78.3669204711914 42.10223388671875 
78.3669204711914 42.19574737548828 
> -Z0.016915761573293497 
78.38870239257812 40.30389404296875 
78.50151824951172 40.30389404296875 
78.50151824951172 40.21046447753906 
78.38870239257812 40.21046447753906 
78.38870239257812 40.30389404296875 
> -Z0.017295814780526473 
78.3932113647461 40.393829345703125 
78.50616455078125 40.393829345703125 
78.50616455078125 40.300392150878906 
78.3932113647461 40.300392150878906 
78.3932113647461 40.393829345703125 
> -Z0.027559619717145843 
77.7313003540039 41.4921989440918 
77.84701538085938 41.4921989440918 
77.84701538085938 41.399330139160156 
77.7313003540039 41.399330139160156 
77.7313003540039 41.4921989440918 
> -Z0.023617566792235204 
77.73509216308594 41.58216857910156 
77.8509521484375 41.58216857910156 
77.8509521484375 41.48929214477539 
77.73509216308594 41.48929214477539 
77.73509216308594 41.58216857910156 
> -Z0.020214466185763242 
77.73889923095703 41.67213821411133 
77.85491180419922 41.67213821411133 
77.85491180419922 41.579254150390625 
77.73889923095703 41.579254150390625 
77.73889923095703 41.67213821411133 
> -Z0.01763762245992265 
77.74272155761719 41.762107849121094 
77.85888671875 41.762107849121094 
77.85888671875 41.66921615600586 
77.74272155761719 41.66921615600586 
77.74272155761719 41.762107849121094 
> -Z0.01586857896263197 
77.74656677246094 41.852073669433594 
77.86287689208984 41.852073669433594 
77.86287689208984 41.75917434692383 
77.74656677246094 41.75917434692383 
77.74656677246094 41.852073669433594 
> -Z0.014750607696375796 
77.75042724609375 41.942039489746094 
77.86688995361328 41.942039489746094 
77.86688995361328 41.8491325378418 
77.75042724609375 41.8491325378418 
77.75042724609375 41.942039489746094 
> -Z0.014097113733998414 
77.75430297851562 42.03200149536133 
77.87091827392578 42.03200149536133 
77.87091827392578 41.9390869140625 
77.75430297851562 41.9390869140625 
77.75430297851562 42.03200149536133 
> -Z0.01374311922517542 
77.7582015991211 42.12196350097656 
77.87496185302734 42.12196350097656 
77.87496185302734 42.0290412902832 
77.7582015991211 42.0290412902832 
77.7582015991211 42.12196350097656 
> -Z0.018378175697495162 
78.52970123291016 40.7499885559082 
78.64301300048828 40.7499885559082 
78.64301300048828 40.656402587890625 
78.52970123291016 40.656402587890625 
78.52970123291016 40.7499885559082 
> -Z0.01514075047799804 
78.53446960449219 40.83990478515625 
78.64791870117188 40.83990478515625 
78.64791870117188 40.746307373046875 
78.53446960449219 40.746307373046875 
78.53446960449219 40.83990478515625 
> -Z0.00512426665719129 
78.53926086425781 40.92981719970703 
78.65284729003906 40.92981719970703 
78.65284729003906 40.836212158203125 
78.53926086425781 40.836212158203125 
78.53926086425781 40.92981719970703 
> -Z-0.04013271240138818 
78.54407501220703 41.01972579956055 
78.60098266601562 41.01972579956055 
78.60098266601562 40.972930908203125 
78.54407501220703 40.972930908203125 
78.54407501220703 41.01972579956055 
> -Z-0.02858719106672098 
78.60343170166016 41.01788330078125 
78.66028594970703 41.01788330078125 
78.66028594970703 40.97106170654297 
78.60343170166016 40.97106170654297 
78.60343170166016 41.01788330078125 
> -Z-0.017656604076519943 
78.54166412353516 40.974769592285156 
78.5985336303711 40.974769592285156 
78.5985336303711 40.927978515625 
78.54166412353516 40.927978515625 
78.54166412353516 40.974769592285156 
> -Z-0.00745242225349577 
78.60098266601562 40.972930908203125 
78.65779876708984 40.972930908203125 
78.65779876708984 40.92611312866211 
78.60098266601562 40.92611312866211 
78.60098266601562 40.972930908203125 
> -Z0.056106299375657365 
78.54891204833984 41.10963439941406 
78.57740783691406 41.10963439941406 
78.57740783691406 41.086238861083984 
78.54891204833984 41.086238861083984 
78.54891204833984 41.10963439941406 
> -Z0.018411872613713125 
77.93828582763672 40.766578674316406 
78.052490234375 40.766578674316406 
78.052490234375 40.673545837402344 
77.93828582763672 40.673545837402344 
77.93828582763672 40.766578674316406 
> -Z0.02239945852881714 
77.9422607421875 40.856544494628906 
78.05660247802734 40.856544494628906 
78.05660247802734 40.76350402832031 
77.9422607421875 40.76350402832031 
77.9422607421875 40.856544494628906 
> -Z0.02977099570948023 
77.94625091552734 40.946510314941406 
78.06073760986328 40.946510314941406 
78.06073760986328 40.85346221923828 
77.94625091552734 40.85346221923828 
77.94625091552734 40.946510314941406 
> -Z0.041138354231158386 
77.95026397705078 41.03647232055664 
78.06489562988281 41.03647232055664 
78.06489562988281 40.943416595458984 
77.95026397705078 40.943416595458984 
77.95026397705078 41.03647232055664 
> -Z0.05398566742864285 
77.95429229736328 41.126434326171875 
78.06906127929688 41.126434326171875 
78.06906127929688 41.03336715698242 
77.95429229736328 41.03336715698242 
77.95429229736328 41.126434326171875 
> -Z0.06202579387499047 
77.95833587646484 41.21639633178711 
78.07325744628906 41.21639633178711 
78.07325744628906 41.123321533203125 
77.95833587646484 41.123321533203125 
77.95833587646484 41.21639633178711 
> -Z0.060352058651894365 
77.96240234375 41.30635070800781 
78.07746124267578 41.30635070800781 
78.07746124267578 41.2132682800293 
77.96240234375 41.2132682800293 
77.96240234375 41.30635070800781 
> -Z0.050616776274913816 
77.96649169921875 41.39630889892578 
78.08169555664062 41.39630889892578 
78.08169555664062 41.303218841552734 
77.96649169921875 41.303218841552734 
77.96649169921875 41.39630889892578 
> -Z0.03844956179409177 
77.97058868408203 41.486263275146484 
78.08594512939453 41.486263275146484 
78.08594512939453 41.393165588378906 
77.97058868408203 41.393165588378906 
77.97058868408203 41.486263275146484 
> -Z0.028071633329064344 
77.97471618652344 41.57621383666992 
78.0902099609375 41.57621383666992 
78.0902099609375 41.48310852050781 
77.97471618652344 41.48310852050781 
77.97471618652344 41.57621383666992 
> -Z0.020938116427333744 
77.97885131835938 41.666168212890625 
78.09449768066406 41.666168212890625 
78.09449768066406 41.57305145263672 
77.97885131835938 41.57305145263672 
77.97885131835938 41.666168212890625 
> -Z0.01669239216319186 
77.98301696777344 41.7561149597168 
78.09880065917969 41.7561149597168 
78.09880065917969 41.66299057006836 
77.98301696777344 41.66299057006836 
77.98301696777344 41.7561149597168 
> -Z0.014456364420068299 
77.98719024658203 41.84606170654297 
78.1031265258789 41.84606170654297 
78.1031265258789 41.7529296875 
77.98719024658203 41.7529296875 
77.98719024658203 41.84606170654297 
> -Z0.014712769510598125 
79.80943298339844 40.43355941772461 
79.92034912109375 40.43355941772461 
79.92034912109375 40.33884048461914 
79.80943298339844 40.33884048461914 
79.80943298339844 40.43355941772461 
> -Z0.01412576899007811 
79.81585693359375 40.52333068847656 
79.9269027709961 40.52333068847656 
79.9269027709961 40.4286003112793 
79.81585693359375 40.4286003112793 
79.81585693359375 40.52333068847656 
> -Z0.013211361039968283 
79.82231140136719 40.613101959228516 
79.93347930908203 40.613101959228516 
79.93347930908203 40.51835632324219 
79.82231140136719 40.51835632324219 
79.82231140136719 40.613101959228516 
> -Z0.0120288556591051 
79.82879638671875 40.7028694152832 
79.94009399414062 40.7028694152832 
79.94009399414062 40.60811233520508 
79.82879638671875 40.60811233520508 
79.82879638671875 40.7028694152832 
> -Z0.010585851766698347 
79.8353042602539 40.792633056640625 
79.94673156738281 40.792633056640625 
79.94673156738281 40.6978645324707 
79.8353042602539 40.6978645324707 
79.8353042602539 40.792633056640625 
> -Z0.008934894924071724 
79.84185028076172 40.88239669799805 
79.95339965820312 40.88239669799805 
79.95339965820312 40.78761291503906 
79.84185028076172 40.78761291503906 
79.84185028076172 40.88239669799805 
> -Z0.007189447038746183 
79.84841918945312 40.97216033935547 
79.9601058959961 40.97216033935547 
79.9601058959961 40.87736129760742 
79.84841918945312 40.87736129760742 
79.84841918945312 40.97216033935547 
> -Z0.0134257552854517 
77.99138641357422 41.93600845336914 
78.10747528076172 41.93600845336914 
78.10747528076172 41.84286880493164 
77.99138641357422 41.84286880493164 
77.99138641357422 41.93600845336914 
> -Z0.01304779200258589 
77.99560546875 42.02595138549805 
78.1118392944336 42.02595138549805 
78.1118392944336 41.932804107666016 
77.99560546875 41.932804107666016 
77.99560546875 42.02595138549805 
> -Z0.012994513786650933 
77.99983978271484 42.11589431762695 
78.11622619628906 42.11589431762695 
78.11622619628906 42.02273941040039 
77.99983978271484 42.02273941040039 
77.99983978271484 42.11589431762695 
> -Z0.013028327738039944 
78.00409698486328 42.205833435058594 
78.12063598632812 42.205833435058594 
78.12063598632812 42.1126708984375 
78.00409698486328 42.1126708984375 
78.00409698486328 42.205833435058594 
> -Z0.01541842031108796 
78.03218841552734 40.223724365234375 
78.1453857421875 40.223724365234375 
78.1453857421875 40.13063049316406 
78.03218841552734 40.13063049316406 
78.03218841552734 40.223724365234375 
> -Z0.015419920858807137 
78.03620910644531 40.31369400024414 
78.14954376220703 40.31369400024414 
78.14954376220703 40.22058868408203 
78.03620910644531 40.22058868408203 
78.03620910644531 40.31369400024414 
> -Z0.0107718961767088 
79.68219757080078 41.96946334838867 
79.79573059082031 41.96946334838867 
79.79573059082031 41.87472915649414 
79.68219757080078 41.87472915649414 
79.68219757080078 41.96946334838867 
> -Z0.01173867081742046 
79.68880462646484 42.059226989746094 
79.8024673461914 42.059226989746094 
79.8024673461914 41.964481353759766 
79.68880462646484 41.964481353759766 
79.68880462646484 42.059226989746094 
> -Z0.012470656020125814 
79.6954345703125 42.148990631103516 
79.80924224853516 42.148990631103516 
79.80924224853516 42.054229736328125 
79.6954345703125 42.054229736328125 
79.6954345703125 42.148990631103516 
> -Z0.013040815335420978 
79.70210266113281 42.23875045776367 
79.8160400390625 42.23875045776367 
79.8160400390625 42.143978118896484 
79.70210266113281 42.143978118896484 
79.70210266113281 42.23875045776367 
> -Z0.015541465242383121 
79.69193267822266 40.43840026855469 
79.80303192138672 40.43840026855469 
79.80303192138672 40.34378433227539 
79.69193267822266 40.34378433227539 
79.69193267822266 40.43840026855469 
> -Z0.0196134873021485 
77.24321746826172 41.2325553894043 
77.35921478271484 41.2325553894043 
77.35921478271484 41.140167236328125 
77.24321746826172 41.140167236328125 
77.24321746826172 41.2325553894043 
> -Z0.019582593550172694 
77.24630737304688 41.322566986083984 
77.3624496459961 41.322566986083984 
77.3624496459961 41.23017120361328 
77.24630737304688 41.23017120361328 
77.24630737304688 41.322566986083984 
> -Z0.019253790198991684 
77.24940490722656 41.412574768066406 
77.36569213867188 41.412574768066406 
77.36569213867188 41.32017135620117 
77.24940490722656 41.32017135620117 
77.24940490722656 41.412574768066406 
> -Z0.018686288348917328 
77.25251770019531 41.50257873535156 
77.36895751953125 41.50257873535156 
77.36895751953125 41.41017150878906 
77.25251770019531 41.41017150878906 
77.25251770019531 41.50257873535156 
> -Z0.017977477734034415 
77.25564575195312 41.59258270263672 
77.37223815917969 41.59258270263672 
77.37223815917969 41.50017166137695 
77.25564575195312 41.50017166137695 
77.25564575195312 41.59258270263672 
> -Z0.017211546931436197 
77.2587890625 41.682586669921875 
77.37553405761719 41.682586669921875 
77.37553405761719 41.59016799926758 
77.2587890625 41.59016799926758 
77.2587890625 41.682586669921875 
> -Z0.01647203976376337 
77.26194763183594 41.772586822509766 
77.37883758544922 41.772586822509766 
77.37883758544922 41.68016052246094 
77.26194763183594 41.68016052246094 
77.26194763183594 41.772586822509766 
> -Z0.01581530391533607 
77.2651138305664 41.86258316040039 
77.38216400146484 41.86258316040039 
77.38216400146484 41.7701530456543 
77.2651138305664 41.7701530456543 
77.2651138305664 41.86258316040039 
> -Z0.015267689991628322 
77.26830291748047 41.95258331298828 
77.38550567626953 41.95258331298828 
77.38550567626953 41.860145568847656 
77.26830291748047 41.860145568847656 
77.26830291748047 41.95258331298828 
> -Z0.014957550265280915 
77.27149963378906 42.042579650878906 
77.38885498046875 42.042579650878906 
77.38885498046875 41.95013427734375 
77.27149963378906 41.95013427734375 
77.27149963378906 42.042579650878906 
> -Z0.01464876510616107 
77.3245849609375 40.15003204345703 
77.43866729736328 40.15003204345703 
77.43866729736328 40.05760192871094 
77.3245849609375 40.05760192871094 
77.3245849609375 40.15003204345703 
> -Z0.014726424426174799 
77.3276596069336 40.24005126953125 
77.44188690185547 40.24005126953125 
77.44188690185547 40.147613525390625 
77.3276596069336 40.147613525390625 
77.3276596069336 40.24005126953125 
> -Z0.014870033760737792 
77.33074951171875 40.33007049560547 
77.44512176513672 40.33007049560547 
77.44512176513672 40.23762893676758 
77.33074951171875 40.23762893676758 
77.33074951171875 40.33007049560547 
> -Z0.015088812405509596 
77.33385467529297 40.42008590698242 
77.4483642578125 40.42008590698242 
77.4483642578125 40.327640533447266 
77.33385467529297 40.327640533447266 
77.33385467529297 40.42008590698242 
> -Z0.015412883990516667 
77.33697509765625 40.51010513305664 
77.45162963867188 40.51010513305664 
77.45162963867188 40.41764831542969 
77.33697509765625 40.41764831542969 
77.33697509765625 40.51010513305664 
> -Z0.015871802514589257 
77.3401107788086 40.60011672973633 
77.45490264892578 40.60011672973633 
77.45490264892578 40.50765609741211 
77.3401107788086 40.50765609741211 
77.3401107788086 40.60011672973633 
> -Z0.016494289908202352 
77.34325408935547 40.690128326416016 
77.45819854736328 40.690128326416016 
77.45819854736328 40.59766387939453 
77.34325408935547 40.59766387939453 
77.34325408935547 40.690128326416016 
> -Z0.017287898206990972 
77.34642028808594 40.7801399230957 
77.46150207519531 40.7801399230957 
77.46150207519531 40.68766784667969 
77.34642028808594 40.68766784667969 
77.34642028808594 40.7801399230957 
> -Z0.012688052360881604 
79.71082305908203 40.70775604248047 
79.82231140136719 40.70775604248047 
79.82231140136719 40.613101959228516 
79.71082305908203 40.613101959228516 
79.71082305908203 40.70775604248047 
> -Z0.011007897287157332 
79.71717834472656 40.79753494262695 
79.82879638671875 40.79753494262695 
79.82879638671875 40.7028694152832 
79.71717834472656 40.7028694152832 
79.71717834472656 40.79753494262695 
> -Z0.008981789904280543 
79.72356414794922 40.88731384277344 
79.8353042602539 40.88731384277344 
79.8353042602539 40.792633056640625 
79.72356414794922 40.792633056640625 
79.72356414794922 40.88731384277344 
