> -Z0.04232528805732727 
78.94886016845703 41.81698989868164 
79.06328582763672 41.81698989868164 
79.06328582763672 41.72294998168945 
78.94886016845703 41.72294998168945 
78.94886016845703 41.81698989868164 
> -Z0.0356249138712883 
78.95440673828125 41.90684509277344 
79.0689697265625 41.90684509277344 
79.0689697265625 41.81279373168945 
78.95440673828125 41.81279373168945 
78.95440673828125 41.90684509277344 
> -Z0.03654879704117775 
78.95996856689453 41.99669647216797 
79.07467651367188 41.99669647216797 
79.07467651367188 41.90263366699219 
78.95996856689453 41.90263366699219 
78.95996856689453 41.99669647216797 
> -Z0.036425378173589706 
78.96556091308594 42.0865478515625 
79.08041381835938 42.0865478515625 
79.08041381835938 41.99247360229492 
78.96556091308594 41.99247360229492 
78.96556091308594 42.0865478515625 
> -Z0.03596585988998413 
78.97117614746094 42.176395416259766 
79.08617401123047 42.176395416259766 
79.08617401123047 42.08230972290039 
78.97117614746094 42.08230972290039 
78.97117614746094 42.176395416259766 
> -Z-0.0006669710855931044 
78.63812255859375 40.566497802734375 
78.75098419189453 40.566497802734375 
78.75098419189453 40.47282409667969 
78.63812255859375 40.47282409667969 
78.63812255859375 40.566497802734375 
> -Z-0.00046724764979444444 
78.64301300048828 40.656402587890625 
78.75601196289062 40.656402587890625 
78.75601196289062 40.562721252441406 
78.64301300048828 40.562721252441406 
78.64301300048828 40.656402587890625 
> -Z0.001227205852046609 
78.64791870117188 40.746307373046875 
78.76105499267578 40.746307373046875 
78.76105499267578 40.65261459350586 
78.64791870117188 40.65261459350586 
78.64791870117188 40.746307373046875 
> -Z0.008801709860563278 
78.65284729003906 40.836212158203125 
78.76612091064453 40.836212158203125 
78.76612091064453 40.74250793457031 
78.65284729003906 40.74250793457031 
78.65284729003906 40.836212158203125 
> -Z0.007888195104897022 
78.65779876708984 40.92611312866211 
78.77120971679688 40.92611312866211 
78.77120971679688 40.8323974609375 
78.65779876708984 40.8323974609375 
78.65779876708984 40.92611312866211 
> -Z-0.0029878406785428524 
78.66277313232422 41.01601028442383 
78.77632141113281 41.01601028442383 
78.77632141113281 40.92228698730469 
78.66277313232422 40.92228698730469 
78.66277313232422 41.01601028442383 
> -Z-0.057016532868146896 
78.66777801513672 41.10590744018555 
78.69622802734375 41.10590744018555 
78.69622802734375 41.082481384277344 
78.66777801513672 41.082481384277344 
78.66777801513672 41.10590744018555 
> -Z-0.04270446300506592 
78.6974868774414 41.104957580566406 
78.72592163085938 41.104957580566406 
78.72592163085938 41.08152389526367 
78.6974868774414 41.08152389526367 
78.6974868774414 41.104957580566406 
> -Z-0.042833637446165085 
78.66651916503906 41.08343505859375 
78.69496154785156 41.08343505859375 
78.69496154785156 41.06000900268555 
78.66651916503906 41.06000900268555 
78.66651916503906 41.08343505859375 
> -Z-0.030486037954688072 
78.69622802734375 41.082481384277344 
78.72465515136719 41.082481384277344 
78.72465515136719 41.059051513671875 
78.69622802734375 41.059051513671875 
78.69622802734375 41.082481384277344 
> -Z-0.028852760791778564 
78.7271957397461 41.10399627685547 
78.75562286376953 41.10399627685547 
78.75562286376953 41.08055877685547 
78.7271957397461 41.08055877685547 
78.7271957397461 41.10399627685547 
> -Z-0.017647214233875275 
78.75690460205078 41.103031158447266 
78.78532409667969 41.103031158447266 
78.78532409667969 41.079586029052734 
78.75690460205078 41.079586029052734 
78.75690460205078 41.103031158447266 
> -Z-0.019344162195920944 
78.72592163085938 41.08152389526367 
78.75434112548828 41.08152389526367 
78.75434112548828 41.05808639526367 
78.72592163085938 41.05808639526367 
78.72592163085938 41.08152389526367 
> -Z-0.00980257336050272 
78.75562286376953 41.08055877685547 
78.7840347290039 41.08055877685547 
78.7840347290039 41.05711364746094 
78.75562286376953 41.05711364746094 
78.75562286376953 41.08055877685547 
> -Z-0.03241284191608429 
78.66527557373047 41.06095886230469 
78.6937026977539 41.06095886230469 
78.6937026977539 41.03753662109375 
78.66527557373047 41.03753662109375 
78.66527557373047 41.06095886230469 
> -Z-0.02170519158244133 
78.69496154785156 41.06000900268555 
78.723388671875 41.06000900268555 
78.723388671875 41.03657913208008 
78.69496154785156 41.03657913208008 
78.69496154785156 41.06000900268555 
> -Z-0.024952666833996773 
78.66402435302734 41.03848648071289 
78.69245147705078 41.03848648071289 
78.69245147705078 41.01506423950195 
78.66402435302734 41.01506423950195 
78.66402435302734 41.03848648071289 
> -Z-0.017242463305592537 
78.6937026977539 41.03753662109375 
78.72212219238281 41.03753662109375 
78.72212219238281 41.01410675048828 
78.6937026977539 41.01410675048828 
78.6937026977539 41.03753662109375 
> -Z-0.005221442319452763 
79.2675552368164 41.17526626586914 
79.38043975830078 41.17526626586914 
79.38043975830078 41.08097457885742 
79.2675552368164 41.08097457885742 
79.2675552368164 41.17526626586914 
> -Z-0.005890011787414551 
79.27340698242188 41.26509475708008 
79.38642883300781 41.26509475708008 
79.38642883300781 41.17079162597656 
79.27340698242188 41.17079162597656 
79.27340698242188 41.26509475708008 
> -Z0.028299570083618164 
78.23683166503906 42.0193977355957 
78.3526840209961 42.0193977355957 
78.3526840209961 41.92601776123047 
78.23683166503906 41.92601776123047 
78.23683166503906 42.0193977355957 
> -Z0.029944350942969322 
78.24140167236328 42.109317779541016 
78.35740661621094 42.109317779541016 
78.35740661621094 42.01593017578125 
78.24140167236328 42.01593017578125 
78.24140167236328 42.109317779541016 
> -Z0.029818564653396606 
78.24600219726562 42.19923782348633 
78.36215209960938 42.19923782348633 
78.36215209960938 42.105838775634766 
78.24600219726562 42.105838775634766 
78.24600219726562 42.19923782348633 
> -Z0.004780230578035116 
78.27122497558594 40.307281494140625 
78.38421630859375 40.307281494140625 
78.38421630859375 40.213958740234375 
78.27122497558594 40.213958740234375 
78.27122497558594 40.307281494140625 
> -Z0.005170750431716442 
78.27558135986328 40.39722442626953 
78.38870239257812 40.39722442626953 
78.38870239257812 40.30389404296875 
78.27558135986328 40.30389404296875 
78.27558135986328 40.39722442626953 
> -Z-0.0008247810183092952 
78.27995300292969 40.48716735839844 
78.3932113647461 40.48716735839844 
78.3932113647461 40.393829345703125 
78.27995300292969 40.393829345703125 
78.27995300292969 40.48716735839844 
> -Z1.2482690181059297e-05 
78.28434753417969 40.577110290527344 
78.39774322509766 40.577110290527344 
78.39774322509766 40.483760833740234 
78.28434753417969 40.483760833740234 
78.28434753417969 40.577110290527344 
> -Z0.002706400817260146 
78.28875732421875 40.667049407958984 
78.40229034423828 40.667049407958984 
78.40229034423828 40.573692321777344 
78.28875732421875 40.573692321777344 
78.28875732421875 40.667049407958984 
> -Z0.010228326544165611 
78.2931900024414 40.756988525390625 
78.4068603515625 40.756988525390625 
78.4068603515625 40.66362380981445 
78.2931900024414 40.66362380981445 
78.2931900024414 40.756988525390625 
> -Z0.008900327607989311 
78.29764556884766 40.846923828125 
78.41145324707031 40.846923828125 
78.41145324707031 40.75354766845703 
78.29764556884766 40.75354766845703 
78.29764556884766 40.846923828125 
> -Z0.019658418372273445 
77.23101806640625 40.87250518798828 
77.34642028808594 40.87250518798828 
77.34642028808594 40.7801399230957 
77.23101806640625 40.7801399230957 
77.23101806640625 40.87250518798828 
> -Z0.028226876631379128 
77.23404693603516 40.962520599365234 
77.34959411621094 40.962520599365234 
77.34959411621094 40.87015151977539 
77.23404693603516 40.87015151977539 
77.23404693603516 40.962520599365234 
> -Z0.03298432007431984 
77.23709106445312 41.05253601074219 
77.352783203125 41.05253601074219 
77.352783203125 40.96015930175781 
77.23709106445312 40.96015930175781 
77.23709106445312 41.05253601074219 
> -Z0.00212104432284832 
79.60525512695312 40.89210891723633 
79.71717834472656 40.89210891723633 
79.71717834472656 40.79753494262695 
79.60525512695312 40.79753494262695 
79.60525512695312 40.89210891723633 
> -Z0.0019843403715640306 
79.61150360107422 40.98189926147461 
79.72356414794922 40.98189926147461 
79.72356414794922 40.88731384277344 
79.61150360107422 40.88731384277344 
79.61150360107422 40.98189926147461 
> -Z0.0002670744725037366 
79.61779022216797 41.07168960571289 
79.72998046875 41.07168960571289 
79.72998046875 40.977088928222656 
79.61779022216797 40.977088928222656 
79.61779022216797 41.07168960571289 
> -Z-0.0018600901821628213 
79.62409973144531 41.161476135253906 
79.73641967773438 41.161476135253906 
79.73641967773438 41.066864013671875 
79.62409973144531 41.066864013671875 
79.62409973144531 41.161476135253906 
> -Z-0.0007548794965259731 
79.63043975830078 41.25126266479492 
79.74288940429688 41.25126266479492 
79.74288940429688 41.15663528442383 
79.63043975830078 41.15663528442383 
79.63043975830078 41.25126266479492 
> -Z-0.0020167219918221235 
79.63681030273438 41.34104537963867 
79.7493896484375 41.34104537963867 
79.7493896484375 41.24640655517578 
79.63681030273438 41.24640655517578 
79.63681030273438 41.34104537963867 
> -Z0.0004869822005275637 
79.64320373535156 41.430824279785156 
79.75592041015625 41.430824279785156 
79.75592041015625 41.33617401123047 
79.64320373535156 41.33617401123047 
79.64320373535156 41.430824279785156 
> -Z0.0027308159042149782 
79.64962768554688 41.52060317993164 
79.76248168945312 41.52060317993164 
79.76248168945312 41.42593765258789 
79.64962768554688 41.42593765258789 
79.64962768554688 41.52060317993164 
> -Z0.0077987858094275 
79.65608215332031 41.61037826538086 
79.76907348632812 41.61037826538086 
79.76907348632812 41.51570129394531 
79.65608215332031 41.51570129394531 
79.65608215332031 41.61037826538086 
> -Z0.016195572912693024 
79.66256713867188 41.70015335083008 
79.77568817138672 41.70015335083008 
79.77568817138672 41.60546112060547 
79.66256713867188 41.60546112060547 
79.66256713867188 41.70015335083008 
> -Z0.02126457542181015 
79.66908264160156 41.78992462158203 
79.78234100341797 41.78992462158203 
79.78234100341797 41.695220947265625 
79.66908264160156 41.695220947265625 
79.66908264160156 41.78992462158203 
> -Z0.031138794496655464 
79.67562866210938 41.879695892333984 
79.78901672363281 41.879695892333984 
79.78901672363281 41.784976959228516 
79.67562866210938 41.784976959228516 
79.67562866210938 41.879695892333984 
> -Z0.04264261946082115 
79.0689697265625 41.81279373168945 
79.18319702148438 41.81279373168945 
79.18319702148438 41.7186393737793 
79.0689697265625 41.7186393737793 
79.0689697265625 41.81279373168945 
> -Z0.03735446557402611 
79.07467651367188 41.90263366699219 
79.18904113769531 41.90263366699219 
79.18904113769531 41.8084716796875 
79.07467651367188 41.8084716796875 
79.07467651367188 41.90263366699219 
> -Z0.03832990676164627 
79.08041381835938 41.99247360229492 
79.1949234008789 41.99247360229492 
79.1949234008789 41.89829635620117 
79.08041381835938 41.89829635620117 
79.08041381835938 41.99247360229492 
> -Z0.002284409711137414 
78.74598693847656 40.38292694091797 
78.85840606689453 40.38292694091797 
78.85840606689453 40.28916549682617 
78.74598693847656 40.28916549682617 
78.74598693847656 40.38292694091797 
> -Z0.0026479242369532585 
78.75098419189453 40.47282409667969 
78.86354064941406 40.47282409667969 
78.86354064941406 40.379051208496094 
78.75098419189453 40.379051208496094 
78.75098419189453 40.47282409667969 
> -Z0.0013143211835995317 
78.75601196289062 40.562721252441406 
78.86869049072266 40.562721252441406 
78.86869049072266 40.468936920166016 
78.75601196289062 40.468936920166016 
78.75601196289062 40.562721252441406 
> -Z0.0018244541715830564 
78.76105499267578 40.65261459350586 
78.87387084960938 40.65261459350586 
78.87387084960938 40.55882263183594 
78.76105499267578 40.55882263183594 
78.76105499267578 40.65261459350586 
> -Z0.004318331368267536 
78.76612091064453 40.74250793457031 
78.87906646728516 40.74250793457031 
78.87906646728516 40.648704528808594 
78.76612091064453 40.648704528808594 
78.76612091064453 40.74250793457031 
> -Z0.0102172140032053 
78.77120971679688 40.8323974609375 
78.88429260253906 40.8323974609375 
78.88429260253906 40.73858642578125 
78.77120971679688 40.73858642578125 
78.77120971679688 40.8323974609375 
> -Z0.015101728029549122 
78.77632141113281 40.92228698730469 
78.88954162597656 40.92228698730469 
78.88954162597656 40.82846450805664 
78.77632141113281 40.82846450805664 
78.77632141113281 40.92228698730469 
> -Z0.0152557622641325 
78.78145599365234 41.01217269897461 
78.89481353759766 41.01217269897461 
78.89481353759766 40.918338775634766 
78.78145599365234 40.918338775634766 
78.78145599365234 41.01217269897461 
> -Z0.002105703577399254 
78.78661346435547 41.10205841064453 
78.90010833740234 41.10205841064453 
78.90010833740234 41.00821304321289 
78.78661346435547 41.00821304321289 
78.78661346435547 41.10205841064453 
> -Z0.018783744424581528 
76.88288116455078 41.14894485473633 
76.99925231933594 41.14894485473633 
76.99925231933594 41.056907653808594 
76.88288116455078 41.056907653808594 
76.88288116455078 41.14894485473633 
> -Z0.014295320957899094 
76.88545989990234 41.23897171020508 
77.00198364257812 41.23897171020508 
77.00198364257812 41.146934509277344 
76.88545989990234 41.146934509277344 
76.88545989990234 41.23897171020508 
> -Z-0.04345855116844177 
76.88805389404297 41.329002380371094 
77.00473022460938 41.329002380371094 
77.00473022460938 41.23695755004883 
76.88805389404297 41.23695755004883 
76.88805389404297 41.329002380371094 
> -Z-0.030381275340914726 
76.89066314697266 41.419029235839844 
77.00748443603516 41.419029235839844 
77.00748443603516 41.32698059082031 
76.89066314697266 41.32698059082031 
76.89066314697266 41.419029235839844 
> -Z-0.0033452403731644154 
76.89328002929688 41.509056091308594 
77.01025390625 41.509056091308594 
77.01025390625 41.4170036315918 
76.89328002929688 41.4170036315918 
76.89328002929688 41.509056091308594 
> -Z0.022519730031490326 
76.89591217041016 41.59907913208008 
77.0130386352539 41.59907913208008 
77.0130386352539 41.507022857666016 
76.89591217041016 41.507022857666016 
76.89591217041016 41.59907913208008 
> -Z0.026564527302980423 
76.89855194091797 41.68910217285156 
77.01583862304688 41.68910217285156 
77.01583862304688 41.59703826904297 
76.89855194091797 41.59703826904297 
76.89855194091797 41.68910217285156 
> -Z0.021653898060321808 
76.90120697021484 41.77912521362305 
77.01864624023438 41.77912521362305 
77.01864624023438 41.68705749511719 
76.90120697021484 41.68705749511719 
76.90120697021484 41.77912521362305 
> -Z0.007555326912552118 
76.90386962890625 41.869144439697266 
77.02146911621094 41.869144439697266 
77.02146911621094 41.777069091796875 
76.90386962890625 41.777069091796875 
76.90386962890625 41.869144439697266 
> -Z0.004389438312500715 
76.90654754638672 41.959163665771484 
77.02429962158203 41.959163665771484 
77.02429962158203 41.86708450317383 
76.90654754638672 41.86708450317383 
76.90654754638672 41.959163665771484 
> -Z0.025884049013257027 
76.98844146728516 40.6967887878418 
77.10389709472656 40.6967887878418 
77.10389709472656 40.60466384887695 
76.98844146728516 40.60466384887695 
76.98844146728516 40.6967887878418 
> -Z0.023449884727597237 
76.99112701416016 40.78682327270508 
77.10672760009766 40.78682327270508 
77.10672760009766 40.6946907043457 
76.99112701416016 40.6946907043457 
76.99112701416016 40.78682327270508 
> -Z0.020512908697128296 
76.99382019042969 40.87685012817383 
77.10956573486328 40.87685012817383 
77.10956573486328 40.78471755981445 
76.99382019042969 40.78471755981445 
76.99382019042969 40.87685012817383 
> -Z0.05900062993168831 
78.36598205566406 41.02507019042969 
78.42302703857422 41.02507019042969 
78.42302703857422 40.97835922241211 
78.36598205566406 40.97835922241211 
78.36598205566406 41.02507019042969 
> -Z0.031782910227775574 
78.30435943603516 40.98182678222656 
78.36141204833984 40.98182678222656 
78.36141204833984 40.935142517089844 
78.30435943603516 40.935142517089844 
78.30435943603516 40.98182678222656 
> -Z0.01438505481928587 
78.36369323730469 40.980106353759766 
78.42070007324219 40.980106353759766 
78.42070007324219 40.93339920043945 
78.36369323730469 40.93339920043945 
78.36369323730469 40.980106353759766 
> -Z0.24571244418621063 
78.31112670898438 41.116722106933594 
78.36827850341797 41.116722106933594 
78.36827850341797 41.07003402709961 
78.31112670898438 41.07003402709961 
78.31112670898438 41.116722106933594 
> -Z0.3252195715904236 
78.3705825805664 41.11499786376953 
78.3991470336914 41.11499786376953 
78.3991470336914 41.09164047241211 
78.3705825805664 41.09164047241211 
78.3705825805664 41.11499786376953 
> -Z0.3596802353858948 
78.40030670166016 41.11412048339844 
78.4288558959961 41.11412048339844 
78.4288558959961 41.09075927734375 
78.40030670166016 41.09075927734375 
78.40030670166016 41.11412048339844 
> -Z0.27462223172187805 
78.36943054199219 41.09251403808594 
78.39798736572266 41.09251403808594 
78.39798736572266 41.06916046142578 
78.36943054199219 41.06916046142578 
78.36943054199219 41.09251403808594 
> -Z0.27753567695617676 
78.3991470336914 41.09164047241211 
78.42768859863281 41.09164047241211 
78.42768859863281 41.06827926635742 
78.3991470336914 41.06827926635742 
78.3991470336914 41.09164047241211 
> -Z0.16870494186878204 
78.30886840820312 41.07175827026367 
78.36598205566406 41.07175827026367 
78.36598205566406 41.02507019042969 
78.30886840820312 41.02507019042969 
78.30886840820312 41.07175827026367 
> -Z0.19850130379199982 
78.36827850341797 41.07003402709961 
78.3968276977539 41.07003402709961 
78.3968276977539 41.04668045043945 
78.36827850341797 41.04668045043945 
78.36827850341797 41.07003402709961 
> -Z0.17798756062984467 
78.39798736572266 41.06916046142578 
78.42652130126953 41.06916046142578 
78.42652130126953 41.045799255371094 
78.39798736572266 41.045799255371094 
78.39798736572266 41.06916046142578 
> -Z0.12825706601142883 
78.36713409423828 41.04755401611328 
78.39566802978516 41.04755401611328 
78.39566802978516 41.024200439453125 
78.36713409423828 41.024200439453125 
78.36713409423828 41.04755401611328 
> -Z0.10926667600870132 
78.3968276977539 41.04668045043945 
78.42535400390625 41.04668045043945 
78.42535400390625 41.023319244384766 
78.3968276977539 41.023319244384766 
78.3968276977539 41.04668045043945 
> -Z0.24081876873970032 
78.31565856933594 41.20664978027344 
78.37288665771484 41.20664978027344 
78.37288665771484 41.15995788574219 
78.31565856933594 41.15995788574219 
78.31565856933594 41.20664978027344 
> -Z0.3479682207107544 
78.37519836425781 41.20492172241211 
78.40379333496094 41.20492172241211 
78.40379333496094 41.18156433105469 
78.37519836425781 41.18156433105469 
78.37519836425781 41.20492172241211 
> -Z0.4336976706981659 
78.40496063232422 41.204044342041016 
78.43354797363281 41.204044342041016 
78.43354797363281 41.18067932128906 
78.40496063232422 41.18067932128906 
78.40496063232422 41.204044342041016 
> -Z0.38066843152046204 
78.37403869628906 41.182437896728516 
78.40263366699219 41.182437896728516 
78.40263366699219 41.15908432006836 
78.37403869628906 41.15908432006836 
78.37403869628906 41.182437896728516 
> -Z0.4677829444408417 
78.40379333496094 41.18156433105469 
78.432373046875 41.18156433105469 
78.432373046875 41.158199310302734 
78.40379333496094 41.158199310302734 
78.40379333496094 41.18156433105469 
> -Z0.2620273530483246 
78.31339263916016 41.161685943603516 
78.3705825805664 41.161685943603516 
78.3705825805664 41.11499786376953 
78.31339263916016 41.11499786376953 
78.31339263916016 41.161685943603516 
> -Z0.3819090723991394 
78.37288665771484 41.15995788574219 
78.4014663696289 41.15995788574219 
78.4014663696289 41.136600494384766 
78.37288665771484 41.136600494384766 
78.37288665771484 41.15995788574219 
> -Z0.4414183497428894 
78.40263366699219 41.15908432006836 
78.43119812011719 41.15908432006836 
78.43119812011719 41.135719299316406 
78.40263366699219 41.135719299316406 
78.40263366699219 41.15908432006836 
> -Z0.35486558079719543 
78.37173461914062 41.13747787475586 
78.40030670166016 41.13747787475586 
78.40030670166016 41.11412048339844 
78.37173461914062 41.11412048339844 
78.37173461914062 41.13747787475586 
> -Z0.416480153799057 
78.4014663696289 41.136600494384766 
78.4300308227539 41.136600494384766 
78.4300308227539 41.11323928833008 
78.4014663696289 41.11323928833008 
78.4014663696289 41.136600494384766 
> -Z3.24904867738951e-05 
78.98637390136719 40.464935302734375 
79.09856414794922 40.464935302734375 
79.09856414794922 40.370948791503906 
78.98637390136719 40.370948791503906 
78.98637390136719 40.464935302734375 
> -Z0.0007709846249781549 
78.99170684814453 40.554805755615234 
79.1040267944336 40.554805755615234 
79.1040267944336 40.46080780029297 
78.99170684814453 40.46080780029297 
78.99170684814453 40.554805755615234 
> -Z0.003579581156373024 
78.99706268310547 40.644676208496094 
79.1095199584961 40.644676208496094 
79.1095199584961 40.55066680908203 
78.99706268310547 40.55066680908203 
78.99706268310547 40.644676208496094 
> -Z0.01163497194647789 
77.81236267089844 40.589576721191406 
77.92646789550781 40.589576721191406 
77.92646789550781 40.49666976928711 
77.81236267089844 40.49666976928711 
77.81236267089844 40.589576721191406 
> -Z0.02069058082997799 
77.81614685058594 40.67955780029297 
77.93038940429688 40.67955780029297 
77.93038940429688 40.58664321899414 
77.81614685058594 40.58664321899414 
77.81614685058594 40.67955780029297 
> -Z0.02327396161854267 
77.8199462890625 40.769535064697266 
77.934326171875 40.769535064697266 
77.934326171875 40.676612854003906 
77.8199462890625 40.676612854003906 
77.8199462890625 40.769535064697266 
> -Z0.014957437291741371 
77.82376098632812 40.8595085144043 
77.93828582763672 40.8595085144043 
77.93828582763672 40.766578674316406 
77.82376098632812 40.766578674316406 
77.82376098632812 40.8595085144043 
> -Z0.019603632390499115 
77.82759094238281 40.949485778808594 
77.9422607421875 40.949485778808594 
77.9422607421875 40.856544494628906 
77.82759094238281 40.856544494628906 
77.82759094238281 40.949485778808594 
> -Z0.03717401996254921 
77.8314437866211 41.03945541381836 
77.94625091552734 41.03945541381836 
77.94625091552734 40.946510314941406 
77.8314437866211 40.946510314941406 
77.8314437866211 41.03945541381836 
> -Z0.04591526836156845 
77.83531188964844 41.12942886352539 
77.95026397705078 41.12942886352539 
77.95026397705078 41.03647232055664 
77.83531188964844 41.03647232055664 
77.83531188964844 41.12942886352539 
> -Z0.03443277254700661 
77.83919525146484 41.21939468383789 
77.95429229736328 41.21939468383789 
77.95429229736328 41.126434326171875 
77.83919525146484 41.126434326171875 
77.83919525146484 41.21939468383789 
> -Z0.03338885307312012 
77.84309387207031 41.309364318847656 
77.95833587646484 41.309364318847656 
77.95833587646484 41.21639633178711 
77.84309387207031 41.21639633178711 
77.84309387207031 41.309364318847656 
> -Z0.03175631910562515 
77.84701538085938 41.399330139160156 
77.96240234375 41.399330139160156 
77.96240234375 41.30635070800781 
77.84701538085938 41.30635070800781 
77.84701538085938 41.399330139160156 
> -Z0.027817171066999435 
77.8509521484375 41.48929214477539 
77.96649169921875 41.48929214477539 
77.96649169921875 41.39630889892578 
77.8509521484375 41.39630889892578 
77.8509521484375 41.48929214477539 
> -Z0.022813277319073677 
77.85491180419922 41.579254150390625 
77.97058868408203 41.579254150390625 
77.97058868408203 41.486263275146484 
77.85491180419922 41.486263275146484 
77.85491180419922 41.579254150390625 
> -Z0.02032550796866417 
77.85888671875 41.66921615600586 
77.97471618652344 41.66921615600586 
77.97471618652344 41.57621383666992 
77.85888671875 41.57621383666992 
77.85888671875 41.66921615600586 
> -Z-0.0009212949080392718 
78.52494812011719 40.660072326660156 
78.63812255859375 40.660072326660156 
78.63812255859375 40.566497802734375 
78.52494812011719 40.566497802734375 
78.52494812011719 40.660072326660156 
> -Z0.17147225141525269 
78.3202133178711 41.29657745361328 
78.37751007080078 41.29657745361328 
78.37751007080078 41.249881744384766 
78.3202133178711 41.249881744384766 
78.3202133178711 41.29657745361328 
> -Z0.2475852221250534 
78.37982940673828 41.29484176635742 
78.43708038330078 41.29484176635742 
78.43708038330078 41.24811553955078 
78.37982940673828 41.24811553955078 
78.37982940673828 41.29484176635742 
> -Z0.20292583107948303 
78.31793212890625 41.25161361694336 
78.37519836425781 41.25161361694336 
78.37519836425781 41.20492172241211 
78.31793212890625 41.20492172241211 
78.31793212890625 41.25161361694336 
> -Z0.27764031291007996 
78.37751007080078 41.249881744384766 
78.4061279296875 41.249881744384766 
78.4061279296875 41.226524353027344 
78.37751007080078 41.226524353027344 
78.37751007080078 41.249881744384766 
> -Z0.3442786931991577 
78.40729522705078 41.249000549316406 
78.43590545654297 41.249000549316406 
78.43590545654297 41.22563552856445 
78.40729522705078 41.22563552856445 
78.40729522705078 41.249000549316406 
> -Z0.3111490309238434 
78.37635040283203 41.22740173339844 
78.40496063232422 41.22740173339844 
78.40496063232422 41.204044342041016 
78.37635040283203 41.204044342041016 
78.37635040283203 41.22740173339844 
> -Z0.37942251563072205 
78.4061279296875 41.226524353027344 
78.43472290039062 41.226524353027344 
78.43472290039062 41.20315933227539 
78.4061279296875 41.20315933227539 
78.4061279296875 41.226524353027344 
> -Z0.07943342626094818 
78.32479095458984 41.386505126953125 
78.38215637207031 41.386505126953125 
78.38215637207031 41.33980178833008 
78.32479095458984 41.33980178833008 
78.32479095458984 41.386505126953125 
> -Z0.09692174196243286 
78.38449096679688 41.384761810302734 
78.44181060791016 41.384761810302734 
78.44181060791016 41.33803176879883 
78.38449096679688 41.33803176879883 
78.38449096679688 41.384761810302734 
> -Z0.11606613546609879 
78.32250213623047 41.3415412902832 
78.37982940673828 41.3415412902832 
78.37982940673828 41.29484176635742 
78.32250213623047 41.29484176635742 
78.32250213623047 41.3415412902832 
> -Z0.15962402522563934 
78.38215637207031 41.33980178833008 
78.43944549560547 41.33980178833008 
78.43944549560547 41.29307556152344 
78.38215637207031 41.29307556152344 
78.38215637207031 41.33980178833008 
> -Z0.048196010291576385 
78.32938385009766 41.4764289855957 
78.44418334960938 41.4764289855957 
78.44418334960938 41.38298797607422 
78.32938385009766 41.38298797607422 
78.32938385009766 41.4764289855957 
> -Z0.0008696240256540477 
77.4483642578125 40.327640533447266 
77.56256866455078 40.327640533447266 
77.56256866455078 40.235084533691406 
77.4483642578125 40.235084533691406 
77.4483642578125 40.327640533447266 
> -Z0.003574025584384799 
77.45162963867188 40.41764831542969 
77.56597137451172 40.41764831542969 
77.56597137451172 40.32508850097656 
77.45162963867188 40.32508850097656 
77.45162963867188 40.41764831542969 
> -Z0.005572978872805834 
77.45490264892578 40.50765609741211 
77.56938934326172 40.50765609741211 
77.56938934326172 40.41508865356445 
77.45490264892578 40.41508865356445 
77.45490264892578 40.50765609741211 
> -Z0.03712113946676254 
78.60358428955078 42.09850311279297 
78.7190170288086 42.09850311279297 
78.7190170288086 42.00476837158203 
78.60358428955078 42.00476837158203 
78.60358428955078 42.09850311279297 
> -Z0.034092094749212265 
78.60869598388672 42.18838882446289 
78.72427368164062 42.18838882446289 
78.72427368164062 42.09464645385742 
78.60869598388672 42.09464645385742 
78.60869598388672 42.18838882446289 
> -Z0.03584655746817589 
78.61382293701172 42.27827453613281 
78.72954559326172 42.27827453613281 
78.72954559326172 42.18451690673828 
78.61382293701172 42.18451690673828 
78.61382293701172 42.27827453613281 
> -Z0.003942507319152355 
78.62841796875 40.386680603027344 
78.74101257324219 40.386680603027344 
78.74101257324219 40.293025970458984 
78.62841796875 40.293025970458984 
78.62841796875 40.386680603027344 
> -Z0.0016042499337345362 
78.63326263427734 40.47658920288086 
78.74598693847656 40.47658920288086 
78.74598693847656 40.38292694091797 
78.63326263427734 40.38292694091797 
78.63326263427734 40.47658920288086 
> -Z0.03802382946014404 
79.08617401123047 42.08230972290039 
79.20082092285156 42.08230972290039 
79.20082092285156 41.988121032714844 
79.08617401123047 41.988121032714844 
79.08617401123047 42.08230972290039 
> -Z0.03955015912652016 
79.09195709228516 42.17214584350586 
79.20674896240234 42.17214584350586 
79.20674896240234 42.077945709228516 
79.09195709228516 42.077945709228516 
79.09195709228516 42.17214584350586 
> -Z0.0395304299890995 
79.09777069091797 42.26197814941406 
79.21270751953125 42.26197814941406 
79.21270751953125 42.16776657104492 
79.09777069091797 42.16776657104492 
79.09777069091797 42.26197814941406 
> -Z-0.001371104153804481 
79.09856414794922 40.370948791503906 
79.21044921875 40.370948791503906 
79.21044921875 40.27687072753906 
79.09856414794922 40.27687072753906 
79.09856414794922 40.370948791503906 
> -Z-0.0002033171331277117 
79.1040267944336 40.46080780029297 
79.2160415649414 40.46080780029297 
79.2160415649414 40.36671829223633 
79.1040267944336 40.36671829223633 
79.1040267944336 40.46080780029297 
> -Z0.00033300771610811353 
79.1095199584961 40.55066680908203 
79.22166442871094 40.55066680908203 
79.22166442871094 40.456565856933594 
79.1095199584961 40.456565856933594 
79.1095199584961 40.55066680908203 
> -Z0.002241848735138774 
79.11503601074219 40.640525817871094 
79.22731018066406 40.640525817871094 
79.22731018066406 40.546409606933594 
79.11503601074219 40.546409606933594 
79.11503601074219 40.640525817871094 
> -Z0.005514216143637896 
79.12057495117188 40.730377197265625 
79.23297882080078 40.730377197265625 
79.23297882080078 40.636253356933594 
79.12057495117188 40.636253356933594 
79.12057495117188 40.730377197265625 
> -Z0.00852837786078453 
79.12613677978516 40.82023239135742 
79.23867797851562 40.82023239135742 
79.23867797851562 40.72609329223633 
79.12613677978516 40.72609329223633 
79.12613677978516 40.82023239135742 
> -Z0.016189301386475563 
79.13172912597656 40.91007995605469 
79.24440002441406 40.91007995605469 
79.24440002441406 40.81593322753906 
79.13172912597656 40.81593322753906 
79.13172912597656 40.91007995605469 
> -Z0.012360782362520695 
79.13734436035156 40.99992752075195 
79.25015258789062 40.99992752075195 
79.25015258789062 40.90576934814453 
79.13734436035156 40.90576934814453 
79.13734436035156 40.99992752075195 
> -Z0.007571312598884106 
79.14299011230469 41.08977508544922 
79.25592803955078 41.08977508544922 
79.25592803955078 40.99560546875 
79.14299011230469 40.99560546875 
79.14299011230469 41.08977508544922 
> -Z-0.004429980181157589 
79.14865112304688 41.17961883544922 
79.26172637939453 41.17961883544922 
79.26172637939453 41.0854377746582 
79.14865112304688 41.0854377746582 
79.14865112304688 41.17961883544922 
> -Z-0.01046222448348999 
79.15434265136719 41.26946258544922 
79.2675552368164 41.26946258544922 
79.2675552368164 41.17526626586914 
79.15434265136719 41.17526626586914 
79.15434265136719 41.26946258544922 
> -Z-0.0122577715665102 
79.16006469726562 41.35930252075195 
79.27340698242188 41.35930252075195 
79.27340698242188 41.26509475708008 
79.16006469726562 41.26509475708008 
79.16006469726562 41.35930252075195 
> -Z-0.0077673704363405704 
79.16580963134766 41.44913864135742 
79.27928924560547 41.44913864135742 
79.27928924560547 41.354923248291016 
79.16580963134766 41.354923248291016 
79.16580963134766 41.44913864135742 
> -Z0.006102882791310549 
77.56256866455078 40.235084533691406 
77.67645263671875 40.235084533691406 
77.67645263671875 40.14242935180664 
77.56256866455078 40.14242935180664 
77.56256866455078 40.235084533691406 
> -Z0.0011726832017302513 
77.56597137451172 40.32508850097656 
77.67999267578125 40.32508850097656 
77.67999267578125 40.232425689697266 
77.56597137451172 40.232425689697266 
77.56597137451172 40.32508850097656 
> -Z0.006937070749700069 
79.00244903564453 40.73454284667969 
79.11503601074219 40.73454284667969 
79.11503601074219 40.640525817871094 
79.00244903564453 40.640525817871094 
79.00244903564453 40.73454284667969 
> -Z0.010905924253165722 
79.00785064697266 40.824405670166016 
79.12057495117188 40.824405670166016 
79.12057495117188 40.730377197265625 
79.00785064697266 40.730377197265625 
79.00785064697266 40.824405670166016 
> -Z0.01386937964707613 
79.0132827758789 40.91427230834961 
79.12613677978516 40.91427230834961 
79.12613677978516 40.82023239135742 
79.0132827758789 40.82023239135742 
79.0132827758789 40.91427230834961 
> -Z0.01774837262928486 
79.01873779296875 41.00413131713867 
79.13172912597656 41.00413131713867 
79.13172912597656 40.91007995605469 
79.01873779296875 40.91007995605469 
79.01873779296875 41.00413131713867 
> -Z0.035174660384655 
78.83950805664062 42.000797271728516 
78.95440673828125 42.000797271728516 
78.95440673828125 41.90684509277344 
78.83950805664062 41.90684509277344 
78.83950805664062 42.000797271728516 
> -Z0.03627672418951988 
78.84493255615234 42.090660095214844 
78.95996856689453 42.090660095214844 
78.95996856689453 41.99669647216797 
78.84493255615234 41.99669647216797 
78.84493255615234 42.090660095214844 
> -Z0.03744082152843475 
78.85037994384766 42.18052291870117 
78.96556091308594 42.18052291870117 
78.96556091308594 42.0865478515625 
78.85037994384766 42.0865478515625 
78.85037994384766 42.18052291870117 
> -Z0.018077393993735313 
77.46150207519531 40.68766784667969 
77.5762710571289 40.68766784667969 
77.5762710571289 40.595088958740234 
77.46150207519531 40.595088958740234 
77.46150207519531 40.68766784667969 
> -Z0.01537998951971531 
77.4648208618164 40.777671813964844 
77.5797348022461 40.777671813964844 
77.5797348022461 40.68508529663086 
77.4648208618164 40.68508529663086 
77.4648208618164 40.777671813964844 
> -Z0.015221231617033482 
77.4681625366211 40.867671966552734 
77.58321380615234 40.867671966552734 
77.58321380615234 40.775081634521484 
77.4681625366211 40.775081634521484 
77.4681625366211 40.867671966552734 
> -Z0.02669532597064972 
77.47151184082031 40.957672119140625 
77.58670806884766 40.957672119140625 
77.58670806884766 40.865074157714844 
77.47151184082031 40.865074157714844 
77.47151184082031 40.957672119140625 
> -Z0.03534805029630661 
77.4748764038086 41.047672271728516 
77.59021759033203 41.047672271728516 
77.59021759033203 40.9550666809082 
77.4748764038086 40.9550666809082 
77.4748764038086 41.047672271728516 
> -Z0.034080322831869125 
77.47825622558594 41.13766860961914 
77.59375 41.13766860961914 
77.59375 41.0450553894043 
77.47825622558594 41.0450553894043 
77.47825622558594 41.13766860961914 
> -Z0.030191700905561447 
77.48165893554688 41.2276611328125 
77.5972900390625 41.2276611328125 
77.5972900390625 41.13504409790039 
77.48165893554688 41.13504409790039 
77.48165893554688 41.2276611328125 
> -Z0.031729862093925476 
77.48506927490234 41.317657470703125 
77.6008529663086 41.317657470703125 
77.6008529663086 41.22502899169922 
77.48506927490234 41.22502899169922 
77.48506927490234 41.317657470703125 
> -Z0.028509758412837982 
77.48849487304688 41.40764617919922 
77.60443115234375 41.40764617919922 
77.60443115234375 41.31501388549805 
77.48849487304688 41.31501388549805 
77.48849487304688 41.40764617919922 
> -Z0.027796659618616104 
77.491943359375 41.49763870239258 
77.60801696777344 41.49763870239258 
77.60801696777344 41.404998779296875 
77.491943359375 41.404998779296875 
77.491943359375 41.49763870239258 
> -Z0.019075384363532066 
77.49539947509766 41.58762741088867 
77.61162567138672 41.58762741088867 
77.61162567138672 41.49497985839844 
77.49539947509766 41.49497985839844 
77.49539947509766 41.58762741088867 
> -Z0.024680016562342644 
77.4988784790039 41.6776123046875 
77.6152572631836 41.6776123046875 
77.6152572631836 41.5849609375 
77.4988784790039 41.5849609375 
77.4988784790039 41.6776123046875 
> -Z0.028564848005771637 
77.50236511230469 41.76759719848633 
77.618896484375 41.76759719848633 
77.618896484375 41.6749382019043 
77.50236511230469 41.6749382019043 
77.50236511230469 41.76759719848633 
> -Z0.022637367248535156 
77.50587463378906 41.857582092285156 
77.62255096435547 41.857582092285156 
77.62255096435547 41.764915466308594 
77.50587463378906 41.764915466308594 
77.50587463378906 41.857582092285156 
> -Z0.025480924174189568 
77.5093994140625 41.94756317138672 
77.62622833251953 41.94756317138672 
77.62622833251953 41.854888916015625 
77.5093994140625 41.854888916015625 
77.5093994140625 41.94756317138672 
> -Z0.023489559069275856 
77.512939453125 42.03754425048828 
77.62992095947266 42.03754425048828 
77.62992095947266 41.944862365722656 
77.512939453125 41.944862365722656 
77.512939453125 42.03754425048828 
> -Z0.0029752107802778482 
77.5591812133789 40.14508056640625 
77.67292785644531 40.14508056640625 
77.67292785644531 40.05242919921875 
77.5591812133789 40.05242919921875 
77.5591812133789 40.14508056640625 
> -Z0.5512759685516357 
78.49665069580078 41.24631881713867 
78.52522277832031 41.24631881713867 
78.52522277832031 41.22293472290039 
78.49665069580078 41.22293472290039 
78.49665069580078 41.24631881713867 
> -Z0.6231719851493835 
78.52642822265625 41.24541091918945 
78.55499267578125 41.24541091918945 
78.55499267578125 41.22201919555664 
78.52642822265625 41.22201919555664 
78.52642822265625 41.24541091918945 
> -Z0.004834533203393221 
78.15372467041016 40.310546875 
78.26689147949219 40.310546875 
78.26689147949219 40.21733474731445 
78.15372467041016 40.21733474731445 
78.15372467041016 40.310546875 
> -Z0.0034388962667435408 
78.15792083740234 40.4005012512207 
78.27122497558594 40.4005012512207 
78.27122497558594 40.307281494140625 
78.15792083740234 40.307281494140625 
78.15792083740234 40.4005012512207 
> -Z0.0002966017636936158 
78.16213989257812 40.490455627441406 
78.27558135986328 40.490455627441406 
78.27558135986328 40.39722442626953 
78.16213989257812 40.39722442626953 
78.16213989257812 40.490455627441406 
> -Z0.00088851636974141 
78.16637420654297 40.580406188964844 
78.27995300292969 40.580406188964844 
78.27995300292969 40.48716735839844 
78.16637420654297 40.48716735839844 
78.16637420654297 40.580406188964844 
> -Z0.006104138679802418 
78.1706314086914 40.67035675048828 
78.28434753417969 40.67035675048828 
78.28434753417969 40.577110290527344 
78.1706314086914 40.577110290527344 
78.1706314086914 40.67035675048828 
> -Z0.015614816918969154 
78.1749038696289 40.76030731201172 
78.28875732421875 40.76030731201172 
78.28875732421875 40.667049407958984 
78.1749038696289 40.667049407958984 
78.1749038696289 40.76030731201172 
> -Z0.014792438596487045 
78.17919921875 40.85025405883789 
78.2931900024414 40.85025405883789 
78.2931900024414 40.756988525390625 
78.17919921875 40.756988525390625 
78.17919921875 40.85025405883789 
> -Z0.016820773482322693 
78.18351745605469 40.9401969909668 
78.29764556884766 40.9401969909668 
78.29764556884766 40.846923828125 
78.18351745605469 40.846923828125 
78.18351745605469 40.9401969909668 
> -Z0.0009468219359405339 
79.69820404052734 40.5281867980957 
79.80943298339844 40.5281867980957 
79.80943298339844 40.43355941772461 
79.69820404052734 40.43355941772461 
79.69820404052734 40.5281867980957 
> -Z0.0014155455864965916 
79.70449829101562 40.61797332763672 
79.81585693359375 40.61797332763672 
79.81585693359375 40.52333068847656 
79.70449829101562 40.52333068847656 
79.70449829101562 40.61797332763672 
> -Z0.02034597285091877 
77.34959411621094 40.87015151977539 
77.4648208618164 40.87015151977539 
77.4648208618164 40.777671813964844 
77.34959411621094 40.777671813964844 
77.34959411621094 40.87015151977539 
> -Z0.03342689201235771 
77.352783203125 40.96015930175781 
77.4681625366211 40.96015930175781 
77.4681625366211 40.867671966552734 
77.352783203125 40.867671966552734 
77.352783203125 40.96015930175781 
> -Z0.035601433366537094 
77.35599517822266 41.05016326904297 
77.47151184082031 41.05016326904297 
77.47151184082031 40.957672119140625 
77.35599517822266 40.957672119140625 
77.35599517822266 41.05016326904297 
> -Z0.034605350345373154 
77.35921478271484 41.140167236328125 
77.4748764038086 41.140167236328125 
77.4748764038086 41.047672271728516 
77.35921478271484 41.047672271728516 
77.35921478271484 41.140167236328125 
> -Z0.02643958292901516 
77.3624496459961 41.23017120361328 
77.47825622558594 41.23017120361328 
77.47825622558594 41.13766860961914 
77.3624496459961 41.13766860961914 
77.3624496459961 41.23017120361328 
> -Z0.02816803753376007 
77.36569213867188 41.32017135620117 
77.48165893554688 41.32017135620117 
77.48165893554688 41.2276611328125 
77.36569213867188 41.2276611328125 
77.36569213867188 41.32017135620117 
> -Z0.021873658522963524 
77.36895751953125 41.41017150878906 
77.48506927490234 41.41017150878906 
77.48506927490234 41.317657470703125 
77.36895751953125 41.317657470703125 
77.36895751953125 41.41017150878906 
> -Z0.025685397908091545 
77.37223815917969 41.50017166137695 
77.48849487304688 41.50017166137695 
77.48849487304688 41.40764617919922 
77.37223815917969 41.40764617919922 
77.37223815917969 41.50017166137695 
> -Z0.01966366358101368 
77.37553405761719 41.59016799926758 
77.491943359375 41.59016799926758 
77.491943359375 41.49763870239258 
77.37553405761719 41.49763870239258 
77.37553405761719 41.59016799926758 
> -Z0.027145564556121826 
77.37883758544922 41.68016052246094 
77.49539947509766 41.68016052246094 
77.49539947509766 41.58762741088867 
77.37883758544922 41.58762741088867 
77.37883758544922 41.68016052246094 
> -Z0.025126764550805092 
77.38216400146484 41.7701530456543 
77.4988784790039 41.7701530456543 
77.4988784790039 41.6776123046875 
77.38216400146484 41.6776123046875 
77.38216400146484 41.7701530456543 
> -Z0.026494454592466354 
77.38550567626953 41.860145568847656 
77.50236511230469 41.860145568847656 
77.50236511230469 41.76759719848633 
77.38550567626953 41.76759719848633 
77.38550567626953 41.860145568847656 
> -Z0.022898856550455093 
77.38885498046875 41.95013427734375 
77.50587463378906 41.95013427734375 
77.50587463378906 41.857582092285156 
77.38885498046875 41.857582092285156 
77.38885498046875 41.95013427734375 
> -Z0.0053785452619194984 
77.39222717285156 42.040122985839844 
77.5093994140625 42.040122985839844 
77.5093994140625 41.94756317138672 
77.39222717285156 41.94756317138672 
77.39222717285156 42.040122985839844 
> -Z0.004829654935747385 
77.44188690185547 40.147613525390625 
77.5558090209961 40.147613525390625 
77.5558090209961 40.05507278442383 
77.44188690185547 40.05507278442383 
77.44188690185547 40.147613525390625 
> -Z0.00423065759241581 
77.44512176513672 40.23762893676758 
77.5591812133789 40.23762893676758 
77.5591812133789 40.14508056640625 
77.44512176513672 40.14508056640625 
77.44512176513672 40.23762893676758 
> -Z0.00930622685700655 
77.69071960449219 40.502403259277344 
77.80485534667969 40.502403259277344 
77.80485534667969 40.40961456298828 
77.69071960449219 40.40961456298828 
77.69071960449219 40.502403259277344 
> -Z0.012804950587451458 
77.69432067871094 40.59239196777344 
77.80860137939453 40.59239196777344 
77.80860137939453 40.499595642089844 
77.69432067871094 40.499595642089844 
77.69432067871094 40.59239196777344 
> -Z0.021029992029070854 
77.69794464111328 40.68238067626953 
77.81236267089844 40.68238067626953 
77.81236267089844 40.589576721191406 
77.69794464111328 40.589576721191406 
77.69794464111328 40.68238067626953 
> -Z0.021836206316947937 
77.70158386230469 40.772369384765625 
77.81614685058594 40.772369384765625 
77.81614685058594 40.67955780029297 
77.70158386230469 40.67955780029297 
77.70158386230469 40.772369384765625 
> -Z0.017968837171792984 
77.70523834228516 40.86235427856445 
77.8199462890625 40.86235427856445 
77.8199462890625 40.769535064697266 
77.70523834228516 40.769535064697266 
77.70523834228516 40.86235427856445 
> -Z0.02259226143360138 
77.70891571044922 40.952335357666016 
77.82376098632812 40.952335357666016 
77.82376098632812 40.8595085144043 
77.70891571044922 40.8595085144043 
77.70891571044922 40.952335357666016 
> -Z0.03775933384895325 
77.71260070800781 41.04231643676758 
77.82759094238281 41.04231643676758 
77.82759094238281 40.949485778808594 
77.71260070800781 40.949485778808594 
77.71260070800781 41.04231643676758 
> -Z0.038823451846838 
77.71630859375 41.13229751586914 
77.8314437866211 41.13229751586914 
77.8314437866211 41.03945541381836 
77.71630859375 41.03945541381836 
77.71630859375 41.13229751586914 
> -Z0.030685080215334892 
77.72003173828125 41.22227478027344 
77.83531188964844 41.22227478027344 
77.83531188964844 41.12942886352539 
77.72003173828125 41.12942886352539 
77.72003173828125 41.22227478027344 
> -Z0.03124910779297352 
77.72377014160156 41.312252044677734 
77.83919525146484 41.312252044677734 
77.83919525146484 41.21939468383789 
77.72377014160156 41.21939468383789 
77.72377014160156 41.312252044677734 
> -Z0.03470054641366005 
77.72752380371094 41.402225494384766 
77.84309387207031 41.402225494384766 
77.84309387207031 41.309364318847656 
77.72752380371094 41.309364318847656 
77.72752380371094 41.402225494384766 
> -Z-0.001448795315809548 
79.39849090576172 41.35041809082031 
79.51145935058594 41.35041809082031 
79.51145935058594 41.25599670410156 
79.39849090576172 41.25599670410156 
79.39849090576172 41.35041809082031 
> -Z-0.003342799376696348 
79.4045639038086 41.44022750854492 
79.51766204833984 41.44022750854492 
79.51766204833984 41.345794677734375 
79.4045639038086 41.345794677734375 
79.4045639038086 41.44022750854492 
> -Z-0.0020681435707956553 
79.41065979003906 41.53003692626953 
79.52389526367188 41.53003692626953 
79.52389526367188 41.43558883666992 
79.41065979003906 41.43558883666992 
79.41065979003906 41.53003692626953 
> -Z0.002286543371155858 
79.41678619384766 41.619842529296875 
79.53015899658203 41.619842529296875 
79.53015899658203 41.52538299560547 
79.41678619384766 41.52538299560547 
79.41678619384766 41.619842529296875 
> -Z0.014734923839569092 
79.42293548583984 41.70964431762695 
79.53644561767578 41.70964431762695 
79.53644561767578 41.61517333984375 
79.42293548583984 41.61517333984375 
79.42293548583984 41.70964431762695 
> -Z0.01948397606611252 
79.42912292480469 41.79944610595703 
79.54277038574219 41.79944610595703 
79.54277038574219 41.70496368408203 
79.42912292480469 41.70496368408203 
79.42912292480469 41.79944610595703 
> -Z0.025278130546212196 
79.43533325195312 41.88924789428711 
79.54911804199219 41.88924789428711 
79.54911804199219 41.79475021362305 
79.43533325195312 41.79475021362305 
79.43533325195312 41.88924789428711 
> -Z0.03209931030869484 
79.44156646728516 41.979042053222656 
79.55548858642578 41.979042053222656 
79.55548858642578 41.8845329284668 
79.44156646728516 41.8845329284668 
79.44156646728516 41.979042053222656 
> -Z0.03819960355758667 
79.44783782958984 42.06884002685547 
79.56189727783203 42.06884002685547 
79.56189727783203 41.97431564331055 
79.44783782958984 41.97431564331055 
79.44783782958984 42.06884002685547 
> -Z0.04047366976737976 
79.45413208007812 42.15863037109375 
79.5683364868164 42.15863037109375 
79.5683364868164 42.06409454345703 
79.45413208007812 42.06409454345703 
79.45413208007812 42.15863037109375 
> -Z0.040912751108407974 
79.46045684814453 42.24842071533203 
79.57479858398438 42.24842071533203 
79.57479858398438 42.153873443603516 
79.46045684814453 42.153873443603516 
79.46045684814453 42.24842071533203 
> -Z-0.001269680680707097 
79.45092010498047 40.35790252685547 
79.562255859375 40.35790252685547 
79.562255859375 40.26350784301758 
79.45092010498047 40.26350784301758 
79.45092010498047 40.35790252685547 
> -Z-0.0011612034868448973 
79.45684814453125 40.44771957397461 
79.56832122802734 40.44771957397461 
79.56832122802734 40.35331344604492 
79.45684814453125 40.35331344604492 
79.45684814453125 40.44771957397461 
> -Z-0.00022841227473691106 
79.46280670166016 40.53753662109375 
79.57440185546875 40.53753662109375 
79.57440185546875 40.443119049072266 
79.46280670166016 40.443119049072266 
79.46280670166016 40.53753662109375 
> -Z0.475381076335907 
78.4609375 41.134830474853516 
78.48947143554688 41.134830474853516 
78.48947143554688 41.111454010009766 
78.4609375 41.111454010009766 
78.4609375 41.134830474853516 
> -Z0.5910764932632446 
78.49185943603516 41.156410217285156 
78.52039337158203 41.156410217285156 
78.52039337158203 41.133026123046875 
78.49185943603516 41.133026123046875 
78.49185943603516 41.156410217285156 
> -Z0.5560338497161865 
78.52159881591797 41.15550231933594 
78.55012512207031 41.15550231933594 
78.55012512207031 41.132110595703125 
78.52159881591797 41.132110595703125 
78.52159881591797 41.15550231933594 
> -Z0.4324004352092743 
78.49066925048828 41.13393020629883 
78.51919555664062 41.13393020629883 
78.51919555664062 41.11054611206055 
78.49066925048828 41.11054611206055 
78.49066925048828 41.13393020629883 
> -Z0.3603860139846802 
78.52039337158203 41.133026123046875 
78.54891204833984 41.133026123046875 
78.54891204833984 41.10963439941406 
78.52039337158203 41.10963439941406 
78.52039337158203 41.133026123046875 
> -Z0.2856937646865845 
78.43944549560547 41.29307556152344 
78.46805572509766 41.29307556152344 
78.46805572509766 41.26969909667969 
78.43944549560547 41.26969909667969 
78.43944549560547 41.29307556152344 
> -Z0.32801011204719543 
78.46924591064453 41.292179107666016 
78.49784851074219 41.292179107666016 
78.49784851074219 41.268798828125 
78.46924591064453 41.268798828125 
78.46924591064453 41.292179107666016 
> -Z0.35658302903175354 
78.43826293945312 41.27059555053711 
78.46686553955078 41.27059555053711 
78.46686553955078 41.247222900390625 
78.43826293945312 41.247222900390625 
78.43826293945312 41.27059555053711 
> -Z0.404334157705307 
78.46805572509766 41.26969909667969 
78.49665069580078 41.26969909667969 
78.49665069580078 41.24631881713867 
78.46805572509766 41.24631881713867 
78.46805572509766 41.26969909667969 
> -Z0.37018951773643494 
78.49905395507812 41.29127502441406 
78.52764129638672 41.29127502441406 
78.52764129638672 41.267887115478516 
78.49905395507812 41.267887115478516 
78.49905395507812 41.29127502441406 
> -Z0.425902396440506 
78.52885437011719 41.29036331176758 
78.55742645263672 41.29036331176758 
78.55742645263672 41.266971588134766 
78.52885437011719 41.266971588134766 
78.52885437011719 41.29036331176758 
> -Z0.46995553374290466 
78.49784851074219 41.268798828125 
78.52642822265625 41.268798828125 
78.52642822265625 41.24541091918945 
78.49784851074219 41.24541091918945 
78.49784851074219 41.268798828125 
> -Z0.5254566669464111 
78.52764129638672 41.267887115478516 
78.55620574951172 41.267887115478516 
78.55620574951172 41.2444953918457 
78.52764129638672 41.2444953918457 
78.52764129638672 41.267887115478516 
> -Z0.4122724235057831 
78.43708038330078 41.24811553955078 
78.4656753540039 41.24811553955078 
78.4656753540039 41.2247428894043 
78.43708038330078 41.2247428894043 
78.43708038330078 41.24811553955078 
> -Z0.4736553132534027 
78.46686553955078 41.247222900390625 
78.49544525146484 41.247222900390625 
78.49544525146484 41.22384262084961 
78.46686553955078 41.22384262084961 
78.46686553955078 41.247222900390625 
> -Z0.44479358196258545 
78.43590545654297 41.22563552856445 
78.46449279785156 41.22563552856445 
78.46449279785156 41.202266693115234 
78.43590545654297 41.202266693115234 
78.43590545654297 41.22563552856445 
> -Z0.5260121822357178 
78.4656753540039 41.2247428894043 
78.49425506591797 41.2247428894043 
78.49425506591797 41.20136642456055 
78.4656753540039 41.20136642456055 
78.4656753540039 41.2247428894043 
> -Z-0.0004924361128360033 
78.39774322509766 40.483760833740234 
78.51082611083984 40.483760833740234 
78.51082611083984 40.390316009521484 
78.39774322509766 40.390316009521484 
78.39774322509766 40.483760833740234 
> -Z-0.0007136269705370069 
78.40229034423828 40.573692321777344 
78.51551055908203 40.573692321777344 
78.51551055908203 40.4802360534668 
78.40229034423828 40.4802360534668 
78.40229034423828 40.573692321777344 
> -Z0.00035451058647595346 
78.4068603515625 40.66362380981445 
78.52021789550781 40.66362380981445 
78.52021789550781 40.57015609741211 
78.4068603515625 40.57015609741211 
78.4068603515625 40.66362380981445 
> -Z0.006756562273949385 
78.41145324707031 40.75354766845703 
78.52494812011719 40.75354766845703 
78.52494812011719 40.660072326660156 
78.41145324707031 40.660072326660156 
78.41145324707031 40.75354766845703 
> -Z0.005741925910115242 
78.41606903076172 40.843475341796875 
78.52970123291016 40.843475341796875 
78.52970123291016 40.7499885559082 
78.41606903076172 40.7499885559082 
78.41606903076172 40.843475341796875 
> -Z-0.003542052349075675 
78.42070007324219 40.93339920043945 
78.53446960449219 40.93339920043945 
78.53446960449219 40.83990478515625 
78.42070007324219 40.83990478515625 
78.42070007324219 40.93339920043945 
> -Z0.003872018540278077 
77.67999267578125 40.232425689697266 
77.79370880126953 40.232425689697266 
77.79370880126953 40.13965606689453 
77.67999267578125 40.13965606689453 
77.67999267578125 40.232425689697266 
> -Z0.005169545765966177 
77.68355560302734 40.322418212890625 
77.79740905761719 40.322418212890625 
77.79740905761719 40.229644775390625 
77.68355560302734 40.229644775390625 
77.68355560302734 40.322418212890625 
> -Z0.0045095169916749 
77.68712615966797 40.412410736083984 
77.8011245727539 40.412410736083984 
77.8011245727539 40.31962966918945 
77.68712615966797 40.31962966918945 
77.68712615966797 40.412410736083984 
> -Z0.07195637375116348 
78.18785095214844 41.0301399230957 
78.24502563476562 41.0301399230957 
78.24502563476562 40.98351287841797 
78.18785095214844 40.98351287841797 
78.18785095214844 41.0301399230957 
> -Z0.0773736983537674 
78.24723052978516 41.028480529785156 
78.30435943603516 41.028480529785156 
78.30435943603516 40.98182678222656 
78.24723052978516 40.98182678222656 
78.24723052978516 41.028480529785156 
> -Z0.03949042409658432 
78.18567657470703 40.98516845703125 
78.2428207397461 40.98516845703125 
78.2428207397461 40.93854522705078 
78.18567657470703 40.93854522705078 
78.18567657470703 40.98516845703125 
> -Z0.040136467665433884 
78.24502563476562 40.98351287841797 
78.30211639404297 40.98351287841797 
78.30211639404297 40.936859130859375 
78.24502563476562 40.936859130859375 
78.24502563476562 40.98351287841797 
> -Z0.12259304523468018 
78.19219970703125 41.12008285522461 
78.24944305419922 41.12008285522461 
78.24944305419922 41.073448181152344 
78.19219970703125 41.073448181152344 
78.19219970703125 41.12008285522461 
> -Z0.16875006258487701 
78.25166320800781 41.1184196472168 
78.30886840820312 41.1184196472168 
78.30886840820312 41.07175827026367 
78.25166320800781 41.07175827026367 
78.25166320800781 41.1184196472168 
> -Z0.11012889444828033 
78.19001770019531 41.075111389160156 
78.24723052978516 41.075111389160156 
78.24723052978516 41.028480529785156 
78.19001770019531 41.028480529785156 
78.19001770019531 41.075111389160156 
> -Z0.13734908401966095 
78.24944305419922 41.073448181152344 
78.30661010742188 41.073448181152344 
78.30661010742188 41.026790618896484 
78.24944305419922 41.026790618896484 
78.24944305419922 41.073448181152344 
> -Z0.12065839022397995 
78.19657135009766 41.21002197265625 
78.25389099121094 41.21002197265625 
78.25389099121094 41.16338348388672 
78.19657135009766 41.16338348388672 
78.19657135009766 41.21002197265625 
> -Z0.16552206873893738 
78.25611877441406 41.208351135253906 
78.31339263916016 41.208351135253906 
78.31339263916016 41.161685943603516 
78.25611877441406 41.161685943603516 
78.25611877441406 41.208351135253906 
> -Z0.11097928136587143 
78.19438171386719 41.16505432128906 
78.25166320800781 41.16505432128906 
78.25166320800781 41.1184196472168 
78.19438171386719 41.1184196472168 
78.19438171386719 41.16505432128906 
> -Z0.16469120979309082 
78.25389099121094 41.16338348388672 
78.31112670898438 41.16338348388672 
78.31112670898438 41.116722106933594 
78.25389099121094 41.116722106933594 
78.25389099121094 41.16338348388672 
> -Z0.07845435291528702 
78.20096588134766 41.29996109008789 
78.25835418701172 41.29996109008789 
78.25835418701172 41.253318786621094 
78.20096588134766 41.253318786621094 
78.20096588134766 41.29996109008789 
> -Z0.11793870478868484 
78.26058959960938 41.29828643798828 
78.31793212890625 41.29828643798828 
78.31793212890625 41.25161361694336 
78.26058959960938 41.25161361694336 
78.26058959960938 41.29828643798828 
> -Z0.10449285060167313 
78.19876861572266 41.25498962402344 
78.25611877441406 41.25498962402344 
78.25611877441406 41.208351135253906 
78.19876861572266 41.208351135253906 
78.19876861572266 41.25498962402344 
> -Z0.15108656883239746 
78.25835418701172 41.253318786621094 
78.31565856933594 41.253318786621094 
78.31565856933594 41.20664978027344 
78.25835418701172 41.20664978027344 
78.25835418701172 41.253318786621094 
> -Z0.06763653457164764 
78.20537567138672 41.389896392822266 
78.3202133178711 41.389896392822266 
78.3202133178711 41.29657745361328 
78.20537567138672 41.29657745361328 
78.20537567138672 41.389896392822266 
> -Z-0.001999421278014779 
79.9269027709961 40.4286003112793 
80.03763580322266 40.4286003112793 
80.03763580322266 40.33378219604492 
79.9269027709961 40.33378219604492 
79.9269027709961 40.4286003112793 
> -Z-0.0020932394545525312 
79.93347930908203 40.51835632324219 
80.04434204101562 40.51835632324219 
80.04434204101562 40.42352294921875 
79.93347930908203 40.42352294921875 
79.93347930908203 40.51835632324219 
> -Z-0.0017077733064070344 
79.94009399414062 40.60811233520508 
80.05107879638672 40.60811233520508 
80.05107879638672 40.51326370239258 
79.94009399414062 40.51326370239258 
79.94009399414062 40.60811233520508 
> -Z-0.018004698678851128 
78.97843170166016 41.320709228515625 
79.0352554321289 41.320709228515625 
79.0352554321289 41.273704528808594 
78.97843170166016 41.273704528808594 
78.97843170166016 41.320709228515625 
> -Z0.004815031308680773 
78.92694854736328 41.45755386352539 
79.04080963134766 41.45755386352539 
79.04080963134766 41.363555908203125 
78.92694854736328 41.363555908203125 
78.92694854736328 41.45755386352539 
> -Z0.02166048064827919 
78.93238830566406 41.54741668701172 
79.04638671875 41.54741668701172 
79.04638671875 41.453407287597656 
78.93238830566406 41.453407287597656 
78.93238830566406 41.54741668701172 
> -Z0.029845722019672394 
78.93785858154297 41.63727569580078 
79.05199432373047 41.63727569580078 
79.05199432373047 41.54325866699219 
78.93785858154297 41.54325866699219 
78.93785858154297 41.63727569580078 
> -Z0.04064079001545906 
78.94334411621094 41.727134704589844 
79.05762481689453 41.727134704589844 
79.05762481689453 41.63310623168945 
78.94334411621094 41.63310623168945 
78.94334411621094 41.727134704589844 
> -Z0.027861466631293297 
77.01583862304688 41.59703826904297 
77.1327896118164 41.59703826904297 
77.1327896118164 41.50486373901367 
77.01583862304688 41.50486373901367 
77.01583862304688 41.59703826904297 
> -Z0.026982272043824196 
77.01864624023438 41.68705749511719 
77.13574981689453 41.68705749511719 
77.13574981689453 41.594871520996094 
77.01864624023438 41.594871520996094 
77.01864624023438 41.68705749511719 
> -Z0.025199824944138527 
77.02146911621094 41.777069091796875 
77.13872528076172 41.777069091796875 
77.13872528076172 41.68488311767578 
77.02146911621094 41.68488311767578 
77.02146911621094 41.777069091796875 
> -Z0.005776513833552599 
77.02429962158203 41.86708450317383 
77.14170837402344 41.86708450317383 
77.14170837402344 41.7748908996582 
77.02429962158203 41.7748908996582 
77.02429962158203 41.86708450317383 
> -Z0.0007491467404179275 
77.02714538574219 41.957096099853516 
77.14471435546875 41.957096099853516 
77.14471435546875 41.864898681640625 
77.02714538574219 41.864898681640625 
77.02714538574219 41.957096099853516 
> -Z0.005094187334179878 
77.08993530273438 40.15450668334961 
77.20435333251953 40.15450668334961 
77.20435333251953 40.06229782104492 
77.08993530273438 40.06229782104492 
77.08993530273438 40.15450668334961 
> -Z0.002137279137969017 
77.09269714355469 40.24454116821289 
77.20726776123047 40.24454116821289 
77.20726776123047 40.15232849121094 
77.09269714355469 40.15232849121094 
77.09269714355469 40.24454116821289 
> -Z0.001958270091563463 
77.0954818725586 40.334571838378906 
77.21018981933594 40.334571838378906 
77.21018981933594 40.24235534667969 
77.0954818725586 40.24235534667969 
77.0954818725586 40.334571838378906 
> -Z0.007390378508716822 
77.09827423095703 40.42460632324219 
77.21311950683594 40.42460632324219 
77.21311950683594 40.33238220214844 
77.09827423095703 40.33238220214844 
77.09827423095703 40.42460632324219 
> -Z0.013919088058173656 
77.10107421875 40.5146369934082 
77.21607208251953 40.5146369934082 
77.21607208251953 40.42240524291992 
77.10107421875 40.42240524291992 
77.10107421875 40.5146369934082 
> -Z0.022687142714858055 
77.10389709472656 40.60466384887695 
77.21903228759766 40.60466384887695 
77.21903228759766 40.512428283691406 
77.10389709472656 40.512428283691406 
77.10389709472656 40.60466384887695 
> -Z0.023761549964547157 
77.10672760009766 40.6946907043457 
77.22200775146484 40.6946907043457 
77.22200775146484 40.60245132446289 
77.10672760009766 40.60245132446289 
77.10672760009766 40.6946907043457 
> -Z0.022914519533514977 
77.10956573486328 40.78471755981445 
77.2249984741211 40.78471755981445 
77.2249984741211 40.69247055053711 
77.10956573486328 40.69247055053711 
77.10956573486328 40.78471755981445 
> -Z0.019370175898075104 
77.1124267578125 40.87474060058594 
77.2280044555664 40.87474060058594 
77.2280044555664 40.78248977661133 
77.1124267578125 40.78248977661133 
77.1124267578125 40.87474060058594 
> -Z0.0233613308519125 
77.11529541015625 40.96476364135742 
77.23101806640625 40.96476364135742 
77.23101806640625 40.87250518798828 
77.11529541015625 40.87250518798828 
77.11529541015625 40.96476364135742 
> -Z0.031138213351368904 
77.11817932128906 41.05478286743164 
77.23404693603516 41.05478286743164 
77.23404693603516 40.962520599365234 
77.11817932128906 40.962520599365234 
77.11817932128906 41.05478286743164 
> -Z0.027355140075087547 
77.1210708618164 41.14480209350586 
77.23709106445312 41.14480209350586 
77.23709106445312 41.05253601074219 
77.1210708618164 41.05253601074219 
77.1210708618164 41.14480209350586 
> -Z0.019777748733758926 
77.12397766113281 41.23481750488281 
77.24015045166016 41.23481750488281 
77.24015045166016 41.142547607421875 
77.12397766113281 41.142547607421875 
77.12397766113281 41.23481750488281 
> -Z0.0032572918571531773 
77.56938934326172 40.41508865356445 
77.68355560302734 40.41508865356445 
77.68355560302734 40.322418212890625 
77.56938934326172 40.322418212890625 
77.56938934326172 40.41508865356445 
> -Z0.004755668342113495 
79.37448120117188 40.99115753173828 
79.4869155883789 40.99115753173828 
79.4869155883789 40.896785736083984 
79.37448120117188 40.896785736083984 
79.37448120117188 40.99115753173828 
> -Z0.0015144685748964548 
79.38043975830078 41.08097457885742 
79.49300384521484 41.08097457885742 
79.49300384521484 40.98659133911133 
79.38043975830078 40.98659133911133 
79.38043975830078 41.08097457885742 
> -Z-0.0014850012958049774 
79.38642883300781 41.17079162597656 
79.49913024902344 41.17079162597656 
79.49913024902344 41.076393127441406 
79.38642883300781 41.076393127441406 
79.38642883300781 41.17079162597656 
> -Z-0.0028068646788597107 
79.39244842529297 41.2606086730957 
79.50527954101562 41.2606086730957 
79.50527954101562 41.166194915771484 
79.39244842529297 41.166194915771484 
79.39244842529297 41.2606086730957 
> -Z0.018750138580799103 
77.12689971923828 41.32483673095703 
77.24321746826172 41.32483673095703 
77.24321746826172 41.2325553894043 
77.12689971923828 41.2325553894043 
77.12689971923828 41.32483673095703 
> -Z0.002418002113699913 
77.12983703613281 41.41484832763672 
77.24630737304688 41.41484832763672 
77.24630737304688 41.322566986083984 
77.12983703613281 41.322566986083984 
77.12983703613281 41.41484832763672 
> -Z0.0013049938715994358 
79.46879577636719 40.62735366821289 
79.58052062988281 40.62735366821289 
79.58052062988281 40.532920837402344 
79.46879577636719 40.532920837402344 
79.46879577636719 40.62735366821289 
> -Z0.0033078878186643124 
79.47480773925781 40.717166900634766 
79.58666229248047 40.717166900634766 
79.58666229248047 40.62272262573242 
79.47480773925781 40.62272262573242 
79.47480773925781 40.717166900634766 
> -Z0.005873977206647396 
79.48084259033203 40.806976318359375 
79.59282684326172 40.806976318359375 
79.59282684326172 40.712520599365234 
79.48084259033203 40.712520599365234 
79.48084259033203 40.806976318359375 
> -Z0.005321792792528868 
79.4869155883789 40.896785736083984 
79.59902954101562 40.896785736083984 
79.59902954101562 40.80231475830078 
79.4869155883789 40.80231475830078 
79.4869155883789 40.896785736083984 
> -Z0.0029750592075288296 
79.49300384521484 40.98659133911133 
79.60525512695312 40.98659133911133 
79.60525512695312 40.89210891723633 
79.49300384521484 40.89210891723633 
79.49300384521484 40.98659133911133 
> -Z0.0018119834130629897 
79.49913024902344 41.076393127441406 
79.61150360107422 41.076393127441406 
79.61150360107422 40.98189926147461 
79.49913024902344 40.98189926147461 
79.49913024902344 41.076393127441406 
> -Z-0.0509791374206543 
78.79179382324219 41.19194030761719 
78.82023620605469 41.19194030761719 
78.82023620605469 41.168487548828125 
78.79179382324219 41.168487548828125 
78.79179382324219 41.19194030761719 
> -Z-0.032951198518276215 
78.82154083251953 41.190956115722656 
78.84996795654297 41.190956115722656 
78.84996795654297 41.16749572753906 
78.82154083251953 41.16749572753906 
78.82154083251953 41.190956115722656 
> -Z-0.03775099292397499 
78.79049682617188 41.16946792602539 
78.81892395019531 41.16946792602539 
78.81892395019531 41.14601516723633 
78.79049682617188 41.14601516723633 
78.79049682617188 41.16946792602539 
> -Z-0.024195251986384392 
78.82023620605469 41.168487548828125 
78.8486557006836 41.168487548828125 
78.8486557006836 41.14502716064453 
78.82023620605469 41.14502716064453 
78.82023620605469 41.168487548828125 
> -Z-0.017809556797146797 
78.85128784179688 41.189964294433594 
78.90809631347656 41.189964294433594 
78.90809631347656 41.14302062988281 
78.85128784179688 41.14302062988281 
78.85128784179688 41.189964294433594 
> -Z-0.026363860815763474 
78.78919982910156 41.14699935913086 
78.81761932373047 41.14699935913086 
78.81761932373047 41.1235466003418 
78.78919982910156 41.1235466003418 
78.78919982910156 41.14699935913086 
> -Z-0.017141448333859444 
78.81892395019531 41.14601516723633 
78.84733581542969 41.14601516723633 
78.84733581542969 41.122554779052734 
78.81892395019531 41.122554779052734 
78.81892395019531 41.14601516723633 
> -Z-0.016388539224863052 
78.78790283203125 41.12452697753906 
78.81632232666016 41.12452697753906 
78.81632232666016 41.10107421875 
78.78790283203125 41.10107421875 
78.78790283203125 41.12452697753906 
> -Z-0.00954583939164877 
78.81761932373047 41.1235466003418 
78.84602355957031 41.1235466003418 
78.84602355957031 41.1000862121582 
78.81761932373047 41.1000862121582 
78.81761932373047 41.1235466003418 
> -Z-0.007884909398853779 
78.8486557006836 41.14502716064453 
78.90542602539062 41.14502716064453 
78.90542602539062 41.098087310791016 
78.8486557006836 41.098087310791016 
78.8486557006836 41.14502716064453 
> -Z0.11388067901134491 
78.7969970703125 41.281822204589844 
78.82547760009766 41.281822204589844 
78.82547760009766 41.258365631103516 
78.7969970703125 41.258365631103516 
78.7969970703125 41.281822204589844 
> -Z0.05026011914014816 
78.82678985595703 41.28083419799805 
78.8552474975586 41.28083419799805 
78.8552474975586 41.25736999511719 
78.82678985595703 41.25736999511719 
78.82678985595703 41.28083419799805 
> -Z0.01426037959754467 
78.79570007324219 41.25934982299805 
78.82416534423828 41.25934982299805 
78.82416534423828 41.23589324951172 
78.79570007324219 41.23589324951172 
78.79570007324219 41.25934982299805 
> -Z-0.014507348649203777 
78.82547760009766 41.258365631103516 
78.85392761230469 41.258365631103516 
78.85392761230469 41.234901428222656 
78.82547760009766 41.234901428222656 
78.82547760009766 41.258365631103516 
> -Z0.006133554968982935 
78.85657501220703 41.27983856201172 
78.88502502441406 41.27983856201172 
78.88502502441406 41.25636672973633 
78.85657501220703 41.25636672973633 
78.85657501220703 41.27983856201172 
> -Z-0.016855960711836815 
78.88636016845703 41.27883529663086 
78.914794921875 41.27883529663086 
78.914794921875 41.25535583496094 
78.88636016845703 41.25535583496094 
78.88636016845703 41.27883529663086 
> -Z-0.025088658556342125 
78.8552474975586 41.25736999511719 
78.8836898803711 41.25736999511719 
78.8836898803711 41.2338981628418 
78.8552474975586 41.2338981628418 
78.8552474975586 41.25736999511719 
> -Z-0.027694949880242348 
78.88502502441406 41.25636672973633 
78.9134521484375 41.25636672973633 
78.9134521484375 41.23289108276367 
78.88502502441406 41.23289108276367 
78.88502502441406 41.25636672973633 
> -Z-0.040925223380327225 
78.79439544677734 41.236881256103516 
78.8228530883789 41.236881256103516 
78.8228530883789 41.21342468261719 
78.79439544677734 41.21342468261719 
78.79439544677734 41.236881256103516 
> -Z-0.04092918708920479 
78.82416534423828 41.23589324951172 
78.85260772705078 41.23589324951172 
78.85260772705078 41.212432861328125 
78.82416534423828 41.212432861328125 
78.82416534423828 41.23589324951172 
> -Z0.001981234410777688 
79.59282684326172 40.712520599365234 
79.70449829101562 40.712520599365234 
79.70449829101562 40.61797332763672 
79.59282684326172 40.61797332763672 
79.59282684326172 40.712520599365234 
> -Z0.0027316263876855373 
79.59902954101562 40.80231475830078 
79.71082305908203 40.80231475830078 
79.71082305908203 40.70775604248047 
79.59902954101562 40.70775604248047 
79.59902954101562 40.80231475830078 
> -Z-0.00018623795767780393 
79.85502624511719 41.06191635131836 
79.96683502197266 41.06191635131836 
79.96683502197266 40.967105865478516 
79.85502624511719 40.967105865478516 
79.85502624511719 41.06191635131836 
> -Z0.00020515169308055192 
79.86165618896484 41.15167236328125 
79.97359466552734 41.15167236328125 
79.97359466552734 41.05685043334961 
79.86165618896484 41.05685043334961 
79.86165618896484 41.15167236328125 
> -Z0.0032941072713583708 
79.86831665039062 41.24142837524414 
79.98038482666016 41.24142837524414 
79.98038482666016 41.14658737182617 
79.86831665039062 41.14658737182617 
79.86831665039062 41.24142837524414 
> -Z5.5145617807284e-05 
79.87500762939453 41.331180572509766 
79.98721313476562 41.331180572509766 
79.98721313476562 41.236328125 
79.87500762939453 41.236328125 
79.87500762939453 41.331180572509766 
> -Z0.001786167616955936 
79.88172912597656 41.420928955078125 
79.99406433105469 41.420928955078125 
79.99406433105469 41.3260612487793 
79.88172912597656 41.3260612487793 
79.88172912597656 41.420928955078125 
> -Z0.005609958898276091 
79.88848114013672 41.510677337646484 
80.00094604492188 41.510677337646484 
80.00094604492188 41.415794372558594 
79.88848114013672 41.415794372558594 
79.88848114013672 41.510677337646484 
> -Z0.03651810064911842 
79.18904113769531 41.8084716796875 
79.3030776977539 41.8084716796875 
79.3030776977539 41.71420669555664 
79.18904113769531 41.71420669555664 
79.18904113769531 41.8084716796875 
> -Z0.030439691618084908 
79.1949234008789 41.89829635620117 
79.30909729003906 41.89829635620117 
79.30909729003906 41.804019927978516 
79.1949234008789 41.804019927978516 
79.1949234008789 41.89829635620117 
> -Z0.03592745214700699 
79.20082092285156 41.988121032714844 
79.31513977050781 41.988121032714844 
79.31513977050781 41.89383316040039 
79.20082092285156 41.89383316040039 
79.20082092285156 41.988121032714844 
> -Z0.039434418082237244 
79.20674896240234 42.077945709228516 
79.32121276855469 42.077945709228516 
79.32121276855469 41.983646392822266 
79.20674896240234 41.983646392822266 
79.20674896240234 42.077945709228516 
> -Z0.040029145777225494 
79.21270751953125 42.16776657104492 
79.32730865478516 42.16776657104492 
79.32730865478516 42.073455810546875 
79.21270751953125 42.073455810546875 
79.21270751953125 42.16776657104492 
> -Z0.04107503965497017 
79.21869659423828 42.25758743286133 
79.33343505859375 42.25758743286133 
79.33343505859375 42.16326141357422 
79.21869659423828 42.16326141357422 
79.21869659423828 42.25758743286133 
> -Z-0.0011431076563894749 
79.2160415649414 40.36671829223633 
79.32774353027344 40.36671829223633 
79.32774353027344 40.27253341674805 
79.2160415649414 40.27253341674805 
79.2160415649414 40.36671829223633 
> -Z-0.0004955510958097875 
79.22166442871094 40.456565856933594 
79.33349609375 40.456565856933594 
79.33349609375 40.362369537353516 
79.22166442871094 40.362369537353516 
79.22166442871094 40.456565856933594 
> -Z0.0006751953042112291 
79.22731018066406 40.546409606933594 
79.33927154541016 40.546409606933594 
79.33927154541016 40.45220184326172 
79.22731018066406 40.45220184326172 
79.22731018066406 40.546409606933594 
> -Z0.001511155627667904 
79.23297882080078 40.636253356933594 
79.3450698852539 40.636253356933594 
79.3450698852539 40.54203414916992 
79.23297882080078 40.54203414916992 
79.23297882080078 40.636253356933594 
> -Z0.00473189540207386 
79.23867797851562 40.72609329223633 
79.35089874267578 40.72609329223633 
79.35089874267578 40.63186264038086 
79.23867797851562 40.63186264038086 
79.23867797851562 40.72609329223633 
> -Z0.007445427123457193 
79.24440002441406 40.81593322753906 
79.35675811767578 40.81593322753906 
79.35675811767578 40.7216911315918 
79.24440002441406 40.7216911315918 
79.24440002441406 40.81593322753906 
> -Z0.012554456479847431 
79.25015258789062 40.90576934814453 
79.36264038085938 40.90576934814453 
79.36264038085938 40.81151580810547 
79.25015258789062 40.81151580810547 
79.25015258789062 40.90576934814453 
> -Z0.010426854714751244 
79.25592803955078 40.99560546875 
79.36854553222656 40.99560546875 
79.36854553222656 40.901336669921875 
79.25592803955078 40.901336669921875 
79.25592803955078 40.99560546875 
> -Z0.004752569831907749 
79.26172637939453 41.0854377746582 
79.37448120117188 41.0854377746582 
79.37448120117188 40.99115753173828 
79.26172637939453 40.99115753173828 
79.26172637939453 41.0854377746582 
> -Z0.007036783266812563 
78.30211639404297 40.936859130859375 
78.41606903076172 40.936859130859375 
78.41606903076172 40.843475341796875 
78.30211639404297 40.843475341796875 
78.30211639404297 40.936859130859375 
> -Z0.08139398694038391 
78.30661010742188 41.026790618896484 
78.36369323730469 41.026790618896484 
78.36369323730469 40.980106353759766 
78.30661010742188 40.980106353759766 
78.30661010742188 41.026790618896484 
> -Z0.6134463548660278 
78.49544525146484 41.22384262084961 
78.52400970458984 41.22384262084961 
78.52400970458984 41.20045852661133 
78.49544525146484 41.20045852661133 
78.49544525146484 41.22384262084961 
> -Z0.6893611550331116 
78.52522277832031 41.22293472290039 
78.55377197265625 41.22293472290039 
78.55377197265625 41.19954299926758 
78.52522277832031 41.19954299926758 
78.52522277832031 41.22293472290039 
> -Z0.11939044296741486 
78.44418334960938 41.38298797607422 
78.50145721435547 41.38298797607422 
78.50145721435547 41.33623123168945 
78.44418334960938 41.33623123168945 
78.44418334960938 41.38298797607422 
> -Z0.16003960371017456 
78.50386810302734 41.38118362426758 
78.56110382080078 41.38118362426758 
78.56110382080078 41.33439636230469 
78.50386810302734 41.33439636230469 
78.50386810302734 41.38118362426758 
> -Z0.20534354448318481 
78.44181060791016 41.33803176879883 
78.49905395507812 41.33803176879883 
78.49905395507812 41.29127502441406 
78.44181060791016 41.29127502441406 
78.44181060791016 41.33803176879883 
> -Z0.21999773383140564 
78.50145721435547 41.33623123168945 
78.53006744384766 41.33623123168945 
78.53006744384766 41.31283950805664 
78.50145721435547 41.31283950805664 
78.50145721435547 41.33623123168945 
> -Z0.25292980670928955 
78.53128051757812 41.33531951904297 
78.55987548828125 41.33531951904297 
78.55987548828125 41.311920166015625 
78.53128051757812 41.311920166015625 
78.53128051757812 41.33531951904297 
> -Z0.28183045983314514 
78.50025177001953 41.313751220703125 
78.52885437011719 41.313751220703125 
78.52885437011719 41.29036331176758 
78.50025177001953 41.29036331176758 
78.50025177001953 41.313751220703125 
> -Z0.32593652606010437 
78.53006744384766 41.31283950805664 
78.55865478515625 41.31283950805664 
78.55865478515625 41.28944778442383 
78.53006744384766 41.28944778442383 
78.53006744384766 41.31283950805664 
> -Z0.0413566417992115 
78.44894409179688 41.472900390625 
78.50628662109375 41.472900390625 
78.50628662109375 41.4261360168457 
78.44894409179688 41.4261360168457 
78.44894409179688 41.472900390625 
> -Z0.040615204721689224 
78.50871276855469 41.471092224121094 
78.5660171508789 41.471092224121094 
78.5660171508789 41.42430114746094 
78.50871276855469 41.42430114746094 
78.50871276855469 41.471092224121094 
> -Z0.07016134262084961 
78.44656372070312 41.42794418334961 
78.50386810302734 41.42794418334961 
78.50386810302734 41.38118362426758 
78.44656372070312 41.38118362426758 
78.44656372070312 41.42794418334961 
> -Z0.07769720256328583 
78.50628662109375 41.4261360168457 
78.56355285644531 41.4261360168457 
78.56355285644531 41.37934875488281 
78.50628662109375 41.37934875488281 
78.50628662109375 41.4261360168457 
> -Z0.02175593189895153 
78.45372772216797 41.56281280517578 
78.5684814453125 41.56281280517578 
78.5684814453125 41.4692497253418 
78.45372772216797 41.4692497253418 
78.45372772216797 41.56281280517578 
> -Z0.018328361213207245 
78.45852661132812 41.6527214050293 
78.57342529296875 41.6527214050293 
78.57342529296875 41.55915069580078 
78.45852661132812 41.55915069580078 
78.45852661132812 41.6527214050293 
> -Z0.019618121907114983 
78.4633560180664 41.74262619018555 
78.57839965820312 41.74262619018555 
78.57839965820312 41.6490478515625 
78.4633560180664 41.6490478515625 
78.4633560180664 41.74262619018555 
> -Z0.02312111109495163 
78.46820068359375 41.8325309753418 
78.58338928222656 41.8325309753418 
78.58338928222656 41.73894119262695 
78.46820068359375 41.73894119262695 
78.46820068359375 41.8325309753418 
> -Z0.029292818158864975 
78.47307586669922 41.92243576049805 
78.5884017944336 41.92243576049805 
78.5884017944336 41.828834533691406 
78.47307586669922 41.828834533691406 
78.47307586669922 41.92243576049805 
> -Z0.03180709853768349 
78.47796630859375 42.01233673095703 
78.59344482421875 42.01233673095703 
78.59344482421875 41.91872787475586 
78.47796630859375 41.91872787475586 
78.47796630859375 42.01233673095703 
> -Z0.030287859961390495 
78.48287963867188 42.10223388671875 
78.59850311279297 42.10223388671875 
78.59850311279297 42.00861740112305 
78.48287963867188 42.00861740112305 
78.48287963867188 42.10223388671875 
> -Z0.032643336802721024 
78.4878158569336 42.19213104248047 
78.60358428955078 42.19213104248047 
78.60358428955078 42.09850311279297 
78.4878158569336 42.09850311279297 
78.4878158569336 42.19213104248047 
> -Z0.024415647611021996 
78.49278259277344 42.28202819824219 
78.60869598388672 42.28202819824219 
78.60869598388672 42.18838882446289 
78.49278259277344 42.18838882446289 
78.49278259277344 42.28202819824219 
> -Z0.0037202113308012486 
78.51082611083984 40.390316009521484 
78.62359619140625 40.390316009521484 
78.62359619140625 40.29676818847656 
78.51082611083984 40.29676818847656 
78.51082611083984 40.390316009521484 
> -Z0.0009630417916923761 
78.51551055908203 40.4802360534668 
78.62841796875 40.4802360534668 
78.62841796875 40.386680603027344 
78.51551055908203 40.386680603027344 
78.51551055908203 40.4802360534668 
> -Z-0.0011501130647957325 
78.52021789550781 40.57015609741211 
78.63326263427734 40.57015609741211 
78.63326263427734 40.47658920288086 
78.52021789550781 40.47658920288086 
78.52021789550781 40.57015609741211 
> -Z0.06704364717006683 
78.76591491699219 41.26033020019531 
78.79439544677734 41.26033020019531 
78.79439544677734 41.236881256103516 
78.76591491699219 41.236881256103516 
78.76591491699219 41.26033020019531 
> -Z0.29102370142936707 
78.6753158569336 41.24074935913086 
78.70381927490234 41.24074935913086 
78.70381927490234 41.21731948852539 
78.6753158569336 41.21731948852539 
78.6753158569336 41.24074935913086 
> -Z0.13899800181388855 
78.70508575439453 41.23979187011719 
78.73357391357422 41.23979187011719 
78.73357391357422 41.21635818481445 
78.70508575439453 41.21635818481445 
78.70508575439453 41.23979187011719 
> -Z0.11667745560407639 
78.67405700683594 41.21827697753906 
78.70254516601562 41.21827697753906 
78.70254516601562 41.194847106933594 
78.67405700683594 41.194847106933594 
78.67405700683594 41.21827697753906 
> -Z0.010510123334825039 
78.70381927490234 41.21731948852539 
78.7322998046875 41.21731948852539 
78.7322998046875 41.193885803222656 
78.70381927490234 41.193885803222656 
78.70381927490234 41.21731948852539 
> -Z0.02924133650958538 
78.73485565185547 41.23883056640625 
78.76333618164062 41.23883056640625 
78.76333618164062 41.215389251708984 
78.73485565185547 41.215389251708984 
78.73485565185547 41.23883056640625 
> -Z-0.026517702266573906 
78.7646255493164 41.237857818603516 
78.7930908203125 41.237857818603516 
78.7930908203125 41.21440887451172 
78.7646255493164 41.21440887451172 
78.7646255493164 41.237857818603516 
> -Z-0.040496259927749634 
78.73357391357422 41.21635818481445 
78.76204681396484 41.21635818481445 
78.76204681396484 41.19291687011719 
78.73357391357422 41.19291687011719 
78.73357391357422 41.21635818481445 
> -Z-0.06733523309230804 
78.76333618164062 41.215389251708984 
78.79179382324219 41.215389251708984 
78.79179382324219 41.19194030761719 
78.76333618164062 41.19194030761719 
78.76333618164062 41.215389251708984 
> -Z0.17154589295387268 
78.68290710449219 41.375587463378906 
78.71145629882812 41.375587463378906 
78.71145629882812 41.35215377807617 
78.68290710449219 41.35215377807617 
78.68290710449219 41.375587463378906 
> -Z0.16936667263507843 
78.71273803710938 41.37462615966797 
78.74127960205078 41.37462615966797 
78.74127960205078 41.35118865966797 
78.71273803710938 41.35118865966797 
78.71273803710938 41.37462615966797 
> -Z0.253123015165329 
78.68163299560547 41.35311508178711 
78.7101821899414 41.35311508178711 
78.7101821899414 41.329681396484375 
78.68163299560547 41.329681396484375 
78.68163299560547 41.35311508178711 
> -Z0.24509307742118835 
78.71145629882812 41.35215377807617 
78.739990234375 41.35215377807617 
78.739990234375 41.32871627807617 
78.71145629882812 41.32871627807617 
78.71145629882812 41.35215377807617 
> -Z0.15610875189304352 
78.74256896972656 41.3736572265625 
78.77110290527344 41.3736572265625 
78.77110290527344 41.35021209716797 
78.74256896972656 41.35021209716797 
78.74256896972656 41.3736572265625 
> -Z0.13866496086120605 
78.77239990234375 41.372684478759766 
78.80091857910156 41.372684478759766 
78.80091857910156 41.3492317199707 
78.77239990234375 41.3492317199707 
78.77239990234375 41.372684478759766 
> -Z0.22514685988426208 
78.74127960205078 41.35118865966797 
78.76980590820312 41.35118865966797 
78.76980590820312 41.32774353027344 
78.74127960205078 41.32774353027344 
78.74127960205078 41.35118865966797 
> -Z0.20115533471107483 
78.77110290527344 41.35021209716797 
78.79961395263672 41.35021209716797 
78.79961395263672 41.326759338378906 
78.77110290527344 41.326759338378906 
78.77110290527344 41.35021209716797 
> -Z0.34958064556121826 
78.68036651611328 41.33064270019531 
78.70890808105469 41.33064270019531 
78.70890808105469 41.30720901489258 
78.68036651611328 41.30720901489258 
78.68036651611328 41.33064270019531 
> -Z0.33333465456962585 
78.7101821899414 41.329681396484375 
78.73870849609375 41.329681396484375 
78.73870849609375 41.306243896484375 
78.7101821899414 41.306243896484375 
78.7101821899414 41.329681396484375 
> -Z0.42804181575775146 
78.6791000366211 41.30816650390625 
78.70763397216797 41.30816650390625 
78.70763397216797 41.28473663330078 
78.6791000366211 41.28473663330078 
78.6791000366211 41.30816650390625 
> -Z0.39239534735679626 
78.70890808105469 41.30720901489258 
78.73741912841797 41.30720901489258 
78.73741912841797 41.283775329589844 
78.70890808105469 41.283775329589844 
78.70890808105469 41.30720901489258 
> -Z0.2921279966831207 
78.739990234375 41.32871627807617 
78.76850891113281 41.32871627807617 
78.76850891113281 41.30527114868164 
78.739990234375 41.30527114868164 
78.739990234375 41.32871627807617 
> -Z0.2501731514930725 
78.76980590820312 41.32774353027344 
78.79830932617188 41.32774353027344 
78.79830932617188 41.304290771484375 
78.76980590820312 41.304290771484375 
78.76980590820312 41.32774353027344 
> -Z0.3241770565509796 
78.73870849609375 41.306243896484375 
78.7672119140625 41.306243896484375 
78.7672119140625 41.28280258178711 
78.73870849609375 41.28280258178711 
78.73870849609375 41.306243896484375 
> -Z0.26612842082977295 
78.76850891113281 41.30527114868164 
78.7969970703125 41.30527114868164 
78.7969970703125 41.281822204589844 
78.76850891113281 41.281822204589844 
78.76850891113281 41.30527114868164 
> -Z-0.0065750060603022575 
78.57862854003906 41.10871505737305 
78.60711669921875 41.10871505737305 
78.60711669921875 41.08531188964844 
78.57862854003906 41.08531188964844 
78.57862854003906 41.10871505737305 
> -Z-0.005254433955997229 
78.54769897460938 41.087158203125 
78.57618713378906 41.087158203125 
78.57618713378906 41.06376266479492 
78.54769897460938 41.06376266479492 
78.54769897460938 41.087158203125 
> -Z-0.04468155652284622 
78.57740783691406 41.086238861083984 
78.60588836669922 41.086238861083984 
78.60588836669922 41.062835693359375 
78.57740783691406 41.062835693359375 
78.57740783691406 41.086238861083984 
> -Z-0.06361506879329681 
78.60834503173828 41.1077880859375 
78.6368179321289 41.1077880859375 
78.6368179321289 41.08437728881836 
78.60834503173828 41.08437728881836 
78.60834503173828 41.1077880859375 
> -Z-0.06781468540430069 
78.6380615234375 41.106849670410156 
78.66651916503906 41.106849670410156 
78.66651916503906 41.08343505859375 
78.6380615234375 41.08343505859375 
78.6380615234375 41.106849670410156 
> -Z-0.05942505598068237 
78.60711669921875 41.08531188964844 
78.63558197021484 41.08531188964844 
78.63558197021484 41.0619010925293 
78.60711669921875 41.0619010925293 
78.60711669921875 41.08531188964844 
> -Z-0.05493507906794548 
78.6368179321289 41.08437728881836 
78.66527557373047 41.08437728881836 
78.66527557373047 41.06095886230469 
78.6368179321289 41.06095886230469 
78.6368179321289 41.08437728881836 
> -Z-0.03306005895137787 
78.54649353027344 41.06468200683594 
78.5749740600586 41.06468200683594 
78.5749740600586 41.04128646850586 
78.54649353027344 41.04128646850586 
78.54649353027344 41.06468200683594 
> -Z-0.047000158578157425 
78.57618713378906 41.06376266479492 
78.60466003417969 41.06376266479492 
78.60466003417969 41.04035949707031 
78.57618713378906 41.04035949707031 
78.57618713378906 41.06376266479492 
> -Z-0.03490624204277992 
78.54528045654297 41.04220199584961 
78.5737533569336 41.04220199584961 
78.5737533569336 41.0188102722168 
78.54528045654297 41.0188102722168 
78.54528045654297 41.04220199584961 
> -Z-0.04125652462244034 
78.5749740600586 41.04128646850586 
78.60343170166016 41.04128646850586 
78.60343170166016 41.01788330078125 
78.5749740600586 41.01788330078125 
78.5749740600586 41.04128646850586 
> -Z-0.05007151886820793 
78.60588836669922 41.062835693359375 
78.63433837890625 41.062835693359375 
78.63433837890625 41.039424896240234 
78.60588836669922 41.039424896240234 
78.60588836669922 41.062835693359375 
> -Z-0.04348273575305939 
78.63558197021484 41.0619010925293 
78.66402435302734 41.0619010925293 
78.66402435302734 41.03848648071289 
78.63558197021484 41.03848648071289 
78.63558197021484 41.0619010925293 
> -Z-0.0404355488717556 
78.60466003417969 41.04035949707031 
78.63310241699219 41.04035949707031 
78.63310241699219 41.01695251464844 
78.60466003417969 41.01695251464844 
78.60466003417969 41.04035949707031 
> -Z-0.03472427651286125 
78.63433837890625 41.039424896240234 
78.66277313232422 41.039424896240234 
78.66277313232422 41.01601028442383 
78.63433837890625 41.01601028442383 
78.63433837890625 41.039424896240234 
> -Z0.7323174476623535 
78.55377197265625 41.19954299926758 
78.58230590820312 41.19954299926758 
78.58230590820312 41.176143646240234 
78.55377197265625 41.176143646240234 
78.55377197265625 41.19954299926758 
> -Z0.6553027033805847 
78.58352661132812 41.1986198425293 
78.61204528808594 41.1986198425293 
78.61204528808594 41.17521286010742 
78.58352661132812 41.17521286010742 
78.58352661132812 41.1986198425293 
> -Z0.6494933366775513 
78.55255126953125 41.177066802978516 
78.5810775756836 41.177066802978516 
78.5810775756836 41.15366744995117 
78.55255126953125 41.15366744995117 
78.55255126953125 41.177066802978516 
> -Z0.5171808004379272 
78.58230590820312 41.176143646240234 
78.6108169555664 41.176143646240234 
78.6108169555664 41.15273666381836 
78.58230590820312 41.15273666381836 
78.58230590820312 41.176143646240234 
> -Z0.44495272636413574 
78.61328887939453 41.19768524169922 
78.64179229736328 41.19768524169922 
78.64179229736328 41.17427444458008 
78.61328887939453 41.17427444458008 
78.61328887939453 41.19768524169922 
> -Z0.0955677255988121 
78.6430435180664 41.196746826171875 
78.67153930664062 41.196746826171875 
78.67153930664062 41.1733283996582 
78.6430435180664 41.1733283996582 
78.6430435180664 41.196746826171875 
> -Z0.20056088268756866 
78.61204528808594 41.17521286010742 
78.64054870605469 41.17521286010742 
78.64054870605469 41.151798248291016 
78.61204528808594 41.151798248291016 
78.61204528808594 41.17521286010742 
> -Z-0.011371616274118423 
78.64179229736328 41.17427444458008 
78.67028045654297 41.17427444458008 
78.67028045654297 41.150856018066406 
78.64179229736328 41.150856018066406 
78.64179229736328 41.17427444458008 
> -Z0.0004813318373635411 
79.72998046875 40.977088928222656 
79.84185028076172 40.977088928222656 
79.84185028076172 40.88239669799805 
79.72998046875 40.88239669799805 
79.72998046875 40.977088928222656 
> -Z-0.0008126370958052576 
79.73641967773438 41.066864013671875 
79.84841918945312 41.066864013671875 
79.84841918945312 40.97216033935547 
79.73641967773438 40.97216033935547 
79.73641967773438 41.066864013671875 
> -Z0.0030112569220364094 
78.04025268554688 40.40365982055664 
78.15372467041016 40.40365982055664 
78.15372467041016 40.310546875 
78.04025268554688 40.310546875 
78.04025268554688 40.40365982055664 
> -Z0.002689840504899621 
78.0443115234375 40.493621826171875 
78.15792083740234 40.493621826171875 
78.15792083740234 40.4005012512207 
78.0443115234375 40.4005012512207 
78.0443115234375 40.493621826171875 
> -Z0.004060802981257439 
78.04839324951172 40.58358383178711 
78.16213989257812 40.58358383178711 
78.16213989257812 40.490455627441406 
78.04839324951172 40.490455627441406 
78.04839324951172 40.58358383178711 
> -Z0.013097347691655159 
78.052490234375 40.673545837402344 
78.16637420654297 40.673545837402344 
78.16637420654297 40.580406188964844 
78.052490234375 40.580406188964844 
78.052490234375 40.673545837402344 
> -Z0.020006025210022926 
78.05660247802734 40.76350402832031 
78.1706314086914 40.76350402832031 
78.1706314086914 40.67035675048828 
78.05660247802734 40.67035675048828 
78.05660247802734 40.76350402832031 
> -Z0.016971712931990623 
78.06073760986328 40.85346221923828 
78.1749038696289 40.85346221923828 
78.1749038696289 40.76030731201172 
78.06073760986328 40.76030731201172 
78.06073760986328 40.85346221923828 
> -Z0.019017059355974197 
78.06489562988281 40.943416595458984 
78.17919921875 40.943416595458984 
78.17919921875 40.85025405883789 
78.06489562988281 40.85025405883789 
78.06489562988281 40.943416595458984 
> -Z0.0493905283510685 
78.06906127929688 41.03336715698242 
78.18351745605469 41.03336715698242 
78.18351745605469 40.9401969909668 
78.06906127929688 40.9401969909668 
78.06906127929688 41.03336715698242 
> -Z0.08146224915981293 
78.07325744628906 41.123321533203125 
78.18785095214844 41.123321533203125 
78.18785095214844 41.0301399230957 
78.07325744628906 41.0301399230957 
78.07325744628906 41.123321533203125 
> -Z0.07172790169715881 
78.07746124267578 41.2132682800293 
78.19219970703125 41.2132682800293 
78.19219970703125 41.12008285522461 
78.07746124267578 41.12008285522461 
78.07746124267578 41.2132682800293 
> -Z0.05708731710910797 
78.08169555664062 41.303218841552734 
78.19657135009766 41.303218841552734 
78.19657135009766 41.21002197265625 
78.08169555664062 41.21002197265625 
78.08169555664062 41.303218841552734 
> -Z0.045182060450315475 
78.08594512939453 41.393165588378906 
78.20096588134766 41.393165588378906 
78.20096588134766 41.29996109008789 
78.08594512939453 41.29996109008789 
78.08594512939453 41.393165588378906 
> -Z0.03207801282405853 
78.0902099609375 41.48310852050781 
78.20537567138672 41.48310852050781 
78.20537567138672 41.389896392822266 
78.0902099609375 41.389896392822266 
78.0902099609375 41.48310852050781 
> -Z0.025907449424266815 
78.09449768066406 41.57305145263672 
78.20980834960938 41.57305145263672 
78.20980834960938 41.47983169555664 
78.09449768066406 41.47983169555664 
78.09449768066406 41.57305145263672 
> -Z0.01682153344154358 
78.09880065917969 41.66299057006836 
78.21426391601562 41.66299057006836 
78.21426391601562 41.56976318359375 
78.09880065917969 41.56976318359375 
78.09880065917969 41.66299057006836 
> -Z0.03637360408902168 
78.71378326416016 41.91489028930664 
78.8287353515625 41.91489028930664 
78.8287353515625 41.82106399536133 
78.71378326416016 41.82106399536133 
78.71378326416016 41.91489028930664 
> -Z0.034752607345581055 
78.7190170288086 42.00476837158203 
78.8341064453125 42.00476837158203 
78.8341064453125 41.91093063354492 
78.7190170288086 41.91093063354492 
78.7190170288086 42.00476837158203 
> -Z0.037441693246364594 
78.72427368164062 42.09464645385742 
78.83950805664062 42.09464645385742 
78.83950805664062 42.000797271728516 
78.72427368164062 42.000797271728516 
78.72427368164062 42.09464645385742 
> -Z0.036981385201215744 
78.72954559326172 42.18451690673828 
78.84493255615234 42.18451690673828 
78.84493255615234 42.090660095214844 
78.72954559326172 42.090660095214844 
78.72954559326172 42.18451690673828 
> -Z0.032003507018089294 
78.73484802246094 42.274391174316406 
78.85037994384766 42.274391174316406 
78.85037994384766 42.18052291870117 
78.73484802246094 42.18052291870117 
78.73484802246094 42.274391174316406 
> -Z0.015340819023549557 
78.42535400390625 41.023319244384766 
78.48234558105469 41.023319244384766 
78.48234558105469 40.97658157348633 
78.42535400390625 40.97658157348633 
78.42535400390625 41.023319244384766 
> -Z-0.01905716024339199 
78.4847183227539 41.02153778076172 
78.54166412353516 41.02153778076172 
78.54166412353516 40.974769592285156 
78.4847183227539 40.974769592285156 
78.4847183227539 41.02153778076172 
> -Z-0.0053677004761993885 
78.42302703857422 40.97835922241211 
78.47998046875 40.97835922241211 
78.47998046875 40.93162155151367 
78.42302703857422 40.93162155151367 
78.42302703857422 40.97835922241211 
> -Z-0.01709023118019104 
78.48234558105469 40.97658157348633 
78.53926086425781 40.97658157348633 
78.53926086425781 40.92981719970703 
78.48234558105469 40.92981719970703 
78.48234558105469 40.97658157348633 
> -Z0.359777569770813 
78.4300308227539 41.11323928833008 
78.45857238769531 41.11323928833008 
78.45857238769531 41.08987045288086 
78.4300308227539 41.08987045288086 
78.4300308227539 41.11323928833008 
> -Z0.019786663353443146 
77.1327896118164 41.50486373901367 
77.24940490722656 41.50486373901367 
77.24940490722656 41.412574768066406 
77.1327896118164 41.412574768066406 
77.1327896118164 41.50486373901367 
> -Z0.02807755023241043 
77.13574981689453 41.594871520996094 
77.25251770019531 41.594871520996094 
77.25251770019531 41.50257873535156 
77.13574981689453 41.50257873535156 
77.13574981689453 41.594871520996094 
> -Z0.029273737221956253 
77.13872528076172 41.68488311767578 
77.25564575195312 41.68488311767578 
77.25564575195312 41.59258270263672 
77.13872528076172 41.59258270263672 
77.13872528076172 41.68488311767578 
> -Z0.028237830847501755 
77.14170837402344 41.7748908996582 
77.2587890625 41.7748908996582 
77.2587890625 41.682586669921875 
77.14170837402344 41.682586669921875 
77.14170837402344 41.7748908996582 
> -Z0.020288240164518356 
77.14471435546875 41.864898681640625 
77.26194763183594 41.864898681640625 
77.26194763183594 41.772586822509766 
77.14471435546875 41.772586822509766 
77.14471435546875 41.864898681640625 
> -Z0.008447452448308468 
77.1477279663086 41.95490264892578 
77.2651138305664 41.95490264892578 
77.2651138305664 41.86258316040039 
77.1477279663086 41.86258316040039 
77.1477279663086 41.95490264892578 
> -Z0.0034762483555823565 
77.15076446533203 42.04490661621094 
77.26830291748047 42.04490661621094 
77.26830291748047 41.95258331298828 
77.15076446533203 41.95258331298828 
77.15076446533203 42.04490661621094 
> -Z0.00611578905954957 
77.20726776123047 40.15232849121094 
77.32151794433594 40.15232849121094 
77.32151794433594 40.06000900268555 
77.20726776123047 40.06000900268555 
77.20726776123047 40.15232849121094 
> -Z0.005157678388059139 
77.21018981933594 40.24235534667969 
77.3245849609375 40.24235534667969 
77.3245849609375 40.15003204345703 
77.21018981933594 40.15003204345703 
77.21018981933594 40.24235534667969 
> -Z0.0016784182516857982 
77.21311950683594 40.33238220214844 
77.3276596069336 40.33238220214844 
77.3276596069336 40.24005126953125 
77.21311950683594 40.24005126953125 
77.21311950683594 40.33238220214844 
> -Z0.0023559583351016045 
77.21607208251953 40.42240524291992 
77.33074951171875 40.42240524291992 
77.33074951171875 40.33007049560547 
77.21607208251953 40.33007049560547 
77.21607208251953 40.42240524291992 
> -Z0.009262857027351856 
77.21903228759766 40.512428283691406 
77.33385467529297 40.512428283691406 
77.33385467529297 40.42008590698242 
77.21903228759766 40.42008590698242 
77.21903228759766 40.512428283691406 
> -Z0.016479196026921272 
77.22200775146484 40.60245132446289 
77.33697509765625 40.60245132446289 
77.33697509765625 40.51010513305664 
77.22200775146484 40.51010513305664 
77.22200775146484 40.60245132446289 
> -Z0.02210366539657116 
77.2249984741211 40.69247055053711 
77.3401107788086 40.69247055053711 
77.3401107788086 40.60011672973633 
77.2249984741211 40.60011672973633 
77.2249984741211 40.69247055053711 
> -Z0.018228618428111076 
77.2280044555664 40.78248977661133 
77.34325408935547 40.78248977661133 
77.34325408935547 40.690128326416016 
77.2280044555664 40.690128326416016 
77.2280044555664 40.78248977661133 
> -Z0.017549537122249603 
77.86287689208984 41.75917434692383 
77.97885131835938 41.75917434692383 
77.97885131835938 41.666168212890625 
77.86287689208984 41.666168212890625 
77.86287689208984 41.75917434692383 
> -Z0.020146848633885384 
77.86688995361328 41.8491325378418 
77.98301696777344 41.8491325378418 
77.98301696777344 41.7561149597168 
77.86688995361328 41.7561149597168 
77.86688995361328 41.8491325378418 
> -Z0.021444758400321007 
77.87091827392578 41.9390869140625 
77.98719024658203 41.9390869140625 
77.98719024658203 41.84606170654297 
77.87091827392578 41.84606170654297 
77.87091827392578 41.9390869140625 
> -Z0.025248151272535324 
77.87496185302734 42.0290412902832 
77.99138641357422 42.0290412902832 
77.99138641357422 41.93600845336914 
77.87496185302734 41.93600845336914 
77.87496185302734 42.0290412902832 
> -Z0.021863628178834915 
77.8790283203125 42.11899185180664 
77.99560546875 42.11899185180664 
77.99560546875 42.02595138549805 
77.8790283203125 42.02595138549805 
77.8790283203125 42.11899185180664 
> -Z0.039489950984716415 
78.20980834960938 41.47983169555664 
78.32479095458984 41.47983169555664 
78.32479095458984 41.386505126953125 
78.20980834960938 41.386505126953125 
78.20980834960938 41.47983169555664 
> -Z0.024120766669511795 
78.21426391601562 41.56976318359375 
78.32938385009766 41.56976318359375 
78.32938385009766 41.4764289855957 
78.21426391601562 41.4764289855957 
78.21426391601562 41.56976318359375 
> -Z0.018130963668227196 
78.21873474121094 41.65969467163086 
78.3340072631836 41.65969467163086 
78.3340072631836 41.566349029541016 
78.21873474121094 41.566349029541016 
78.21873474121094 41.65969467163086 
> -Z0.0228818841278553 
78.22322845458984 41.7496223449707 
78.3386459350586 41.7496223449707 
78.3386459350586 41.65626907348633 
78.22322845458984 41.65626907348633 
78.22322845458984 41.7496223449707 
> -Z0.028028681874275208 
78.22773742675781 41.83955001831055 
78.34329986572266 41.83955001831055 
78.34329986572266 41.746185302734375 
78.22773742675781 41.746185302734375 
78.22773742675781 41.83955001831055 
> -Z0.028541868552565575 
78.2322769165039 41.929473876953125 
78.34798431396484 41.929473876953125 
78.34798431396484 41.83610153198242 
78.2322769165039 41.83610153198242 
78.2322769165039 41.929473876953125 
> -Z0.09886476397514343 
78.57984924316406 41.13119125366211 
78.60834503173828 41.13119125366211 
78.60834503173828 41.1077880859375 
78.57984924316406 41.1077880859375 
78.57984924316406 41.13119125366211 
> -Z0.032513562589883804 
78.6108169555664 41.15273666381836 
78.6393051147461 41.15273666381836 
78.6393051147461 41.12932586669922 
78.6108169555664 41.12932586669922 
78.6108169555664 41.15273666381836 
> -Z-0.07520757615566254 
78.64054870605469 41.151798248291016 
78.66902923583984 41.151798248291016 
78.66902923583984 41.128379821777344 
78.64054870605469 41.128379821777344 
78.64054870605469 41.151798248291016 
> -Z-0.035367969423532486 
78.60958099365234 41.1302604675293 
78.6380615234375 41.1302604675293 
78.6380615234375 41.106849670410156 
78.60958099365234 41.106849670410156 
78.60958099365234 41.1302604675293 
> -Z-0.07798106223344803 
78.6393051147461 41.12932586669922 
78.66777801513672 41.12932586669922 
78.66777801513672 41.10590744018555 
78.6393051147461 41.10590744018555 
78.6393051147461 41.12932586669922 
> -Z0.46153053641319275 
78.55865478515625 41.28944778442383 
78.58721923828125 41.28944778442383 
78.58721923828125 41.26604461669922 
78.55865478515625 41.26604461669922 
78.55865478515625 41.28944778442383 
> -Z0.49426767230033875 
78.58844757080078 41.28852081298828 
78.61700439453125 41.28852081298828 
78.61700439453125 41.26511001586914 
78.58844757080078 41.26511001586914 
78.58844757080078 41.28852081298828 
> -Z0.5664451718330383 
78.55742645263672 41.266971588134766 
78.58598327636719 41.266971588134766 
78.58598327636719 41.243568420410156 
78.55742645263672 41.243568420410156 
78.55742645263672 41.266971588134766 
> -Z0.5888274908065796 
78.58721923828125 41.26604461669922 
78.61576080322266 41.26604461669922 
78.61576080322266 41.242637634277344 
78.58721923828125 41.242637634277344 
78.58721923828125 41.26604461669922 
> -Z0.5062844753265381 
78.61824798583984 41.2875862121582 
78.64678955078125 41.2875862121582 
78.64678955078125 41.2641716003418 
78.61824798583984 41.2641716003418 
78.61824798583984 41.2875862121582 
> -Z0.50057053565979 
78.64804077148438 41.286643981933594 
78.67657470703125 41.286643981933594 
78.67657470703125 41.263221740722656 
78.64804077148438 41.263221740722656 
78.64804077148438 41.286643981933594 
> -Z0.5762904286384583 
78.61700439453125 41.26511001586914 
78.64553833007812 41.26511001586914 
78.64553833007812 41.241695404052734 
78.61700439453125 41.241695404052734 
78.61700439453125 41.26511001586914 
> -Z0.5211596488952637 
78.64678955078125 41.2641716003418 
78.6753158569336 41.2641716003418 
78.6753158569336 41.24074935913086 
78.64678955078125 41.24074935913086 
78.64678955078125 41.2641716003418 
> -Z0.6615588665008545 
78.55620574951172 41.2444953918457 
78.58475494384766 41.2444953918457 
78.58475494384766 41.221092224121094 
78.55620574951172 41.221092224121094 
78.55620574951172 41.2444953918457 
> -Z0.6652008295059204 
78.58598327636719 41.243568420410156 
78.6145248413086 41.243568420410156 
78.6145248413086 41.22016143798828 
78.58598327636719 41.22016143798828 
78.58598327636719 41.243568420410156 
> -Z0.715901255607605 
78.55499267578125 41.22201919555664 
78.58352661132812 41.22201919555664 
78.58352661132812 41.1986198425293 
78.55499267578125 41.1986198425293 
78.55499267578125 41.22201919555664 
> -Z0.6918518543243408 
78.58475494384766 41.221092224121094 
78.61328887939453 41.221092224121094 
78.61328887939453 41.19768524169922 
78.58475494384766 41.19768524169922 
78.58475494384766 41.221092224121094 
> -Z0.6074609160423279 
78.61576080322266 41.242637634277344 
78.644287109375 41.242637634277344 
78.644287109375 41.21922302246094 
78.61576080322266 41.21922302246094 
78.61576080322266 41.242637634277344 
> -Z0.46832406520843506 
78.64553833007812 41.241695404052734 
78.67405700683594 41.241695404052734 
78.67405700683594 41.21827697753906 
78.64553833007812 41.21827697753906 
78.64553833007812 41.241695404052734 
> -Z0.5644373893737793 
78.6145248413086 41.22016143798828 
78.6430435180664 41.22016143798828 
78.6430435180664 41.196746826171875 
78.6145248413086 41.196746826171875 
78.6145248413086 41.22016143798828 
> -Z0.31490424275398254 
78.644287109375 41.21922302246094 
78.67279815673828 41.21922302246094 
78.67279815673828 41.19580078125 
78.644287109375 41.19580078125 
78.644287109375 41.21922302246094 
> -Z0.18528470396995544 
78.56355285644531 41.37934875488281 
78.62073516845703 41.37934875488281 
78.62073516845703 41.33253479003906 
78.56355285644531 41.33253479003906 
78.56355285644531 41.37934875488281 
> -Z0.16249234974384308 
78.62322998046875 41.37748336791992 
78.65180969238281 41.37748336791992 
78.65180969238281 41.35406494140625 
78.62322998046875 41.35406494140625 
78.62322998046875 41.37748336791992 
> -Z0.16451576352119446 
78.65306854248047 41.37653732299805 
78.68163299560547 41.37653732299805 
78.68163299560547 41.35311508178711 
78.65306854248047 41.35311508178711 
78.65306854248047 41.37653732299805 
> -Z0.24626310169696808 
78.62198638916016 41.35500717163086 
78.65055084228516 41.35500717163086 
78.65055084228516 41.33159255981445 
78.62198638916016 41.33159255981445 
78.62198638916016 41.35500717163086 
> -Z0.2504136264324188 
78.65180969238281 41.35406494140625 
78.68036651611328 41.35406494140625 
78.68036651611328 41.33064270019531 
78.65180969238281 41.33064270019531 
78.65180969238281 41.35406494140625 
> -Z-0.062013644725084305 
78.7930908203125 41.21440887451172 
78.82154083251953 41.21440887451172 
78.82154083251953 41.190956115722656 
78.7930908203125 41.190956115722656 
78.7930908203125 41.21440887451172 
> -Z-0.04170362651348114 
78.8228530883789 41.21342468261719 
78.85128784179688 41.21342468261719 
78.85128784179688 41.189964294433594 
78.8228530883789 41.189964294433594 
78.8228530883789 41.21342468261719 
> -Z-0.03633832558989525 
78.85392761230469 41.234901428222656 
78.88236236572266 41.234901428222656 
78.88236236572266 41.211429595947266 
78.85392761230469 41.211429595947266 
78.85392761230469 41.234901428222656 
> -Z-0.027551518753170967 
78.8836898803711 41.2338981628418 
78.912109375 41.2338981628418 
78.912109375 41.21042251586914 
78.8836898803711 41.21042251586914 
78.8836898803711 41.2338981628418 
> -Z-0.030396772548556328 
78.85260772705078 41.212432861328125 
78.88102722167969 41.212432861328125 
78.88102722167969 41.18896484375 
78.85260772705078 41.18896484375 
78.85260772705078 41.212432861328125 
> -Z-0.021001821383833885 
78.88236236572266 41.211429595947266 
78.91077423095703 41.211429595947266 
78.91077423095703 41.18795394897461 
78.88236236572266 41.18795394897461 
78.88236236572266 41.211429595947266 
> -Z0.12488564848899841 
78.80223083496094 41.371700286865234 
78.85922241210938 41.371700286865234 
78.85922241210938 41.32477569580078 
78.80223083496094 41.32477569580078 
78.80223083496094 41.371700286865234 
> -Z0.049575239419937134 
78.86188507080078 41.36970901489258 
78.91883087158203 41.36970901489258 
78.91883087158203 41.322757720947266 
78.86188507080078 41.322757720947266 
78.86188507080078 41.36970901489258 
> -Z0.20644861459732056 
78.79961395263672 41.326759338378906 
78.8281021118164 41.326759338378906 
78.8281021118164 41.30330276489258 
78.79961395263672 41.30330276489258 
78.79961395263672 41.326759338378906 
> -Z0.14877362549304962 
78.82942199707031 41.32577133178711 
78.85789489746094 41.32577133178711 
78.85789489746094 41.30230712890625 
78.82942199707031 41.30230712890625 
78.82942199707031 41.32577133178711 
> -Z0.1927526891231537 
78.79830932617188 41.304290771484375 
78.82678985595703 41.304290771484375 
78.82678985595703 41.28083419799805 
78.79830932617188 41.28083419799805 
78.79830932617188 41.304290771484375 
> -Z0.12086671590805054 
78.8281021118164 41.30330276489258 
78.85657501220703 41.30330276489258 
78.85657501220703 41.27983856201172 
78.8281021118164 41.27983856201172 
78.8281021118164 41.30330276489258 
> -Z0.045581769198179245 
78.85922241210938 41.32477569580078 
78.9161376953125 41.32477569580078 
78.9161376953125 41.27782440185547 
78.85922241210938 41.27782440185547 
78.85922241210938 41.32477569580078 
> -Z0.02622077614068985 
78.80747985839844 41.461578369140625 
78.86454772949219 41.461578369140625 
78.86454772949219 41.41464614868164 
78.80747985839844 41.41464614868164 
78.80747985839844 41.461578369140625 
> -Z0.02289644256234169 
78.86721801757812 41.45957946777344 
78.92424011230469 41.45957946777344 
78.92424011230469 41.41262435913086 
78.86721801757812 41.41262435913086 
78.86721801757812 41.45957946777344 
> -Z0.04932725057005882 
78.80485534667969 41.4166374206543 
78.86188507080078 41.4166374206543 
78.86188507080078 41.36970901489258 
78.80485534667969 41.36970901489258 
78.80485534667969 41.4166374206543 
> -Z0.022465823218226433 
78.86454772949219 41.41464614868164 
78.9215316772461 41.41464614868164 
78.9215316772461 41.36769104003906 
78.86454772949219 41.36769104003906 
78.86454772949219 41.41464614868164 
> -Z0.02734304592013359 
78.81275939941406 41.55145263671875 
78.92694854736328 41.55145263671875 
78.92694854736328 41.45755386352539 
78.81275939941406 41.45755386352539 
78.81275939941406 41.55145263671875 
> -Z0.03669256716966629 
78.81806182861328 41.64132308959961 
78.93238830566406 41.64132308959961 
78.93238830566406 41.54741668701172 
78.81806182861328 41.54741668701172 
78.81806182861328 41.64132308959961 
> -Z0.04252752661705017 
78.8233871459961 41.731197357177734 
78.93785858154297 41.731197357177734 
78.93785858154297 41.63727569580078 
78.8233871459961 41.63727569580078 
78.8233871459961 41.731197357177734 
> -Z0.03950624167919159 
78.8287353515625 41.82106399536133 
78.94334411621094 41.82106399536133 
78.94334411621094 41.727134704589844 
78.8287353515625 41.727134704589844 
78.8287353515625 41.82106399536133 
> -Z0.0375029556453228 
78.8341064453125 41.91093063354492 
78.94886016845703 41.91093063354492 
78.94886016845703 41.81698989868164 
78.8341064453125 41.81698989868164 
78.8341064453125 41.91093063354492 
> -Z0.48212358355522156 
78.55133819580078 41.15458679199219 
78.57984924316406 41.15458679199219 
78.57984924316406 41.13119125366211 
78.55133819580078 41.13119125366211 
78.55133819580078 41.15458679199219 
> -Z0.30013689398765564 
78.5810775756836 41.15366744995117 
78.60958099365234 41.15366744995117 
78.60958099365234 41.1302604675293 
78.5810775756836 41.1302604675293 
78.5810775756836 41.15366744995117 
> -Z0.2656896412372589 
78.55012512207031 41.132110595703125 
78.57862854003906 41.132110595703125 
78.57862854003906 41.10871505737305 
78.55012512207031 41.10871505737305 
78.55012512207031 41.132110595703125 
> -Z-0.003155312268063426 
78.9215316772461 41.36769104003906 
78.97843170166016 41.36769104003906 
78.97843170166016 41.320709228515625 
78.9215316772461 41.320709228515625 
78.9215316772461 41.36769104003906 
> -Z-0.015401019714772701 
78.98117065429688 41.365638732910156 
79.03803253173828 41.365638732910156 
79.03803253173828 41.31863021850586 
78.98117065429688 41.31863021850586 
78.98117065429688 41.365638732910156 
> -Z-0.007248218636959791 
78.72465515136719 41.059051513671875 
78.78145599365234 41.059051513671875 
78.78145599365234 41.01217269897461 
78.72465515136719 41.01217269897461 
78.72465515136719 41.059051513671875 
> -Z-0.006823417264968157 
78.67279815673828 41.19580078125 
78.70127868652344 41.19580078125 
78.70127868652344 41.1723747253418 
78.67279815673828 41.1723747253418 
78.67279815673828 41.19580078125 
> -Z-0.060169003903865814 
78.70254516601562 41.194847106933594 
78.73101806640625 41.194847106933594 
78.73101806640625 41.17141342163086 
78.70254516601562 41.17141342163086 
78.70254516601562 41.194847106933594 
> -Z-0.07835016399621964 
78.67153930664062 41.1733283996582 
78.70001220703125 41.1733283996582 
78.70001220703125 41.14990234375 
78.67153930664062 41.14990234375 
78.67153930664062 41.1733283996582 
> -Z-0.09002914279699326 
78.70127868652344 41.1723747253418 
78.72974395751953 41.1723747253418 
78.72974395751953 41.14894104003906 
78.70127868652344 41.14894104003906 
78.70127868652344 41.1723747253418 
> -Z-0.07874549925327301 
78.7322998046875 41.193885803222656 
78.76075744628906 41.193885803222656 
78.76075744628906 41.17044448852539 
78.7322998046875 41.17044448852539 
78.7322998046875 41.193885803222656 
> -Z-0.07501313835382462 
78.76204681396484 41.19291687011719 
78.79049682617188 41.19291687011719 
78.79049682617188 41.16946792602539 
78.76204681396484 41.16946792602539 
78.76204681396484 41.19291687011719 
> -Z-0.07650917023420334 
78.73101806640625 41.17141342163086 
78.75947570800781 41.17141342163086 
78.75947570800781 41.14797592163086 
78.73101806640625 41.14797592163086 
78.73101806640625 41.17141342163086 
> -Z-0.05748719722032547 
78.76075744628906 41.17044448852539 
78.78919982910156 41.17044448852539 
78.78919982910156 41.14699935913086 
78.76075744628906 41.14699935913086 
78.76075744628906 41.17044448852539 
> -Z-0.09075034409761429 
78.67028045654297 41.150856018066406 
78.69874572753906 41.150856018066406 
78.69874572753906 41.1274299621582 
78.67028045654297 41.1274299621582 
78.67028045654297 41.150856018066406 
> -Z-0.07992735505104065 
78.70001220703125 41.14990234375 
78.72846984863281 41.14990234375 
78.72846984863281 41.126468658447266 
78.70001220703125 41.126468658447266 
78.70001220703125 41.14990234375 
> -Z-0.07422482222318649 
78.66902923583984 41.128379821777344 
78.6974868774414 41.128379821777344 
78.6974868774414 41.104957580566406 
78.66902923583984 41.104957580566406 
78.66902923583984 41.128379821777344 
> -Z-0.05979437753558159 
78.69874572753906 41.1274299621582 
78.7271957397461 41.1274299621582 
78.7271957397461 41.10399627685547 
78.69874572753906 41.10399627685547 
78.69874572753906 41.1274299621582 
> -Z-0.05918094515800476 
78.72974395751953 41.14894104003906 
78.75818634033203 41.14894104003906 
78.75818634033203 41.12550354003906 
78.72974395751953 41.12550354003906 
78.72974395751953 41.14894104003906 
> -Z-0.04088526964187622 
78.75947570800781 41.14797592163086 
78.78790283203125 41.14797592163086 
78.78790283203125 41.12452697753906 
78.75947570800781 41.12452697753906 
78.75947570800781 41.14797592163086 
> -Z-0.04170503839850426 
78.72846984863281 41.126468658447266 
78.75690460205078 41.126468658447266 
78.75690460205078 41.103031158447266 
78.72846984863281 41.103031158447266 
78.72846984863281 41.126468658447266 
> -Z-0.027407635003328323 
78.75818634033203 41.12550354003906 
78.78661346435547 41.12550354003906 
78.78661346435547 41.10205841064453 
78.75818634033203 41.10205841064453 
78.75818634033203 41.12550354003906 
> -Z0.4548543393611908 
78.67784118652344 41.28569412231445 
78.70635986328125 41.28569412231445 
78.70635986328125 41.262264251708984 
78.67784118652344 41.262264251708984 
78.67784118652344 41.28569412231445 
> -Z0.37867942452430725 
78.70763397216797 41.28473663330078 
78.73613739013672 41.28473663330078 
78.73613739013672 41.26130294799805 
78.70763397216797 41.26130294799805 
78.70763397216797 41.28473663330078 
> -Z0.41164377331733704 
78.67657470703125 41.263221740722656 
78.70508575439453 41.263221740722656 
78.70508575439453 41.23979187011719 
78.67657470703125 41.23979187011719 
78.67657470703125 41.263221740722656 
> -Z0.2666327953338623 
78.70635986328125 41.262264251708984 
78.73485565185547 41.262264251708984 
78.73485565185547 41.23883056640625 
78.70635986328125 41.23883056640625 
78.70635986328125 41.262264251708984 
> -Z0.28117460012435913 
78.73741912841797 41.283775329589844 
78.76591491699219 41.283775329589844 
78.76591491699219 41.26033020019531 
78.73741912841797 41.26033020019531 
78.73741912841797 41.283775329589844 
> -Z0.19459760189056396 
78.7672119140625 41.28280258178711 
78.79570007324219 41.28280258178711 
78.79570007324219 41.25934982299805 
78.7672119140625 41.25934982299805 
78.7672119140625 41.28280258178711 
> -Z0.14719000458717346 
78.73613739013672 41.26130294799805 
78.7646255493164 41.26130294799805 
78.7646255493164 41.237857818603516 
78.73613739013672 41.237857818603516 
78.73613739013672 41.26130294799805 
> -Z0.02986154891550541 
78.68799591064453 41.465476989746094 
78.74515533447266 41.465476989746094 
78.74515533447266 41.418601989746094 
78.68799591064453 41.418601989746094 
78.68799591064453 41.465476989746094 
> -Z0.027576882392168045 
78.74774169921875 41.46354293823242 
78.80485534667969 41.46354293823242 
78.80485534667969 41.4166374206543 
78.74774169921875 41.4166374206543 
78.74774169921875 41.46354293823242 
> -Z0.0866011530160904 
78.6854476928711 41.4205322265625 
78.74256896972656 41.4205322265625 
78.74256896972656 41.3736572265625 
78.6854476928711 41.3736572265625 
78.6854476928711 41.4205322265625 
> -Z0.07145710289478302 
78.74515533447266 41.418601989746094 
78.80223083496094 41.418601989746094 
78.80223083496094 41.371700286865234 
78.74515533447266 41.371700286865234 
78.74515533447266 41.418601989746094 
> -Z0.02371828258037567 
78.69310760498047 41.555362701416016 
78.80747985839844 41.555362701416016 
78.80747985839844 41.461578369140625 
78.69310760498047 41.461578369140625 
78.69310760498047 41.555362701416016 
> -Z0.032601527869701385 
78.6982421875 41.64524841308594 
78.81275939941406 41.64524841308594 
78.81275939941406 41.55145263671875 
78.6982421875 41.55145263671875 
78.6982421875 41.64524841308594 
> -Z0.03673859313130379 
78.70339965820312 41.735130310058594 
78.81806182861328 41.735130310058594 
78.81806182861328 41.64132308959961 
78.70339965820312 41.64132308959961 
78.70339965820312 41.735130310058594 
> -Z0.03601273149251938 
78.70858001708984 41.82501220703125 
78.8233871459961 41.82501220703125 
78.8233871459961 41.731197357177734 
78.70858001708984 41.731197357177734 
78.70858001708984 41.82501220703125 
> -Z0.011040127836167812 
77.45819854736328 40.59766387939453 
77.57282257080078 40.59766387939453 
77.57282257080078 40.505088806152344 
77.45819854736328 40.505088806152344 
77.45819854736328 40.59766387939453 
> -Z-0.00024472735822200775 
79.50527954101562 41.166194915771484 
79.61779022216797 41.166194915771484 
79.61779022216797 41.07168960571289 
79.50527954101562 41.07168960571289 
79.50527954101562 41.166194915771484 
> -Z-0.0015420435229316354 
79.51145935058594 41.25599670410156 
79.62409973144531 41.25599670410156 
79.62409973144531 41.161476135253906 
79.51145935058594 41.161476135253906 
79.51145935058594 41.25599670410156 
> -Z-0.0008570363279432058 
79.51766204833984 41.345794677734375 
79.63043975830078 41.345794677734375 
79.63043975830078 41.25126266479492 
79.51766204833984 41.25126266479492 
79.51766204833984 41.345794677734375 
> -Z-0.0009461786248721182 
79.52389526367188 41.43558883666992 
79.63681030273438 41.43558883666992 
79.63681030273438 41.34104537963867 
79.52389526367188 41.34104537963867 
79.52389526367188 41.43558883666992 
> -Z-0.00025086806272156537 
79.53015899658203 41.52538299560547 
79.64320373535156 41.52538299560547 
79.64320373535156 41.430824279785156 
79.53015899658203 41.430824279785156 
79.53015899658203 41.52538299560547 
> -Z0.00413487758487463 
79.53644561767578 41.61517333984375 
79.64962768554688 41.61517333984375 
79.64962768554688 41.52060317993164 
79.53644561767578 41.52060317993164 
79.53644561767578 41.61517333984375 
> -Z0.013289405964314938 
79.54277038574219 41.70496368408203 
79.65608215332031 41.70496368408203 
79.65608215332031 41.61037826538086 
79.54277038574219 41.61037826538086 
79.54277038574219 41.70496368408203 
> -Z0.021184490993618965 
79.54911804199219 41.79475021362305 
79.66256713867188 41.79475021362305 
79.66256713867188 41.70015335083008 
79.54911804199219 41.70015335083008 
79.54911804199219 41.79475021362305 
> -Z0.02879899926483631 
79.55548858642578 41.8845329284668 
79.66908264160156 41.8845329284668 
79.66908264160156 41.78992462158203 
79.55548858642578 41.78992462158203 
79.55548858642578 41.8845329284668 
> -Z0.03378252685070038 
79.56189727783203 41.97431564331055 
79.67562866210938 41.97431564331055 
79.67562866210938 41.879695892333984 
79.56189727783203 41.879695892333984 
79.56189727783203 41.97431564331055 
> -Z0.03723868727684021 
79.5683364868164 42.06409454345703 
79.68219757080078 42.06409454345703 
79.68219757080078 41.96946334838867 
79.5683364868164 41.96946334838867 
79.5683364868164 42.06409454345703 
> -Z0.03953352943062782 
79.57479858398438 42.153873443603516 
79.68880462646484 42.153873443603516 
79.68880462646484 42.059226989746094 
79.57479858398438 42.059226989746094 
79.57479858398438 42.153873443603516 
> -Z0.041489869356155396 
79.58129119873047 42.243648529052734 
79.6954345703125 42.243648529052734 
79.6954345703125 42.148990631103516 
79.58129119873047 42.148990631103516 
79.58129119873047 42.243648529052734 
> -Z-0.0006809210171923041 
79.56832122802734 40.35331344604492 
79.67947387695312 40.35331344604492 
79.67947387695312 40.25881576538086 
79.56832122802734 40.25881576538086 
79.56832122802734 40.35331344604492 
> -Z-8.957004320109263e-05 
79.57440185546875 40.443119049072266 
79.6856918334961 40.443119049072266 
79.6856918334961 40.348609924316406 
79.57440185546875 40.348609924316406 
79.57440185546875 40.443119049072266 
> -Z6.566067168023437e-05 
79.58052062988281 40.532920837402344 
79.69193267822266 40.532920837402344 
79.69193267822266 40.43840026855469 
79.58052062988281 40.43840026855469 
79.58052062988281 40.532920837402344 
> -Z0.0010880803456529975 
79.58666229248047 40.62272262573242 
79.69820404052734 40.62272262573242 
79.69820404052734 40.5281867980957 
79.58666229248047 40.5281867980957 
79.58666229248047 40.62272262573242 
> -Z0.029109114781022072 
77.6008529663086 41.22502899169922 
77.71630859375 41.22502899169922 
77.71630859375 41.13229751586914 
77.6008529663086 41.13229751586914 
77.6008529663086 41.22502899169922 
> -Z0.03341742232441902 
77.60443115234375 41.31501388549805 
77.72003173828125 41.31501388549805 
77.72003173828125 41.22227478027344 
77.60443115234375 41.22227478027344 
77.60443115234375 41.31501388549805 
> -Z0.03210565820336342 
77.60801696777344 41.404998779296875 
77.72377014160156 41.404998779296875 
77.72377014160156 41.312252044677734 
77.60801696777344 41.312252044677734 
77.60801696777344 41.404998779296875 
> -Z0.027058199048042297 
77.61162567138672 41.49497985839844 
77.72752380371094 41.49497985839844 
77.72752380371094 41.402225494384766 
77.61162567138672 41.402225494384766 
77.61162567138672 41.49497985839844 
> -Z0.020186366513371468 
77.6152572631836 41.5849609375 
77.7313003540039 41.5849609375 
77.7313003540039 41.4921989440918 
77.6152572631836 41.4921989440918 
77.6152572631836 41.5849609375 
> -Z0.01825612224638462 
77.618896484375 41.6749382019043 
77.73509216308594 41.6749382019043 
77.73509216308594 41.58216857910156 
77.618896484375 41.58216857910156 
77.618896484375 41.6749382019043 
> -Z0.021935008466243744 
77.62255096435547 41.764915466308594 
77.73889923095703 41.764915466308594 
77.73889923095703 41.67213821411133 
77.62255096435547 41.67213821411133 
77.62255096435547 41.764915466308594 
> -Z0.02365058660507202 
77.62622833251953 41.854888916015625 
77.74272155761719 41.854888916015625 
77.74272155761719 41.762107849121094 
77.62622833251953 41.762107849121094 
77.62622833251953 41.854888916015625 
> -Z0.02186393551528454 
77.62992095947266 41.944862365722656 
77.74656677246094 41.944862365722656 
77.74656677246094 41.852073669433594 
77.62992095947266 41.852073669433594 
77.62992095947266 41.944862365722656 
> -Z0.026364794000983238 
77.63362884521484 42.03483581542969 
77.75042724609375 42.03483581542969 
77.75042724609375 41.942039489746094 
77.63362884521484 41.942039489746094 
77.63362884521484 42.03483581542969 
> -Z0.025750068947672844 
77.6373519897461 42.12480545043945 
77.75430297851562 42.12480545043945 
77.75430297851562 42.03200149536133 
77.6373519897461 42.03200149536133 
77.6373519897461 42.12480545043945 
> -Z0.0314452201128006 
77.24015045166016 41.142547607421875 
77.35599517822266 41.142547607421875 
77.35599517822266 41.05016326904297 
77.24015045166016 41.05016326904297 
77.24015045166016 41.142547607421875 
> -Z0.003140573389828205 
76.77350616455078 41.51096725463867 
76.89066314697266 41.51096725463867 
76.89066314697266 41.419029235839844 
76.77350616455078 41.419029235839844 
76.77350616455078 41.51096725463867 
> -Z0.02282983995974064 
76.77597045898438 41.60099792480469 
76.89328002929688 41.60099792480469 
76.89328002929688 41.509056091308594 
76.77597045898438 41.509056091308594 
76.77597045898438 41.60099792480469 
> -Z0.026359345763921738 
76.77845001220703 41.69102478027344 
76.89591217041016 41.69102478027344 
76.89591217041016 41.59907913208008 
76.77845001220703 41.59907913208008 
76.77845001220703 41.69102478027344 
> -Z0.02022709511220455 
76.78093719482422 41.78105163574219 
76.89855194091797 41.78105163574219 
76.89855194091797 41.68910217285156 
76.78093719482422 41.68910217285156 
76.78093719482422 41.78105163574219 
> -Z0.006489298306405544 
76.78343200683594 41.87107849121094 
76.90120697021484 41.87107849121094 
76.90120697021484 41.77912521362305 
76.78343200683594 41.77912521362305 
76.78343200683594 41.87107849121094 
> -Z0.007276593241840601 
76.78594207763672 41.96110153198242 
76.90386962890625 41.96110153198242 
76.90386962890625 41.869144439697266 
76.78594207763672 41.869144439697266 
76.78594207763672 41.96110153198242 
> -Z0.020452238619327545 
78.1031265258789 41.7529296875 
78.21873474121094 41.7529296875 
78.21873474121094 41.65969467163086 
78.1031265258789 41.65969467163086 
78.1031265258789 41.7529296875 
> -Z0.02413349039852619 
78.10747528076172 41.84286880493164 
78.22322845458984 41.84286880493164 
78.22322845458984 41.7496223449707 
78.10747528076172 41.7496223449707 
78.10747528076172 41.84286880493164 
> -Z0.023043496534228325 
78.1118392944336 41.932804107666016 
78.22773742675781 41.932804107666016 
78.22773742675781 41.83955001831055 
78.1118392944336 41.83955001831055 
78.1118392944336 41.932804107666016 
> -Z0.022619090974330902 
78.11622619628906 42.02273941040039 
78.2322769165039 42.02273941040039 
78.2322769165039 41.929473876953125 
78.11622619628906 41.929473876953125 
78.11622619628906 42.02273941040039 
> -Z0.027208197861909866 
78.12063598632812 42.1126708984375 
78.23683166503906 42.1126708984375 
78.23683166503906 42.0193977355957 
78.12063598632812 42.0193977355957 
78.12063598632812 42.1126708984375 
> -Z0.023395102471113205 
78.12506103515625 42.202598571777344 
78.24140167236328 42.202598571777344 
78.24140167236328 42.109317779541016 
78.12506103515625 42.109317779541016 
78.12506103515625 42.202598571777344 
> -Z0.007043926976621151 
78.14954376220703 40.22058868408203 
78.2625732421875 40.22058868408203 
78.2625732421875 40.127384185791016 
78.14954376220703 40.127384185791016 
78.14954376220703 40.22058868408203 
> -Z0.2854625880718231 
78.56110382080078 41.33439636230469 
78.58968353271484 41.33439636230469 
78.58968353271484 41.31099319458008 
78.56110382080078 41.31099319458008 
78.56110382080078 41.33439636230469 
> -Z0.3175552785396576 
78.5909194946289 41.33346939086914 
78.61949157714844 41.33346939086914 
78.61949157714844 41.31005859375 
78.5909194946289 41.31005859375 
78.5909194946289 41.33346939086914 
> -Z0.37134379148483276 
78.55987548828125 41.311920166015625 
78.58844757080078 41.311920166015625 
78.58844757080078 41.28852081298828 
78.55987548828125 41.28852081298828 
78.55987548828125 41.311920166015625 
> -Z0.40251827239990234 
78.58968353271484 41.31099319458008 
78.61824798583984 41.31099319458008 
78.61824798583984 41.2875862121582 
78.58968353271484 41.2875862121582 
78.58968353271484 41.31099319458008 
> -Z0.3376754820346832 
78.62073516845703 41.33253479003906 
78.64929962158203 41.33253479003906 
78.64929962158203 41.30911636352539 
78.62073516845703 41.30911636352539 
78.62073516845703 41.33253479003906 
> -Z0.34946778416633606 
78.65055084228516 41.33159255981445 
78.6791000366211 41.33159255981445 
78.6791000366211 41.30816650390625 
78.65055084228516 41.30816650390625 
78.65055084228516 41.33159255981445 
> -Z0.4279499053955078 
78.61949157714844 41.31005859375 
78.64804077148438 41.31005859375 
78.64804077148438 41.286643981933594 
78.61949157714844 41.286643981933594 
78.61949157714844 41.31005859375 
> -Z0.44013601541519165 
78.64929962158203 41.30911636352539 
78.67784118652344 41.30911636352539 
78.67784118652344 41.28569412231445 
78.64929962158203 41.28569412231445 
78.64929962158203 41.30911636352539 
> -Z0.03862839937210083 
78.5684814453125 41.4692497253418 
78.625732421875 41.4692497253418 
78.625732421875 41.42243194580078 
78.5684814453125 41.42243194580078 
78.5684814453125 41.4692497253418 
> -Z0.03768440708518028 
78.62824249267578 41.467376708984375 
78.6854476928711 41.467376708984375 
78.6854476928711 41.4205322265625 
78.62824249267578 41.4205322265625 
78.62824249267578 41.467376708984375 
> -Z0.0804634615778923 
78.5660171508789 41.42430114746094 
78.62322998046875 41.42430114746094 
78.62322998046875 41.37748336791992 
78.5660171508789 41.37748336791992 
78.5660171508789 41.42430114746094 
> -Z0.08659517765045166 
78.625732421875 41.42243194580078 
78.68290710449219 41.42243194580078 
78.68290710449219 41.375587463378906 
78.625732421875 41.375587463378906 
78.625732421875 41.42243194580078 
> -Z0.022747747600078583 
78.57342529296875 41.55915069580078 
78.68799591064453 41.55915069580078 
78.68799591064453 41.465476989746094 
78.57342529296875 41.465476989746094 
78.57342529296875 41.55915069580078 
> -Z0.025186797603964806 
78.57839965820312 41.6490478515625 
78.69310760498047 41.6490478515625 
78.69310760498047 41.555362701416016 
78.57839965820312 41.555362701416016 
78.57839965820312 41.6490478515625 
> -Z0.026789233088493347 
78.58338928222656 41.73894119262695 
78.6982421875 41.73894119262695 
78.6982421875 41.64524841308594 
78.58338928222656 41.64524841308594 
78.58338928222656 41.73894119262695 
> -Z0.02695053443312645 
78.5884017944336 41.828834533691406 
78.70339965820312 41.828834533691406 
78.70339965820312 41.735130310058594 
78.5884017944336 41.735130310058594 
78.5884017944336 41.828834533691406 
> -Z0.03361903876066208 
78.59344482421875 41.91872787475586 
78.70858001708984 41.91872787475586 
78.70858001708984 41.82501220703125 
78.59344482421875 41.82501220703125 
78.59344482421875 41.91872787475586 
> -Z0.03558993712067604 
78.59850311279297 42.00861740112305 
78.71378326416016 42.00861740112305 
78.71378326416016 41.91489028930664 
78.59850311279297 41.91489028930664 
78.59850311279297 42.00861740112305 
> -Z0.0015569180250167847 
79.17157745361328 41.53897476196289 
79.28519439697266 41.53897476196289 
79.28519439697266 41.44474411010742 
79.17157745361328 41.44474411010742 
79.17157745361328 41.53897476196289 
> -Z0.012288650497794151 
79.17737579345703 41.628807067871094 
79.29113006591797 41.628807067871094 
79.29113006591797 41.534568786621094 
79.17737579345703 41.534568786621094 
79.17737579345703 41.628807067871094 
> -Z0.026849456131458282 
79.18319702148438 41.7186393737793 
79.29708862304688 41.7186393737793 
79.29708862304688 41.624385833740234 
79.18319702148438 41.624385833740234 
79.18319702148438 41.7186393737793 
> -Z0.005750690586864948 
77.79740905761719 40.229644775390625 
77.91095733642578 40.229644775390625 
77.91095733642578 40.13676452636719 
77.79740905761719 40.13676452636719 
77.79740905761719 40.229644775390625 
> -Z0.004447780083864927 
77.8011245727539 40.31962966918945 
77.91480255126953 40.31962966918945 
77.91480255126953 40.22674560546875 
77.8011245727539 40.22674560546875 
77.8011245727539 40.31962966918945 
> -Z0.004120280966162682 
77.80485534667969 40.40961456298828 
77.9186782836914 40.40961456298828 
77.9186782836914 40.31672286987305 
77.80485534667969 40.31672286987305 
77.80485534667969 40.40961456298828 
> -Z0.00716406712308526 
77.80860137939453 40.499595642089844 
77.92256164550781 40.499595642089844 
77.92256164550781 40.40669631958008 
77.80860137939453 40.40669631958008 
77.80860137939453 40.499595642089844 
> -Z0.32597270607948303 
78.45975494384766 41.11235046386719 
78.48828125 41.11235046386719 
78.48828125 41.08897399902344 
78.45975494384766 41.08897399902344 
78.45975494384766 41.11235046386719 
> -Z0.240359827876091 
78.4288558959961 41.09075927734375 
78.45738983154297 41.09075927734375 
78.45738983154297 41.06739044189453 
78.4288558959961 41.06739044189453 
78.4288558959961 41.09075927734375 
> -Z0.17650145292282104 
78.45857238769531 41.08987045288086 
78.48709106445312 41.08987045288086 
78.48709106445312 41.06649398803711 
78.45857238769531 41.06649398803711 
78.45857238769531 41.08987045288086 
> -Z0.25816118717193604 
78.48947143554688 41.111454010009766 
78.51799011230469 41.111454010009766 
78.51799011230469 41.088069915771484 
78.48947143554688 41.088069915771484 
78.48947143554688 41.111454010009766 
> -Z0.17562994360923767 
78.51919555664062 41.11054611206055 
78.54769897460938 41.11054611206055 
78.54769897460938 41.087158203125 
78.51919555664062 41.087158203125 
78.51919555664062 41.11054611206055 
> -Z0.11046365648508072 
78.48828125 41.08897399902344 
78.51679229736328 41.08897399902344 
78.51679229736328 41.06559371948242 
78.48828125 41.06559371948242 
78.48828125 41.08897399902344 
> -Z0.049977194517850876 
78.51799011230469 41.088069915771484 
78.54649353027344 41.088069915771484 
78.54649353027344 41.06468200683594 
78.51799011230469 41.06468200683594 
78.51799011230469 41.088069915771484 
> -Z0.14149047434329987 
78.42768859863281 41.06827926635742 
78.45621490478516 41.06827926635742 
78.45621490478516 41.04491424560547 
78.42768859863281 41.04491424560547 
78.42768859863281 41.06827926635742 
> -Z0.08751797676086426 
78.45738983154297 41.06739044189453 
78.48590850830078 41.06739044189453 
78.48590850830078 41.04401779174805 
78.45738983154297 41.04401779174805 
78.45738983154297 41.06739044189453 
> -Z0.07720308005809784 
78.42652130126953 41.045799255371094 
78.45503997802734 41.045799255371094 
78.45503997802734 41.02243423461914 
78.42652130126953 41.02243423461914 
78.42652130126953 41.045799255371094 
> -Z0.03687290474772453 
78.45621490478516 41.04491424560547 
78.4847183227539 41.04491424560547 
78.4847183227539 41.02153778076172 
78.45621490478516 41.02153778076172 
78.45621490478516 41.04491424560547 
> -Z0.036016952246427536 
78.48709106445312 41.06649398803711 
78.51559448242188 41.06649398803711 
78.51559448242188 41.043113708496094 
78.48709106445312 41.043113708496094 
78.48709106445312 41.06649398803711 
> -Z-0.00601552240550518 
78.51679229736328 41.06559371948242 
78.54528045654297 41.06559371948242 
78.54528045654297 41.04220199584961 
78.51679229736328 41.04220199584961 
78.51679229736328 41.06559371948242 
> -Z0.004896400962024927 
78.48590850830078 41.04401779174805 
78.51439666748047 41.04401779174805 
78.51439666748047 41.02063751220703 
78.48590850830078 41.02063751220703 
78.48590850830078 41.04401779174805 
> -Z-0.02145467698574066 
78.51559448242188 41.043113708496094 
78.54407501220703 41.043113708496094 
78.54407501220703 41.01972579956055 
78.51559448242188 41.01972579956055 
78.51559448242188 41.043113708496094 
> -Z0.49995359778404236 
78.43472290039062 41.20315933227539 
78.46330261230469 41.20315933227539 
78.46330261230469 41.179786682128906 
78.43472290039062 41.179786682128906 
78.43472290039062 41.20315933227539 
> -Z0.5995847582817078 
78.46449279785156 41.202266693115234 
78.49305725097656 41.202266693115234 
78.49305725097656 41.17888641357422 
78.46449279785156 41.17888641357422 
78.46449279785156 41.202266693115234 
> -Z0.5446690917015076 
78.43354797363281 41.18067932128906 
78.46212005615234 41.18067932128906 
78.46212005615234 41.15730667114258 
78.43354797363281 41.15730667114258 
78.43354797363281 41.18067932128906 
> -Z0.6259899139404297 
78.46330261230469 41.179786682128906 
78.49185943603516 41.179786682128906 
78.49185943603516 41.156410217285156 
78.46330261230469 41.156410217285156 
78.46330261230469 41.179786682128906 
> -Z0.670849084854126 
78.49425506591797 41.20136642456055 
78.5228042602539 41.20136642456055 
78.5228042602539 41.177978515625 
78.49425506591797 41.177978515625 
78.49425506591797 41.20136642456055 
> -Z0.7258789539337158 
78.52400970458984 41.20045852661133 
78.55255126953125 41.20045852661133 
78.55255126953125 41.177066802978516 
78.52400970458984 41.177066802978516 
78.52400970458984 41.20045852661133 
> -Z0.6724613904953003 
78.49305725097656 41.17888641357422 
78.52159881591797 41.17888641357422 
78.52159881591797 41.15550231933594 
78.49305725097656 41.15550231933594 
78.49305725097656 41.17888641357422 
> -Z0.6822497248649597 
78.5228042602539 41.177978515625 
78.55133819580078 41.177978515625 
78.55133819580078 41.15458679199219 
78.5228042602539 41.15458679199219 
78.5228042602539 41.177978515625 
> -Z0.5278447270393372 
78.432373046875 41.158199310302734 
78.4609375 41.158199310302734 
78.4609375 41.134830474853516 
78.432373046875 41.134830474853516 
78.432373046875 41.158199310302734 
> -Z0.5840317606925964 
78.46212005615234 41.15730667114258 
78.49066925048828 41.15730667114258 
78.49066925048828 41.13393020629883 
78.46212005615234 41.13393020629883 
78.46212005615234 41.15730667114258 
> -Z0.46925365924835205 
78.43119812011719 41.135719299316406 
78.45975494384766 41.135719299316406 
78.45975494384766 41.11235046386719 
78.43119812011719 41.11235046386719 
78.43119812011719 41.135719299316406 
> -Z0.0243577491492033 
76.99652862548828 40.966880798339844 
77.1124267578125 40.966880798339844 
77.1124267578125 40.87474060058594 
76.99652862548828 40.87474060058594 
76.99652862548828 40.966880798339844 
> -Z0.028731347993016243 
76.99925231933594 41.056907653808594 
77.11529541015625 41.056907653808594 
77.11529541015625 40.96476364135742 
76.99925231933594 40.96476364135742 
76.99925231933594 41.056907653808594 
> -Z0.02509000152349472 
77.00198364257812 41.146934509277344 
77.11817932128906 41.146934509277344 
77.11817932128906 41.05478286743164 
77.00198364257812 41.05478286743164 
77.00198364257812 41.146934509277344 
> -Z0.01763836108148098 
77.00473022460938 41.23695755004883 
77.1210708618164 41.23695755004883 
77.1210708618164 41.14480209350586 
77.00473022460938 41.14480209350586 
77.00473022460938 41.23695755004883 
> -Z-0.005778789054602385 
77.00748443603516 41.32698059082031 
77.12397766113281 41.32698059082031 
77.12397766113281 41.23481750488281 
77.00748443603516 41.23481750488281 
77.00748443603516 41.32698059082031 
> -Z-0.017452655360102654 
77.01025390625 41.4170036315918 
77.12689971923828 41.4170036315918 
77.12689971923828 41.32483673095703 
77.01025390625 41.32483673095703 
77.01025390625 41.4170036315918 
> -Z0.009094317443668842 
77.0130386352539 41.507022857666016 
77.12983703613281 41.507022857666016 
77.12983703613281 41.41484832763672 
77.0130386352539 41.41484832763672 
77.0130386352539 41.507022857666016 
> -Z0.0004840294714085758 
79.94673156738281 40.6978645324707 
80.05784606933594 40.6978645324707 
80.05784606933594 40.60300064086914 
79.94673156738281 40.60300064086914 
79.94673156738281 40.6978645324707 
> -Z-0.00045721977949142456 
79.95339965820312 40.78761291503906 
80.06463623046875 40.78761291503906 
80.06463623046875 40.6927375793457 
79.95339965820312 40.6927375793457 
79.95339965820312 40.78761291503906 
> -Z-0.00010833358101081103 
79.9601058959961 40.87736129760742 
80.07146453857422 40.87736129760742 
80.07146453857422 40.782470703125 
79.9601058959961 40.782470703125 
79.9601058959961 40.87736129760742 
> -Z-4.4029566197423264e-05 
79.96683502197266 40.967105865478516 
80.07832336425781 40.967105865478516 
80.07832336425781 40.8722038269043 
79.96683502197266 40.8722038269043 
79.96683502197266 40.967105865478516 
> -Z-9.75279908743687e-05 
79.97359466552734 41.05685043334961 
80.08521270751953 41.05685043334961 
80.08521270751953 40.96193313598633 
79.97359466552734 40.96193313598633 
79.97359466552734 41.05685043334961 
> -Z0.001512735616415739 
78.86354064941406 40.379051208496094 
78.97577667236328 40.379051208496094 
78.97577667236328 40.285186767578125 
78.86354064941406 40.285186767578125 
78.86354064941406 40.379051208496094 
> -Z0.0009253733442164958 
78.86869049072266 40.468936920166016 
78.98106384277344 40.468936920166016 
78.98106384277344 40.37506103515625 
78.86869049072266 40.37506103515625 
78.86869049072266 40.468936920166016 
> -Z0.0012919357977807522 
78.87387084960938 40.55882263183594 
78.98637390136719 40.55882263183594 
78.98637390136719 40.464935302734375 
78.87387084960938 40.464935302734375 
78.87387084960938 40.55882263183594 
> -Z0.003814424853771925 
78.87906646728516 40.648704528808594 
78.99170684814453 40.648704528808594 
78.99170684814453 40.554805755615234 
78.87906646728516 40.554805755615234 
78.87906646728516 40.648704528808594 
> -Z0.006763003300875425 
78.88429260253906 40.73858642578125 
78.99706268310547 40.73858642578125 
78.99706268310547 40.644676208496094 
78.88429260253906 40.644676208496094 
78.88429260253906 40.73858642578125 
> -Z0.011319064535200596 
78.88954162597656 40.82846450805664 
79.00244903564453 40.82846450805664 
79.00244903564453 40.73454284667969 
78.88954162597656 40.73454284667969 
78.88954162597656 40.82846450805664 
> -Z0.014852304942905903 
78.89481353759766 40.918338775634766 
79.00785064697266 40.918338775634766 
79.00785064697266 40.824405670166016 
78.89481353759766 40.824405670166016 
78.89481353759766 40.918338775634766 
> -Z0.018756134435534477 
78.90010833740234 41.00821304321289 
79.0132827758789 41.00821304321289 
79.0132827758789 40.91427230834961 
78.90010833740234 40.91427230834961 
78.90010833740234 41.00821304321289 
> -Z0.009836576879024506 
78.90542602539062 41.098087310791016 
79.01873779296875 41.098087310791016 
79.01873779296875 41.00413131713867 
78.90542602539062 41.00413131713867 
78.90542602539062 41.098087310791016 
> -Z-0.004677650518715382 
78.91077423095703 41.18795394897461 
79.02422332763672 41.18795394897461 
79.02422332763672 41.093990325927734 
78.91077423095703 41.093990325927734 
78.91077423095703 41.18795394897461 
> -Z-0.023059051483869553 
78.9161376953125 41.27782440185547 
78.97297668457031 41.27782440185547 
78.97297668457031 41.23085021972656 
78.9161376953125 41.23085021972656 
78.9161376953125 41.27782440185547 
> -Z-0.018715916201472282 
78.97570037841797 41.275779724121094 
79.03248596191406 41.275779724121094 
79.03248596191406 41.22877502441406 
78.97570037841797 41.22877502441406 
78.97570037841797 41.275779724121094 
> -Z-0.01574697159230709 
78.9134521484375 41.23289108276367 
78.97025299072266 41.23289108276367 
78.97025299072266 41.185916900634766 
78.9134521484375 41.185916900634766 
78.9134521484375 41.23289108276367 
> -Z-0.012978173792362213 
78.97297668457031 41.23085021972656 
79.02972412109375 41.23085021972656 
79.02972412109375 41.1838493347168 
78.97297668457031 41.1838493347168 
78.97297668457031 41.23085021972656 
> -Z-0.0022107248660176992 
79.74288940429688 41.15663528442383 
79.85502624511719 41.15663528442383 
79.85502624511719 41.06191635131836 
79.74288940429688 41.06191635131836 
79.74288940429688 41.15663528442383 
> -Z0.0012250699801370502 
79.7493896484375 41.24640655517578 
79.86165618896484 41.24640655517578 
79.86165618896484 41.15167236328125 
79.7493896484375 41.15167236328125 
79.7493896484375 41.24640655517578 
> -Z-0.001220660749822855 
79.75592041015625 41.33617401123047 
79.86831665039062 41.33617401123047 
79.86831665039062 41.24142837524414 
79.75592041015625 41.24142837524414 
79.75592041015625 41.33617401123047 
> -Z0.001938793109729886 
79.76248168945312 41.42593765258789 
79.87500762939453 41.42593765258789 
79.87500762939453 41.331180572509766 
79.76248168945312 41.331180572509766 
79.76248168945312 41.42593765258789 
> -Z0.0060400511138141155 
79.76907348632812 41.51570129394531 
79.88172912597656 41.51570129394531 
79.88172912597656 41.420928955078125 
79.76907348632812 41.420928955078125 
79.76907348632812 41.51570129394531 
> -Z0.008585344068706036 
79.77568817138672 41.60546112060547 
79.88848114013672 41.60546112060547 
79.88848114013672 41.510677337646484 
79.77568817138672 41.510677337646484 
79.77568817138672 41.60546112060547 
> -Z0.017200754955410957 
79.78234100341797 41.695220947265625 
79.895263671875 41.695220947265625 
79.895263671875 41.60042190551758 
79.78234100341797 41.60042190551758 
79.78234100341797 41.695220947265625 
> -Z0.026979610323905945 
79.78901672363281 41.784976959228516 
79.9020767211914 41.784976959228516 
79.9020767211914 41.690162658691406 
79.78901672363281 41.690162658691406 
79.78901672363281 41.784976959228516 
> -Z0.029658449813723564 
79.79573059082031 41.87472915649414 
79.90892791748047 41.87472915649414 
79.90892791748047 41.779903411865234 
79.79573059082031 41.779903411865234 
79.79573059082031 41.87472915649414 
> -Z0.03529086336493492 
79.8024673461914 41.964481353759766 
79.91580200195312 41.964481353759766 
79.91580200195312 41.8696403503418 
79.8024673461914 41.8696403503418 
79.8024673461914 41.964481353759766 
> -Z0.03745828941464424 
79.80924224853516 42.054229736328125 
79.9227066040039 42.054229736328125 
79.9227066040039 41.95937728881836 
79.80924224853516 41.95937728881836 
79.80924224853516 42.054229736328125 
> -Z0.020716384053230286 
77.88311767578125 42.20894241333008 
77.99983978271484 42.20894241333008 
77.99983978271484 42.11589431762695 
77.88311767578125 42.11589431762695 
77.88311767578125 42.20894241333008 
> -Z0.0035526228602975607 
77.91480255126953 40.22674560546875 
78.02818298339844 40.22674560546875 
78.02818298339844 40.133758544921875 
77.91480255126953 40.133758544921875 
77.91480255126953 40.22674560546875 
> -Z0.00399957038462162 
77.9186782836914 40.31672286987305 
78.03218841552734 40.31672286987305 
78.03218841552734 40.223724365234375 
77.9186782836914 40.223724365234375 
77.9186782836914 40.31672286987305 
> -Z0.003636525012552738 
77.92256164550781 40.40669631958008 
78.03620910644531 40.40669631958008 
78.03620910644531 40.31369400024414 
77.92256164550781 40.31369400024414 
77.92256164550781 40.40669631958008 
> -Z0.0048142545856535435 
77.92646789550781 40.49666976928711 
78.04025268554688 40.49666976928711 
78.04025268554688 40.40365982055664 
77.92646789550781 40.40365982055664 
77.92646789550781 40.49666976928711 
> -Z0.008137759752571583 
77.93038940429688 40.58664321899414 
78.0443115234375 40.58664321899414 
78.0443115234375 40.493621826171875 
77.93038940429688 40.493621826171875 
77.93038940429688 40.58664321899414 
> -Z0.018124567344784737 
77.934326171875 40.676612854003906 
78.04839324951172 40.676612854003906 
78.04839324951172 40.58358383178711 
77.934326171875 40.58358383178711 
77.934326171875 40.676612854003906 
> -Z0.008031981997191906 
77.57282257080078 40.505088806152344 
77.68712615966797 40.505088806152344 
77.68712615966797 40.412410736083984 
77.57282257080078 40.412410736083984 
77.57282257080078 40.505088806152344 
> -Z0.012902583926916122 
77.5762710571289 40.595088958740234 
77.69071960449219 40.595088958740234 
77.69071960449219 40.502403259277344 
77.5762710571289 40.502403259277344 
77.5762710571289 40.595088958740234 
> -Z0.01934492029249668 
77.5797348022461 40.68508529663086 
77.69432067871094 40.68508529663086 
77.69432067871094 40.59239196777344 
77.5797348022461 40.59239196777344 
77.5797348022461 40.68508529663086 
> -Z0.0184019822627306 
77.58321380615234 40.775081634521484 
77.69794464111328 40.775081634521484 
77.69794464111328 40.68238067626953 
77.58321380615234 40.68238067626953 
77.58321380615234 40.775081634521484 
> -Z0.015857458114624023 
77.58670806884766 40.865074157714844 
77.70158386230469 40.865074157714844 
77.70158386230469 40.772369384765625 
77.58670806884766 40.772369384765625 
77.58670806884766 40.865074157714844 
> -Z0.025227341800928116 
77.59021759033203 40.9550666809082 
77.70523834228516 40.9550666809082 
77.70523834228516 40.86235427856445 
77.59021759033203 40.86235427856445 
77.59021759033203 40.9550666809082 
> -Z0.03662743791937828 
77.59375 41.0450553894043 
77.70891571044922 41.0450553894043 
77.70891571044922 40.952335357666016 
77.59375 40.952335357666016 
77.59375 41.0450553894043 
> -Z0.03582471236586571 
77.5972900390625 41.13504409790039 
77.71260070800781 41.13504409790039 
77.71260070800781 41.04231643676758 
77.5972900390625 41.04231643676758 
77.5972900390625 41.13504409790039 
> -Z-0.0012587386881932616 
79.27928924560547 41.354923248291016 
79.39244842529297 41.354923248291016 
79.39244842529297 41.2606086730957 
79.27928924560547 41.2606086730957 
79.27928924560547 41.354923248291016 
> -Z-0.0050459667108953 
79.28519439697266 41.44474411010742 
79.39849090576172 41.44474411010742 
79.39849090576172 41.35041809082031 
79.28519439697266 41.35041809082031 
79.28519439697266 41.44474411010742 
> -Z-0.0018181164050474763 
79.29113006591797 41.534568786621094 
79.4045639038086 41.534568786621094 
79.4045639038086 41.44022750854492 
79.29113006591797 41.44022750854492 
79.29113006591797 41.534568786621094 
> -Z0.00842093862593174 
79.29708862304688 41.624385833740234 
79.41065979003906 41.624385833740234 
79.41065979003906 41.53003692626953 
79.29708862304688 41.53003692626953 
79.29708862304688 41.624385833740234 
> -Z0.016999181360006332 
79.3030776977539 41.71420669555664 
79.41678619384766 41.71420669555664 
79.41678619384766 41.619842529296875 
79.3030776977539 41.619842529296875 
79.3030776977539 41.71420669555664 
> -Z0.02638803794980049 
79.30909729003906 41.804019927978516 
79.42293548583984 41.804019927978516 
79.42293548583984 41.70964431762695 
79.30909729003906 41.70964431762695 
79.30909729003906 41.804019927978516 
> -Z0.031765423715114594 
79.31513977050781 41.89383316040039 
79.42912292480469 41.89383316040039 
79.42912292480469 41.79944610595703 
79.31513977050781 41.79944610595703 
79.31513977050781 41.89383316040039 
> -Z0.03394900634884834 
79.32121276855469 41.983646392822266 
79.43533325195312 41.983646392822266 
79.43533325195312 41.88924789428711 
79.32121276855469 41.88924789428711 
79.32121276855469 41.983646392822266 
> -Z0.03992660343647003 
79.32730865478516 42.073455810546875 
79.44156646728516 42.073455810546875 
79.44156646728516 41.979042053222656 
79.32730865478516 41.979042053222656 
79.32730865478516 42.073455810546875 
> -Z0.03996000066399574 
79.33343505859375 42.16326141357422 
79.44783782958984 42.16326141357422 
79.44783782958984 42.06884002685547 
79.33343505859375 42.06884002685547 
79.33343505859375 42.16326141357422 
> -Z0.04040709137916565 
79.33958435058594 42.25306701660156 
79.45413208007812 42.25306701660156 
79.45413208007812 42.15863037109375 
79.33958435058594 42.15863037109375 
79.33958435058594 42.25306701660156 
> -Z-0.0015628994442522526 
79.33349609375 40.362369537353516 
79.44501495361328 40.362369537353516 
79.44501495361328 40.26808166503906 
79.33349609375 40.26808166503906 
79.33349609375 40.362369537353516 
> -Z-0.0008093939977698028 
79.33927154541016 40.45220184326172 
79.45092010498047 40.45220184326172 
79.45092010498047 40.35790252685547 
79.33927154541016 40.35790252685547 
79.33927154541016 40.45220184326172 
> -Z0.0006426486070267856 
79.3450698852539 40.54203414916992 
79.45684814453125 40.54203414916992 
79.45684814453125 40.44771957397461 
79.3450698852539 40.44771957397461 
79.3450698852539 40.54203414916992 
> -Z0.0015484446194022894 
79.35089874267578 40.63186264038086 
79.46280670166016 40.63186264038086 
79.46280670166016 40.53753662109375 
79.35089874267578 40.53753662109375 
79.35089874267578 40.63186264038086 
> -Z0.004084060434252024 
79.35675811767578 40.7216911315918 
79.46879577636719 40.7216911315918 
79.46879577636719 40.62735366821289 
79.35675811767578 40.62735366821289 
79.35675811767578 40.7216911315918 
> -Z0.00792383961379528 
79.36264038085938 40.81151580810547 
79.47480773925781 40.81151580810547 
79.47480773925781 40.717166900634766 
79.36264038085938 40.717166900634766 
79.36264038085938 40.81151580810547 
> -Z0.007519881706684828 
79.36854553222656 40.901336669921875 
79.48084259033203 40.901336669921875 
79.48084259033203 40.806976318359375 
79.36854553222656 40.806976318359375 
79.36854553222656 40.901336669921875 
> -Z0.010152332484722137 
79.02422332763672 41.093990325927734 
79.13734436035156 41.093990325927734 
79.13734436035156 40.99992752075195 
79.02422332763672 40.99992752075195 
79.02422332763672 41.093990325927734 
> -Z-0.0031100790947675705 
79.02972412109375 41.1838493347168 
79.14299011230469 41.1838493347168 
79.14299011230469 41.08977508544922 
79.02972412109375 41.08977508544922 
79.02972412109375 41.1838493347168 
> -Z-0.013659443706274033 
79.0352554321289 41.273704528808594 
79.14865112304688 41.273704528808594 
79.14865112304688 41.17961883544922 
79.0352554321289 41.17961883544922 
79.0352554321289 41.273704528808594 
> -Z-0.017415883019566536 
79.04080963134766 41.363555908203125 
79.15434265136719 41.363555908203125 
79.15434265136719 41.26946258544922 
79.04080963134766 41.26946258544922 
79.04080963134766 41.363555908203125 
> -Z-0.00652358029037714 
79.04638671875 41.453407287597656 
79.16006469726562 41.453407287597656 
79.16006469726562 41.35930252075195 
79.04638671875 41.35930252075195 
79.04638671875 41.453407287597656 
> -Z0.008677326142787933 
79.05199432373047 41.54325866699219 
79.16580963134766 41.54325866699219 
79.16580963134766 41.44913864135742 
79.05199432373047 41.44913864135742 
79.05199432373047 41.54325866699219 
> -Z0.02294800989329815 
79.05762481689453 41.63310623168945 
79.17157745361328 41.63310623168945 
79.17157745361328 41.53897476196289 
79.05762481689453 41.53897476196289 
79.05762481689453 41.63310623168945 
> -Z0.03527668118476868 
79.06328582763672 41.72294998168945 
79.17737579345703 41.72294998168945 
79.17737579345703 41.628807067871094 
79.06328582763672 41.628807067871094 
79.06328582763672 41.72294998168945 
> -Z0.020882265642285347 
78.3340072631836 41.566349029541016 
78.44894409179688 41.566349029541016 
78.44894409179688 41.472900390625 
78.3340072631836 41.472900390625 
78.3340072631836 41.566349029541016 
> -Z0.017413049936294556 
78.3386459350586 41.65626907348633 
78.45372772216797 41.65626907348633 
78.45372772216797 41.56281280517578 
78.3386459350586 41.56281280517578 
78.3386459350586 41.65626907348633 
> -Z0.021061385050415993 
78.34329986572266 41.746185302734375 
78.45852661132812 41.746185302734375 
78.45852661132812 41.6527214050293 
78.34329986572266 41.6527214050293 
78.34329986572266 41.746185302734375 
> -Z0.02589637041091919 
78.34798431396484 41.83610153198242 
78.4633560180664 41.83610153198242 
78.4633560180664 41.74262619018555 
78.34798431396484 41.74262619018555 
78.34798431396484 41.83610153198242 
> -Z0.0302683524787426 
78.3526840209961 41.92601776123047 
78.46820068359375 41.92601776123047 
78.46820068359375 41.8325309753418 
78.3526840209961 41.8325309753418 
78.3526840209961 41.92601776123047 
> -Z0.03166947141289711 
78.35740661621094 42.01593017578125 
78.47307586669922 42.01593017578125 
78.47307586669922 41.92243576049805 
78.35740661621094 41.92243576049805 
78.35740661621094 42.01593017578125 
> -Z0.029587658122181892 
78.36215209960938 42.105838775634766 
78.47796630859375 42.105838775634766 
78.47796630859375 42.01233673095703 
78.36215209960938 42.01233673095703 
78.36215209960938 42.105838775634766 
> -Z0.030051765963435173 
78.3669204711914 42.19574737548828 
78.48287963867188 42.19574737548828 
78.48287963867188 42.10223388671875 
78.3669204711914 42.10223388671875 
78.3669204711914 42.19574737548828 
> -Z0.002780171111226082 
78.38870239257812 40.30389404296875 
78.50151824951172 40.30389404296875 
78.50151824951172 40.21046447753906 
78.38870239257812 40.21046447753906 
78.38870239257812 40.30389404296875 
> -Z0.0030218339525163174 
78.3932113647461 40.393829345703125 
78.50616455078125 40.393829345703125 
78.50616455078125 40.300392150878906 
78.3932113647461 40.300392150878906 
78.3932113647461 40.393829345703125 
> -Z0.026919623836874962 
77.7313003540039 41.4921989440918 
77.84701538085938 41.4921989440918 
77.84701538085938 41.399330139160156 
77.7313003540039 41.399330139160156 
77.7313003540039 41.4921989440918 
> -Z0.022512556985020638 
77.73509216308594 41.58216857910156 
77.8509521484375 41.58216857910156 
77.8509521484375 41.48929214477539 
77.73509216308594 41.48929214477539 
77.73509216308594 41.58216857910156 
> -Z0.02078084647655487 
77.73889923095703 41.67213821411133 
77.85491180419922 41.67213821411133 
77.85491180419922 41.579254150390625 
77.73889923095703 41.579254150390625 
77.73889923095703 41.67213821411133 
> -Z0.016743550077080727 
77.74272155761719 41.762107849121094 
77.85888671875 41.762107849121094 
77.85888671875 41.66921615600586 
77.74272155761719 41.66921615600586 
77.74272155761719 41.762107849121094 
> -Z0.023490015417337418 
77.74656677246094 41.852073669433594 
77.86287689208984 41.852073669433594 
77.86287689208984 41.75917434692383 
77.74656677246094 41.75917434692383 
77.74656677246094 41.852073669433594 
> -Z0.02059374935925007 
77.75042724609375 41.942039489746094 
77.86688995361328 41.942039489746094 
77.86688995361328 41.8491325378418 
77.75042724609375 41.8491325378418 
77.75042724609375 41.942039489746094 
> -Z0.02608877792954445 
77.75430297851562 42.03200149536133 
77.87091827392578 42.03200149536133 
77.87091827392578 41.9390869140625 
77.75430297851562 41.9390869140625 
77.75430297851562 42.03200149536133 
> -Z0.02688557468354702 
77.7582015991211 42.12196350097656 
77.87496185302734 42.12196350097656 
77.87496185302734 42.0290412902832 
77.7582015991211 42.0290412902832 
77.7582015991211 42.12196350097656 
> -Z0.0033626637887209654 
78.52970123291016 40.7499885559082 
78.64301300048828 40.7499885559082 
78.64301300048828 40.656402587890625 
78.52970123291016 40.656402587890625 
78.52970123291016 40.7499885559082 
> -Z0.0053934501484036446 
78.53446960449219 40.83990478515625 
78.64791870117188 40.83990478515625 
78.64791870117188 40.746307373046875 
78.53446960449219 40.746307373046875 
78.53446960449219 40.83990478515625 
> -Z-0.004635035991668701 
78.53926086425781 40.92981719970703 
78.65284729003906 40.92981719970703 
78.65284729003906 40.836212158203125 
78.53926086425781 40.836212158203125 
78.53926086425781 40.92981719970703 
> -Z-0.03106793947517872 
78.54407501220703 41.01972579956055 
78.60098266601562 41.01972579956055 
78.60098266601562 40.972930908203125 
78.54407501220703 40.972930908203125 
78.54407501220703 41.01972579956055 
> -Z-0.025936046615242958 
78.60343170166016 41.01788330078125 
78.66028594970703 41.01788330078125 
78.66028594970703 40.97106170654297 
78.60343170166016 40.97106170654297 
78.60343170166016 41.01788330078125 
> -Z-0.01838913932442665 
78.54166412353516 40.974769592285156 
78.5985336303711 40.974769592285156 
78.5985336303711 40.927978515625 
78.54166412353516 40.927978515625 
78.54166412353516 40.974769592285156 
> -Z-0.012719531543552876 
78.60098266601562 40.972930908203125 
78.65779876708984 40.972930908203125 
78.65779876708984 40.92611312866211 
78.60098266601562 40.92611312866211 
78.60098266601562 40.972930908203125 
> -Z0.08931262791156769 
78.54891204833984 41.10963439941406 
78.57740783691406 41.10963439941406 
78.57740783691406 41.086238861083984 
78.54891204833984 41.086238861083984 
78.54891204833984 41.10963439941406 
> -Z0.02290722168982029 
77.93828582763672 40.766578674316406 
78.052490234375 40.766578674316406 
78.052490234375 40.673545837402344 
77.93828582763672 40.673545837402344 
77.93828582763672 40.766578674316406 
> -Z0.01567588932812214 
77.9422607421875 40.856544494628906 
78.05660247802734 40.856544494628906 
78.05660247802734 40.76350402832031 
77.9422607421875 40.76350402832031 
77.9422607421875 40.856544494628906 
> -Z0.019864577800035477 
77.94625091552734 40.946510314941406 
78.06073760986328 40.946510314941406 
78.06073760986328 40.85346221923828 
77.94625091552734 40.85346221923828 
77.94625091552734 40.946510314941406 
> -Z0.046341534703969955 
77.95026397705078 41.03647232055664 
78.06489562988281 41.03647232055664 
78.06489562988281 40.943416595458984 
77.95026397705078 40.943416595458984 
77.95026397705078 41.03647232055664 
> -Z0.057655736804008484 
77.95429229736328 41.126434326171875 
78.06906127929688 41.126434326171875 
78.06906127929688 41.03336715698242 
77.95429229736328 41.03336715698242 
77.95429229736328 41.126434326171875 
> -Z0.04790695384144783 
77.95833587646484 41.21639633178711 
78.07325744628906 41.21639633178711 
78.07325744628906 41.123321533203125 
77.95833587646484 41.123321533203125 
77.95833587646484 41.21639633178711 
> -Z0.03960857167840004 
77.96240234375 41.30635070800781 
78.07746124267578 41.30635070800781 
78.07746124267578 41.2132682800293 
77.96240234375 41.2132682800293 
77.96240234375 41.30635070800781 
> -Z0.028867650777101517 
77.96649169921875 41.39630889892578 
78.08169555664062 41.39630889892578 
78.08169555664062 41.303218841552734 
77.96649169921875 41.303218841552734 
77.96649169921875 41.39630889892578 
> -Z0.028554541990160942 
77.97058868408203 41.486263275146484 
78.08594512939453 41.486263275146484 
78.08594512939453 41.393165588378906 
77.97058868408203 41.393165588378906 
77.97058868408203 41.486263275146484 
> -Z0.022492578253149986 
77.97471618652344 41.57621383666992 
78.0902099609375 41.57621383666992 
78.0902099609375 41.48310852050781 
77.97471618652344 41.48310852050781 
77.97471618652344 41.57621383666992 
> -Z0.01796240173280239 
77.97885131835938 41.666168212890625 
78.09449768066406 41.666168212890625 
78.09449768066406 41.57305145263672 
77.97885131835938 41.57305145263672 
77.97885131835938 41.666168212890625 
> -Z0.014802378602325916 
77.98301696777344 41.7561149597168 
78.09880065917969 41.7561149597168 
78.09880065917969 41.66299057006836 
77.98301696777344 41.66299057006836 
77.98301696777344 41.7561149597168 
> -Z0.017557157203555107 
77.98719024658203 41.84606170654297 
78.1031265258789 41.84606170654297 
78.1031265258789 41.7529296875 
77.98719024658203 41.7529296875 
77.98719024658203 41.84606170654297 
> -Z-0.0013176596257835627 
79.80943298339844 40.43355941772461 
79.92034912109375 40.43355941772461 
79.92034912109375 40.33884048461914 
79.80943298339844 40.33884048461914 
79.80943298339844 40.43355941772461 
> -Z0.00043873387039639056 
79.81585693359375 40.52333068847656 
79.9269027709961 40.52333068847656 
79.9269027709961 40.4286003112793 
79.81585693359375 40.4286003112793 
79.81585693359375 40.52333068847656 
> -Z-0.00020366482203826308 
79.82231140136719 40.613101959228516 
79.93347930908203 40.613101959228516 
79.93347930908203 40.51835632324219 
79.82231140136719 40.51835632324219 
79.82231140136719 40.613101959228516 
> -Z-0.0006224365788511932 
79.82879638671875 40.7028694152832 
79.94009399414062 40.7028694152832 
79.94009399414062 40.60811233520508 
79.82879638671875 40.60811233520508 
79.82879638671875 40.7028694152832 
> -Z-0.0009401463903486729 
79.8353042602539 40.792633056640625 
79.94673156738281 40.792633056640625 
79.94673156738281 40.6978645324707 
79.8353042602539 40.6978645324707 
79.8353042602539 40.792633056640625 
> -Z-0.00021247884433250874 
79.84185028076172 40.88239669799805 
79.95339965820312 40.88239669799805 
79.95339965820312 40.78761291503906 
79.84185028076172 40.78761291503906 
79.84185028076172 40.88239669799805 
> -Z0.00025466110673733056 
79.84841918945312 40.97216033935547 
79.9601058959961 40.97216033935547 
79.9601058959961 40.87736129760742 
79.84841918945312 40.87736129760742 
79.84841918945312 40.97216033935547 
> -Z0.02205435000360012 
77.99138641357422 41.93600845336914 
78.10747528076172 41.93600845336914 
78.10747528076172 41.84286880493164 
77.99138641357422 41.84286880493164 
77.99138641357422 41.93600845336914 
> -Z0.021939227357506752 
77.99560546875 42.02595138549805 
78.1118392944336 42.02595138549805 
78.1118392944336 41.932804107666016 
77.99560546875 41.932804107666016 
77.99560546875 42.02595138549805 
> -Z0.027581436559557915 
77.99983978271484 42.11589431762695 
78.11622619628906 42.11589431762695 
78.11622619628906 42.02273941040039 
77.99983978271484 42.02273941040039 
77.99983978271484 42.11589431762695 
> -Z0.023331670090556145 
78.00409698486328 42.205833435058594 
78.12063598632812 42.205833435058594 
78.12063598632812 42.1126708984375 
78.00409698486328 42.1126708984375 
78.00409698486328 42.205833435058594 
> -Z0.005019263830035925 
78.03218841552734 40.223724365234375 
78.1453857421875 40.223724365234375 
78.1453857421875 40.13063049316406 
78.03218841552734 40.13063049316406 
78.03218841552734 40.223724365234375 
> -Z0.003532631555572152 
78.03620910644531 40.31369400024414 
78.14954376220703 40.31369400024414 
78.14954376220703 40.22058868408203 
78.03620910644531 40.22058868408203 
78.03620910644531 40.31369400024414 
> -Z0.035667143762111664 
79.68219757080078 41.96946334838867 
79.79573059082031 41.96946334838867 
79.79573059082031 41.87472915649414 
79.68219757080078 41.87472915649414 
79.68219757080078 41.96946334838867 
> -Z0.03751525282859802 
79.68880462646484 42.059226989746094 
79.8024673461914 42.059226989746094 
79.8024673461914 41.964481353759766 
79.68880462646484 41.964481353759766 
79.68880462646484 42.059226989746094 
> -Z0.03937836363911629 
79.6954345703125 42.148990631103516 
79.80924224853516 42.148990631103516 
79.80924224853516 42.054229736328125 
79.6954345703125 42.054229736328125 
79.6954345703125 42.148990631103516 
> -Z0.0429239496588707 
79.70210266113281 42.23875045776367 
79.8160400390625 42.23875045776367 
79.8160400390625 42.143978118896484 
79.70210266113281 42.143978118896484 
79.70210266113281 42.23875045776367 
> -Z-0.0007896735914982855 
79.69193267822266 40.43840026855469 
79.80303192138672 40.43840026855469 
79.80303192138672 40.34378433227539 
79.69193267822266 40.34378433227539 
79.69193267822266 40.43840026855469 
> -Z0.02398228831589222 
77.24321746826172 41.2325553894043 
77.35921478271484 41.2325553894043 
77.35921478271484 41.140167236328125 
77.24321746826172 41.140167236328125 
77.24321746826172 41.2325553894043 
> -Z0.025651725009083748 
77.24630737304688 41.322566986083984 
77.3624496459961 41.322566986083984 
77.3624496459961 41.23017120361328 
77.24630737304688 41.23017120361328 
77.24630737304688 41.322566986083984 
> -Z0.0068685743026435375 
77.24940490722656 41.412574768066406 
77.36569213867188 41.412574768066406 
77.36569213867188 41.32017135620117 
77.24940490722656 41.32017135620117 
77.24940490722656 41.412574768066406 
> -Z0.021780047565698624 
77.25251770019531 41.50257873535156 
77.36895751953125 41.50257873535156 
77.36895751953125 41.41017150878906 
77.25251770019531 41.41017150878906 
77.25251770019531 41.50257873535156 
> -Z0.02448638528585434 
77.25564575195312 41.59258270263672 
77.37223815917969 41.59258270263672 
77.37223815917969 41.50017166137695 
77.25564575195312 41.50017166137695 
77.25564575195312 41.59258270263672 
> -Z0.028532005846500397 
77.2587890625 41.682586669921875 
77.37553405761719 41.682586669921875 
77.37553405761719 41.59016799926758 
77.2587890625 41.59016799926758 
77.2587890625 41.682586669921875 
> -Z0.024949314072728157 
77.26194763183594 41.772586822509766 
77.37883758544922 41.772586822509766 
77.37883758544922 41.68016052246094 
77.26194763183594 41.68016052246094 
77.26194763183594 41.772586822509766 
> -Z0.028813861310482025 
77.2651138305664 41.86258316040039 
77.38216400146484 41.86258316040039 
77.38216400146484 41.7701530456543 
77.2651138305664 41.7701530456543 
77.2651138305664 41.86258316040039 
> -Z0.014547503553330898 
77.26830291748047 41.95258331298828 
77.38550567626953 41.95258331298828 
77.38550567626953 41.860145568847656 
77.26830291748047 41.860145568847656 
77.26830291748047 41.95258331298828 
> -Z0.001250282279215753 
77.27149963378906 42.042579650878906 
77.38885498046875 42.042579650878906 
77.38885498046875 41.95013427734375 
77.27149963378906 41.95013427734375 
77.27149963378906 42.042579650878906 
> -Z0.004218471702188253 
77.3245849609375 40.15003204345703 
77.43866729736328 40.15003204345703 
77.43866729736328 40.05760192871094 
77.3245849609375 40.05760192871094 
77.3245849609375 40.15003204345703 
> -Z0.004399405792355537 
77.3276596069336 40.24005126953125 
77.44188690185547 40.24005126953125 
77.44188690185547 40.147613525390625 
77.3276596069336 40.147613525390625 
77.3276596069336 40.24005126953125 
> -Z0.0038025493267923594 
77.33074951171875 40.33007049560547 
77.44512176513672 40.33007049560547 
77.44512176513672 40.23762893676758 
77.33074951171875 40.23762893676758 
77.33074951171875 40.33007049560547 
> -Z0.001562100718729198 
77.33385467529297 40.42008590698242 
77.4483642578125 40.42008590698242 
77.4483642578125 40.327640533447266 
77.33385467529297 40.327640533447266 
77.33385467529297 40.42008590698242 
> -Z0.007295031566172838 
77.33697509765625 40.51010513305664 
77.45162963867188 40.51010513305664 
77.45162963867188 40.41764831542969 
77.33697509765625 40.41764831542969 
77.33697509765625 40.51010513305664 
> -Z0.015093469992280006 
77.3401107788086 40.60011672973633 
77.45490264892578 40.60011672973633 
77.45490264892578 40.50765609741211 
77.3401107788086 40.50765609741211 
77.3401107788086 40.60011672973633 
> -Z0.020457884296774864 
77.34325408935547 40.690128326416016 
77.45819854736328 40.690128326416016 
77.45819854736328 40.59766387939453 
77.34325408935547 40.59766387939453 
77.34325408935547 40.690128326416016 
> -Z0.013848826289176941 
77.34642028808594 40.7801399230957 
77.46150207519531 40.7801399230957 
77.46150207519531 40.68766784667969 
77.34642028808594 40.68766784667969 
77.34642028808594 40.7801399230957 
> -Z4.667673056246713e-05 
79.71082305908203 40.70775604248047 
79.82231140136719 40.70775604248047 
79.82231140136719 40.613101959228516 
79.71082305908203 40.613101959228516 
79.71082305908203 40.70775604248047 
> -Z-0.0004542308743111789 
79.71717834472656 40.79753494262695 
79.82879638671875 40.79753494262695 
79.82879638671875 40.7028694152832 
79.71717834472656 40.7028694152832 
79.71717834472656 40.79753494262695 
> -Z0.0004244270967319608 
79.72356414794922 40.88731384277344 
79.8353042602539 40.88731384277344 
79.8353042602539 40.792633056640625 
79.72356414794922 40.792633056640625 
79.72356414794922 40.88731384277344 
