> -Z-0.004466572331116812 
87.19429779052734 28.58478355407715 
87.29631042480469 28.58478355407715 
87.29631042480469 28.494333267211914 
87.19429779052734 28.494333267211914 
87.19429779052734 28.58478355407715 
> -Z-0.01412016359060913 
87.19446563720703 28.675046920776367 
87.24553680419922 28.675046920776367 
87.24553680419922 28.629833221435547 
87.19446563720703 28.629833221435547 
87.19446563720703 28.675046920776367 
> -Z-0.013393752235802775 
87.24564361572266 28.674964904785156 
87.29669189453125 28.674964904785156 
87.29669189453125 28.629730224609375 
87.24564361572266 28.629730224609375 
87.24564361572266 28.674964904785156 
> -Z-0.004112913961536182 
87.19438171386719 28.629915237426758 
87.24542999267578 28.629915237426758 
87.24542999267578 28.584699630737305 
87.19438171386719 28.584699630737305 
87.19438171386719 28.629915237426758 
> -Z-0.005222337333213492 
87.24553680419922 28.629833221435547 
87.29656219482422 28.629833221435547 
87.29656219482422 28.584598541259766 
87.24553680419922 28.584598541259766 
87.24553680419922 28.629833221435547 
> -Z-0.019669101950406102 
87.36078643798828 28.674705505371094 
87.37353515625 28.674705505371094 
87.37353515625 28.663389205932617 
87.36078643798828 28.663389205932617 
87.36078643798828 28.674705505371094 
> -Z-0.0183942053680348 
87.34795379638672 28.6634578704834 
87.36071014404297 28.6634578704834 
87.36071014404297 28.652141571044922 
87.34795379638672 28.652141571044922 
87.34795379638672 28.6634578704834 
> -Z-0.019043420067959078 
87.36074829101562 28.663423538208008 
87.37349700927734 28.663423538208008 
87.37349700927734 28.6521053314209 
87.36074829101562 28.6521053314209 
87.36074829101562 28.663423538208008 
> -Z-0.019541485813697163 
87.37358093261719 28.674671173095703 
87.37995147705078 28.674671173095703 
87.37995147705078 28.66901206970215 
87.37358093261719 28.66901206970215 
87.37358093261719 28.674671173095703 
> -Z-0.018417092867995737 
87.37997436523438 28.674654006958008 
87.38316345214844 28.674654006958008 
87.38316345214844 28.671823501586914 
87.37997436523438 28.671823501586914 
87.37997436523438 28.674654006958008 
> -Z-0.017084521239097993 
87.3831558227539 28.669004440307617 
87.38633728027344 28.669004440307617 
87.38633728027344 28.666173934936523 
87.3831558227539 28.666173934936523 
87.3831558227539 28.669004440307617 
> -Z-0.01885241156621406 
87.37994384765625 28.66619110107422 
87.38313293457031 28.66619110107422 
87.38313293457031 28.663362503051758 
87.37994384765625 28.663362503051758 
87.37994384765625 28.66619110107422 
> -Z-0.018017763126244188 
87.38314056396484 28.666183471679688 
87.3863296508789 28.666183471679688 
87.3863296508789 28.663352966308594 
87.38314056396484 28.663352966308594 
87.38314056396484 28.666183471679688 
> -Z-0.005724394163611139 
87.3863754272461 28.67463493347168 
87.38955688476562 28.67463493347168 
87.38955688476562 28.67180633544922 
87.3863754272461 28.67180633544922 
87.3863754272461 28.67463493347168 
> -Z-0.0014222253072375818 
87.38957214355469 28.67462730407715 
87.39276123046875 28.67462730407715 
87.39276123046875 28.671796798706055 
87.38957214355469 28.671796798706055 
87.38957214355469 28.67462730407715 
> -Z-0.008684504750947133 
87.38636016845703 28.671815872192383 
87.3895492553711 28.671815872192383 
87.3895492553711 28.66898536682129 
87.38636016845703 28.66898536682129 
87.38636016845703 28.671815872192383 
> -Z-0.0023793974614324115 
87.38955688476562 28.67180633544922 
87.39274597167969 28.67180633544922 
87.39274597167969 28.668975830078125 
87.38955688476562 28.668975830078125 
87.38955688476562 28.67180633544922 
> -Z0.0013516699128109239 
87.39276885986328 28.674617767333984 
87.39595794677734 28.674617767333984 
87.39595794677734 28.67178726196289 
87.39276885986328 28.67178726196289 
87.39276885986328 28.674617767333984 
> -Z0.0005091318530400374 
87.39596557617188 28.67460823059082 
87.39915466308594 28.67460823059082 
87.39915466308594 28.671777725219727 
87.39596557617188 28.671777725219727 
87.39596557617188 28.67460823059082 
> -Z-0.0029210263824976795 
87.39276123046875 28.671796798706055 
87.39594268798828 28.671796798706055 
87.39594268798828 28.66896629333496 
87.39276123046875 28.66896629333496 
87.39276123046875 28.671796798706055 
> -Z-0.014481663981145223 
87.38317108154297 28.674644470214844 
87.38636016845703 28.674644470214844 
87.38636016845703 28.671815872192383 
87.38317108154297 28.671815872192383 
87.38317108154297 28.674644470214844 
> -Z-0.01836796102074495 
87.37996673583984 28.671833038330078 
87.3831558227539 28.671833038330078 
87.3831558227539 28.669004440307617 
87.37996673583984 28.669004440307617 
87.37996673583984 28.671833038330078 
> -Z-0.01784534879405426 
87.38316345214844 28.671823501586914 
87.3863525390625 28.671823501586914 
87.3863525390625 28.668994903564453 
87.38316345214844 28.668994903564453 
87.38316345214844 28.671823501586914 
> -Z-0.012879531450525497 
87.19463348388672 28.765310287475586 
87.29681396484375 28.765310287475586 
87.29681396484375 28.674861907958984 
87.19463348388672 28.674861907958984 
87.19463348388672 28.765310287475586 
> -Z-0.012505772122120125 
87.1948013305664 28.855571746826172 
87.29707336425781 28.855571746826172 
87.29707336425781 28.76512336730957 
87.1948013305664 28.76512336730957 
87.1948013305664 28.855571746826172 
> -Z-0.005574039776090653 
87.29656219482422 28.584598541259766 
87.39848327636719 28.584598541259766 
87.39848327636719 28.49407196044922 
87.29656219482422 28.49407196044922 
87.29656219482422 28.584598541259766 
> -Z-0.014761921692821162 
87.29681396484375 28.674861907958984 
87.34783935546875 28.674861907958984 
87.34783935546875 28.629608154296875 
87.29681396484375 28.629608154296875 
87.29681396484375 28.674861907958984 
> -Z-0.018218061672036722 
87.34799194335938 28.674739837646484 
87.36074829101562 28.674739837646484 
87.36074829101562 28.663423538208008 
87.34799194335938 28.663423538208008 
87.34799194335938 28.674739837646484 
> -Z-0.019882675727187646 
87.3735580444336 28.669031143188477 
87.37993621826172 28.669031143188477 
87.37993621826172 28.663372039794922 
87.3735580444336 28.663372039794922 
87.3735580444336 28.669031143188477 
> -Z-0.01865008770536746 
87.37995147705078 28.66901206970215 
87.38314056396484 28.66901206970215 
87.38314056396484 28.666183471679688 
87.37995147705078 28.666183471679688 
87.37995147705078 28.66901206970215 
> -Z-0.0012549091132280643 
87.39595794677734 28.67178726196289 
87.3991470336914 28.67178726196289 
87.3991470336914 28.668956756591797 
87.39595794677734 28.668956756591797 
87.39595794677734 28.67178726196289 
> -Z-0.013185182902891418 
87.3863525390625 28.668994903564453 
87.38954162597656 28.668994903564453 
87.38954162597656 28.66616439819336 
87.3863525390625 28.66616439819336 
87.3863525390625 28.668994903564453 
> -Z-0.00815230601206314 
87.3895492553711 28.66898536682129 
87.39273834228516 28.66898536682129 
87.39273834228516 28.666154861450195 
87.3895492553711 28.666154861450195 
87.3895492553711 28.66898536682129 
> -Z-0.014262361155633313 
87.38633728027344 28.666173934936523 
87.3895263671875 28.666173934936523 
87.3895263671875 28.66334342956543 
87.38633728027344 28.66334342956543 
87.38633728027344 28.666173934936523 
> -Z-0.012160859606995873 
87.38954162597656 28.66616439819336 
87.3927230834961 28.66616439819336 
87.3927230834961 28.663333892822266 
87.38954162597656 28.663333892822266 
87.38954162597656 28.66616439819336 
> -Z-0.00448422667399534 
87.39274597167969 28.668975830078125 
87.39593505859375 28.668975830078125 
87.39593505859375 28.66614532470703 
87.39274597167969 28.66614532470703 
87.39274597167969 28.668975830078125 
> -Z-0.003224163568507285 
87.39594268798828 28.66896629333496 
87.39913177490234 28.66896629333496 
87.39913177490234 28.666135787963867 
87.39594268798828 28.666135787963867 
87.39594268798828 28.66896629333496 
> -Z-0.008136864255126303 
87.39273834228516 28.666154861450195 
87.39592742919922 28.666154861450195 
87.39592742919922 28.663326263427734 
87.39273834228516 28.663326263427734 
87.39273834228516 28.666154861450195 
> -Z-0.009508687707096564 
87.39593505859375 28.66614532470703 
87.39912414550781 28.66614532470703 
87.39912414550781 28.66331672668457 
87.39593505859375 28.66331672668457 
87.39593505859375 28.66614532470703 
> -Z-0.01985194864264614 
87.37353515625 28.663389205932617 
87.37991333007812 28.663389205932617 
87.37991333007812 28.657730102539062 
87.37353515625 28.657730102539062 
87.37353515625 28.663389205932617 
> -Z-0.01856233664708253 
87.37993621826172 28.663372039794922 
87.38630676269531 28.663372039794922 
87.38630676269531 28.657711029052734 
87.37993621826172 28.657711029052734 
87.37993621826172 28.663372039794922 
> -Z-0.019201071742158158 
87.37351989746094 28.657747268676758 
87.37989044189453 28.657747268676758 
87.37989044189453 28.652088165283203 
87.37351989746094 28.652088165283203 
87.37351989746094 28.657747268676758 
> -Z-0.01781929285624677 
87.37991333007812 28.657730102539062 
87.38629150390625 28.657730102539062 
87.38629150390625 28.652070999145508 
87.37991333007812 28.652070999145508 
87.37991333007812 28.657730102539062 
> -Z-0.016064983105181126 
87.3863296508789 28.663352966308594 
87.38951873779297 28.663352966308594 
87.38951873779297 28.6605224609375 
87.3863296508789 28.6605224609375 
87.3863296508789 28.663352966308594 
> -Z-0.01121737486239284 
87.3895263671875 28.66334342956543 
87.39271545410156 28.66334342956543 
87.39271545410156 28.66051483154297 
87.3895263671875 28.66051483154297 
87.3895263671875 28.66334342956543 
> -Z-0.014716686209248278 
87.38632202148438 28.660531997680664 
87.38951110839844 28.660531997680664 
87.38951110839844 28.657703399658203 
87.38632202148438 28.657703399658203 
87.38632202148438 28.660531997680664 
> -Z-0.01202913499705911 
87.38951873779297 28.6605224609375 
87.39270782470703 28.6605224609375 
87.39270782470703 28.65769386291504 
87.38951873779297 28.65769386291504 
87.38951873779297 28.6605224609375 
> -Z-0.007457938901463332 
87.3927230834961 28.663333892822266 
87.39591217041016 28.663333892822266 
87.39591217041016 28.660505294799805 
87.3927230834961 28.660505294799805 
87.3927230834961 28.663333892822266 
> -Z-0.008660432744687738 
87.39592742919922 28.663326263427734 
87.39910888671875 28.663326263427734 
87.39910888671875 28.66049575805664 
87.39592742919922 28.66049575805664 
87.39592742919922 28.663326263427734 
> -Z-0.009362817849550103 
87.39271545410156 28.66051483154297 
87.39590454101562 28.66051483154297 
87.39590454101562 28.657684326171875 
87.39271545410156 28.657684326171875 
87.39271545410156 28.66051483154297 
> -Z-0.008804260376770436 
87.39591217041016 28.660505294799805 
87.39910125732422 28.660505294799805 
87.39910125732422 28.65767478942871 
87.39591217041016 28.65767478942871 
87.39591217041016 28.660505294799805 
> -Z-0.014532892675969817 
87.38630676269531 28.657711029052734 
87.38949584960938 28.657711029052734 
87.38949584960938 28.654882431030273 
87.38630676269531 28.654882431030273 
87.38630676269531 28.657711029052734 
> -Z-0.012983288754419765 
87.38951110839844 28.657703399658203 
87.39269256591797 28.657703399658203 
87.39269256591797 28.65487289428711 
87.38951110839844 28.65487289428711 
87.38951110839844 28.657703399658203 
> -Z-0.015163087037085554 
87.38629913330078 28.654890060424805 
87.38948822021484 28.654890060424805 
87.38948822021484 28.652061462402344 
87.38629913330078 28.652061462402344 
87.38629913330078 28.654890060424805 
> -Z-0.013605279470844733 
87.38949584960938 28.654882431030273 
87.39268493652344 28.654882431030273 
87.39268493652344 28.65205192565918 
87.38949584960938 28.65205192565918 
87.38949584960938 28.654882431030273 
> -Z-0.012515337708449575 
87.39270782470703 28.65769386291504 
87.39588928222656 28.65769386291504 
87.39588928222656 28.654863357543945 
87.39270782470703 28.654863357543945 
87.39270782470703 28.65769386291504 
> -Z-0.009577354348996682 
87.39590454101562 28.657684326171875 
87.39909362792969 28.657684326171875 
87.39909362792969 28.65485382080078 
87.39590454101562 28.65485382080078 
87.39590454101562 28.657684326171875 
> -Z-0.011837024689169048 
87.39269256591797 28.65487289428711 
87.39588165283203 28.65487289428711 
87.39588165283203 28.652042388916016 
87.39269256591797 28.652042388916016 
87.39269256591797 28.65487289428711 
> -Z-0.009305175139357063 
87.39588928222656 28.654863357543945 
87.39907836914062 28.654863357543945 
87.39907836914062 28.65203285217285 
87.39588928222656 28.65203285217285 
87.39588928222656 28.654863357543945 
> -Z-0.015514052064959531 
87.34791564941406 28.65217399597168 
87.37342071533203 28.65217399597168 
87.37342071533203 28.629541397094727 
87.34791564941406 28.629541397094727 
87.34791564941406 28.65217399597168 
> -Z-0.01795267428058537 
87.37349700927734 28.6521053314209 
87.37987518310547 28.6521053314209 
87.37987518310547 28.646446228027344 
87.37349700927734 28.646446228027344 
87.37349700927734 28.6521053314209 
> -Z-0.01700153643960299 
87.37989044189453 28.652088165283203 
87.38626861572266 28.652088165283203 
87.38626861572266 28.64642906188965 
87.37989044189453 28.64642906188965 
87.37989044189453 28.652088165283203 
> -Z-0.01629063957429764 
87.37348175048828 28.646465301513672 
87.37985229492188 28.646465301513672 
87.37985229492188 28.640806198120117 
87.37348175048828 28.640806198120117 
87.37348175048828 28.646465301513672 
> -Z-0.015218702847025567 
87.37987518310547 28.646446228027344 
87.38624572753906 28.646446228027344 
87.38624572753906 28.64078712463379 
87.37987518310547 28.64078712463379 
87.37987518310547 28.646446228027344 
> -Z-0.014507713923741821 
87.38629150390625 28.652070999145508 
87.39266204833984 28.652070999145508 
87.39266204833984 28.64640998840332 
87.38629150390625 28.64640998840332 
87.38629150390625 28.652070999145508 
> -Z-0.01102751346227902 
87.39268493652344 28.65205192565918 
87.3958740234375 28.65205192565918 
87.3958740234375 28.649221420288086 
87.39268493652344 28.649221420288086 
87.39268493652344 28.65205192565918 
> -Z-0.009392087514347756 
87.39588165283203 28.652042388916016 
87.3990707397461 28.652042388916016 
87.3990707397461 28.649211883544922 
87.39588165283203 28.649211883544922 
87.39588165283203 28.652042388916016 
> -Z-0.011287974727168323 
87.3926773071289 28.64923095703125 
87.39585876464844 28.64923095703125 
87.39585876464844 28.646400451660156 
87.3926773071289 28.646400451660156 
87.3926773071289 28.64923095703125 
> -Z-0.009789381462950494 
87.3958740234375 28.649221420288086 
87.39905548095703 28.649221420288086 
87.39905548095703 28.646390914916992 
87.3958740234375 28.646390914916992 
87.3958740234375 28.649221420288086 
> -Z-0.01346459639394649 
87.38626861572266 28.64642906188965 
87.39263916015625 28.64642906188965 
87.39263916015625 28.640769958496094 
87.38626861572266 28.640769958496094 
87.38626861572266 28.64642906188965 
> -Z-0.010276503264779045 
87.39266204833984 28.64640998840332 
87.39904022216797 28.64640998840332 
87.39904022216797 28.640750885009766 
87.39266204833984 28.640750885009766 
87.39266204833984 28.64640998840332 
> -Z-0.01172325849701746 
87.37345886230469 28.640823364257812 
87.3862075805664 28.640823364257812 
87.3862075805664 28.629505157470703 
87.37345886230469 28.629505157470703 
87.37345886230469 28.640823364257812 
> -Z-0.01086979029801417 
87.38624572753906 28.64078712463379 
87.39262390136719 28.64078712463379 
87.39262390136719 28.635128021240234 
87.38624572753906 28.635128021240234 
87.38624572753906 28.64078712463379 
> -Z-0.009923772884478148 
87.39263916015625 28.640769958496094 
87.39901733398438 28.640769958496094 
87.39901733398438 28.635108947753906 
87.39263916015625 28.635108947753906 
87.39263916015625 28.640769958496094 
> -Z-0.0077768653090292805 
87.38623046875 28.63514518737793 
87.3926010131836 28.63514518737793 
87.3926010131836 28.629486083984375 
87.38623046875 28.629486083984375 
87.38623046875 28.63514518737793 
> -Z-0.0066937118170016085 
87.39262390136719 28.635128021240234 
87.39899444580078 28.635128021240234 
87.39899444580078 28.629467010498047 
87.39262390136719 28.629467010498047 
87.39262390136719 28.635128021240234 
> -Z-0.006073822215001037 
87.29669189453125 28.629730224609375 
87.34769439697266 28.629730224609375 
87.34769439697266 28.584476470947266 
87.29669189453125 28.584476470947266 
87.29669189453125 28.629730224609375 
> -Z-0.0053631589030848515 
87.34783935546875 28.629608154296875 
87.3988265991211 28.629608154296875 
87.3988265991211 28.584335327148438 
87.34783935546875 28.584335327148438 
87.34783935546875 28.629608154296875 
> -Z-0.014731062065805624 
87.29707336425781 28.76512336730957 
87.34813690185547 28.76512336730957 
87.34813690185547 28.719871520996094 
87.29707336425781 28.719871520996094 
87.29707336425781 28.76512336730957 
> -Z-0.015184286736399119 
87.3482894897461 28.76500129699707 
87.39933776855469 28.76500129699707 
87.39933776855469 28.719730377197266 
87.3482894897461 28.719730377197266 
87.3482894897461 28.76500129699707 
> -Z-0.014662886091562445 
87.29694366455078 28.719993591308594 
87.34799194335938 28.719993591308594 
87.34799194335938 28.674739837646484 
87.29694366455078 28.674739837646484 
87.29694366455078 28.719993591308594 
> -Z-0.016368559878974658 
87.34813690185547 28.719871520996094 
87.36090087890625 28.719871520996094 
87.36090087890625 28.708555221557617 
87.34813690185547 28.708555221557617 
87.34813690185547 28.719871520996094 
> -Z-0.016210274703907884 
87.3609390258789 28.719837188720703 
87.37369537353516 28.719837188720703 
87.37369537353516 28.708520889282227 
87.3609390258789 28.708520889282227 
87.3609390258789 28.719837188720703 
> -Z-0.017449236439030985 
87.34810638427734 28.708587646484375 
87.3608627319336 28.708587646484375 
87.3608627319336 28.6972713470459 
87.34810638427734 28.6972713470459 
87.34810638427734 28.708587646484375 
> -Z-0.01494571805699746 
87.36090087890625 28.708555221557617 
87.3736572265625 28.708555221557617 
87.3736572265625 28.697237014770508 
87.36090087890625 28.697237014770508 
87.36090087890625 28.708555221557617 
> -Z-0.012184647535306369 
87.37374114990234 28.719802856445312 
87.3864974975586 28.719802856445312 
87.3864974975586 28.708484649658203 
87.37374114990234 28.708484649658203 
87.37374114990234 28.719802856445312 
> -Z-0.01184671994525856 
87.38653564453125 28.71976661682129 
87.39291381835938 28.71976661682129 
87.39291381835938 28.714107513427734 
87.38653564453125 28.714107513427734 
87.38653564453125 28.71976661682129 
> -Z-0.012752454746395693 
87.39293670654297 28.71974754333496 
87.3993148803711 28.71974754333496 
87.3993148803711 28.714088439941406 
87.39293670654297 28.714088439941406 
87.39293670654297 28.71974754333496 
> -Z-0.010453576742200318 
87.38652038574219 28.71412467956543 
87.39289855957031 28.71412467956543 
87.39289855957031 28.708465576171875 
87.38652038574219 28.708465576171875 
87.38652038574219 28.71412467956543 
> -Z-0.011564196570374535 
87.39291381835938 28.714107513427734 
87.3992919921875 28.714107513427734 
87.3992919921875 28.708446502685547 
87.39291381835938 28.708446502685547 
87.39291381835938 28.714107513427734 
> -Z-0.012278652553407288 
87.37369537353516 28.708520889282227 
87.38007354736328 28.708520889282227 
87.38007354736328 28.70285987854004 
87.37369537353516 28.70285987854004 
87.37369537353516 28.708520889282227 
> -Z-0.009479599341750888 
87.38009643554688 28.7085018157959 
87.386474609375 28.7085018157959 
87.386474609375 28.702842712402344 
87.38009643554688 28.702842712402344 
87.38009643554688 28.7085018157959 
> -Z-0.012723743528561648 
87.3736801147461 28.702878952026367 
87.38005828857422 28.702878952026367 
87.38005828857422 28.697219848632812 
87.3736801147461 28.697219848632812 
87.3736801147461 28.702878952026367 
> -Z-0.007481040037688291 
87.38007354736328 28.70285987854004 
87.3864517211914 28.70285987854004 
87.3864517211914 28.697200775146484 
87.38007354736328 28.697200775146484 
87.38007354736328 28.70285987854004 
> -Z-0.009813711250667698 
87.3864974975586 28.708484649658203 
87.39287567138672 28.708484649658203 
87.39287567138672 28.702823638916016 
87.3864974975586 28.702823638916016 
87.3864974975586 28.708484649658203 
> -Z-0.013105648348318236 
87.39289855957031 28.708465576171875 
87.3992691040039 28.708465576171875 
87.3992691040039 28.702804565429688 
87.39289855957031 28.702804565429688 
87.39289855957031 28.708465576171875 
> -Z-0.009512885064120527 
87.386474609375 28.702842712402344 
87.39285278320312 28.702842712402344 
87.39285278320312 28.69718360900879 
87.386474609375 28.69718360900879 
87.386474609375 28.702842712402344 
> -Z-0.012826281414061363 
87.39287567138672 28.702823638916016 
87.39925384521484 28.702823638916016 
87.39925384521484 28.69716453552246 
87.39287567138672 28.69716453552246 
87.39287567138672 28.702823638916016 
> -Z-0.01726378630514019 
87.34806823730469 28.69730567932129 
87.36082458496094 28.69730567932129 
87.36082458496094 28.685989379882812 
87.34806823730469 28.685989379882812 
87.34806823730469 28.69730567932129 
> -Z-0.018400444661587155 
87.3608627319336 28.6972713470459 
87.37361907958984 28.6972713470459 
87.37361907958984 28.685955047607422 
87.3608627319336 28.685955047607422 
87.3608627319336 28.6972713470459 
> -Z-0.017949253910360417 
87.34803009033203 28.68602180480957 
87.36078643798828 28.68602180480957 
87.36078643798828 28.674705505371094 
87.34803009033203 28.674705505371094 
87.34803009033203 28.68602180480957 
> -Z-0.020791418078896833 
87.36082458496094 28.685989379882812 
87.37358093261719 28.685989379882812 
87.37358093261719 28.674671173095703 
87.36082458496094 28.674671173095703 
87.36082458496094 28.685989379882812 
> -Z-0.012844089087437283 
87.3736572265625 28.697237014770508 
87.38003540039062 28.697237014770508 
87.38003540039062 28.691577911376953 
87.3736572265625 28.691577911376953 
87.3736572265625 28.697237014770508 
> -Z-0.006851577652989504 
87.38005828857422 28.697219848632812 
87.38643646240234 28.697219848632812 
87.38643646240234 28.691560745239258 
87.38005828857422 28.691560745239258 
87.38005828857422 28.697219848632812 
> -Z-0.016766479109980185 
87.37364196777344 28.69159507751465 
87.38001251220703 28.69159507751465 
87.38001251220703 28.685935974121094 
87.37364196777344 28.685935974121094 
87.37364196777344 28.69159507751465 
> -Z-0.008838493327023026 
87.38003540039062 28.691577911376953 
87.38641357421875 28.691577911376953 
87.38641357421875 28.6859188079834 
87.38003540039062 28.6859188079834 
87.38003540039062 28.691577911376953 
> -Z-0.004432258762136574 
87.3864517211914 28.697200775146484 
87.38964080810547 28.697200775146484 
87.38964080810547 28.694372177124023 
87.3864517211914 28.694372177124023 
87.3864517211914 28.697200775146484 
> -Z-0.009301621353279218 
87.38965606689453 28.69719123840332 
87.3928451538086 28.69719123840332 
87.3928451538086 28.69436264038086 
87.38965606689453 28.69436264038086 
87.38965606689453 28.69719123840332 
> -Z-0.004688205559936518 
87.38644409179688 28.694379806518555 
87.38963317871094 28.694379806518555 
87.38963317871094 28.691551208496094 
87.38644409179688 28.691551208496094 
87.38644409179688 28.694379806518555 
> -Z-0.007644968113150907 
87.38964080810547 28.694372177124023 
87.39282989501953 28.694372177124023 
87.39282989501953 28.69154167175293 
87.38964080810547 28.69154167175293 
87.38964080810547 28.694372177124023 
> -Z-0.011260696460474208 
87.39285278320312 28.69718360900879 
87.39604187011719 28.69718360900879 
87.39604187011719 28.694353103637695 
87.39285278320312 28.694353103637695 
87.39285278320312 28.69718360900879 
> -Z-0.014030927613367897 
87.39604949951172 28.697174072265625 
87.39923858642578 28.697174072265625 
87.39923858642578 28.69434356689453 
87.39604949951172 28.69434356689453 
87.39604949951172 28.697174072265625 
> -Z-0.01165723225077872 
87.3928451538086 28.69436264038086 
87.39603424072266 28.69436264038086 
87.39603424072266 28.691532135009766 
87.3928451538086 28.691532135009766 
87.3928451538086 28.69436264038086 
> -Z-0.013425653836760587 
87.39604187011719 28.694353103637695 
87.39923095703125 28.694353103637695 
87.39923095703125 28.6915225982666 
87.39604187011719 28.6915225982666 
87.39604187011719 28.694353103637695 
> -Z-0.006445117960985847 
87.38643646240234 28.691560745239258 
87.3896255493164 28.691560745239258 
87.3896255493164 28.688730239868164 
87.38643646240234 28.688730239868164 
87.38643646240234 28.691560745239258 
> -Z-0.008640740531014893 
87.38963317871094 28.691551208496094 
87.392822265625 28.691551208496094 
87.392822265625 28.688720703125 
87.38963317871094 28.688720703125 
87.38963317871094 28.691551208496094 
> -Z-0.005900776114320216 
87.38642120361328 28.688739776611328 
87.38961029052734 28.688739776611328 
87.38961029052734 28.685909271240234 
87.38642120361328 28.685909271240234 
87.38642120361328 28.688739776611328 
> -Z-0.004526820523500771 
87.3896255493164 28.688730239868164 
87.39280700683594 28.688730239868164 
87.39280700683594 28.68589973449707 
87.3896255493164 28.68589973449707 
87.3896255493164 28.688730239868164 
> -Z-0.00768557473298568 
87.39282989501953 28.69154167175293 
87.3960189819336 28.69154167175293 
87.3960189819336 28.688711166381836 
87.39282989501953 28.688711166381836 
87.39282989501953 28.69154167175293 
> -Z-0.00797132459041465 
87.39603424072266 28.691532135009766 
87.39921569824219 28.691532135009766 
87.39921569824219 28.688701629638672 
87.39603424072266 28.688701629638672 
87.39603424072266 28.691532135009766 
> -Z-0.00018058456338921475 
87.392822265625 28.688720703125 
87.39601135253906 28.688720703125 
87.39601135253906 28.685890197753906 
87.392822265625 28.685890197753906 
87.392822265625 28.688720703125 
> -Z-0.002623169557715535 
87.3960189819336 28.688711166381836 
87.39920806884766 28.688711166381836 
87.39920806884766 28.685880661010742 
87.3960189819336 28.685880661010742 
87.3960189819336 28.688711166381836 
> -Z-0.018506415882072656 
87.37361907958984 28.685955047607422 
87.37999725341797 28.685955047607422 
87.37999725341797 28.680295944213867 
87.37361907958984 28.680295944213867 
87.37361907958984 28.685955047607422 
> -Z-0.012480355361994676 
87.38001251220703 28.685935974121094 
87.3832015991211 28.685935974121094 
87.3832015991211 28.683107376098633 
87.38001251220703 28.683107376098633 
87.38001251220703 28.685935974121094 
> -Z-0.006459783570894863 
87.38321685791016 28.685928344726562 
87.38640594482422 28.685928344726562 
87.38640594482422 28.68309783935547 
87.38321685791016 28.68309783935547 
87.38321685791016 28.685928344726562 
> -Z-0.014830153723464554 
87.3800048828125 28.683116912841797 
87.38319396972656 28.683116912841797 
87.38319396972656 28.680286407470703 
87.3800048828125 28.680286407470703 
87.3800048828125 28.683116912841797 
> -Z-0.007358168849836921 
87.3832015991211 28.683107376098633 
87.38639068603516 28.683107376098633 
87.38639068603516 28.68027687072754 
87.3832015991211 28.68027687072754 
87.3832015991211 28.683107376098633 
> -Z-0.019255457796688653 
87.37359619140625 28.680313110351562 
87.37997436523438 28.680313110351562 
87.37997436523438 28.674654006958008 
87.37359619140625 28.674654006958008 
87.37359619140625 28.680313110351562 
> -Z-0.017421981861095948 
87.37999725341797 28.680295944213867 
87.38318634033203 28.680295944213867 
87.38318634033203 28.677465438842773 
87.37999725341797 28.677465438842773 
87.37999725341797 28.680295944213867 
> -Z-0.012461965601688788 
87.38319396972656 28.680286407470703 
87.38638305664062 28.680286407470703 
87.38638305664062 28.67745590209961 
87.38319396972656 28.67745590209961 
87.38319396972656 28.680286407470703 
> -Z-0.018470748761267218 
87.3799819946289 28.677474975585938 
87.38317108154297 28.677474975585938 
87.38317108154297 28.674644470214844 
87.3799819946289 28.674644470214844 
87.3799819946289 28.677474975585938 
> -Z-0.014292940870839734 
87.38318634033203 28.677465438842773 
87.3863754272461 28.677465438842773 
87.3863754272461 28.67463493347168 
87.38318634033203 28.67463493347168 
87.38318634033203 28.677465438842773 
> -Z-0.0010730588659260756 
87.38641357421875 28.6859188079834 
87.38960266113281 28.6859188079834 
87.38960266113281 28.683088302612305 
87.38641357421875 28.683088302612305 
87.38641357421875 28.6859188079834 
> -Z0.001577336568448516 
87.38961029052734 28.685909271240234 
87.3927993774414 28.685909271240234 
87.3927993774414 28.68307876586914 
87.38961029052734 28.68307876586914 
87.38961029052734 28.685909271240234 
> -Z-0.0012419985938912914 
87.38640594482422 28.68309783935547 
87.38958740234375 28.68309783935547 
87.38958740234375 28.680267333984375 
87.38640594482422 28.680267333984375 
87.38640594482422 28.68309783935547 
> -Z0.002126626833365425 
87.38960266113281 28.683088302612305 
87.39279174804688 28.683088302612305 
87.39279174804688 28.680259704589844 
87.38960266113281 28.680259704589844 
87.38960266113281 28.683088302612305 
> -Z0.007553897604192394 
87.39280700683594 28.68589973449707 
87.39599609375 28.68589973449707 
87.39599609375 28.683069229125977 
87.39280700683594 28.683069229125977 
87.39280700683594 28.68589973449707 
> -Z0.003384049625078822 
87.39601135253906 28.685890197753906 
87.39920043945312 28.685890197753906 
87.39920043945312 28.683061599731445 
87.39601135253906 28.683061599731445 
87.39601135253906 28.685890197753906 
> -Z0.009910643381380702 
87.3927993774414 28.68307876586914 
87.39598846435547 28.68307876586914 
87.39598846435547 28.68025016784668 
87.3927993774414 28.68025016784668 
87.3927993774414 28.68307876586914 
> -Z0.002806824483458009 
87.39599609375 28.683069229125977 
87.39918518066406 28.683069229125977 
87.39918518066406 28.680240631103516 
87.39599609375 28.680240631103516 
87.39599609375 28.683069229125977 
> -Z-0.011117614601784488 
87.38639068603516 28.68027687072754 
87.38957977294922 28.68027687072754 
87.38957977294922 28.677448272705078 
87.38639068603516 28.677448272705078 
87.38639068603516 28.68027687072754 
> -Z-0.004499567074844182 
87.38958740234375 28.680267333984375 
87.39277648925781 28.680267333984375 
87.39277648925781 28.677438735961914 
87.38958740234375 28.677438735961914 
87.38958740234375 28.680267333984375 
> -Z-0.009502524347338594 
87.38638305664062 28.67745590209961 
87.38957214355469 28.67745590209961 
87.38957214355469 28.67462730407715 
87.38638305664062 28.67462730407715 
87.38638305664062 28.67745590209961 
> -Z-0.005643850213797083 
87.38957977294922 28.677448272705078 
87.39276885986328 28.677448272705078 
87.39276885986328 28.674617767333984 
87.38957977294922 28.674617767333984 
87.38957977294922 28.677448272705078 
> -Z-0.003460666519258082 
87.39279174804688 28.680259704589844 
87.39598083496094 28.680259704589844 
87.39598083496094 28.67742919921875 
87.39279174804688 28.67742919921875 
87.39279174804688 28.680259704589844 
> -Z0.0029659743738827543 
87.39598846435547 28.68025016784668 
87.39917755126953 28.68025016784668 
87.39917755126953 28.677419662475586 
87.39598846435547 28.677419662475586 
87.39598846435547 28.68025016784668 
> -Z-0.0006995285376753119 
87.39277648925781 28.677438735961914 
87.39596557617188 28.677438735961914 
87.39596557617188 28.67460823059082 
87.39277648925781 28.67460823059082 
87.39277648925781 28.677438735961914 
> -Z0.003850985763033707 
87.39598083496094 28.67742919921875 
87.39916229248047 28.67742919921875 
87.39916229248047 28.674598693847656 
87.39598083496094 28.674598693847656 
87.39598083496094 28.67742919921875 
> -Z-0.013627066964600022 
87.29732513427734 28.855384826660156 
87.39950561523438 28.855384826660156 
87.39950561523438 28.764860153198242 
87.29732513427734 28.764860153198242 
87.29732513427734 28.855384826660156 
> -Z-0.02196649084218466 
87.41195678710938 28.674560546875 
87.41514587402344 28.674560546875 
87.41514587402344 28.671730041503906 
87.41195678710938 28.671730041503906 
87.41195678710938 28.674560546875 
> -Z-0.023833060700261616 
87.4151611328125 28.674551010131836 
87.41834259033203 28.674551010131836 
87.41834259033203 28.671720504760742 
87.4151611328125 28.671720504760742 
87.4151611328125 28.674551010131836 
> -Z-0.022269346612674434 
87.41194915771484 28.67173957824707 
87.4151382446289 28.67173957824707 
87.4151382446289 28.668909072875977 
87.41194915771484 28.668909072875977 
87.41194915771484 28.67173957824707 
> -Z-0.025643552860207836 
87.41514587402344 28.671730041503906 
87.4183349609375 28.671730041503906 
87.4183349609375 28.668899536132812 
87.41514587402344 28.668899536132812 
87.41514587402344 28.671730041503906 
> -Z-0.02416418907213616 
87.4183578491211 28.674541473388672 
87.42153930664062 28.674541473388672 
87.42153930664062 28.671710968017578 
87.4183578491211 28.671710968017578 
87.4183578491211 28.674541473388672 
> -Z-0.018297021692958756 
87.42155456542969 28.674530029296875 
87.42474365234375 28.674530029296875 
87.42474365234375 28.67169952392578 
87.42155456542969 28.67169952392578 
87.42155456542969 28.674530029296875 
> -Z-0.026245854053759995 
87.41834259033203 28.671720504760742 
87.4215316772461 28.671720504760742 
87.4215316772461 28.66888999938965 
87.41834259033203 28.66888999938965 
87.41834259033203 28.671720504760742 
> -Z-0.01917990886099276 
87.42153930664062 28.671710968017578 
87.42472839355469 28.671710968017578 
87.42472839355469 28.66887855529785 
87.42153930664062 28.66887855529785 
87.42153930664062 28.671710968017578 
> -Z-0.019641554001454675 
87.41193389892578 28.66891860961914 
87.41512298583984 28.66891860961914 
87.41512298583984 28.666088104248047 
87.41193389892578 28.666088104248047 
87.41193389892578 28.66891860961914 
> -Z-0.023051974639899678 
87.4151382446289 28.668909072875977 
87.41831970214844 28.668909072875977 
87.41831970214844 28.666078567504883 
87.4151382446289 28.666078567504883 
87.4151382446289 28.668909072875977 
> -Z-0.01933271127360657 
87.41192626953125 28.66609764099121 
87.41511535644531 28.66609764099121 
87.41511535644531 28.663267135620117 
87.41192626953125 28.663267135620117 
87.41192626953125 28.66609764099121 
> -Z-0.018732077783044643 
87.41512298583984 28.666088104248047 
87.4183120727539 28.666088104248047 
87.4183120727539 28.663257598876953 
87.41512298583984 28.663257598876953 
87.41512298583984 28.666088104248047 
> -Z-0.02420828928853974 
87.4183349609375 28.668899536132812 
87.42151641845703 28.668899536132812 
87.42151641845703 28.66606903076172 
87.4183349609375 28.66606903076172 
87.4183349609375 28.668899536132812 
> -Z-0.019759824464740297 
87.4215316772461 28.66888999938965 
87.42472076416016 28.66888999938965 
87.42472076416016 28.666059494018555 
87.4215316772461 28.666059494018555 
87.4215316772461 28.66888999938965 
> -Z-0.01850036166231825 
87.41831970214844 28.666078567504883 
87.4215087890625 28.666078567504883 
87.4215087890625 28.66324806213379 
87.41831970214844 28.66324806213379 
87.41831970214844 28.666078567504883 
> -Z-0.020311326472983754 
87.42151641845703 28.66606903076172 
87.4247055053711 28.66606903076172 
87.4247055053711 28.663238525390625 
87.42151641845703 28.663238525390625 
87.42151641845703 28.66606903076172 
> -Z-0.012883606666330635 
87.39912414550781 28.66331672668457 
87.40231323242188 28.66331672668457 
87.40231323242188 28.660486221313477 
87.39912414550781 28.660486221313477 
87.39912414550781 28.66331672668457 
> -Z-0.01345372865199708 
87.4023208618164 28.663307189941406 
87.40550994873047 28.663307189941406 
87.40550994873047 28.660476684570312 
87.4023208618164 28.660476684570312 
87.4023208618164 28.663307189941406 
> -Z-0.010822570996516831 
87.39910888671875 28.66049575805664 
87.40229797363281 28.66049575805664 
87.40229797363281 28.657665252685547 
87.39910888671875 28.657665252685547 
87.39910888671875 28.66049575805664 
> -Z-0.012054189439841892 
87.40231323242188 28.660486221313477 
87.4054946899414 28.660486221313477 
87.4054946899414 28.657655715942383 
87.40231323242188 28.657655715942383 
87.40231323242188 28.660486221313477 
> -Z-0.015431770615644644 
87.405517578125 28.663297653198242 
87.40870666503906 28.663297653198242 
87.40870666503906 28.66046714782715 
87.405517578125 28.66046714782715 
87.405517578125 28.663297653198242 
> -Z-0.017419874585541756 
87.4087142944336 28.663288116455078 
87.41190338134766 28.663288116455078 
87.41190338134766 28.660457611083984 
87.4087142944336 28.660457611083984 
87.4087142944336 28.663288116455078 
> -Z-0.011469751341547041 
87.40550994873047 28.660476684570312 
87.40869140625 28.660476684570312 
87.40869140625 28.65764617919922 
87.40550994873047 28.65764617919922 
87.40550994873047 28.660476684570312 
> -Z-0.011699755180648558 
87.40870666503906 28.66046714782715 
87.41189575195312 28.66046714782715 
87.41189575195312 28.657636642456055 
87.40870666503906 28.657636642456055 
87.40870666503906 28.66046714782715 
> -Z-0.009586949609024384 
87.39910125732422 28.65767478942871 
87.40229034423828 28.65767478942871 
87.40229034423828 28.654844284057617 
87.39910125732422 28.654844284057617 
87.39910125732422 28.65767478942871 
> -Z-0.008572863988113383 
87.40229797363281 28.657665252685547 
87.40548706054688 28.657665252685547 
87.40548706054688 28.654834747314453 
87.40229797363281 28.654834747314453 
87.40229797363281 28.657665252685547 
> -Z-0.009521829796067475 
87.39909362792969 28.65485382080078 
87.40227508544922 28.65485382080078 
87.40227508544922 28.652023315429688 
87.39909362792969 28.652023315429688 
87.39909362792969 28.65485382080078 
> -Z-0.00904433202917962 
87.40229034423828 28.654844284057617 
87.40547180175781 28.654844284057617 
87.40547180175781 28.652013778686523 
87.40229034423828 28.652013778686523 
87.40229034423828 28.654844284057617 
> -Z-0.007809460094950205 
87.4054946899414 28.657655715942383 
87.40868377685547 28.657655715942383 
87.40868377685547 28.65482521057129 
87.4054946899414 28.65482521057129 
87.4054946899414 28.657655715942383 
> -Z-0.008375950636110838 
87.40869140625 28.65764617919922 
87.41188049316406 28.65764617919922 
87.41188049316406 28.654815673828125 
87.40869140625 28.654815673828125 
87.40869140625 28.65764617919922 
> -Z-0.00807692292545105 
87.40548706054688 28.654834747314453 
87.40867614746094 28.654834747314453 
87.40867614746094 28.65200424194336 
87.40548706054688 28.65200424194336 
87.40548706054688 28.654834747314453 
> -Z-0.0087335613218796 
87.40868377685547 28.65482521057129 
87.41187286376953 28.65482521057129 
87.41187286376953 28.651994705200195 
87.40868377685547 28.651994705200195 
87.40868377685547 28.65482521057129 
> -Z-0.009460205486284868 
87.3988265991211 28.584335327148438 
87.50065612792969 28.584335327148438 
87.50065612792969 28.49373435974121 
87.3988265991211 28.49373435974121 
87.3988265991211 28.584335327148438 
> -Z-0.004108813100877184 
87.39916229248047 28.674598693847656 
87.40235137939453 28.674598693847656 
87.40235137939453 28.671768188476562 
87.39916229248047 28.671768188476562 
87.39916229248047 28.674598693847656 
> -Z-0.005603296985237399 
87.4023666381836 28.674589157104492 
87.40554809570312 28.674589157104492 
87.40554809570312 28.6717586517334 
87.4023666381836 28.6717586517334 
87.4023666381836 28.674589157104492 
> -Z-0.0029412303557742603 
87.39915466308594 28.671777725219727 
87.40234375 28.671777725219727 
87.40234375 28.668947219848633 
87.39915466308594 28.668947219848633 
87.39915466308594 28.671777725219727 
> -Z-0.006834821865433771 
87.40235137939453 28.671768188476562 
87.4055404663086 28.671768188476562 
87.4055404663086 28.66893768310547 
87.40235137939453 28.66893768310547 
87.40235137939453 28.671768188476562 
> -Z-0.009669551474328186 
87.40556335449219 28.674579620361328 
87.40875244140625 28.674579620361328 
87.40875244140625 28.671749114990234 
87.40556335449219 28.671749114990234 
87.40556335449219 28.674579620361328 
> -Z-0.015128358160126393 
87.40876007080078 28.674570083618164 
87.41194915771484 28.674570083618164 
87.41194915771484 28.67173957824707 
87.40876007080078 28.67173957824707 
87.40876007080078 28.674570083618164 
> -Z-0.012147380591096435 
87.40554809570312 28.6717586517334 
87.40873718261719 28.6717586517334 
87.40873718261719 28.668928146362305 
87.40554809570312 28.668928146362305 
87.40554809570312 28.6717586517334 
> -Z-0.01852058727615699 
87.40875244140625 28.671749114990234 
87.41193389892578 28.671749114990234 
87.41193389892578 28.66891860961914 
87.40875244140625 28.66891860961914 
87.40875244140625 28.671749114990234 
> -Z-0.0053985718515293935 
87.3991470336914 28.668956756591797 
87.40232849121094 28.668956756591797 
87.40232849121094 28.666126251220703 
87.3991470336914 28.666126251220703 
87.3991470336914 28.668956756591797 
> -Z-0.007932920886955214 
87.40234375 28.668947219848633 
87.40553283691406 28.668947219848633 
87.40553283691406 28.66611671447754 
87.40234375 28.66611671447754 
87.40234375 28.668947219848633 
> -Z-0.009948390483926303 
87.39913177490234 28.666135787963867 
87.4023208618164 28.666135787963867 
87.4023208618164 28.663307189941406 
87.39913177490234 28.663307189941406 
87.39913177490234 28.666135787963867 
> -Z-0.011490135431895324 
87.40232849121094 28.666126251220703 
87.405517578125 28.666126251220703 
87.405517578125 28.663297653198242 
87.40232849121094 28.663297653198242 
87.40232849121094 28.666126251220703 
> -Z-0.012949188988691351 
87.4055404663086 28.66893768310547 
87.40872955322266 28.66893768310547 
87.40872955322266 28.666107177734375 
87.4055404663086 28.666107177734375 
87.4055404663086 28.66893768310547 
> -Z-0.01811021132008392 
87.40873718261719 28.668928146362305 
87.41192626953125 28.668928146362305 
87.41192626953125 28.66609764099121 
87.40873718261719 28.66609764099121 
87.40873718261719 28.668928146362305 
> -Z-0.014898825895272347 
87.40553283691406 28.66611671447754 
87.4087142944336 28.66611671447754 
87.4087142944336 28.663288116455078 
87.40553283691406 28.663288116455078 
87.40553283691406 28.66611671447754 
> -Z-0.019230692999390495 
87.40872955322266 28.666107177734375 
87.41191864013672 28.666107177734375 
87.41191864013672 28.663278579711914 
87.40872955322266 28.663278579711914 
87.40872955322266 28.666107177734375 
> -Z-0.016421605552894333 
87.41191864013672 28.663278579711914 
87.41510009765625 28.663278579711914 
87.41510009765625 28.66044807434082 
87.41191864013672 28.66044807434082 
87.41191864013672 28.663278579711914 
> -Z-0.015066123567675727 
87.41511535644531 28.663267135620117 
87.41829681396484 28.663267135620117 
87.41829681396484 28.660436630249023 
87.41511535644531 28.660436630249023 
87.41511535644531 28.663267135620117 
> -Z-0.013362243281336034 
87.41190338134766 28.660457611083984 
87.41509246826172 28.660457611083984 
87.41509246826172 28.65762710571289 
87.41190338134766 28.65762710571289 
87.41190338134766 28.660457611083984 
> -Z-0.014382144178568063 
87.41510009765625 28.66044807434082 
87.41828918457031 28.66044807434082 
87.41828918457031 28.657617568969727 
87.41510009765625 28.657617568969727 
87.41510009765625 28.66044807434082 
> -Z-0.01612406543712594 
87.4183120727539 28.663257598876953 
87.42150115966797 28.663257598876953 
87.42150115966797 28.66042709350586 
87.4183120727539 28.66042709350586 
87.4183120727539 28.663257598876953 
> -Z-0.01968558986820665 
87.4215087890625 28.66324806213379 
87.42469787597656 28.66324806213379 
87.42469787597656 28.660417556762695 
87.4215087890625 28.660417556762695 
87.4215087890625 28.66324806213379 
> -Z-0.015362090156187905 
87.41829681396484 28.660436630249023 
87.4214859008789 28.660436630249023 
87.4214859008789 28.65760612487793 
87.41829681396484 28.65760612487793 
87.41829681396484 28.660436630249023 
> -Z-0.018198188352191738 
87.42150115966797 28.66042709350586 
87.4246826171875 28.66042709350586 
87.4246826171875 28.657596588134766 
87.42150115966797 28.657596588134766 
87.42150115966797 28.66042709350586 
> -Z-0.01076150050655128 
87.41189575195312 28.657636642456055 
87.41507720947266 28.657636642456055 
87.41507720947266 28.65480613708496 
87.41189575195312 28.65480613708496 
87.41189575195312 28.657636642456055 
> -Z-0.013491962683658404 
87.41509246826172 28.65762710571289 
87.41827392578125 28.65762710571289 
87.41827392578125 28.654796600341797 
87.41509246826172 28.654796600341797 
87.41509246826172 28.65762710571289 
> -Z-0.010447826388363543 
87.41188049316406 28.654815673828125 
87.41506958007812 28.654815673828125 
87.41506958007812 28.65198516845703 
87.41188049316406 28.65198516845703 
87.41188049316406 28.654815673828125 
> -Z-0.012877688419650438 
87.41507720947266 28.65480613708496 
87.41826629638672 28.65480613708496 
87.41826629638672 28.651975631713867 
87.41507720947266 28.651975631713867 
87.41507720947266 28.65480613708496 
> -Z-0.01546167281144839 
87.41828918457031 28.657617568969727 
87.42147827148438 28.657617568969727 
87.42147827148438 28.65478515625 
87.41828918457031 28.65478515625 
87.41828918457031 28.657617568969727 
> -Z-0.018035818451665256 
87.4214859008789 28.65760612487793 
87.42467498779297 28.65760612487793 
87.42467498779297 28.654775619506836 
87.4214859008789 28.654775619506836 
87.4214859008789 28.65760612487793 
> -Z-0.014569360806537493 
87.41827392578125 28.654796600341797 
87.42146301269531 28.654796600341797 
87.42146301269531 28.651966094970703 
87.41827392578125 28.651966094970703 
87.41827392578125 28.654796600341797 
> -Z-0.01657876115202852 
87.42147827148438 28.65478515625 
87.4246597290039 28.65478515625 
87.4246597290039 28.651954650878906 
87.42147827148438 28.651954650878906 
87.42147827148438 28.65478515625 
> -Z-0.016876962694437697 
87.42475128173828 28.67452049255371 
87.42794036865234 28.67452049255371 
87.42794036865234 28.671689987182617 
87.42475128173828 28.671689987182617 
87.42475128173828 28.67452049255371 
> -Z-0.013626141496884944 
87.42794799804688 28.674510955810547 
87.43113708496094 28.674510955810547 
87.43113708496094 28.671680450439453 
87.42794799804688 28.671680450439453 
87.42794799804688 28.674510955810547 
> -Z-0.019361141121007383 
87.42474365234375 28.67169952392578 
87.42792510986328 28.67169952392578 
87.42792510986328 28.668869018554688 
87.42474365234375 28.668869018554688 
87.42474365234375 28.67169952392578 
> -Z-0.0159394760915281 
87.42794036865234 28.671689987182617 
87.4311294555664 28.671689987182617 
87.4311294555664 28.668859481811523 
87.42794036865234 28.668859481811523 
87.42794036865234 28.671689987182617 
> -Z-0.01330367196326731 
87.43115234375 28.674501419067383 
87.43433380126953 28.674501419067383 
87.43433380126953 28.671669006347656 
87.43115234375 28.671669006347656 
87.43115234375 28.674501419067383 
> -Z-0.01443920382220383 
87.4343490600586 28.674489974975586 
87.43753051757812 28.674489974975586 
87.43753051757812 28.671659469604492 
87.4343490600586 28.671659469604492 
87.4343490600586 28.674489974975586 
> -Z-0.016431438925991318 
87.43113708496094 28.671680450439453 
87.434326171875 28.671680450439453 
87.434326171875 28.66884994506836 
87.43113708496094 28.66884994506836 
87.43113708496094 28.671680450439453 
> -Z-0.0164032169821811 
87.43433380126953 28.671669006347656 
87.4375228881836 28.671669006347656 
87.4375228881836 28.668838500976562 
87.43433380126953 28.668838500976562 
87.43433380126953 28.671669006347656 
> -Z-0.01852160915883301 
87.42472839355469 28.66887855529785 
87.42791748046875 28.66887855529785 
87.42791748046875 28.666048049926758 
87.42472839355469 28.666048049926758 
87.42472839355469 28.66887855529785 
> -Z-0.019285756037097784 
87.42792510986328 28.668869018554688 
87.43111419677734 28.668869018554688 
87.43111419677734 28.666038513183594 
87.42792510986328 28.666038513183594 
87.42792510986328 28.668869018554688 
> -Z-0.02118581046806406 
87.42472076416016 28.666059494018555 
87.42790222167969 28.666059494018555 
87.42790222167969 28.66322898864746 
87.42472076416016 28.66322898864746 
87.42472076416016 28.666059494018555 
> -Z-0.02245296824298315 
87.42791748046875 28.666048049926758 
87.43110656738281 28.666048049926758 
87.43110656738281 28.663217544555664 
87.42791748046875 28.663217544555664 
87.42791748046875 28.666048049926758 
> -Z-0.019186866752527704 
87.4311294555664 28.668859481811523 
87.43431091308594 28.668859481811523 
87.43431091308594 28.66602897644043 
87.4311294555664 28.66602897644043 
87.4311294555664 28.668859481811523 
> -Z-0.01716110123159404 
87.434326171875 28.66884994506836 
87.43750762939453 28.66884994506836 
87.43750762939453 28.666017532348633 
87.434326171875 28.666017532348633 
87.434326171875 28.66884994506836 
> -Z-0.021504596242305177 
87.43111419677734 28.666038513183594 
87.4343032836914 28.666038513183594 
87.4343032836914 28.6632080078125 
87.43111419677734 28.6632080078125 
87.43111419677734 28.666038513183594 
> -Z-0.020145821803611477 
87.43431091308594 28.66602897644043 
87.4375 28.66602897644043 
87.4375 28.663196563720703 
87.43431091308594 28.663196563720703 
87.43431091308594 28.66602897644043 
> -Z-0.016915720830220526 
87.43754577636719 28.674480438232422 
87.44073486328125 28.674480438232422 
87.44073486328125 28.671649932861328 
87.43754577636719 28.671649932861328 
87.43754577636719 28.674480438232422 
> -Z-0.01585491254293163 
87.44074249267578 28.674468994140625 
87.44393157958984 28.674468994140625 
87.44393157958984 28.67163848876953 
87.44074249267578 28.67163848876953 
87.44074249267578 28.674468994140625 
> -Z-0.017180547146324228 
87.43753051757812 28.671659469604492 
87.44071960449219 28.671659469604492 
87.44071960449219 28.6688289642334 
87.43753051757812 28.6688289642334 
87.43753051757812 28.671659469604492 
> -Z-0.016209856899420144 
87.44073486328125 28.671649932861328 
87.44391632080078 28.671649932861328 
87.44391632080078 28.6688175201416 
87.44073486328125 28.6688175201416 
87.44073486328125 28.671649932861328 
> -Z-0.010457715347642765 
87.44393920898438 28.67445945739746 
87.44712829589844 28.67445945739746 
87.44712829589844 28.671628952026367 
87.44393920898438 28.671628952026367 
87.44393920898438 28.67445945739746 
> -Z-0.005732496715194012 
87.4471435546875 28.674448013305664 
87.45032501220703 28.674448013305664 
87.45032501220703 28.67161750793457 
87.4471435546875 28.67161750793457 
87.4471435546875 28.674448013305664 
> -Z-0.013932489513748307 
87.44393157958984 28.67163848876953 
87.4471206665039 28.67163848876953 
87.4471206665039 28.668807983398438 
87.44393157958984 28.668807983398438 
87.44393157958984 28.67163848876953 
> -Z-0.007599892136971757 
87.44712829589844 28.671628952026367 
87.4503173828125 28.671628952026367 
87.4503173828125 28.66879653930664 
87.44712829589844 28.66879653930664 
87.44712829589844 28.671628952026367 
> -Z-0.01738264820169265 
87.4375228881836 28.668838500976562 
87.44071197509766 28.668838500976562 
87.44071197509766 28.66600799560547 
87.4375228881836 28.66600799560547 
87.4375228881836 28.668838500976562 
> -Z-0.017136078238020026 
87.44071960449219 28.6688289642334 
87.44390869140625 28.6688289642334 
87.44390869140625 28.665996551513672 
87.44071960449219 28.665996551513672 
87.44071960449219 28.6688289642334 
> -Z-0.016730111218968856 
87.43750762939453 28.666017532348633 
87.4406967163086 28.666017532348633 
87.4406967163086 28.66318702697754 
87.43750762939453 28.66318702697754 
87.43750762939453 28.666017532348633 
> -Z-0.016951059368007337 
87.44071197509766 28.66600799560547 
87.44389343261719 28.66600799560547 
87.44389343261719 28.663177490234375 
87.44071197509766 28.663177490234375 
87.44071197509766 28.66600799560547 
> -Z-0.013723403753928904 
87.44391632080078 28.6688175201416 
87.44710540771484 28.6688175201416 
87.44710540771484 28.665987014770508 
87.44391632080078 28.665987014770508 
87.44391632080078 28.6688175201416 
> -Z-0.008131054107690848 
87.4471206665039 28.668807983398438 
87.45030212402344 28.668807983398438 
87.45030212402344 28.66597557067871 
87.4471206665039 28.66597557067871 
87.4471206665039 28.668807983398438 
> -Z-0.01358277078464172 
87.44390869140625 28.665996551513672 
87.44709014892578 28.665996551513672 
87.44709014892578 28.663166046142578 
87.44390869140625 28.663166046142578 
87.44390869140625 28.665996551513672 
> -Z-0.007209479750250894 
87.44710540771484 28.665987014770508 
87.4502944946289 28.665987014770508 
87.4502944946289 28.66315460205078 
87.44710540771484 28.66315460205078 
87.44710540771484 28.665987014770508 
> -Z-0.022399120394558145 
87.4247055053711 28.663238525390625 
87.42789459228516 28.663238525390625 
87.42789459228516 28.66040802001953 
87.4247055053711 28.66040802001953 
87.4247055053711 28.663238525390625 
> -Z-0.023027008791364018 
87.42790222167969 28.66322898864746 
87.43109130859375 28.66322898864746 
87.43109130859375 28.660396575927734 
87.42790222167969 28.660396575927734 
87.42790222167969 28.66322898864746 
> -Z-0.023347477096733738 
87.42469787597656 28.660417556762695 
87.4278793334961 28.660417556762695 
87.4278793334961 28.6575870513916 
87.42469787597656 28.6575870513916 
87.42469787597656 28.660417556762695 
> -Z-0.024311634337599197 
87.42789459228516 28.66040802001953 
87.43108367919922 28.66040802001953 
87.43108367919922 28.657577514648438 
87.42789459228516 28.657577514648438 
87.42789459228516 28.66040802001953 
> -Z-0.024048978573491753 
87.43110656738281 28.663217544555664 
87.43428802490234 28.663217544555664 
87.43428802490234 28.66038703918457 
87.43110656738281 28.66038703918457 
87.43110656738281 28.663217544555664 
> -Z-0.02230482174559551 
87.4343032836914 28.6632080078125 
87.43748474121094 28.6632080078125 
87.43748474121094 28.660377502441406 
87.4343032836914 28.660377502441406 
87.4343032836914 28.6632080078125 
> -Z-0.023002020525372285 
87.43109130859375 28.660396575927734 
87.43428039550781 28.660396575927734 
87.43428039550781 28.65756607055664 
87.43109130859375 28.65756607055664 
87.43109130859375 28.660396575927734 
> -Z-0.02288827978428766 
87.43428802490234 28.66038703918457 
87.4374771118164 28.66038703918457 
87.4374771118164 28.657556533813477 
87.43428802490234 28.657556533813477 
87.43428802490234 28.66038703918457 
> -Z-0.022208636786991448 
87.4246826171875 28.657596588134766 
87.42787170410156 28.657596588134766 
87.42787170410156 28.654766082763672 
87.4246826171875 28.654766082763672 
87.4246826171875 28.657596588134766 
> -Z-0.02549111308504024 
87.4278793334961 28.6575870513916 
87.43106842041016 28.6575870513916 
87.43106842041016 28.654756546020508 
87.4278793334961 28.654756546020508 
87.4278793334961 28.6575870513916 
> -Z-0.01906587939654983 
87.42467498779297 28.654775619506836 
87.4278564453125 28.654775619506836 
87.4278564453125 28.651945114135742 
87.42467498779297 28.651945114135742 
87.42467498779297 28.654775619506836 
> -Z-0.021277646249129145 
87.42787170410156 28.654766082763672 
87.4310531616211 28.654766082763672 
87.4310531616211 28.651935577392578 
87.42787170410156 28.651935577392578 
87.42787170410156 28.654766082763672 
> -Z-0.02574005440452412 
87.43108367919922 28.657577514648438 
87.43426513671875 28.657577514648438 
87.43426513671875 28.65474510192871 
87.43108367919922 28.65474510192871 
87.43108367919922 28.657577514648438 
> -Z-0.0226872297481035 
87.43428039550781 28.65756607055664 
87.43746185302734 28.65756607055664 
87.43746185302734 28.654735565185547 
87.43428039550781 28.654735565185547 
87.43428039550781 28.65756607055664 
> -Z-0.023376454743817957 
87.43106842041016 28.654756546020508 
87.43425750732422 28.654756546020508 
87.43425750732422 28.65192413330078 
87.43106842041016 28.65192413330078 
87.43106842041016 28.654756546020508 
> -Z-0.024052836809651687 
87.43426513671875 28.65474510192871 
87.43745422363281 28.65474510192871 
87.43745422363281 28.651914596557617 
87.43426513671875 28.651914596557617 
87.43426513671875 28.65474510192871 
> -Z-0.018743018271011137 
87.4375 28.663196563720703 
87.44068145751953 28.663196563720703 
87.44068145751953 28.66036605834961 
87.4375 28.66036605834961 
87.4375 28.663196563720703 
> -Z-0.017923054905905948 
87.4406967163086 28.66318702697754 
87.44388580322266 28.66318702697754 
87.44388580322266 28.660356521606445 
87.4406967163086 28.660356521606445 
87.4406967163086 28.66318702697754 
> -Z-0.020709335969280082 
87.43748474121094 28.660377502441406 
87.440673828125 28.660377502441406 
87.440673828125 28.65754508972168 
87.43748474121094 28.65754508972168 
87.43748474121094 28.660377502441406 
> -Z-0.018615097659209393 
87.44068145751953 28.66036605834961 
87.4438705444336 28.66036605834961 
87.4438705444336 28.657535552978516 
87.44068145751953 28.657535552978516 
87.44068145751953 28.66036605834961 
> -Z-0.009838661066249772 
87.44389343261719 28.663177490234375 
87.45026397705078 28.663177490234375 
87.45026397705078 28.657514572143555 
87.44389343261719 28.657514572143555 
87.44389343261719 28.663177490234375 
> -Z-0.019815743036923787 
87.4374771118164 28.657556533813477 
87.44065856933594 28.657556533813477 
87.44065856933594 28.65472412109375 
87.4374771118164 28.65472412109375 
87.4374771118164 28.657556533813477 
> -Z-0.01782704948252485 
87.440673828125 28.65754508972168 
87.44386291503906 28.65754508972168 
87.44386291503906 28.654714584350586 
87.440673828125 28.654714584350586 
87.440673828125 28.65754508972168 
> -Z-0.020767013451116312 
87.43746185302734 28.654735565185547 
87.4406509399414 28.654735565185547 
87.4406509399414 28.651905059814453 
87.43746185302734 28.651905059814453 
87.43746185302734 28.654735565185547 
> -Z-0.01828202250296948 
87.44065856933594 28.65472412109375 
87.44384765625 28.65472412109375 
87.44384765625 28.651893615722656 
87.44065856933594 28.651893615722656 
87.44065856933594 28.65472412109375 
> -Z-0.013183036554931221 
87.4438705444336 28.657535552978516 
87.45024108886719 28.657535552978516 
87.45024108886719 28.651872634887695 
87.4438705444336 28.651872634887695 
87.4438705444336 28.657535552978516 
> -Z-0.007928294405419069 
87.39907836914062 28.65203285217285 
87.40226745605469 28.65203285217285 
87.40226745605469 28.649202346801758 
87.39907836914062 28.649202346801758 
87.39907836914062 28.65203285217285 
> -Z-0.008942492296499096 
87.40227508544922 28.652023315429688 
87.40546417236328 28.652023315429688 
87.40546417236328 28.649192810058594 
87.40227508544922 28.649192810058594 
87.40227508544922 28.652023315429688 
> -Z-0.0076059009351129685 
87.3990707397461 28.649211883544922 
87.40225982666016 28.649211883544922 
87.40225982666016 28.64638328552246 
87.3990707397461 28.64638328552246 
87.3990707397461 28.649211883544922 
> -Z-0.00810882469245764 
87.40226745605469 28.649202346801758 
87.40545654296875 28.649202346801758 
87.40545654296875 28.646373748779297 
87.40226745605469 28.646373748779297 
87.40226745605469 28.649202346801758 
> -Z-0.009538141664135441 
87.40547180175781 28.652013778686523 
87.40866088867188 28.652013778686523 
87.40866088867188 28.64918327331543 
87.40547180175781 28.64918327331543 
87.40547180175781 28.652013778686523 
> -Z-0.010079287338505792 
87.40867614746094 28.65200424194336 
87.41185760498047 28.65200424194336 
87.41185760498047 28.649173736572266 
87.40867614746094 28.649173736572266 
87.40867614746094 28.65200424194336 
> -Z-0.0088328423397474 
87.40546417236328 28.649192810058594 
87.40865325927734 28.649192810058594 
87.40865325927734 28.6463623046875 
87.40546417236328 28.6463623046875 
87.40546417236328 28.649192810058594 
> -Z-0.011163304640106744 
87.40866088867188 28.64918327331543 
87.41184997558594 28.64918327331543 
87.41184997558594 28.646352767944336 
87.40866088867188 28.646352767944336 
87.40866088867188 28.64918327331543 
> -Z-0.008535206900765362 
87.39905548095703 28.646390914916992 
87.40543365478516 28.646390914916992 
87.40543365478516 28.640731811523438 
87.39905548095703 28.640731811523438 
87.39905548095703 28.646390914916992 
> -Z-0.009276089600584025 
87.40545654296875 28.646373748779297 
87.40863800048828 28.646373748779297 
87.40863800048828 28.643543243408203 
87.40545654296875 28.643543243408203 
87.40545654296875 28.646373748779297 
> -Z-0.010877584561626553 
87.40865325927734 28.6463623046875 
87.41183471679688 28.6463623046875 
87.41183471679688 28.64353370666504 
87.40865325927734 28.64353370666504 
87.40865325927734 28.6463623046875 
> -Z-0.00849176113248182 
87.40544128417969 28.643552780151367 
87.40863037109375 28.643552780151367 
87.40863037109375 28.640722274780273 
87.40544128417969 28.640722274780273 
87.40544128417969 28.643552780151367 
> -Z-0.009596317481706813 
87.40863800048828 28.643543243408203 
87.41182708740234 28.643543243408203 
87.41182708740234 28.64071273803711 
87.40863800048828 28.64071273803711 
87.40863800048828 28.643543243408203 
> -Z-0.011264452293702015 
87.41187286376953 28.651994705200195 
87.41505432128906 28.651994705200195 
87.41505432128906 28.6491641998291 
87.41187286376953 28.6491641998291 
87.41187286376953 28.651994705200195 
> -Z-0.012492979001298393 
87.41506958007812 28.65198516845703 
87.41825866699219 28.65198516845703 
87.41825866699219 28.649154663085938 
87.41506958007812 28.649154663085938 
87.41506958007812 28.65198516845703 
> -Z-0.011766832429339576 
87.41185760498047 28.649173736572266 
87.41504669189453 28.649173736572266 
87.41504669189453 28.646343231201172 
87.41185760498047 28.646343231201172 
87.41185760498047 28.649173736572266 
> -Z-0.012150965149522498 
87.41505432128906 28.6491641998291 
87.41824340820312 28.6491641998291 
87.41824340820312 28.646333694458008 
87.41505432128906 28.646333694458008 
87.41505432128906 28.6491641998291 
> -Z-0.01399599950877023 
87.41826629638672 28.651975631713867 
87.42145538330078 28.651975631713867 
87.42145538330078 28.649145126342773 
87.41826629638672 28.649145126342773 
87.41826629638672 28.651975631713867 
> -Z-0.01508737113130739 
87.42146301269531 28.651966094970703 
87.42465209960938 28.651966094970703 
87.42465209960938 28.64913558959961 
87.42146301269531 28.64913558959961 
87.42146301269531 28.651966094970703 
> -Z-0.013009945746662192 
87.41825866699219 28.649154663085938 
87.42144012451172 28.649154663085938 
87.42144012451172 28.646324157714844 
87.41825866699219 28.646324157714844 
87.41825866699219 28.649154663085938 
> -Z-0.013772059815525685 
87.42145538330078 28.649145126342773 
87.42463684082031 28.649145126342773 
87.42463684082031 28.64631462097168 
87.42145538330078 28.64631462097168 
87.42145538330078 28.649145126342773 
> -Z-0.011705617253436877 
87.41184997558594 28.646352767944336 
87.41503143310547 28.646352767944336 
87.41503143310547 28.643522262573242 
87.41184997558594 28.643522262573242 
87.41184997558594 28.646352767944336 
> -Z-0.012144727580404448 
87.41504669189453 28.646343231201172 
87.4182357788086 28.646343231201172 
87.4182357788086 28.643512725830078 
87.41504669189453 28.643512725830078 
87.41504669189453 28.646343231201172 
> -Z-0.01074925487125504 
87.41183471679688 28.64353370666504 
87.41502380371094 28.64353370666504 
87.41502380371094 28.640703201293945 
87.41183471679688 28.640703201293945 
87.41183471679688 28.64353370666504 
> -Z-0.011761120643565492 
87.41503143310547 28.643522262573242 
87.41822052001953 28.643522262573242 
87.41822052001953 28.64069175720215 
87.41503143310547 28.64069175720215 
87.41503143310547 28.643522262573242 
> -Z-0.0127251420536581 
87.41824340820312 28.646333694458008 
87.42143249511719 28.646333694458008 
87.42143249511719 28.643503189086914 
87.41824340820312 28.643503189086914 
87.41824340820312 28.646333694458008 
> -Z-0.012796771952497156 
87.42144012451172 28.646324157714844 
87.42462921142578 28.646324157714844 
87.42462921142578 28.64349365234375 
87.42144012451172 28.64349365234375 
87.42144012451172 28.646324157714844 
> -Z-0.012125258306718682 
87.4182357788086 28.643512725830078 
87.42141723632812 28.643512725830078 
87.42141723632812 28.640682220458984 
87.4182357788086 28.640682220458984 
87.4182357788086 28.643512725830078 
> -Z-0.011926032390121188 
87.42143249511719 28.643503189086914 
87.42461395263672 28.643503189086914 
87.42461395263672 28.64067268371582 
87.42143249511719 28.64067268371582 
87.42143249511719 28.643503189086914 
> -Z-0.009798278182316274 
87.39904022216797 28.640750885009766 
87.40541076660156 28.640750885009766 
87.40541076660156 28.635089874267578 
87.39904022216797 28.635089874267578 
87.39904022216797 28.640750885009766 
> -Z-0.008262609687668558 
87.40543365478516 28.640731811523438 
87.41180419921875 28.640731811523438 
87.41180419921875 28.63507080078125 
87.40543365478516 28.63507080078125 
87.40543365478516 28.640731811523438 
> -Z-0.005820141486349503 
87.39901733398438 28.635108947753906 
87.40538787841797 28.635108947753906 
87.40538787841797 28.62944793701172 
87.39901733398438 28.62944793701172 
87.39901733398438 28.635108947753906 
> -Z-0.006520183815809091 
87.40541076660156 28.635089874267578 
87.41178131103516 28.635089874267578 
87.41178131103516 28.62942886352539 
87.40541076660156 28.62942886352539 
87.40541076660156 28.635089874267578 
> -Z-0.008380183384889248 
87.41182708740234 28.64071273803711 
87.41819763183594 28.64071273803711 
87.41819763183594 28.635051727294922 
87.41182708740234 28.635051727294922 
87.41182708740234 28.64071273803711 
> -Z-0.008970473244166055 
87.41822052001953 28.64069175720215 
87.42459106445312 28.64069175720215 
87.42459106445312 28.63503074645996 
87.41822052001953 28.63503074645996 
87.41822052001953 28.64069175720215 
> -Z-0.005173344685167348 
87.41180419921875 28.63507080078125 
87.41817474365234 28.63507080078125 
87.41817474365234 28.629409790039062 
87.41180419921875 28.629409790039062 
87.41180419921875 28.63507080078125 
> -Z-0.00521674420150443 
87.41819763183594 28.635051727294922 
87.42456817626953 28.635051727294922 
87.42456817626953 28.629390716552734 
87.41819763183594 28.629390716552734 
87.41819763183594 28.635051727294922 
> -Z-0.01657418266589094 
87.4246597290039 28.651954650878906 
87.42784881591797 28.651954650878906 
87.42784881591797 28.649124145507812 
87.4246597290039 28.649124145507812 
87.4246597290039 28.651954650878906 
> -Z-0.017266612799776218 
87.4278564453125 28.651945114135742 
87.43104553222656 28.651945114135742 
87.43104553222656 28.64911460876465 
87.4278564453125 28.64911460876465 
87.4278564453125 28.651945114135742 
> -Z-0.014478656985743979 
87.42465209960938 28.64913558959961 
87.4278335571289 28.64913558959961 
87.4278335571289 28.646303176879883 
87.42465209960938 28.646303176879883 
87.42465209960938 28.64913558959961 
> -Z-0.01340866421879408 
87.42784881591797 28.649124145507812 
87.4310302734375 28.649124145507812 
87.4310302734375 28.64629364013672 
87.42784881591797 28.64629364013672 
87.42784881591797 28.649124145507812 
> -Z-0.019758967855405624 
87.4310531616211 28.651935577392578 
87.43424224853516 28.651935577392578 
87.43424224853516 28.649105072021484 
87.4310531616211 28.649105072021484 
87.4310531616211 28.651935577392578 
> -Z-0.022212451066364013 
87.43425750732422 28.65192413330078 
87.43743896484375 28.65192413330078 
87.43743896484375 28.649093627929688 
87.43425750732422 28.649093627929688 
87.43425750732422 28.65192413330078 
> -Z-0.016149926998249506 
87.43104553222656 28.64911460876465 
87.43423461914062 28.64911460876465 
87.43423461914062 28.646284103393555 
87.43104553222656 28.646284103393555 
87.43104553222656 28.64911460876465 
> -Z-0.018946034004152772 
87.43424224853516 28.649105072021484 
87.43743133544922 28.649105072021484 
87.43743133544922 28.646272659301758 
87.43424224853516 28.646272659301758 
87.43424224853516 28.649105072021484 
> -Z-0.012772416292587185 
87.42463684082031 28.64631462097168 
87.4310073852539 28.64631462097168 
87.4310073852539 28.64065170288086 
87.42463684082031 28.64065170288086 
87.42463684082031 28.64631462097168 
> -Z-0.014415350257119583 
87.4310302734375 28.64629364013672 
87.43740844726562 28.64629364013672 
87.43740844726562 28.64063262939453 
87.4310302734375 28.64063262939453 
87.4310302734375 28.64629364013672 
> -Z-0.016748438251842683 
87.43745422363281 28.651914596557617 
87.4438247680664 28.651914596557617 
87.4438247680664 28.646251678466797 
87.43745422363281 28.646251678466797 
87.43745422363281 28.651914596557617 
> -Z-0.011162420479613092 
87.44384765625 28.651893615722656 
87.4502182006836 28.651893615722656 
87.4502182006836 28.646230697631836 
87.44384765625 28.646230697631836 
87.44384765625 28.651893615722656 
> -Z-0.016201507732455878 
87.43743133544922 28.646272659301758 
87.44380187988281 28.646272659301758 
87.44380187988281 28.64061164855957 
87.43743133544922 28.64061164855957 
87.43743133544922 28.646272659301758 
> -Z-0.011638254071666528 
87.4438247680664 28.646251678466797 
87.4501953125 28.646251678466797 
87.4501953125 28.64059066772461 
87.4438247680664 28.64059066772461 
87.4438247680664 28.646251678466797 
> -Z-0.010654729772726322 
87.42461395263672 28.64067268371582 
87.43098449707031 28.64067268371582 
87.43098449707031 28.635011672973633 
87.42461395263672 28.635011672973633 
87.42461395263672 28.64067268371582 
> -Z-0.011949081221431526 
87.4310073852539 28.64065170288086 
87.43738555908203 28.64065170288086 
87.43738555908203 28.634990692138672 
87.4310073852539 28.634990692138672 
87.4310073852539 28.64065170288086 
> -Z-0.006956456254120983 
87.42459106445312 28.63503074645996 
87.43096160888672 28.63503074645996 
87.43096160888672 28.629369735717773 
87.42459106445312 28.629369735717773 
87.42459106445312 28.63503074645996 
> -Z-0.008950319412100859 
87.43098449707031 28.635011672973633 
87.4373550415039 28.635011672973633 
87.4373550415039 28.629348754882812 
87.43098449707031 28.629348754882812 
87.43098449707031 28.635011672973633 
> -Z-0.01277251036824713 
87.43740844726562 28.64063262939453 
87.44377899169922 28.64063262939453 
87.44377899169922 28.63496971130371 
87.43740844726562 28.63496971130371 
87.43740844726562 28.64063262939453 
> -Z-0.01025976271837024 
87.44380187988281 28.64061164855957 
87.4501724243164 28.64061164855957 
87.4501724243164 28.63494873046875 
87.44380187988281 28.63494873046875 
87.44380187988281 28.64061164855957 
> -Z-0.009911289739523509 
87.43738555908203 28.634990692138672 
87.44375610351562 28.634990692138672 
87.44375610351562 28.62932777404785 
87.43738555908203 28.62932777404785 
87.43738555908203 28.634990692138672 
> -Z-0.009133717977787288 
87.44377899169922 28.63496971130371 
87.45014953613281 28.63496971130371 
87.45014953613281 28.62930679321289 
87.44377899169922 28.62930679321289 
87.44377899169922 28.63496971130371 
> -Z-0.0037611711490289808 
87.4503402709961 28.6744384765625 
87.45671081542969 28.6744384765625 
87.45671081542969 28.66877555847168 
87.4503402709961 28.66877555847168 
87.4503402709961 28.6744384765625 
> -Z-0.0015073013846469332 
87.45673370361328 28.67441749572754 
87.46310424804688 28.67441749572754 
87.46310424804688 28.66875457763672 
87.45673370361328 28.66875457763672 
87.45673370361328 28.67441749572754 
> -Z-0.004078862711312633 
87.4503173828125 28.66879653930664 
87.4566879272461 28.66879653930664 
87.4566879272461 28.66313362121582 
87.4503173828125 28.66313362121582 
87.4503173828125 28.66879653930664 
> -Z-0.0015859255960389632 
87.45671081542969 28.66877555847168 
87.46308135986328 28.66877555847168 
87.46308135986328 28.66311264038086 
87.45671081542969 28.66311264038086 
87.45671081542969 28.66877555847168 
> -Z-0.0015749504087048294 
87.463134765625 28.674394607543945 
87.4695053100586 28.674394607543945 
87.4695053100586 28.668731689453125 
87.463134765625 28.668731689453125 
87.463134765625 28.674394607543945 
> -Z-0.0023112975766824903 
87.46952819824219 28.674373626708984 
87.47589874267578 28.674373626708984 
87.47589874267578 28.66870880126953 
87.46952819824219 28.66870880126953 
87.46952819824219 28.674373626708984 
> -Z-0.0010549690119609984 
87.46310424804688 28.66875457763672 
87.469482421875 28.66875457763672 
87.469482421875 28.663089752197266 
87.46310424804688 28.663089752197266 
87.46310424804688 28.66875457763672 
> -Z-0.0015945525072866415 
87.4695053100586 28.668731689453125 
87.47587585449219 28.668731689453125 
87.47587585449219 28.663068771362305 
87.4695053100586 28.663068771362305 
87.4695053100586 28.668731689453125 
> -Z-0.00396333507396756 
87.4502944946289 28.66315460205078 
87.4566650390625 28.66315460205078 
87.4566650390625 28.657493591308594 
87.4502944946289 28.657493591308594 
87.4502944946289 28.66315460205078 
> -Z-0.0027527387975818697 
87.4566879272461 28.66313362121582 
87.46305847167969 28.66313362121582 
87.46305847167969 28.657470703125 
87.4566879272461 28.657470703125 
87.4566879272461 28.66313362121582 
> -Z-0.004598745171120324 
87.45026397705078 28.657514572143555 
87.45663452148438 28.657514572143555 
87.45663452148438 28.651851654052734 
87.45026397705078 28.651851654052734 
87.45026397705078 28.657514572143555 
> -Z-0.003383351496137249 
87.4566650390625 28.657493591308594 
87.4630355834961 28.657493591308594 
87.4630355834961 28.65182876586914 
87.4566650390625 28.65182876586914 
87.4566650390625 28.657493591308594 
> -Z-0.0011195713164390457 
87.46308135986328 28.66311264038086 
87.47582244873047 28.66311264038086 
87.47582244873047 28.651784896850586 
87.46308135986328 28.651784896850586 
87.46308135986328 28.66311264038086 
> -Z-0.002965837825995096 
87.4759292602539 28.67435073852539 
87.50140380859375 28.67435073852539 
87.50140380859375 28.65169334411621 
87.4759292602539 28.65169334411621 
87.4759292602539 28.67435073852539 
> -Z-0.007830265388125274 
87.45024108886719 28.651872634887695 
87.45661163330078 28.651872634887695 
87.45661163330078 28.646209716796875 
87.45024108886719 28.646209716796875 
87.45024108886719 28.651872634887695 
> -Z-0.004166057546101432 
87.45663452148438 28.651851654052734 
87.46300506591797 28.651851654052734 
87.46300506591797 28.646188735961914 
87.45663452148438 28.646188735961914 
87.45663452148438 28.651851654052734 
> -Z-0.00822312374308736 
87.4502182006836 28.646230697631836 
87.45658874511719 28.646230697631836 
87.45658874511719 28.640567779541016 
87.4502182006836 28.640567779541016 
87.4502182006836 28.646230697631836 
> -Z-0.004881935604064878 
87.45661163330078 28.646209716796875 
87.46298217773438 28.646209716796875 
87.46298217773438 28.640546798706055 
87.45661163330078 28.640546798706055 
87.45661163330078 28.646209716796875 
> -Z-0.002274554189616887 
87.4630355834961 28.65182876586914 
87.47577667236328 28.65182876586914 
87.47577667236328 28.6405029296875 
87.4630355834961 28.6405029296875 
87.4630355834961 28.65182876586914 
> -Z-0.008564725922220328 
87.4501953125 28.64059066772461 
87.4565658569336 28.64059066772461 
87.4565658569336 28.63492774963379 
87.4501953125 28.63492774963379 
87.4501953125 28.64059066772461 
> -Z-0.005090221755126398 
87.45658874511719 28.640567779541016 
87.46295928955078 28.640567779541016 
87.46295928955078 28.634904861450195 
87.45658874511719 28.634904861450195 
87.45658874511719 28.640567779541016 
> -Z-0.0075955291012832875 
87.4501724243164 28.63494873046875 
87.45654296875 28.63494873046875 
87.45654296875 28.62928581237793 
87.4501724243164 28.62928581237793 
87.4501724243164 28.63494873046875 
> -Z-0.004996056062933817 
87.4565658569336 28.63492774963379 
87.46293640136719 28.63492774963379 
87.46293640136719 28.62926483154297 
87.4565658569336 28.62926483154297 
87.4565658569336 28.63492774963379 
> -Z-0.0029125024953387604 
87.46298217773438 28.640546798706055 
87.47572326660156 28.640546798706055 
87.47572326660156 28.629220962524414 
87.46298217773438 28.629220962524414 
87.46298217773438 28.640546798706055 
> -Z-0.002557161054687663 
87.47582244873047 28.651784896850586 
87.50129699707031 28.651784896850586 
87.50129699707031 28.629127502441406 
87.47582244873047 28.629127502441406 
87.47582244873047 28.651784896850586 
> -Z-0.00735099791003302 
87.39899444580078 28.629467010498047 
87.449951171875 28.629467010498047 
87.449951171875 28.584177017211914 
87.39899444580078 28.584177017211914 
87.39899444580078 28.629467010498047 
> -Z-0.0064482437293315945 
87.45014953613281 28.62930679321289 
87.50108337402344 28.62930679321289 
87.50108337402344 28.58399772644043 
87.45014953613281 28.58399772644043 
87.45014953613281 28.62930679321289 
> -Z-0.014147883544282926 
87.39950561523438 28.764860153198242 
87.45053100585938 28.764860153198242 
87.45053100585938 28.719568252563477 
87.39950561523438 28.719568252563477 
87.39950561523438 28.764860153198242 
> -Z-0.01182275144969434 
87.45072937011719 28.764698028564453 
87.50172424316406 28.764698028564453 
87.50172424316406 28.719388961791992 
87.45072937011719 28.719388961791992 
87.45072937011719 28.764698028564453 
> -Z-0.012456093850470227 
87.39933776855469 28.719730377197266 
87.40571594238281 28.719730377197266 
87.40571594238281 28.714069366455078 
87.39933776855469 28.714069366455078 
87.39933776855469 28.719730377197266 
> -Z-0.012252478383679672 
87.4057388305664 28.719711303710938 
87.41211700439453 28.719711303710938 
87.41211700439453 28.71405029296875 
87.4057388305664 28.71405029296875 
87.4057388305664 28.719711303710938 
> -Z-0.014160580294081987 
87.3993148803711 28.714088439941406 
87.40569305419922 28.714088439941406 
87.40569305419922 28.70842742919922 
87.3993148803711 28.70842742919922 
87.3993148803711 28.714088439941406 
> -Z-0.015038978636679865 
87.40571594238281 28.714069366455078 
87.41209411621094 28.714069366455078 
87.41209411621094 28.70840835571289 
87.40571594238281 28.70840835571289 
87.40571594238281 28.714069366455078 
> -Z-0.011881965612508462 
87.4121322631836 28.719690322875977 
87.41851043701172 28.719690322875977 
87.41851043701172 28.71402931213379 
87.4121322631836 28.71402931213379 
87.4121322631836 28.719690322875977 
> -Z-0.011478708319149565 
87.41853332519531 28.71967124938965 
87.42491149902344 28.71967124938965 
87.42491149902344 28.71401023864746 
87.41853332519531 28.71401023864746 
87.41853332519531 28.71967124938965 
> -Z-0.012709052984529682 
87.41211700439453 28.71405029296875 
87.41848754882812 28.71405029296875 
87.41848754882812 28.708389282226562 
87.41211700439453 28.708389282226562 
87.41211700439453 28.71405029296875 
> -Z-0.010763834247815018 
87.41851043701172 28.71402931213379 
87.42488861083984 28.71402931213379 
87.42488861083984 28.7083683013916 
87.41851043701172 28.7083683013916 
87.41851043701172 28.71402931213379 
> -Z-0.01600976758154401 
87.3992919921875 28.708446502685547 
87.40567016601562 28.708446502685547 
87.40567016601562 28.702787399291992 
87.3992919921875 28.702787399291992 
87.3992919921875 28.708446502685547 
> -Z-0.01553133174514065 
87.40569305419922 28.70842742919922 
87.41207122802734 28.70842742919922 
87.41207122802734 28.70276641845703 
87.40569305419922 28.70276641845703 
87.40569305419922 28.70842742919922 
> -Z-0.015157354536177378 
87.3992691040039 28.702804565429688 
87.40564727783203 28.702804565429688 
87.40564727783203 28.697145462036133 
87.3992691040039 28.697145462036133 
87.3992691040039 28.702804565429688 
> -Z-0.015509918670878468 
87.40567016601562 28.702787399291992 
87.40885925292969 28.702787399291992 
87.40885925292969 28.6999568939209 
87.40567016601562 28.6999568939209 
87.40567016601562 28.702787399291992 
> -Z-0.016700584360385344 
87.40886688232422 28.702775955200195 
87.41205596923828 28.702775955200195 
87.41205596923828 28.699947357177734 
87.40886688232422 28.699947357177734 
87.40886688232422 28.702775955200195 
> -Z-0.015844008843302816 
87.4056625366211 28.699966430664062 
87.40885162353516 28.699966430664062 
87.40885162353516 28.69713592529297 
87.4056625366211 28.69713592529297 
87.4056625366211 28.699966430664062 
> -Z-0.017325228995184273 
87.40885925292969 28.6999568939209 
87.41204833984375 28.6999568939209 
87.41204833984375 28.697126388549805 
87.40885925292969 28.697126388549805 
87.40885925292969 28.6999568939209 
> -Z-0.015136483771816846 
87.41209411621094 28.70840835571289 
87.41846466064453 28.70840835571289 
87.41846466064453 28.702747344970703 
87.41209411621094 28.702747344970703 
87.41209411621094 28.70840835571289 
> -Z-0.01082191029304463 
87.41848754882812 28.708389282226562 
87.42486572265625 28.708389282226562 
87.42486572265625 28.702728271484375 
87.41848754882812 28.702728271484375 
87.41848754882812 28.708389282226562 
> -Z-0.017894164792039806 
87.41207122802734 28.70276641845703 
87.41844177246094 28.70276641845703 
87.41844177246094 28.697105407714844 
87.41207122802734 28.697105407714844 
87.41207122802734 28.70276641845703 
> -Z-0.014140233772411498 
87.41846466064453 28.702747344970703 
87.42484283447266 28.702747344970703 
87.42484283447266 28.697086334228516 
87.41846466064453 28.697086334228516 
87.41846466064453 28.702747344970703 
> -Z-0.012319107490671055 
87.42493438720703 28.71965217590332 
87.43131256103516 28.71965217590332 
87.43131256103516 28.7139892578125 
87.42493438720703 28.7139892578125 
87.42493438720703 28.71965217590332 
> -Z-0.004323663106045163 
87.450439453125 28.697004318237305 
87.46318054199219 28.697004318237305 
87.46318054199219 28.685678482055664 
87.450439453125 28.685678482055664 
87.450439453125 28.697004318237305 
> -Z-0.005709009395899272 
87.4632339477539 28.69696044921875 
87.4759750366211 28.69696044921875 
87.4759750366211 28.685632705688477 
87.4632339477539 28.685632705688477 
87.4632339477539 28.69696044921875 
> -Z-0.0025473492755176633 
87.45038604736328 28.685720443725586 
87.463134765625 28.685720443725586 
87.463134765625 28.674394607543945 
87.45038604736328 28.674394607543945 
87.45038604736328 28.685720443725586 
> -Z-0.0032604844286996163 
87.46318054199219 28.685678482055664 
87.4759292602539 28.685678482055664 
87.4759292602539 28.67435073852539 
87.46318054199219 28.67435073852539 
87.46318054199219 28.685678482055664 
> -Z-0.007107137233579747 
87.47602844238281 28.696916580200195 
87.50151062011719 28.696916580200195 
87.50151062011719 28.674259185791016 
87.47602844238281 28.674259185791016 
87.47602844238281 28.696916580200195 
> -Z-0.008614800274991041 
87.43771362304688 28.713970184326172 
87.44408416748047 28.713970184326172 
87.44408416748047 28.70830726623535 
87.43771362304688 28.70830726623535 
87.43771362304688 28.713970184326172 
> -Z-0.007731766708231778 
87.44410705566406 28.71394920349121 
87.45048522949219 28.71394920349121 
87.45048522949219 28.70828628540039 
87.44410705566406 28.70828628540039 
87.44410705566406 28.71394920349121 
> -Z-0.008636786437326224 
87.42488861083984 28.7083683013916 
87.43126678466797 28.7083683013916 
87.43126678466797 28.702707290649414 
87.42488861083984 28.702707290649414 
87.42488861083984 28.7083683013916 
> -Z-0.006649559356104246 
87.43128967285156 28.708349227905273 
87.43766021728516 28.708349227905273 
87.43766021728516 28.702686309814453 
87.43128967285156 28.702686309814453 
87.43128967285156 28.708349227905273 
> -Z-0.010056784342236093 
87.42486572265625 28.702728271484375 
87.43124389648438 28.702728271484375 
87.43124389648438 28.697065353393555 
87.42486572265625 28.697065353393555 
87.42486572265625 28.702728271484375 
> -Z-0.006447530099365391 
87.43126678466797 28.702707290649414 
87.43763732910156 28.702707290649414 
87.43763732910156 28.697046279907227 
87.43126678466797 28.697046279907227 
87.43126678466797 28.702707290649414 
> -Z-0.006664378507126482 
87.43768310546875 28.708328247070312 
87.44406127929688 28.708328247070312 
87.44406127929688 28.702665328979492 
87.43768310546875 28.702665328979492 
87.43768310546875 28.708328247070312 
> -Z-0.00668350665618995 
87.44408416748047 28.70830726623535 
87.4504623413086 28.70830726623535 
87.4504623413086 28.70264434814453 
87.44408416748047 28.70264434814453 
87.44408416748047 28.70830726623535 
> -Z-0.004601992696548164 
87.43766021728516 28.702686309814453 
87.44403839111328 28.702686309814453 
87.44403839111328 28.697025299072266 
87.43766021728516 28.697025299072266 
87.43766021728516 28.702686309814453 
> -Z-0.006133305487140573 
87.44406127929688 28.702665328979492 
87.450439453125 28.702665328979492 
87.450439453125 28.697004318237305 
87.44406127929688 28.697004318237305 
87.44406127929688 28.702665328979492 
> -Z-0.014916722045390726 
87.39925384521484 28.69716453552246 
87.4024429321289 28.69716453552246 
87.4024429321289 28.694334030151367 
87.39925384521484 28.694334030151367 
87.39925384521484 28.69716453552246 
> -Z-0.014619926128548885 
87.40245056152344 28.697154998779297 
87.4056396484375 28.697154998779297 
87.4056396484375 28.694324493408203 
87.40245056152344 28.694324493408203 
87.40245056152344 28.697154998779297 
> -Z-0.013848075147920955 
87.39923858642578 28.69434356689453 
87.40242767333984 28.69434356689453 
87.40242767333984 28.691513061523438 
87.39923858642578 28.691513061523438 
87.39923858642578 28.69434356689453 
> -Z-0.011660186984578741 
87.4024429321289 28.694334030151367 
87.40562438964844 28.694334030151367 
87.40562438964844 28.691503524780273 
87.4024429321289 28.691503524780273 
87.4024429321289 28.694334030151367 
> -Z-0.014708597499112581 
87.40564727783203 28.697145462036133 
87.4088363647461 28.697145462036133 
87.4088363647461 28.69431495666504 
87.40564727783203 28.69431495666504 
87.40564727783203 28.697145462036133 
> -Z-0.016659906150491274 
87.40885162353516 28.69713592529297 
87.41203308105469 28.69713592529297 
87.41203308105469 28.694305419921875 
87.40885162353516 28.694305419921875 
87.40885162353516 28.69713592529297 
> -Z-0.010466244259058372 
87.4056396484375 28.694324493408203 
87.40882873535156 28.694324493408203 
87.40882873535156 28.69149398803711 
87.4056396484375 28.69149398803711 
87.4056396484375 28.694324493408203 
> -Z-0.012659643505460727 
87.4088363647461 28.69431495666504 
87.41202545166016 28.69431495666504 
87.41202545166016 28.691484451293945 
87.4088363647461 28.691484451293945 
87.4088363647461 28.69431495666504 
> -Z-0.009724564459235294 
87.39923095703125 28.6915225982666 
87.40242004394531 28.6915225982666 
87.40242004394531 28.688692092895508 
87.39923095703125 28.688692092895508 
87.39923095703125 28.6915225982666 
> -Z-0.007502017212931783 
87.40242767333984 28.691513061523438 
87.4056167602539 28.691513061523438 
87.4056167602539 28.688682556152344 
87.40242767333984 28.688682556152344 
87.40242767333984 28.691513061523438 
> -Z-0.005396839808624168 
87.39921569824219 28.688701629638672 
87.40240478515625 28.688701629638672 
87.40240478515625 28.685871124267578 
87.39921569824219 28.685871124267578 
87.39921569824219 28.688701629638672 
> -Z-0.003766489414814403 
87.40242004394531 28.688692092895508 
87.40560913085938 28.688692092895508 
87.40560913085938 28.685861587524414 
87.40242004394531 28.685861587524414 
87.40242004394531 28.688692092895508 
> -Z-0.007457656110396796 
87.40562438964844 28.691503524780273 
87.4088134765625 28.691503524780273 
87.4088134765625 28.68867301940918 
87.40562438964844 28.68867301940918 
87.40562438964844 28.691503524780273 
> -Z-0.009554220384066461 
87.40882873535156 28.69149398803711 
87.41201782226562 28.69149398803711 
87.41201782226562 28.688663482666016 
87.40882873535156 28.688663482666016 
87.40882873535156 28.69149398803711 
> -Z-0.005484228328816676 
87.4056167602539 28.688682556152344 
87.40880584716797 28.688682556152344 
87.40880584716797 28.68585205078125 
87.4056167602539 28.68585205078125 
87.4056167602539 28.688682556152344 
> -Z-0.007131631585109988 
87.4088134765625 28.68867301940918 
87.41200256347656 28.68867301940918 
87.41200256347656 28.685842514038086 
87.4088134765625 28.685842514038086 
87.4088134765625 28.68867301940918 
> -Z-0.019048413552185013 
87.41204833984375 28.697126388549805 
87.41523742675781 28.697126388549805 
87.41523742675781 28.69429588317871 
87.41204833984375 28.69429588317871 
87.41204833984375 28.697126388549805 
> -Z-0.016644822454263075 
87.41524505615234 28.69711685180664 
87.4184341430664 28.69711685180664 
87.4184341430664 28.694286346435547 
87.41524505615234 28.694286346435547 
87.41524505615234 28.69711685180664 
> -Z-0.016351420819011968 
87.41203308105469 28.694305419921875 
87.41522216796875 28.694305419921875 
87.41522216796875 28.69147491455078 
87.41203308105469 28.69147491455078 
87.41203308105469 28.694305419921875 
> -Z-0.017180734697126145 
87.41523742675781 28.69429588317871 
87.41842651367188 28.69429588317871 
87.41842651367188 28.691465377807617 
87.41523742675781 28.691465377807617 
87.41523742675781 28.69429588317871 
> -Z-0.016393829930176268 
87.41844177246094 28.697105407714844 
87.421630859375 28.697105407714844 
87.421630859375 28.69427490234375 
87.41844177246094 28.69427490234375 
87.41844177246094 28.697105407714844 
> -Z-0.01312874190944674 
87.42164611816406 28.69709587097168 
87.42483520507812 28.69709587097168 
87.42483520507812 28.694265365600586 
87.42164611816406 28.694265365600586 
87.42164611816406 28.69709587097168 
> -Z-0.017656114972645257 
87.4184341430664 28.694286346435547 
87.42162322998047 28.694286346435547 
87.42162322998047 28.69145393371582 
87.4184341430664 28.69145393371582 
87.4184341430664 28.694286346435547 
> -Z-0.013843665277764351 
87.421630859375 28.69427490234375 
87.42481994628906 28.69427490234375 
87.42481994628906 28.691444396972656 
87.421630859375 28.691444396972656 
87.421630859375 28.69427490234375 
> -Z-0.014612001064747943 
87.41202545166016 28.691484451293945 
87.41521453857422 28.691484451293945 
87.41521453857422 28.68865394592285 
87.41202545166016 28.68865394592285 
87.41202545166016 28.691484451293945 
> -Z-0.017800995819085785 
87.41522216796875 28.69147491455078 
87.41841125488281 28.69147491455078 
87.41841125488281 28.688644409179688 
87.41522216796875 28.688644409179688 
87.41522216796875 28.69147491455078 
> -Z-0.015384499084465333 
87.41201782226562 28.688663482666016 
87.41519927978516 28.688663482666016 
87.41519927978516 28.685832977294922 
87.41201782226562 28.685832977294922 
87.41201782226562 28.688663482666016 
> -Z-0.01886291685325245 
87.41521453857422 28.68865394592285 
87.41840362548828 28.68865394592285 
87.41840362548828 28.685823440551758 
87.41521453857422 28.685823440551758 
87.41521453857422 28.68865394592285 
> -Z-0.018507223438439094 
87.41842651367188 28.691465377807617 
87.4216079711914 28.691465377807617 
87.4216079711914 28.688634872436523 
87.41842651367188 28.688634872436523 
87.41842651367188 28.691465377807617 
> -Z-0.018309207789960827 
87.42162322998047 28.69145393371582 
87.42481231689453 28.69145393371582 
87.42481231689453 28.688623428344727 
87.42162322998047 28.688623428344727 
87.42162322998047 28.69145393371582 
> -Z-0.019005304890048133 
87.41841125488281 28.688644409179688 
87.42160034179688 28.688644409179688 
87.42160034179688 28.685813903808594 
87.41841125488281 28.685813903808594 
87.41841125488281 28.688644409179688 
> -Z-0.019674404234289747 
87.4216079711914 28.688634872436523 
87.42479705810547 28.688634872436523 
87.42479705810547 28.68580436706543 
87.4216079711914 28.68580436706543 
87.4216079711914 28.688634872436523 
> -Z-0.0011792219745030558 
87.39920806884766 28.685880661010742 
87.40239715576172 28.685880661010742 
87.40239715576172 28.68305206298828 
87.39920806884766 28.68305206298828 
87.39920806884766 28.685880661010742 
> -Z-0.0010278200089006706 
87.40240478515625 28.685871124267578 
87.40559387207031 28.685871124267578 
87.40559387207031 28.683042526245117 
87.40240478515625 28.683042526245117 
87.40240478515625 28.685871124267578 
> -Z0.0017411773201901487 
87.39920043945312 28.683061599731445 
87.40238189697266 28.683061599731445 
87.40238189697266 28.68023109436035 
87.39920043945312 28.68023109436035 
87.39920043945312 28.683061599731445 
> -Z0.0014886848622720078 
87.40239715576172 28.68305206298828 
87.40558624267578 28.68305206298828 
87.40558624267578 28.680221557617188 
87.40239715576172 28.680221557617188 
87.40239715576172 28.68305206298828 
> -Z-0.004181766406108484 
87.40560913085938 28.685861587524414 
87.4087905883789 28.685861587524414 
87.4087905883789 28.683032989501953 
87.40560913085938 28.683032989501953 
87.40560913085938 28.685861587524414 
> -Z-0.007022487592492854 
87.40880584716797 28.68585205078125 
87.41199493408203 28.68585205078125 
87.41199493408203 28.683021545410156 
87.40880584716797 28.683021545410156 
87.40880584716797 28.68585205078125 
> -Z-0.0013629037417796641 
87.40559387207031 28.683042526245117 
87.40878295898438 28.683042526245117 
87.40878295898438 28.680212020874023 
87.40559387207031 28.680212020874023 
87.40559387207031 28.683042526245117 
> -Z-0.0038285361385574646 
87.4087905883789 28.683032989501953 
87.41197967529297 28.683032989501953 
87.41197967529297 28.68020248413086 
87.4087905883789 28.68020248413086 
87.4087905883789 28.683032989501953 
> -Z0.0022525888816957024 
87.39918518066406 28.680240631103516 
87.40237426757812 28.680240631103516 
87.40237426757812 28.677410125732422 
87.39918518066406 28.677410125732422 
87.39918518066406 28.680240631103516 
> -Z0.0034825666166639346 
87.40238189697266 28.68023109436035 
87.40557098388672 28.68023109436035 
87.40557098388672 28.677400588989258 
87.40238189697266 28.677400588989258 
87.40238189697266 28.68023109436035 
> -Z-0.0023143939883081277 
87.39917755126953 28.677419662475586 
87.4023666381836 28.677419662475586 
87.4023666381836 28.674589157104492 
87.39917755126953 28.674589157104492 
87.39917755126953 28.677419662475586 
> -Z0.0004764348547059427 
87.40237426757812 28.677410125732422 
87.40556335449219 28.677410125732422 
87.40556335449219 28.674579620361328 
87.40237426757812 28.674579620361328 
87.40237426757812 28.677410125732422 
> -Z-7.18916925042945e-05 
87.40558624267578 28.680221557617188 
87.40877532958984 28.680221557617188 
87.40877532958984 28.677391052246094 
87.40558624267578 28.677391052246094 
87.40558624267578 28.680221557617188 
> -Z-0.0036987544221497304 
87.40878295898438 28.680212020874023 
87.41197204589844 28.680212020874023 
87.41197204589844 28.67738151550293 
87.40878295898438 28.67738151550293 
87.40878295898438 28.680212020874023 
> -Z-0.0026559503477125435 
87.40557098388672 28.677400588989258 
87.40876007080078 28.677400588989258 
87.40876007080078 28.674570083618164 
87.40557098388672 28.674570083618164 
87.40557098388672 28.677400588989258 
> -Z-0.0073378335909166925 
87.40877532958984 28.677391052246094 
87.41195678710938 28.677391052246094 
87.41195678710938 28.674560546875 
87.40877532958984 28.674560546875 
87.40877532958984 28.677391052246094 
> -Z-0.01486843450465053 
87.41200256347656 28.685842514038086 
87.41519165039062 28.685842514038086 
87.41519165039062 28.683012008666992 
87.41200256347656 28.683012008666992 
87.41200256347656 28.685842514038086 
> -Z-0.01919811536265273 
87.41519927978516 28.685832977294922 
87.41838836669922 28.685832977294922 
87.41838836669922 28.683002471923828 
87.41519927978516 28.683002471923828 
87.41519927978516 28.685832977294922 
> -Z-0.013168213111704435 
87.41199493408203 28.683021545410156 
87.41517639160156 28.683021545410156 
87.41517639160156 28.680191040039062 
87.41199493408203 28.680191040039062 
87.41199493408203 28.683021545410156 
> -Z-0.01905884153638797 
87.41519165039062 28.683012008666992 
87.41838073730469 28.683012008666992 
87.41838073730469 28.6801815032959 
87.41519165039062 28.6801815032959 
87.41519165039062 28.683012008666992 
> -Z-0.017273476920198066 
87.41840362548828 28.685823440551758 
87.42158508300781 28.685823440551758 
87.42158508300781 28.682992935180664 
87.41840362548828 28.682992935180664 
87.41840362548828 28.685823440551758 
> -Z-0.019809528005156785 
87.42160034179688 28.685813903808594 
87.42478942871094 28.685813903808594 
87.42478942871094 28.6829833984375 
87.42160034179688 28.6829833984375 
87.42160034179688 28.685813903808594 
> -Z-0.018663876780604938 
87.41838836669922 28.683002471923828 
87.42157745361328 28.683002471923828 
87.42157745361328 28.680171966552734 
87.41838836669922 28.680171966552734 
87.41838836669922 28.683002471923828 
> -Z-0.018929110536431523 
87.42158508300781 28.682992935180664 
87.42477416992188 28.682992935180664 
87.42477416992188 28.68016242980957 
87.42158508300781 28.68016242980957 
87.42158508300781 28.682992935180664 
> -Z-0.013489097739871642 
87.41197967529297 28.68020248413086 
87.41516876220703 28.68020248413086 
87.41516876220703 28.677371978759766 
87.41197967529297 28.677371978759766 
87.41197967529297 28.68020248413086 
> -Z-0.018761466645952296 
87.41517639160156 28.680191040039062 
87.41836547851562 28.680191040039062 
87.41836547851562 28.67736053466797 
87.41517639160156 28.67736053466797 
87.41517639160156 28.680191040039062 
> -Z-0.016944544588785915 
87.41197204589844 28.67738151550293 
87.4151611328125 28.67738151550293 
87.4151611328125 28.674551010131836 
87.41197204589844 28.674551010131836 
87.41197204589844 28.67738151550293 
> -Z-0.020449329557053017 
87.41516876220703 28.677371978759766 
87.4183578491211 28.677371978759766 
87.4183578491211 28.674541473388672 
87.41516876220703 28.674541473388672 
87.41516876220703 28.677371978759766 
> -Z-0.01941604976639591 
87.41838073730469 28.6801815032959 
87.42156219482422 28.6801815032959 
87.42156219482422 28.677350997924805 
87.41838073730469 28.677350997924805 
87.41838073730469 28.6801815032959 
> -Z-0.021284719304009547 
87.42157745361328 28.680171966552734 
87.42476654052734 28.680171966552734 
87.42476654052734 28.67734146118164 
87.42157745361328 28.67734146118164 
87.42157745361328 28.680171966552734 
> -Z-0.02012176555354714 
87.41836547851562 28.67736053466797 
87.42155456542969 28.67736053466797 
87.42155456542969 28.674530029296875 
87.41836547851562 28.674530029296875 
87.41836547851562 28.67736053466797 
> -Z-0.02165870966855646 
87.42156219482422 28.677350997924805 
87.42475128173828 28.677350997924805 
87.42475128173828 28.67452049255371 
87.42156219482422 28.67452049255371 
87.42156219482422 28.677350997924805 
> -Z-0.01187171946804913 
87.42484283447266 28.697086334228516 
87.42803192138672 28.697086334228516 
87.42803192138672 28.694255828857422 
87.42484283447266 28.694255828857422 
87.42484283447266 28.697086334228516 
> -Z-0.010046080123289336 
87.42803955078125 28.69707679748535 
87.43122863769531 28.69707679748535 
87.43122863769531 28.694244384765625 
87.42803955078125 28.694244384765625 
87.42803955078125 28.69707679748535 
> -Z-0.009642777916173781 
87.42483520507812 28.694265365600586 
87.42801666259766 28.694265365600586 
87.42801666259766 28.691434860229492 
87.42483520507812 28.691434860229492 
87.42483520507812 28.694265365600586 
> -Z-0.009368755373485686 
87.42803192138672 28.694255828857422 
87.43122100830078 28.694255828857422 
87.43122100830078 28.691425323486328 
87.42803192138672 28.691425323486328 
87.42803192138672 28.694255828857422 
> -Z-0.005999132780404457 
87.43124389648438 28.697065353393555 
87.43761444091797 28.697065353393555 
87.43761444091797 28.691404342651367 
87.43124389648438 28.691404342651367 
87.43124389648438 28.697065353393555 
> -Z-0.016371439719302182 
87.42481994628906 28.691444396972656 
87.42800903320312 28.691444396972656 
87.42800903320312 28.688613891601562 
87.42481994628906 28.688613891601562 
87.42481994628906 28.691444396972656 
> -Z-0.007459023535764761 
87.42801666259766 28.691434860229492 
87.43120574951172 28.691434860229492 
87.43120574951172 28.6886043548584 
87.42801666259766 28.6886043548584 
87.42801666259766 28.691434860229492 
> -Z-0.01675712752412202 
87.42481231689453 28.688623428344727 
87.42799377441406 28.688623428344727 
87.42799377441406 28.685792922973633 
87.42481231689453 28.685792922973633 
87.42481231689453 28.688623428344727 
> -Z-0.0017068766040711641 
87.42800903320312 28.688613891601562 
87.43119812011719 28.688613891601562 
87.43119812011719 28.68578338623047 
87.42800903320312 28.68578338623047 
87.42800903320312 28.688613891601562 
> -Z-0.005861963356747026 
87.43122100830078 28.691425323486328 
87.43440246582031 28.691425323486328 
87.43440246582031 28.6885929107666 
87.43122100830078 28.6885929107666 
87.43122100830078 28.691425323486328 
> -Z-0.0033367425684358923 
87.43441772460938 28.69141387939453 
87.43760681152344 28.69141387939453 
87.43760681152344 28.688583374023438 
87.43441772460938 28.688583374023438 
87.43441772460938 28.69141387939453 
> -Z-0.005532078666750123 
87.43120574951172 28.6886043548584 
87.43439483642578 28.6886043548584 
87.43439483642578 28.685773849487305 
87.43120574951172 28.685773849487305 
87.43120574951172 28.6886043548584 
> -Z-0.0035189256779558156 
87.43440246582031 28.6885929107666 
87.43759155273438 28.6885929107666 
87.43759155273438 28.685762405395508 
87.43440246582031 28.685762405395508 
87.43440246582031 28.6885929107666 
> -Z-0.003591240365095845 
87.43763732910156 28.697046279907227 
87.44401550292969 28.697046279907227 
87.44401550292969 28.691383361816406 
87.43763732910156 28.691383361816406 
87.43763732910156 28.697046279907227 
> -Z-0.004698217552246132 
87.44403839111328 28.697025299072266 
87.45040893554688 28.697025299072266 
87.45040893554688 28.691362380981445 
87.44403839111328 28.691362380981445 
87.44403839111328 28.697025299072266 
> -Z-0.0019096110232056235 
87.43761444091797 28.691404342651367 
87.4439926147461 28.691404342651367 
87.4439926147461 28.685741424560547 
87.43761444091797 28.685741424560547 
87.43761444091797 28.691404342651367 
> -Z-0.003014365577333495 
87.44401550292969 28.691383361816406 
87.45038604736328 28.691383361816406 
87.45038604736328 28.685720443725586 
87.44401550292969 28.685720443725586 
87.44401550292969 28.691383361816406 
> -Z-0.021002347371489732 
87.42479705810547 28.68580436706543 
87.42798614501953 28.68580436706543 
87.42798614501953 28.682971954345703 
87.42479705810547 28.682971954345703 
87.42479705810547 28.68580436706543 
> -Z-0.007920162982680563 
87.42799377441406 28.685792922973633 
87.43118286132812 28.685792922973633 
87.43118286132812 28.68296241760254 
87.42799377441406 28.68296241760254 
87.42799377441406 28.685792922973633 
> -Z-0.016288779365820252 
87.42478942871094 28.6829833984375 
87.42797088623047 28.6829833984375 
87.42797088623047 28.680152893066406 
87.42478942871094 28.680152893066406 
87.42478942871094 28.6829833984375 
> -Z-0.0069459108343267045 
87.42798614501953 28.682971954345703 
87.4311752319336 28.682971954345703 
87.4311752319336 28.68014144897461 
87.42798614501953 28.68014144897461 
87.42798614501953 28.682971954345703 
> -Z-0.005582441404009458 
87.43119812011719 28.68578338623047 
87.43437957763672 28.68578338623047 
87.43437957763672 28.682952880859375 
87.43119812011719 28.682952880859375 
87.43119812011719 28.68578338623047 
> -Z-0.004218620927969839 
87.43439483642578 28.685773849487305 
87.43758392333984 28.685773849487305 
87.43758392333984 28.682941436767578 
87.43439483642578 28.682941436767578 
87.43439483642578 28.685773849487305 
> -Z-0.005365114628718394 
87.43118286132812 28.68296241760254 
87.43437194824219 28.68296241760254 
87.43437194824219 28.680131912231445 
87.43118286132812 28.680131912231445 
87.43118286132812 28.68296241760254 
> -Z-0.0051189872271416165 
87.43437957763672 28.682952880859375 
87.43756866455078 28.682952880859375 
87.43756866455078 28.68012237548828 
87.43437957763672 28.68012237548828 
87.43437957763672 28.682952880859375 
> -Z-0.014180931143528377 
87.42477416992188 28.68016242980957 
87.42796325683594 28.68016242980957 
87.42796325683594 28.677331924438477 
87.42477416992188 28.677331924438477 
87.42477416992188 28.68016242980957 
> -Z-0.0023588619425901763 
87.42797088623047 28.680152893066406 
87.43115997314453 28.680152893066406 
87.43115997314453 28.67732048034668 
87.42797088623047 28.67732048034668 
87.42797088623047 28.680152893066406 
> -Z-0.014960165676702941 
87.42476654052734 28.67734146118164 
87.42794799804688 28.67734146118164 
87.42794799804688 28.674510955810547 
87.42476654052734 28.674510955810547 
87.42476654052734 28.67734146118164 
> -Z-0.011652898208449322 
87.42796325683594 28.677331924438477 
87.43115234375 28.677331924438477 
87.43115234375 28.674501419067383 
87.42796325683594 28.674501419067383 
87.42796325683594 28.677331924438477 
> -Z-0.0054947847833869135 
87.4311752319336 28.68014144897461 
87.43435668945312 28.68014144897461 
87.43435668945312 28.677310943603516 
87.4311752319336 28.677310943603516 
87.4311752319336 28.68014144897461 
> -Z-0.003636251426448106 
87.43437194824219 28.680131912231445 
87.43756103515625 28.680131912231445 
87.43756103515625 28.67730140686035 
87.43437194824219 28.67730140686035 
87.43437194824219 28.680131912231445 
> -Z-0.010788177174187813 
87.43115997314453 28.67732048034668 
87.4343490600586 28.67732048034668 
87.4343490600586 28.674489974975586 
87.43115997314453 28.674489974975586 
87.43115997314453 28.67732048034668 
> -Z-0.009500184099191775 
87.43435668945312 28.677310943603516 
87.43754577636719 28.677310943603516 
87.43754577636719 28.674480438232422 
87.43435668945312 28.674480438232422 
87.43435668945312 28.677310943603516 
> -Z-0.0027389112752800177 
87.43759155273438 28.685762405395508 
87.44078063964844 28.685762405395508 
87.44078063964844 28.682931900024414 
87.43759155273438 28.682931900024414 
87.43759155273438 28.685762405395508 
> -Z-0.0018819702580885021 
87.44078826904297 28.685752868652344 
87.44397735595703 28.685752868652344 
87.44397735595703 28.682920455932617 
87.44078826904297 28.682920455932617 
87.44078826904297 28.685752868652344 
> -Z-0.002922472334974918 
87.43758392333984 28.682941436767578 
87.44076538085938 28.682941436767578 
87.44076538085938 28.680110931396484 
87.43758392333984 28.680110931396484 
87.43758392333984 28.682941436767578 
> -Z-0.002145320122781555 
87.44078063964844 28.682931900024414 
87.4439697265625 28.682931900024414 
87.4439697265625 28.68010139465332 
87.44078063964844 28.68010139465332 
87.44078063964844 28.682931900024414 
> -Z-0.0025095420292413698 
87.4439926147461 28.685741424560547 
87.45036315917969 28.685741424560547 
87.45036315917969 28.68008041381836 
87.4439926147461 28.68008041381836 
87.4439926147461 28.685741424560547 
> -Z-0.004066669430036286 
87.43756866455078 28.68012237548828 
87.44075775146484 28.68012237548828 
87.44075775146484 28.677289962768555 
87.43756866455078 28.677289962768555 
87.43756866455078 28.68012237548828 
> -Z-0.0034761580819561502 
87.44076538085938 28.680110931396484 
87.44395446777344 28.680110931396484 
87.44395446777344 28.67728042602539 
87.44076538085938 28.67728042602539 
87.44076538085938 28.680110931396484 
> -Z-0.010056584048925982 
87.43756103515625 28.67730140686035 
87.44074249267578 28.67730140686035 
87.44074249267578 28.674468994140625 
87.43756103515625 28.674468994140625 
87.43756103515625 28.67730140686035 
> -Z-0.008239304432141655 
87.44075775146484 28.677289962768555 
87.44393920898438 28.677289962768555 
87.44393920898438 28.67445945739746 
87.44075775146484 28.67445945739746 
87.44075775146484 28.677289962768555 
> -Z-0.002885400840503663 
87.4439697265625 28.68010139465332 
87.44715118408203 28.68010139465332 
87.44715118408203 28.677268981933594 
87.4439697265625 28.677268981933594 
87.4439697265625 28.68010139465332 
> -Z-0.0030513524400617754 
87.4471664428711 28.680089950561523 
87.45034790039062 28.680089950561523 
87.45034790039062 28.67725944519043 
87.4471664428711 28.67725944519043 
87.4471664428711 28.680089950561523 
> -Z-0.0033803192300631904 
87.44395446777344 28.67728042602539 
87.4471435546875 28.67728042602539 
87.4471435546875 28.674448013305664 
87.44395446777344 28.674448013305664 
87.44395446777344 28.67728042602539 
> -Z-0.0032914773028982006 
87.44715118408203 28.677268981933594 
87.4503402709961 28.677268981933594 
87.4503402709961 28.6744384765625 
87.44715118408203 28.6744384765625 
87.44715118408203 28.677268981933594 
> -Z-0.00831324459715898 
87.45053100585938 28.719568252563477 
87.47602844238281 28.719568252563477 
87.47602844238281 28.696916580200195 
87.45053100585938 28.696916580200195 
87.45053100585938 28.719568252563477 
> -Z-0.009476581347854765 
87.47612762451172 28.719480514526367 
87.50161743164062 28.719480514526367 
87.50161743164062 28.696823120117188 
87.47612762451172 28.696823120117188 
87.47612762451172 28.719480514526367 
> -Z-0.011245768540631732 
87.43133544921875 28.71963119506836 
87.43771362304688 28.71963119506836 
87.43771362304688 28.713970184326172 
87.43133544921875 28.713970184326172 
87.43133544921875 28.71963119506836 
> -Z-0.010566119338372332 
87.42491149902344 28.71401023864746 
87.43128967285156 28.71401023864746 
87.43128967285156 28.708349227905273 
87.42491149902344 28.708349227905273 
87.42491149902344 28.71401023864746 
> -Z-0.008871608903581771 
87.43131256103516 28.7139892578125 
87.43768310546875 28.7139892578125 
87.43768310546875 28.708328247070312 
87.43131256103516 28.708328247070312 
87.43131256103516 28.7139892578125 
> -Z-0.010510391886809241 
87.43773651123047 28.7196102142334 
87.44410705566406 28.7196102142334 
87.44410705566406 28.71394920349121 
87.43773651123047 28.71394920349121 
87.43773651123047 28.7196102142334 
> -Z-0.009681161578785704 
87.44412994384766 28.719589233398438 
87.45050811767578 28.719589233398438 
87.45050811767578 28.71392822265625 
87.44412994384766 28.71392822265625 
87.44412994384766 28.719589233398438 
> -Z-0.01152593931263258 
87.39985656738281 28.855119705200195 
87.50194549560547 28.855119705200195 
87.50194549560547 28.76451873779297 
87.39985656738281 28.76451873779297 
87.39985656738281 28.855119705200195 
> -Z-0.013430585068887241 
87.50108337402344 28.58399772644043 
87.60282897949219 28.58399772644043 
87.60282897949219 28.49332046508789 
87.50108337402344 28.49332046508789 
87.50108337402344 28.58399772644043 
> -Z-0.008775107985716842 
87.50151062011719 28.674259185791016 
87.60334014892578 28.674259185791016 
87.60334014892578 28.583580017089844 
87.50151062011719 28.583580017089844 
87.50151062011719 28.674259185791016 
> -Z-0.01256439493029685 
87.50194549560547 28.76451873779297 
87.6038589477539 28.76451873779297 
87.6038589477539 28.673839569091797 
87.50194549560547 28.673839569091797 
87.50194549560547 28.76451873779297 
> -Z-0.012716364704276594 
87.50237274169922 28.85477638244629 
87.60437774658203 28.85477638244629 
87.60437774658203 28.76409912109375 
87.50237274169922 28.76409912109375 
87.50237274169922 28.85477638244629 
