> -Z-0.005847296677529812 
87.19429779052734 28.58478355407715 
87.29631042480469 28.58478355407715 
87.29631042480469 28.494333267211914 
87.19429779052734 28.494333267211914 
87.19429779052734 28.58478355407715 
> -Z-0.01684732176363468 
87.19446563720703 28.675046920776367 
87.24553680419922 28.675046920776367 
87.24553680419922 28.629833221435547 
87.19446563720703 28.629833221435547 
87.19446563720703 28.675046920776367 
> -Z-0.01759331300854683 
87.24564361572266 28.674964904785156 
87.29669189453125 28.674964904785156 
87.29669189453125 28.629730224609375 
87.24564361572266 28.629730224609375 
87.24564361572266 28.674964904785156 
> -Z-0.006520116701722145 
87.19438171386719 28.629915237426758 
87.24542999267578 28.629915237426758 
87.24542999267578 28.584699630737305 
87.19438171386719 28.584699630737305 
87.19438171386719 28.629915237426758 
> -Z-0.008444379083812237 
87.24553680419922 28.629833221435547 
87.29656219482422 28.629833221435547 
87.29656219482422 28.584598541259766 
87.24553680419922 28.584598541259766 
87.24553680419922 28.629833221435547 
> -Z-0.02284284681081772 
87.36078643798828 28.674705505371094 
87.37353515625 28.674705505371094 
87.37353515625 28.663389205932617 
87.36078643798828 28.663389205932617 
87.36078643798828 28.674705505371094 
> -Z-0.024746567010879517 
87.34795379638672 28.6634578704834 
87.36071014404297 28.6634578704834 
87.36071014404297 28.652141571044922 
87.34795379638672 28.652141571044922 
87.34795379638672 28.6634578704834 
> -Z-0.02287907712161541 
87.36074829101562 28.663423538208008 
87.37349700927734 28.663423538208008 
87.37349700927734 28.6521053314209 
87.36074829101562 28.6521053314209 
87.36074829101562 28.663423538208008 
> -Z-0.021810689941048622 
87.37358093261719 28.674671173095703 
87.37995147705078 28.674671173095703 
87.37995147705078 28.66901206970215 
87.37358093261719 28.66901206970215 
87.37358093261719 28.674671173095703 
> -Z-0.02617817372083664 
87.37997436523438 28.674654006958008 
87.38316345214844 28.674654006958008 
87.38316345214844 28.671823501586914 
87.37997436523438 28.671823501586914 
87.37997436523438 28.674654006958008 
> -Z-0.032710641622543335 
87.3831558227539 28.669004440307617 
87.38633728027344 28.669004440307617 
87.38633728027344 28.666173934936523 
87.3831558227539 28.666173934936523 
87.3831558227539 28.669004440307617 
> -Z-0.02378508262336254 
87.37994384765625 28.66619110107422 
87.38313293457031 28.66619110107422 
87.38313293457031 28.663362503051758 
87.37994384765625 28.663362503051758 
87.37994384765625 28.66619110107422 
> -Z-0.02782318741083145 
87.38314056396484 28.666183471679688 
87.3863296508789 28.666183471679688 
87.3863296508789 28.663352966308594 
87.38314056396484 28.663352966308594 
87.38314056396484 28.666183471679688 
> -Z-0.042537372559309006 
87.3863754272461 28.67463493347168 
87.38955688476562 28.67463493347168 
87.38955688476562 28.67180633544922 
87.3863754272461 28.67180633544922 
87.3863754272461 28.67463493347168 
> -Z-0.05973435193300247 
87.38957214355469 28.67462730407715 
87.39276123046875 28.67462730407715 
87.39276123046875 28.671796798706055 
87.38957214355469 28.671796798706055 
87.38957214355469 28.67462730407715 
> -Z-0.04094215855002403 
87.38636016845703 28.671815872192383 
87.3895492553711 28.671815872192383 
87.3895492553711 28.66898536682129 
87.38636016845703 28.66898536682129 
87.38636016845703 28.671815872192383 
> -Z-0.05432123690843582 
87.38955688476562 28.67180633544922 
87.39274597167969 28.67180633544922 
87.39274597167969 28.668975830078125 
87.38955688476562 28.668975830078125 
87.38955688476562 28.67180633544922 
> -Z-0.08029762655496597 
87.39276885986328 28.674617767333984 
87.39595794677734 28.674617767333984 
87.39595794677734 28.67178726196289 
87.39276885986328 28.67178726196289 
87.39276885986328 28.674617767333984 
> -Z-0.10616028308868408 
87.39596557617188 28.67460823059082 
87.39915466308594 28.67460823059082 
87.39915466308594 28.671777725219727 
87.39596557617188 28.671777725219727 
87.39596557617188 28.67460823059082 
> -Z-0.07747206836938858 
87.39276123046875 28.671796798706055 
87.39594268798828 28.671796798706055 
87.39594268798828 28.66896629333496 
87.39276123046875 28.66896629333496 
87.39276123046875 28.671796798706055 
> -Z-0.03256094828248024 
87.38317108154297 28.674644470214844 
87.38636016845703 28.674644470214844 
87.38636016845703 28.671815872192383 
87.38317108154297 28.671815872192383 
87.38317108154297 28.674644470214844 
> -Z-0.025131255388259888 
87.37996673583984 28.671833038330078 
87.3831558227539 28.671833038330078 
87.3831558227539 28.669004440307617 
87.37996673583984 28.669004440307617 
87.37996673583984 28.671833038330078 
> -Z-0.03391942009329796 
87.38316345214844 28.671823501586914 
87.3863525390625 28.671823501586914 
87.3863525390625 28.668994903564453 
87.38316345214844 28.668994903564453 
87.38316345214844 28.671823501586914 
> -Z-0.014718104153871536 
87.19463348388672 28.765310287475586 
87.29681396484375 28.765310287475586 
87.29681396484375 28.674861907958984 
87.19463348388672 28.674861907958984 
87.19463348388672 28.765310287475586 
> -Z-0.012833783403038979 
87.1948013305664 28.855571746826172 
87.29707336425781 28.855571746826172 
87.29707336425781 28.76512336730957 
87.1948013305664 28.76512336730957 
87.1948013305664 28.855571746826172 
> -Z-0.005922563839703798 
87.29656219482422 28.584598541259766 
87.39848327636719 28.584598541259766 
87.39848327636719 28.49407196044922 
87.29656219482422 28.49407196044922 
87.29656219482422 28.584598541259766 
> -Z-0.0213623046875 
87.29681396484375 28.674861907958984 
87.34783935546875 28.674861907958984 
87.34783935546875 28.629608154296875 
87.29681396484375 28.629608154296875 
87.29681396484375 28.674861907958984 
> -Z-0.023969054222106934 
87.34799194335938 28.674739837646484 
87.36074829101562 28.674739837646484 
87.36074829101562 28.663423538208008 
87.34799194335938 28.663423538208008 
87.34799194335938 28.674739837646484 
> -Z-0.022432519122958183 
87.3735580444336 28.669031143188477 
87.37993621826172 28.669031143188477 
87.37993621826172 28.663372039794922 
87.3735580444336 28.663372039794922 
87.3735580444336 28.669031143188477 
> -Z-0.02538265287876129 
87.37995147705078 28.66901206970215 
87.38314056396484 28.66901206970215 
87.38314056396484 28.666183471679688 
87.37995147705078 28.666183471679688 
87.37995147705078 28.66901206970215 
> -Z-0.10119974613189697 
87.39595794677734 28.67178726196289 
87.3991470336914 28.67178726196289 
87.3991470336914 28.668956756591797 
87.39595794677734 28.668956756591797 
87.39595794677734 28.67178726196289 
> -Z-0.039475761353969574 
87.3863525390625 28.668994903564453 
87.38954162597656 28.668994903564453 
87.38954162597656 28.66616439819336 
87.3863525390625 28.66616439819336 
87.3863525390625 28.668994903564453 
> -Z-0.04878669232130051 
87.3895492553711 28.66898536682129 
87.39273834228516 28.66898536682129 
87.39273834228516 28.666154861450195 
87.3895492553711 28.666154861450195 
87.3895492553711 28.66898536682129 
> -Z-0.0327824205160141 
87.38633728027344 28.666173934936523 
87.3895263671875 28.666173934936523 
87.3895263671875 28.66334342956543 
87.38633728027344 28.66334342956543 
87.38633728027344 28.666173934936523 
> -Z-0.04079124704003334 
87.38954162597656 28.66616439819336 
87.3927230834961 28.66616439819336 
87.3927230834961 28.663333892822266 
87.38954162597656 28.663333892822266 
87.38954162597656 28.66616439819336 
> -Z-0.06666742265224457 
87.39274597167969 28.668975830078125 
87.39593505859375 28.668975830078125 
87.39593505859375 28.66614532470703 
87.39274597167969 28.66614532470703 
87.39274597167969 28.668975830078125 
> -Z-0.0900343507528305 
87.39594268798828 28.66896629333496 
87.39913177490234 28.66896629333496 
87.39913177490234 28.666135787963867 
87.39594268798828 28.666135787963867 
87.39594268798828 28.66896629333496 
> -Z-0.05625678598880768 
87.39273834228516 28.666154861450195 
87.39592742919922 28.666154861450195 
87.39592742919922 28.663326263427734 
87.39273834228516 28.663326263427734 
87.39273834228516 28.666154861450195 
> -Z-0.07976590096950531 
87.39593505859375 28.66614532470703 
87.39912414550781 28.66614532470703 
87.39912414550781 28.66331672668457 
87.39593505859375 28.66331672668457 
87.39593505859375 28.66614532470703 
> -Z-0.021745819598436356 
87.37353515625 28.663389205932617 
87.37991333007812 28.663389205932617 
87.37991333007812 28.657730102539062 
87.37353515625 28.657730102539062 
87.37353515625 28.663389205932617 
> -Z-0.022453559562563896 
87.37993621826172 28.663372039794922 
87.38630676269531 28.663372039794922 
87.38630676269531 28.657711029052734 
87.37993621826172 28.657711029052734 
87.37993621826172 28.663372039794922 
> -Z-0.020437369123101234 
87.37351989746094 28.657747268676758 
87.37989044189453 28.657747268676758 
87.37989044189453 28.652088165283203 
87.37351989746094 28.652088165283203 
87.37351989746094 28.657747268676758 
> -Z-0.018979284912347794 
87.37991333007812 28.657730102539062 
87.38629150390625 28.657730102539062 
87.38629150390625 28.652070999145508 
87.37991333007812 28.652070999145508 
87.37991333007812 28.657730102539062 
> -Z-0.02827644720673561 
87.3863296508789 28.663352966308594 
87.38951873779297 28.663352966308594 
87.38951873779297 28.6605224609375 
87.3863296508789 28.6605224609375 
87.3863296508789 28.663352966308594 
> -Z-0.033233728259801865 
87.3895263671875 28.66334342956543 
87.39271545410156 28.66334342956543 
87.39271545410156 28.66051483154297 
87.3895263671875 28.66051483154297 
87.3895263671875 28.66334342956543 
> -Z-0.023831963539123535 
87.38632202148438 28.660531997680664 
87.38951110839844 28.660531997680664 
87.38951110839844 28.657703399658203 
87.38632202148438 28.657703399658203 
87.38632202148438 28.660531997680664 
> -Z-0.027484150603413582 
87.38951873779297 28.6605224609375 
87.39270782470703 28.6605224609375 
87.39270782470703 28.65769386291504 
87.38951873779297 28.65769386291504 
87.38951873779297 28.6605224609375 
> -Z-0.04461194574832916 
87.3927230834961 28.663333892822266 
87.39591217041016 28.663333892822266 
87.39591217041016 28.660505294799805 
87.3927230834961 28.660505294799805 
87.3927230834961 28.663333892822266 
> -Z-0.06433163583278656 
87.39592742919922 28.663326263427734 
87.39910888671875 28.663326263427734 
87.39910888671875 28.66049575805664 
87.39592742919922 28.66049575805664 
87.39592742919922 28.663326263427734 
> -Z-0.03513958305120468 
87.39271545410156 28.66051483154297 
87.39590454101562 28.66051483154297 
87.39590454101562 28.657684326171875 
87.39271545410156 28.657684326171875 
87.39271545410156 28.66051483154297 
> -Z-0.048881664872169495 
87.39591217041016 28.660505294799805 
87.39910125732422 28.660505294799805 
87.39910125732422 28.65767478942871 
87.39591217041016 28.65767478942871 
87.39591217041016 28.660505294799805 
> -Z-0.02019762434065342 
87.38630676269531 28.657711029052734 
87.38949584960938 28.657711029052734 
87.38949584960938 28.654882431030273 
87.38630676269531 28.654882431030273 
87.38630676269531 28.657711029052734 
> -Z-0.02322784997522831 
87.38951110839844 28.657703399658203 
87.39269256591797 28.657703399658203 
87.39269256591797 28.65487289428711 
87.38951110839844 28.65487289428711 
87.38951110839844 28.657703399658203 
> -Z-0.018050631508231163 
87.38629913330078 28.654890060424805 
87.38948822021484 28.654890060424805 
87.38948822021484 28.652061462402344 
87.38629913330078 28.652061462402344 
87.38629913330078 28.654890060424805 
> -Z-0.01929154060781002 
87.38949584960938 28.654882431030273 
87.39268493652344 28.654882431030273 
87.39268493652344 28.65205192565918 
87.38949584960938 28.65205192565918 
87.38949584960938 28.654882431030273 
> -Z-0.02852444350719452 
87.39270782470703 28.65769386291504 
87.39588928222656 28.65769386291504 
87.39588928222656 28.654863357543945 
87.39270782470703 28.654863357543945 
87.39270782470703 28.65769386291504 
> -Z-0.03726528584957123 
87.39590454101562 28.657684326171875 
87.39909362792969 28.657684326171875 
87.39909362792969 28.65485382080078 
87.39590454101562 28.65485382080078 
87.39590454101562 28.657684326171875 
> -Z-0.022546187043190002 
87.39269256591797 28.65487289428711 
87.39588165283203 28.65487289428711 
87.39588165283203 28.652042388916016 
87.39269256591797 28.652042388916016 
87.39269256591797 28.65487289428711 
> -Z-0.028465205803513527 
87.39588928222656 28.654863357543945 
87.39907836914062 28.654863357543945 
87.39907836914062 28.65203285217285 
87.39588928222656 28.65203285217285 
87.39588928222656 28.654863357543945 
> -Z-0.019796129316091537 
87.34791564941406 28.65217399597168 
87.37342071533203 28.65217399597168 
87.37342071533203 28.629541397094727 
87.34791564941406 28.629541397094727 
87.34791564941406 28.65217399597168 
> -Z-0.01885891519486904 
87.37349700927734 28.6521053314209 
87.37987518310547 28.6521053314209 
87.37987518310547 28.646446228027344 
87.37349700927734 28.646446228027344 
87.37349700927734 28.6521053314209 
> -Z-0.01703523099422455 
87.37989044189453 28.652088165283203 
87.38626861572266 28.652088165283203 
87.38626861572266 28.64642906188965 
87.37989044189453 28.64642906188965 
87.37989044189453 28.652088165283203 
> -Z-0.017107544466853142 
87.37348175048828 28.646465301513672 
87.37985229492188 28.646465301513672 
87.37985229492188 28.640806198120117 
87.37348175048828 28.640806198120117 
87.37348175048828 28.646465301513672 
> -Z-0.015028991736471653 
87.37987518310547 28.646446228027344 
87.38624572753906 28.646446228027344 
87.38624572753906 28.64078712463379 
87.37987518310547 28.64078712463379 
87.37987518310547 28.646446228027344 
> -Z-0.016469642519950867 
87.38629150390625 28.652070999145508 
87.39266204833984 28.652070999145508 
87.39266204833984 28.64640998840332 
87.38629150390625 28.64640998840332 
87.38629150390625 28.652070999145508 
> -Z-0.018575716763734818 
87.39268493652344 28.65205192565918 
87.3958740234375 28.65205192565918 
87.3958740234375 28.649221420288086 
87.39268493652344 28.649221420288086 
87.39268493652344 28.65205192565918 
> -Z-0.022756122052669525 
87.39588165283203 28.652042388916016 
87.3990707397461 28.652042388916016 
87.3990707397461 28.649211883544922 
87.39588165283203 28.649211883544922 
87.39588165283203 28.652042388916016 
> -Z-0.01668837107717991 
87.3926773071289 28.64923095703125 
87.39585876464844 28.64923095703125 
87.39585876464844 28.646400451660156 
87.3926773071289 28.646400451660156 
87.3926773071289 28.64923095703125 
> -Z-0.019492322579026222 
87.3958740234375 28.649221420288086 
87.39905548095703 28.649221420288086 
87.39905548095703 28.646390914916992 
87.3958740234375 28.646390914916992 
87.3958740234375 28.649221420288086 
> -Z-0.014113414101302624 
87.38626861572266 28.64642906188965 
87.39263916015625 28.64642906188965 
87.39263916015625 28.640769958496094 
87.38626861572266 28.640769958496094 
87.38626861572266 28.64642906188965 
> -Z-0.014935262501239777 
87.39266204833984 28.64640998840332 
87.39904022216797 28.64640998840332 
87.39904022216797 28.640750885009766 
87.39266204833984 28.640750885009766 
87.39266204833984 28.64640998840332 
> -Z-0.012091993354260921 
87.37345886230469 28.640823364257812 
87.3862075805664 28.640823364257812 
87.3862075805664 28.629505157470703 
87.37345886230469 28.629505157470703 
87.37345886230469 28.640823364257812 
> -Z-0.010866118595004082 
87.38624572753906 28.64078712463379 
87.39262390136719 28.64078712463379 
87.39262390136719 28.635128021240234 
87.38624572753906 28.635128021240234 
87.38624572753906 28.64078712463379 
> -Z-0.011483495123684406 
87.39263916015625 28.640769958496094 
87.39901733398438 28.640769958496094 
87.39901733398438 28.635108947753906 
87.39263916015625 28.635108947753906 
87.39263916015625 28.640769958496094 
> -Z-0.00783777330070734 
87.38623046875 28.63514518737793 
87.3926010131836 28.63514518737793 
87.3926010131836 28.629486083984375 
87.38623046875 28.629486083984375 
87.38623046875 28.63514518737793 
> -Z-0.007627427112311125 
87.39262390136719 28.635128021240234 
87.39899444580078 28.635128021240234 
87.39899444580078 28.629467010498047 
87.39262390136719 28.629467010498047 
87.39262390136719 28.635128021240234 
> -Z-0.009574037976562977 
87.29669189453125 28.629730224609375 
87.34769439697266 28.629730224609375 
87.34769439697266 28.584476470947266 
87.29669189453125 28.584476470947266 
87.29669189453125 28.629730224609375 
> -Z-0.0060056038200855255 
87.34783935546875 28.629608154296875 
87.3988265991211 28.629608154296875 
87.3988265991211 28.584335327148438 
87.34783935546875 28.584335327148438 
87.34783935546875 28.629608154296875 
> -Z-0.014495901763439178 
87.29707336425781 28.76512336730957 
87.34813690185547 28.76512336730957 
87.34813690185547 28.719871520996094 
87.29707336425781 28.719871520996094 
87.29707336425781 28.76512336730957 
> -Z-0.013448956422507763 
87.3482894897461 28.76500129699707 
87.39933776855469 28.76500129699707 
87.39933776855469 28.719730377197266 
87.3482894897461 28.719730377197266 
87.3482894897461 28.76500129699707 
> -Z-0.01803812012076378 
87.29694366455078 28.719993591308594 
87.34799194335938 28.719993591308594 
87.34799194335938 28.674739837646484 
87.29694366455078 28.674739837646484 
87.29694366455078 28.719993591308594 
> -Z-0.015302609652280807 
87.34813690185547 28.719871520996094 
87.36090087890625 28.719871520996094 
87.36090087890625 28.708555221557617 
87.34813690185547 28.708555221557617 
87.34813690185547 28.719871520996094 
> -Z-0.01433561835438013 
87.3609390258789 28.719837188720703 
87.37369537353516 28.719837188720703 
87.37369537353516 28.708520889282227 
87.3609390258789 28.708520889282227 
87.3609390258789 28.719837188720703 
> -Z-0.01812906563282013 
87.34810638427734 28.708587646484375 
87.3608627319336 28.708587646484375 
87.3608627319336 28.6972713470459 
87.34810638427734 28.6972713470459 
87.34810638427734 28.708587646484375 
> -Z-0.015686731785535812 
87.36090087890625 28.708555221557617 
87.3736572265625 28.708555221557617 
87.3736572265625 28.697237014770508 
87.36090087890625 28.697237014770508 
87.36090087890625 28.708555221557617 
> -Z-0.012068957090377808 
87.37374114990234 28.719802856445312 
87.3864974975586 28.719802856445312 
87.3864974975586 28.708484649658203 
87.37374114990234 28.708484649658203 
87.37374114990234 28.719802856445312 
> -Z-0.01409876998513937 
87.38653564453125 28.71976661682129 
87.39291381835938 28.71976661682129 
87.39291381835938 28.714107513427734 
87.38653564453125 28.714107513427734 
87.38653564453125 28.71976661682129 
> -Z-0.017252670601010323 
87.39293670654297 28.71974754333496 
87.3993148803711 28.71974754333496 
87.3993148803711 28.714088439941406 
87.39293670654297 28.714088439941406 
87.39293670654297 28.71974754333496 
> -Z-0.015510995872318745 
87.38652038574219 28.71412467956543 
87.39289855957031 28.71412467956543 
87.39289855957031 28.708465576171875 
87.38652038574219 28.708465576171875 
87.38652038574219 28.71412467956543 
> -Z-0.020354539155960083 
87.39291381835938 28.714107513427734 
87.3992919921875 28.714107513427734 
87.3992919921875 28.708446502685547 
87.39291381835938 28.708446502685547 
87.39291381835938 28.714107513427734 
> -Z-0.012862901203334332 
87.37369537353516 28.708520889282227 
87.38007354736328 28.708520889282227 
87.38007354736328 28.70285987854004 
87.37369537353516 28.70285987854004 
87.37369537353516 28.708520889282227 
> -Z-0.013460020534694195 
87.38009643554688 28.7085018157959 
87.386474609375 28.7085018157959 
87.386474609375 28.702842712402344 
87.38009643554688 28.702842712402344 
87.38009643554688 28.7085018157959 
> -Z-0.014052938669919968 
87.3736801147461 28.702878952026367 
87.38005828857422 28.702878952026367 
87.38005828857422 28.697219848632812 
87.3736801147461 28.697219848632812 
87.3736801147461 28.702878952026367 
> -Z-0.014339540153741837 
87.38007354736328 28.70285987854004 
87.3864517211914 28.70285987854004 
87.3864517211914 28.697200775146484 
87.38007354736328 28.697200775146484 
87.38007354736328 28.70285987854004 
> -Z-0.019518842920660973 
87.3864974975586 28.708484649658203 
87.39287567138672 28.708484649658203 
87.39287567138672 28.702823638916016 
87.3864974975586 28.702823638916016 
87.3864974975586 28.708484649658203 
> -Z-0.02907116338610649 
87.39289855957031 28.708465576171875 
87.3992691040039 28.708465576171875 
87.3992691040039 28.702804565429688 
87.39289855957031 28.702804565429688 
87.39289855957031 28.708465576171875 
> -Z-0.02529090642929077 
87.386474609375 28.702842712402344 
87.39285278320312 28.702842712402344 
87.39285278320312 28.69718360900879 
87.386474609375 28.69718360900879 
87.386474609375 28.702842712402344 
> -Z-0.0389021597802639 
87.39287567138672 28.702823638916016 
87.39925384521484 28.702823638916016 
87.39925384521484 28.69716453552246 
87.39287567138672 28.69716453552246 
87.39287567138672 28.702823638916016 
> -Z-0.01980612985789776 
87.34806823730469 28.69730567932129 
87.36082458496094 28.69730567932129 
87.36082458496094 28.685989379882812 
87.34806823730469 28.685989379882812 
87.34806823730469 28.69730567932129 
> -Z-0.021437082439661026 
87.3608627319336 28.6972713470459 
87.37361907958984 28.6972713470459 
87.37361907958984 28.685955047607422 
87.3608627319336 28.685955047607422 
87.3608627319336 28.6972713470459 
> -Z-0.02205304056406021 
87.34803009033203 28.68602180480957 
87.36078643798828 28.68602180480957 
87.36078643798828 28.674705505371094 
87.34803009033203 28.674705505371094 
87.34803009033203 28.68602180480957 
> -Z-0.022386809810996056 
87.36082458496094 28.685989379882812 
87.37358093261719 28.685989379882812 
87.37358093261719 28.674671173095703 
87.36082458496094 28.674671173095703 
87.36082458496094 28.685989379882812 
> -Z-0.015386013314127922 
87.3736572265625 28.697237014770508 
87.38003540039062 28.697237014770508 
87.38003540039062 28.691577911376953 
87.3736572265625 28.691577911376953 
87.3736572265625 28.697237014770508 
> -Z-0.01724466308951378 
87.38005828857422 28.697219848632812 
87.38643646240234 28.697219848632812 
87.38643646240234 28.691560745239258 
87.38005828857422 28.691560745239258 
87.38005828857422 28.697219848632812 
> -Z-0.019261246547102928 
87.37364196777344 28.69159507751465 
87.38001251220703 28.69159507751465 
87.38001251220703 28.685935974121094 
87.37364196777344 28.685935974121094 
87.37364196777344 28.69159507751465 
> -Z-0.022245535627007484 
87.38003540039062 28.691577911376953 
87.38641357421875 28.691577911376953 
87.38641357421875 28.6859188079834 
87.38003540039062 28.6859188079834 
87.38003540039062 28.691577911376953 
> -Z-0.023780249059200287 
87.3864517211914 28.697200775146484 
87.38964080810547 28.697200775146484 
87.38964080810547 28.694372177124023 
87.3864517211914 28.694372177124023 
87.3864517211914 28.697200775146484 
> -Z-0.03535019978880882 
87.38965606689453 28.69719123840332 
87.3928451538086 28.69719123840332 
87.3928451538086 28.69436264038086 
87.38965606689453 28.69436264038086 
87.38965606689453 28.69719123840332 
> -Z-0.02859455905854702 
87.38644409179688 28.694379806518555 
87.38963317871094 28.694379806518555 
87.38963317871094 28.691551208496094 
87.38644409179688 28.691551208496094 
87.38644409179688 28.694379806518555 
> -Z-0.040122468024492264 
87.38964080810547 28.694372177124023 
87.39282989501953 28.694372177124023 
87.39282989501953 28.69154167175293 
87.38964080810547 28.69154167175293 
87.38964080810547 28.694372177124023 
> -Z-0.04406587779521942 
87.39285278320312 28.69718360900879 
87.39604187011719 28.69718360900879 
87.39604187011719 28.694353103637695 
87.39285278320312 28.694353103637695 
87.39285278320312 28.69718360900879 
> -Z-0.05399002879858017 
87.39604949951172 28.697174072265625 
87.39923858642578 28.697174072265625 
87.39923858642578 28.69434356689453 
87.39604949951172 28.69434356689453 
87.39604949951172 28.697174072265625 
> -Z-0.05271056666970253 
87.3928451538086 28.69436264038086 
87.39603424072266 28.69436264038086 
87.39603424072266 28.691532135009766 
87.3928451538086 28.691532135009766 
87.3928451538086 28.69436264038086 
> -Z-0.06341501325368881 
87.39604187011719 28.694353103637695 
87.39923095703125 28.694353103637695 
87.39923095703125 28.6915225982666 
87.39604187011719 28.6915225982666 
87.39604187011719 28.694353103637695 
> -Z-0.03510303050279617 
87.38643646240234 28.691560745239258 
87.3896255493164 28.691560745239258 
87.3896255493164 28.688730239868164 
87.38643646240234 28.688730239868164 
87.38643646240234 28.691560745239258 
> -Z-0.04818146303296089 
87.38963317871094 28.691551208496094 
87.392822265625 28.691551208496094 
87.392822265625 28.688720703125 
87.38963317871094 28.688720703125 
87.38963317871094 28.691551208496094 
> -Z-0.03913729265332222 
87.38642120361328 28.688739776611328 
87.38961029052734 28.688739776611328 
87.38961029052734 28.685909271240234 
87.38642120361328 28.685909271240234 
87.38642120361328 28.688739776611328 
> -Z-0.05137835443019867 
87.3896255493164 28.688730239868164 
87.39280700683594 28.688730239868164 
87.39280700683594 28.68589973449707 
87.3896255493164 28.68589973449707 
87.3896255493164 28.688730239868164 
> -Z-0.05802490562200546 
87.39282989501953 28.69154167175293 
87.3960189819336 28.69154167175293 
87.3960189819336 28.688711166381836 
87.39282989501953 28.688711166381836 
87.39282989501953 28.69154167175293 
> -Z-0.06936407089233398 
87.39603424072266 28.691532135009766 
87.39921569824219 28.691532135009766 
87.39921569824219 28.688701629638672 
87.39603424072266 28.688701629638672 
87.39603424072266 28.691532135009766 
> -Z-0.06045415624976158 
87.392822265625 28.688720703125 
87.39601135253906 28.688720703125 
87.39601135253906 28.685890197753906 
87.392822265625 28.685890197753906 
87.392822265625 28.688720703125 
> -Z-0.07639253884553909 
87.3960189819336 28.688711166381836 
87.39920806884766 28.688711166381836 
87.39920806884766 28.685880661010742 
87.3960189819336 28.685880661010742 
87.3960189819336 28.688711166381836 
> -Z-0.020567016676068306 
87.37361907958984 28.685955047607422 
87.37999725341797 28.685955047607422 
87.37999725341797 28.680295944213867 
87.37361907958984 28.680295944213867 
87.37361907958984 28.685955047607422 
> -Z-0.021542973816394806 
87.38001251220703 28.685935974121094 
87.3832015991211 28.685935974121094 
87.3832015991211 28.683107376098633 
87.38001251220703 28.683107376098633 
87.38001251220703 28.685935974121094 
> -Z-0.027067512273788452 
87.38321685791016 28.685928344726562 
87.38640594482422 28.685928344726562 
87.38640594482422 28.68309783935547 
87.38321685791016 28.68309783935547 
87.38321685791016 28.685928344726562 
> -Z-0.02367701753973961 
87.3800048828125 28.683116912841797 
87.38319396972656 28.683116912841797 
87.38319396972656 28.680286407470703 
87.3800048828125 28.680286407470703 
87.3800048828125 28.683116912841797 
> -Z-0.02898419089615345 
87.3832015991211 28.683107376098633 
87.38639068603516 28.683107376098633 
87.38639068603516 28.68027687072754 
87.3832015991211 28.68027687072754 
87.3832015991211 28.683107376098633 
> -Z-0.021448859944939613 
87.37359619140625 28.680313110351562 
87.37997436523438 28.680313110351562 
87.37997436523438 28.674654006958008 
87.37359619140625 28.674654006958008 
87.37359619140625 28.680313110351562 
> -Z-0.026523182168602943 
87.37999725341797 28.680295944213867 
87.38318634033203 28.680295944213867 
87.38318634033203 28.677465438842773 
87.37999725341797 28.677465438842773 
87.37999725341797 28.680295944213867 
> -Z-0.03452505171298981 
87.38319396972656 28.680286407470703 
87.38638305664062 28.680286407470703 
87.38638305664062 28.67745590209961 
87.38319396972656 28.67745590209961 
87.38319396972656 28.680286407470703 
> -Z-0.02754867821931839 
87.3799819946289 28.677474975585938 
87.38317108154297 28.677474975585938 
87.38317108154297 28.674644470214844 
87.3799819946289 28.674644470214844 
87.3799819946289 28.677474975585938 
> -Z-0.035919975489377975 
87.38318634033203 28.677465438842773 
87.3863754272461 28.677465438842773 
87.3863754272461 28.67463493347168 
87.38318634033203 28.67463493347168 
87.38318634033203 28.677465438842773 
> -Z-0.037798862904310226 
87.38641357421875 28.6859188079834 
87.38960266113281 28.6859188079834 
87.38960266113281 28.683088302612305 
87.38641357421875 28.683088302612305 
87.38641357421875 28.6859188079834 
> -Z-0.05125981569290161 
87.38961029052734 28.685909271240234 
87.3927993774414 28.685909271240234 
87.3927993774414 28.68307876586914 
87.38961029052734 28.68307876586914 
87.38961029052734 28.685909271240234 
> -Z-0.04041418805718422 
87.38640594482422 28.68309783935547 
87.38958740234375 28.68309783935547 
87.38958740234375 28.680267333984375 
87.38640594482422 28.680267333984375 
87.38640594482422 28.68309783935547 
> -Z-0.05604935437440872 
87.38960266113281 28.683088302612305 
87.39279174804688 28.683088302612305 
87.39279174804688 28.680259704589844 
87.38960266113281 28.680259704589844 
87.38960266113281 28.683088302612305 
> -Z-0.0606062188744545 
87.39280700683594 28.68589973449707 
87.39599609375 28.68589973449707 
87.39599609375 28.683069229125977 
87.39280700683594 28.683069229125977 
87.39280700683594 28.68589973449707 
> -Z-0.08241790533065796 
87.39601135253906 28.685890197753906 
87.39920043945312 28.685890197753906 
87.39920043945312 28.683061599731445 
87.39601135253906 28.683061599731445 
87.39601135253906 28.685890197753906 
> -Z-0.06752161681652069 
87.3927993774414 28.68307876586914 
87.39598846435547 28.68307876586914 
87.39598846435547 28.68025016784668 
87.3927993774414 28.68025016784668 
87.3927993774414 28.68307876586914 
> -Z-0.09317216277122498 
87.39599609375 28.683069229125977 
87.39918518066406 28.683069229125977 
87.39918518066406 28.680240631103516 
87.39599609375 28.680240631103516 
87.39599609375 28.683069229125977 
> -Z-0.0518316775560379 
87.38639068603516 28.68027687072754 
87.38957977294922 28.68027687072754 
87.38957977294922 28.677448272705078 
87.38639068603516 28.677448272705078 
87.38639068603516 28.68027687072754 
> -Z-0.06684308499097824 
87.38958740234375 28.680267333984375 
87.39277648925781 28.680267333984375 
87.39277648925781 28.677438735961914 
87.38958740234375 28.677438735961914 
87.38958740234375 28.680267333984375 
> -Z-0.050213124603033066 
87.38638305664062 28.67745590209961 
87.38957214355469 28.67745590209961 
87.38957214355469 28.67462730407715 
87.38638305664062 28.67462730407715 
87.38638305664062 28.67745590209961 
> -Z-0.0680597648024559 
87.38957977294922 28.677448272705078 
87.39276885986328 28.677448272705078 
87.39276885986328 28.674617767333984 
87.38957977294922 28.674617767333984 
87.38957977294922 28.677448272705078 
> -Z-0.08690563589334488 
87.39279174804688 28.680259704589844 
87.39598083496094 28.680259704589844 
87.39598083496094 28.67742919921875 
87.39279174804688 28.67742919921875 
87.39279174804688 28.680259704589844 
> -Z-0.10166501998901367 
87.39598846435547 28.68025016784668 
87.39917755126953 28.68025016784668 
87.39917755126953 28.677419662475586 
87.39598846435547 28.677419662475586 
87.39598846435547 28.68025016784668 
> -Z-0.0858486071228981 
87.39277648925781 28.677438735961914 
87.39596557617188 28.677438735961914 
87.39596557617188 28.67460823059082 
87.39277648925781 28.67460823059082 
87.39277648925781 28.677438735961914 
> -Z-0.10427247732877731 
87.39598083496094 28.67742919921875 
87.39916229248047 28.67742919921875 
87.39916229248047 28.674598693847656 
87.39598083496094 28.674598693847656 
87.39598083496094 28.67742919921875 
> -Z-0.012559032067656517 
87.29732513427734 28.855384826660156 
87.39950561523438 28.855384826660156 
87.39950561523438 28.764860153198242 
87.29732513427734 28.764860153198242 
87.29732513427734 28.855384826660156 
> -Z-0.15610356628894806 
87.41195678710938 28.674560546875 
87.41514587402344 28.674560546875 
87.41514587402344 28.671730041503906 
87.41195678710938 28.671730041503906 
87.41195678710938 28.674560546875 
> -Z-0.14783994853496552 
87.4151611328125 28.674551010131836 
87.41834259033203 28.674551010131836 
87.41834259033203 28.671720504760742 
87.4151611328125 28.671720504760742 
87.4151611328125 28.674551010131836 
> -Z-0.1561434119939804 
87.41194915771484 28.67173957824707 
87.4151382446289 28.67173957824707 
87.4151382446289 28.668909072875977 
87.41194915771484 28.668909072875977 
87.41194915771484 28.67173957824707 
> -Z-0.15009166300296783 
87.41514587402344 28.671730041503906 
87.4183349609375 28.671730041503906 
87.4183349609375 28.668899536132812 
87.41514587402344 28.668899536132812 
87.41514587402344 28.671730041503906 
> -Z-0.13581569492816925 
87.4183578491211 28.674541473388672 
87.42153930664062 28.674541473388672 
87.42153930664062 28.671710968017578 
87.4183578491211 28.671710968017578 
87.4183578491211 28.674541473388672 
> -Z-0.11643314361572266 
87.42155456542969 28.674530029296875 
87.42474365234375 28.674530029296875 
87.42474365234375 28.67169952392578 
87.42155456542969 28.67169952392578 
87.42155456542969 28.674530029296875 
> -Z-0.13877257704734802 
87.41834259033203 28.671720504760742 
87.4215316772461 28.671720504760742 
87.4215316772461 28.66888999938965 
87.41834259033203 28.66888999938965 
87.41834259033203 28.671720504760742 
> -Z-0.11840549856424332 
87.42153930664062 28.671710968017578 
87.42472839355469 28.671710968017578 
87.42472839355469 28.66887855529785 
87.42153930664062 28.66887855529785 
87.42153930664062 28.671710968017578 
> -Z-0.1486317217350006 
87.41193389892578 28.66891860961914 
87.41512298583984 28.66891860961914 
87.41512298583984 28.666088104248047 
87.41193389892578 28.666088104248047 
87.41193389892578 28.66891860961914 
> -Z-0.14449015259742737 
87.4151382446289 28.668909072875977 
87.41831970214844 28.668909072875977 
87.41831970214844 28.666078567504883 
87.4151382446289 28.666078567504883 
87.4151382446289 28.668909072875977 
> -Z-0.1388574093580246 
87.41192626953125 28.66609764099121 
87.41511535644531 28.66609764099121 
87.41511535644531 28.663267135620117 
87.41192626953125 28.663267135620117 
87.41192626953125 28.66609764099121 
> -Z-0.13267195224761963 
87.41512298583984 28.666088104248047 
87.4183120727539 28.666088104248047 
87.4183120727539 28.663257598876953 
87.41512298583984 28.663257598876953 
87.41512298583984 28.666088104248047 
> -Z-0.13394558429718018 
87.4183349609375 28.668899536132812 
87.42151641845703 28.668899536132812 
87.42151641845703 28.66606903076172 
87.4183349609375 28.66606903076172 
87.4183349609375 28.668899536132812 
> -Z-0.11676786839962006 
87.4215316772461 28.66888999938965 
87.42472076416016 28.66888999938965 
87.42472076416016 28.666059494018555 
87.4215316772461 28.666059494018555 
87.4215316772461 28.66888999938965 
> -Z-0.12360191345214844 
87.41831970214844 28.666078567504883 
87.4215087890625 28.666078567504883 
87.4215087890625 28.66324806213379 
87.41831970214844 28.66324806213379 
87.41831970214844 28.666078567504883 
> -Z-0.11445581167936325 
87.42151641845703 28.66606903076172 
87.4247055053711 28.66606903076172 
87.4247055053711 28.663238525390625 
87.42151641845703 28.663238525390625 
87.42151641845703 28.66606903076172 
> -Z-0.08777990192174911 
87.39912414550781 28.66331672668457 
87.40231323242188 28.66331672668457 
87.40231323242188 28.660486221313477 
87.39912414550781 28.660486221313477 
87.39912414550781 28.66331672668457 
> -Z-0.10484695434570312 
87.4023208618164 28.663307189941406 
87.40550994873047 28.663307189941406 
87.40550994873047 28.660476684570312 
87.4023208618164 28.660476684570312 
87.4023208618164 28.663307189941406 
> -Z-0.06752559542655945 
87.39910888671875 28.66049575805664 
87.40229797363281 28.66049575805664 
87.40229797363281 28.657665252685547 
87.39910888671875 28.657665252685547 
87.39910888671875 28.66049575805664 
> -Z-0.08432158827781677 
87.40231323242188 28.660486221313477 
87.4054946899414 28.660486221313477 
87.4054946899414 28.657655715942383 
87.40231323242188 28.657655715942383 
87.40231323242188 28.660486221313477 
> -Z-0.1175309494137764 
87.405517578125 28.663297653198242 
87.40870666503906 28.663297653198242 
87.40870666503906 28.66046714782715 
87.405517578125 28.66046714782715 
87.405517578125 28.663297653198242 
> -Z-0.12278152257204056 
87.4087142944336 28.663288116455078 
87.41190338134766 28.663288116455078 
87.41190338134766 28.660457611083984 
87.4087142944336 28.660457611083984 
87.4087142944336 28.663288116455078 
> -Z-0.0949314534664154 
87.40550994873047 28.660476684570312 
87.40869140625 28.660476684570312 
87.40869140625 28.65764617919922 
87.40550994873047 28.65764617919922 
87.40550994873047 28.660476684570312 
> -Z-0.10007138550281525 
87.40870666503906 28.66046714782715 
87.41189575195312 28.66046714782715 
87.41189575195312 28.657636642456055 
87.40870666503906 28.657636642456055 
87.40870666503906 28.66046714782715 
> -Z-0.05094394087791443 
87.39910125732422 28.65767478942871 
87.40229034423828 28.65767478942871 
87.40229034423828 28.654844284057617 
87.39910125732422 28.654844284057617 
87.39910125732422 28.65767478942871 
> -Z-0.06358156353235245 
87.40229797363281 28.657665252685547 
87.40548706054688 28.657665252685547 
87.40548706054688 28.654834747314453 
87.40229797363281 28.654834747314453 
87.40229797363281 28.657665252685547 
> -Z-0.039145421236753464 
87.39909362792969 28.65485382080078 
87.40227508544922 28.65485382080078 
87.40227508544922 28.652023315429688 
87.39909362792969 28.652023315429688 
87.39909362792969 28.65485382080078 
> -Z-0.04985465854406357 
87.40229034423828 28.654844284057617 
87.40547180175781 28.654844284057617 
87.40547180175781 28.652013778686523 
87.40229034423828 28.652013778686523 
87.40229034423828 28.654844284057617 
> -Z-0.07435137778520584 
87.4054946899414 28.657655715942383 
87.40868377685547 28.657655715942383 
87.40868377685547 28.65482521057129 
87.4054946899414 28.65482521057129 
87.4054946899414 28.657655715942383 
> -Z-0.0822627916932106 
87.40869140625 28.65764617919922 
87.41188049316406 28.65764617919922 
87.41188049316406 28.654815673828125 
87.40869140625 28.654815673828125 
87.40869140625 28.65764617919922 
> -Z-0.05913384258747101 
87.40548706054688 28.654834747314453 
87.40867614746094 28.654834747314453 
87.40867614746094 28.65200424194336 
87.40548706054688 28.65200424194336 
87.40548706054688 28.654834747314453 
> -Z-0.06703756004571915 
87.40868377685547 28.65482521057129 
87.41187286376953 28.65482521057129 
87.41187286376953 28.651994705200195 
87.40868377685547 28.651994705200195 
87.40868377685547 28.65482521057129 
> -Z-0.008696158416569233 
87.3988265991211 28.584335327148438 
87.50065612792969 28.584335327148438 
87.50065612792969 28.49373435974121 
87.3988265991211 28.49373435974121 
87.3988265991211 28.584335327148438 
> -Z-0.13012419641017914 
87.39916229248047 28.674598693847656 
87.40235137939453 28.674598693847656 
87.40235137939453 28.671768188476562 
87.39916229248047 28.671768188476562 
87.39916229248047 28.674598693847656 
> -Z-0.14342433214187622 
87.4023666381836 28.674589157104492 
87.40554809570312 28.674589157104492 
87.40554809570312 28.6717586517334 
87.4023666381836 28.6717586517334 
87.4023666381836 28.674589157104492 
> -Z-0.12354003638029099 
87.39915466308594 28.671777725219727 
87.40234375 28.671777725219727 
87.40234375 28.668947219848633 
87.39915466308594 28.668947219848633 
87.39915466308594 28.671777725219727 
> -Z-0.14089366793632507 
87.40235137939453 28.671768188476562 
87.4055404663086 28.671768188476562 
87.4055404663086 28.66893768310547 
87.40235137939453 28.66893768310547 
87.40235137939453 28.671768188476562 
> -Z-0.15153709053993225 
87.40556335449219 28.674579620361328 
87.40875244140625 28.674579620361328 
87.40875244140625 28.671749114990234 
87.40556335449219 28.671749114990234 
87.40556335449219 28.674579620361328 
> -Z-0.1550995111465454 
87.40876007080078 28.674570083618164 
87.41194915771484 28.674570083618164 
87.41194915771484 28.67173957824707 
87.40876007080078 28.67173957824707 
87.40876007080078 28.674570083618164 
> -Z-0.1517835259437561 
87.40554809570312 28.6717586517334 
87.40873718261719 28.6717586517334 
87.40873718261719 28.668928146362305 
87.40554809570312 28.668928146362305 
87.40554809570312 28.6717586517334 
> -Z-0.1573675274848938 
87.40875244140625 28.671749114990234 
87.41193389892578 28.671749114990234 
87.41193389892578 28.66891860961914 
87.40875244140625 28.66891860961914 
87.40875244140625 28.671749114990234 
> -Z-0.11364660412073135 
87.3991470336914 28.668956756591797 
87.40232849121094 28.668956756591797 
87.40232849121094 28.666126251220703 
87.3991470336914 28.666126251220703 
87.3991470336914 28.668956756591797 
> -Z-0.13143321871757507 
87.40234375 28.668947219848633 
87.40553283691406 28.668947219848633 
87.40553283691406 28.66611671447754 
87.40234375 28.66611671447754 
87.40234375 28.668947219848633 
> -Z-0.10109058022499084 
87.39913177490234 28.666135787963867 
87.4023208618164 28.666135787963867 
87.4023208618164 28.663307189941406 
87.39913177490234 28.663307189941406 
87.39913177490234 28.666135787963867 
> -Z-0.1190171167254448 
87.40232849121094 28.666126251220703 
87.405517578125 28.666126251220703 
87.405517578125 28.663297653198242 
87.40232849121094 28.663297653198242 
87.40232849121094 28.666126251220703 
> -Z-0.14418122172355652 
87.4055404663086 28.66893768310547 
87.40872955322266 28.66893768310547 
87.40872955322266 28.666107177734375 
87.4055404663086 28.666107177734375 
87.4055404663086 28.66893768310547 
> -Z-0.15041060745716095 
87.40873718261719 28.668928146362305 
87.41192626953125 28.668928146362305 
87.41192626953125 28.66609764099121 
87.40873718261719 28.66609764099121 
87.40873718261719 28.668928146362305 
> -Z-0.13229447603225708 
87.40553283691406 28.66611671447754 
87.4087142944336 28.66611671447754 
87.4087142944336 28.663288116455078 
87.40553283691406 28.663288116455078 
87.40553283691406 28.66611671447754 
> -Z-0.1398903876543045 
87.40872955322266 28.666107177734375 
87.41191864013672 28.666107177734375 
87.41191864013672 28.663278579711914 
87.40872955322266 28.663278579711914 
87.40872955322266 28.666107177734375 
> -Z-0.1229444146156311 
87.41191864013672 28.663278579711914 
87.41510009765625 28.663278579711914 
87.41510009765625 28.66044807434082 
87.41191864013672 28.66044807434082 
87.41191864013672 28.663278579711914 
> -Z-0.11858683824539185 
87.41511535644531 28.663267135620117 
87.41829681396484 28.663267135620117 
87.41829681396484 28.660436630249023 
87.41511535644531 28.660436630249023 
87.41511535644531 28.663267135620117 
> -Z-0.10486331582069397 
87.41190338134766 28.660457611083984 
87.41509246826172 28.660457611083984 
87.41509246826172 28.65762710571289 
87.41190338134766 28.65762710571289 
87.41190338134766 28.660457611083984 
> -Z-0.10536172240972519 
87.41510009765625 28.66044807434082 
87.41828918457031 28.66044807434082 
87.41828918457031 28.657617568969727 
87.41510009765625 28.657617568969727 
87.41510009765625 28.66044807434082 
> -Z-0.11309776455163956 
87.4183120727539 28.663257598876953 
87.42150115966797 28.663257598876953 
87.42150115966797 28.66042709350586 
87.4183120727539 28.66042709350586 
87.4183120727539 28.663257598876953 
> -Z-0.10761788487434387 
87.4215087890625 28.66324806213379 
87.42469787597656 28.66324806213379 
87.42469787597656 28.660417556762695 
87.4215087890625 28.660417556762695 
87.4215087890625 28.66324806213379 
> -Z-0.10217949748039246 
87.41829681396484 28.660436630249023 
87.4214859008789 28.660436630249023 
87.4214859008789 28.65760612487793 
87.41829681396484 28.65760612487793 
87.41829681396484 28.660436630249023 
> -Z-0.09809236973524094 
87.42150115966797 28.66042709350586 
87.4246826171875 28.66042709350586 
87.4246826171875 28.657596588134766 
87.42150115966797 28.657596588134766 
87.42150115966797 28.66042709350586 
> -Z-0.08895915746688843 
87.41189575195312 28.657636642456055 
87.41507720947266 28.657636642456055 
87.41507720947266 28.65480613708496 
87.41189575195312 28.65480613708496 
87.41189575195312 28.657636642456055 
> -Z-0.09293677657842636 
87.41509246826172 28.65762710571289 
87.41827392578125 28.65762710571289 
87.41827392578125 28.654796600341797 
87.41509246826172 28.654796600341797 
87.41509246826172 28.65762710571289 
> -Z-0.07376669347286224 
87.41188049316406 28.654815673828125 
87.41506958007812 28.654815673828125 
87.41506958007812 28.65198516845703 
87.41188049316406 28.65198516845703 
87.41188049316406 28.654815673828125 
> -Z-0.07891581952571869 
87.41507720947266 28.65480613708496 
87.41826629638672 28.65480613708496 
87.41826629638672 28.651975631713867 
87.41507720947266 28.651975631713867 
87.41507720947266 28.65480613708496 
> -Z-0.09262731671333313 
87.41828918457031 28.657617568969727 
87.42147827148438 28.657617568969727 
87.42147827148438 28.65478515625 
87.41828918457031 28.65478515625 
87.41828918457031 28.657617568969727 
> -Z-0.09006797522306442 
87.4214859008789 28.65760612487793 
87.42467498779297 28.65760612487793 
87.42467498779297 28.654775619506836 
87.4214859008789 28.654775619506836 
87.4214859008789 28.65760612487793 
> -Z-0.08014009892940521 
87.41827392578125 28.654796600341797 
87.42146301269531 28.654796600341797 
87.42146301269531 28.651966094970703 
87.41827392578125 28.651966094970703 
87.41827392578125 28.654796600341797 
> -Z-0.07889106124639511 
87.42147827148438 28.65478515625 
87.4246597290039 28.65478515625 
87.4246597290039 28.651954650878906 
87.42147827148438 28.651954650878906 
87.42147827148438 28.65478515625 
> -Z-0.10135804861783981 
87.42475128173828 28.67452049255371 
87.42794036865234 28.67452049255371 
87.42794036865234 28.671689987182617 
87.42475128173828 28.671689987182617 
87.42475128173828 28.67452049255371 
> -Z-0.0848676860332489 
87.42794799804688 28.674510955810547 
87.43113708496094 28.674510955810547 
87.43113708496094 28.671680450439453 
87.42794799804688 28.671680450439453 
87.42794799804688 28.674510955810547 
> -Z-0.1049765944480896 
87.42474365234375 28.67169952392578 
87.42792510986328 28.67169952392578 
87.42792510986328 28.668869018554688 
87.42474365234375 28.668869018554688 
87.42474365234375 28.67169952392578 
> -Z-0.08824410289525986 
87.42794036865234 28.671689987182617 
87.4311294555664 28.671689987182617 
87.4311294555664 28.668859481811523 
87.42794036865234 28.668859481811523 
87.42794036865234 28.671689987182617 
> -Z-0.07366115599870682 
87.43115234375 28.674501419067383 
87.43433380126953 28.674501419067383 
87.43433380126953 28.671669006347656 
87.43115234375 28.671669006347656 
87.43115234375 28.674501419067383 
> -Z-0.06477602571249008 
87.4343490600586 28.674489974975586 
87.43753051757812 28.674489974975586 
87.43753051757812 28.671659469604492 
87.4343490600586 28.671659469604492 
87.4343490600586 28.674489974975586 
> -Z-0.07773075997829437 
87.43113708496094 28.671680450439453 
87.434326171875 28.671680450439453 
87.434326171875 28.66884994506836 
87.43113708496094 28.66884994506836 
87.43113708496094 28.671680450439453 
> -Z-0.06753271073102951 
87.43433380126953 28.671669006347656 
87.4375228881836 28.671669006347656 
87.4375228881836 28.668838500976562 
87.43433380126953 28.668838500976562 
87.43433380126953 28.671669006347656 
> -Z-0.10348998010158539 
87.42472839355469 28.66887855529785 
87.42791748046875 28.66887855529785 
87.42791748046875 28.666048049926758 
87.42472839355469 28.666048049926758 
87.42472839355469 28.66887855529785 
> -Z-0.09200455993413925 
87.42792510986328 28.668869018554688 
87.43111419677734 28.668869018554688 
87.43111419677734 28.666038513183594 
87.42792510986328 28.666038513183594 
87.42792510986328 28.668869018554688 
> -Z-0.10338612645864487 
87.42472076416016 28.666059494018555 
87.42790222167969 28.666059494018555 
87.42790222167969 28.66322898864746 
87.42472076416016 28.66322898864746 
87.42472076416016 28.666059494018555 
> -Z-0.09396865963935852 
87.42791748046875 28.666048049926758 
87.43110656738281 28.666048049926758 
87.43110656738281 28.663217544555664 
87.42791748046875 28.663217544555664 
87.42791748046875 28.666048049926758 
> -Z-0.08116517215967178 
87.4311294555664 28.668859481811523 
87.43431091308594 28.668859481811523 
87.43431091308594 28.66602897644043 
87.4311294555664 28.66602897644043 
87.4311294555664 28.668859481811523 
> -Z-0.06822815537452698 
87.434326171875 28.66884994506836 
87.43750762939453 28.66884994506836 
87.43750762939453 28.666017532348633 
87.434326171875 28.666017532348633 
87.434326171875 28.66884994506836 
> -Z-0.08262834697961807 
87.43111419677734 28.666038513183594 
87.4343032836914 28.666038513183594 
87.4343032836914 28.6632080078125 
87.43111419677734 28.6632080078125 
87.43111419677734 28.666038513183594 
> -Z-0.07006511092185974 
87.43431091308594 28.66602897644043 
87.4375 28.66602897644043 
87.4375 28.663196563720703 
87.43431091308594 28.663196563720703 
87.43431091308594 28.66602897644043 
> -Z-0.05701814964413643 
87.43754577636719 28.674480438232422 
87.44073486328125 28.674480438232422 
87.44073486328125 28.671649932861328 
87.43754577636719 28.671649932861328 
87.43754577636719 28.674480438232422 
> -Z-0.04700164869427681 
87.44074249267578 28.674468994140625 
87.44393157958984 28.674468994140625 
87.44393157958984 28.67163848876953 
87.44074249267578 28.67163848876953 
87.44074249267578 28.674468994140625 
> -Z-0.05789634957909584 
87.43753051757812 28.671659469604492 
87.44071960449219 28.671659469604492 
87.44071960449219 28.6688289642334 
87.43753051757812 28.6688289642334 
87.43753051757812 28.671659469604492 
> -Z-0.047798845916986465 
87.44073486328125 28.671649932861328 
87.44391632080078 28.671649932861328 
87.44391632080078 28.6688175201416 
87.44073486328125 28.6688175201416 
87.44073486328125 28.671649932861328 
> -Z-0.0339096337556839 
87.44393920898438 28.67445945739746 
87.44712829589844 28.67445945739746 
87.44712829589844 28.671628952026367 
87.44393920898438 28.671628952026367 
87.44393920898438 28.67445945739746 
> -Z-0.022721553221344948 
87.4471435546875 28.674448013305664 
87.45032501220703 28.674448013305664 
87.45032501220703 28.67161750793457 
87.4471435546875 28.67161750793457 
87.4471435546875 28.674448013305664 
> -Z-0.03767536208033562 
87.44393157958984 28.67163848876953 
87.4471206665039 28.67163848876953 
87.4471206665039 28.668807983398438 
87.44393157958984 28.668807983398438 
87.44393157958984 28.67163848876953 
> -Z-0.02453686110675335 
87.44712829589844 28.671628952026367 
87.4503173828125 28.671628952026367 
87.4503173828125 28.66879653930664 
87.44712829589844 28.66879653930664 
87.44712829589844 28.671628952026367 
> -Z-0.05805744230747223 
87.4375228881836 28.668838500976562 
87.44071197509766 28.668838500976562 
87.44071197509766 28.66600799560547 
87.4375228881836 28.66600799560547 
87.4375228881836 28.668838500976562 
> -Z-0.04866700619459152 
87.44071960449219 28.6688289642334 
87.44390869140625 28.6688289642334 
87.44390869140625 28.665996551513672 
87.44071960449219 28.665996551513672 
87.44071960449219 28.6688289642334 
> -Z-0.05652959644794464 
87.43750762939453 28.666017532348633 
87.4406967163086 28.666017532348633 
87.4406967163086 28.66318702697754 
87.43750762939453 28.66318702697754 
87.43750762939453 28.666017532348633 
> -Z-0.047790590673685074 
87.44071197509766 28.66600799560547 
87.44389343261719 28.66600799560547 
87.44389343261719 28.663177490234375 
87.44071197509766 28.663177490234375 
87.44071197509766 28.66600799560547 
> -Z-0.037375472486019135 
87.44391632080078 28.6688175201416 
87.44710540771484 28.6688175201416 
87.44710540771484 28.665987014770508 
87.44391632080078 28.665987014770508 
87.44391632080078 28.6688175201416 
> -Z-0.02535073086619377 
87.4471206665039 28.668807983398438 
87.45030212402344 28.668807983398438 
87.45030212402344 28.66597557067871 
87.4471206665039 28.66597557067871 
87.4471206665039 28.668807983398438 
> -Z-0.03667018190026283 
87.44390869140625 28.665996551513672 
87.44709014892578 28.665996551513672 
87.44709014892578 28.663166046142578 
87.44390869140625 28.663166046142578 
87.44390869140625 28.665996551513672 
> -Z-0.0237650778144598 
87.44710540771484 28.665987014770508 
87.4502944946289 28.665987014770508 
87.4502944946289 28.66315460205078 
87.44710540771484 28.66315460205078 
87.44710540771484 28.665987014770508 
> -Z-0.09989723563194275 
87.4247055053711 28.663238525390625 
87.42789459228516 28.663238525390625 
87.42789459228516 28.66040802001953 
87.4247055053711 28.66040802001953 
87.4247055053711 28.663238525390625 
> -Z-0.09087163954973221 
87.42790222167969 28.66322898864746 
87.43109130859375 28.66322898864746 
87.43109130859375 28.660396575927734 
87.42790222167969 28.660396575927734 
87.42790222167969 28.66322898864746 
> -Z-0.09456539899110794 
87.42469787597656 28.660417556762695 
87.4278793334961 28.660417556762695 
87.4278793334961 28.6575870513916 
87.42469787597656 28.6575870513916 
87.42469787597656 28.660417556762695 
> -Z-0.08713245391845703 
87.42789459228516 28.66040802001953 
87.43108367919922 28.66040802001953 
87.43108367919922 28.657577514648438 
87.42789459228516 28.657577514648438 
87.42789459228516 28.66040802001953 
> -Z-0.08229978382587433 
87.43110656738281 28.663217544555664 
87.43428802490234 28.663217544555664 
87.43428802490234 28.66038703918457 
87.43110656738281 28.66038703918457 
87.43110656738281 28.663217544555664 
> -Z-0.07004125416278839 
87.4343032836914 28.6632080078125 
87.43748474121094 28.6632080078125 
87.43748474121094 28.660377502441406 
87.4343032836914 28.660377502441406 
87.4343032836914 28.6632080078125 
> -Z-0.07724276185035706 
87.43109130859375 28.660396575927734 
87.43428039550781 28.660396575927734 
87.43428039550781 28.65756607055664 
87.43109130859375 28.65756607055664 
87.43109130859375 28.660396575927734 
> -Z-0.06753028184175491 
87.43428802490234 28.66038703918457 
87.4374771118164 28.66038703918457 
87.4374771118164 28.657556533813477 
87.43428802490234 28.657556533813477 
87.43428802490234 28.66038703918457 
> -Z-0.08712917566299438 
87.4246826171875 28.657596588134766 
87.42787170410156 28.657596588134766 
87.42787170410156 28.654766082763672 
87.4246826171875 28.654766082763672 
87.4246826171875 28.657596588134766 
> -Z-0.0831804946064949 
87.4278793334961 28.6575870513916 
87.43106842041016 28.6575870513916 
87.43106842041016 28.654756546020508 
87.4278793334961 28.654756546020508 
87.4278793334961 28.6575870513916 
> -Z-0.0760095939040184 
87.42467498779297 28.654775619506836 
87.4278564453125 28.654775619506836 
87.4278564453125 28.651945114135742 
87.42467498779297 28.651945114135742 
87.42467498779297 28.654775619506836 
> -Z-0.07235115766525269 
87.42787170410156 28.654766082763672 
87.4310531616211 28.654766082763672 
87.4310531616211 28.651935577392578 
87.42787170410156 28.651935577392578 
87.42787170410156 28.654766082763672 
> -Z-0.07582363486289978 
87.43108367919922 28.657577514648438 
87.43426513671875 28.657577514648438 
87.43426513671875 28.65474510192871 
87.43108367919922 28.65474510192871 
87.43108367919922 28.657577514648438 
> -Z-0.06408225744962692 
87.43428039550781 28.65756607055664 
87.43746185302734 28.65756607055664 
87.43746185302734 28.654735565185547 
87.43428039550781 28.654735565185547 
87.43428039550781 28.65756607055664 
> -Z-0.06802407652139664 
87.43106842041016 28.654756546020508 
87.43425750732422 28.654756546020508 
87.43425750732422 28.65192413330078 
87.43106842041016 28.65192413330078 
87.43106842041016 28.654756546020508 
> -Z-0.06115175783634186 
87.43426513671875 28.65474510192871 
87.43745422363281 28.65474510192871 
87.43745422363281 28.651914596557617 
87.43426513671875 28.651914596557617 
87.43426513671875 28.65474510192871 
> -Z-0.056865282356739044 
87.4375 28.663196563720703 
87.44068145751953 28.663196563720703 
87.44068145751953 28.66036605834961 
87.4375 28.66036605834961 
87.4375 28.663196563720703 
> -Z-0.047460027039051056 
87.4406967163086 28.66318702697754 
87.44388580322266 28.66318702697754 
87.44388580322266 28.660356521606445 
87.4406967163086 28.660356521606445 
87.4406967163086 28.66318702697754 
> -Z-0.0564386285841465 
87.43748474121094 28.660377502441406 
87.440673828125 28.660377502441406 
87.440673828125 28.65754508972168 
87.43748474121094 28.65754508972168 
87.43748474121094 28.660377502441406 
> -Z-0.04629981890320778 
87.44068145751953 28.66036605834961 
87.4438705444336 28.66036605834961 
87.4438705444336 28.657535552978516 
87.44068145751953 28.657535552978516 
87.44068145751953 28.66036605834961 
> -Z-0.028114300221204758 
87.44389343261719 28.663177490234375 
87.45026397705078 28.663177490234375 
87.45026397705078 28.657514572143555 
87.44389343261719 28.657514572143555 
87.44389343261719 28.663177490234375 
> -Z-0.05301790311932564 
87.4374771118164 28.657556533813477 
87.44065856933594 28.657556533813477 
87.44065856933594 28.65472412109375 
87.4374771118164 28.65472412109375 
87.4374771118164 28.657556533813477 
> -Z-0.0435543991625309 
87.440673828125 28.65754508972168 
87.44386291503906 28.65754508972168 
87.44386291503906 28.654714584350586 
87.440673828125 28.654714584350586 
87.440673828125 28.65754508972168 
> -Z-0.05060183256864548 
87.43746185302734 28.654735565185547 
87.4406509399414 28.654735565185547 
87.4406509399414 28.651905059814453 
87.43746185302734 28.651905059814453 
87.43746185302734 28.654735565185547 
> -Z-0.04139481484889984 
87.44065856933594 28.65472412109375 
87.44384765625 28.65472412109375 
87.44384765625 28.651893615722656 
87.44065856933594 28.651893615722656 
87.44065856933594 28.65472412109375 
> -Z-0.028614962473511696 
87.4438705444336 28.657535552978516 
87.45024108886719 28.657535552978516 
87.45024108886719 28.651872634887695 
87.4438705444336 28.651872634887695 
87.4438705444336 28.657535552978516 
> -Z-0.029061712324619293 
87.39907836914062 28.65203285217285 
87.40226745605469 28.65203285217285 
87.40226745605469 28.649202346801758 
87.39907836914062 28.649202346801758 
87.39907836914062 28.65203285217285 
> -Z-0.03873546048998833 
87.40227508544922 28.652023315429688 
87.40546417236328 28.652023315429688 
87.40546417236328 28.649192810058594 
87.40227508544922 28.649192810058594 
87.40227508544922 28.652023315429688 
> -Z-0.023651426658034325 
87.3990707397461 28.649211883544922 
87.40225982666016 28.649211883544922 
87.40225982666016 28.64638328552246 
87.3990707397461 28.64638328552246 
87.3990707397461 28.649211883544922 
> -Z-0.03059273399412632 
87.40226745605469 28.649202346801758 
87.40545654296875 28.649202346801758 
87.40545654296875 28.646373748779297 
87.40226745605469 28.646373748779297 
87.40226745605469 28.649202346801758 
> -Z-0.047546472400426865 
87.40547180175781 28.652013778686523 
87.40866088867188 28.652013778686523 
87.40866088867188 28.64918327331543 
87.40547180175781 28.64918327331543 
87.40547180175781 28.652013778686523 
> -Z-0.05397782102227211 
87.40867614746094 28.65200424194336 
87.41185760498047 28.65200424194336 
87.41185760498047 28.649173736572266 
87.40867614746094 28.649173736572266 
87.40867614746094 28.65200424194336 
> -Z-0.03736001253128052 
87.40546417236328 28.649192810058594 
87.40865325927734 28.649192810058594 
87.40865325927734 28.6463623046875 
87.40546417236328 28.6463623046875 
87.40546417236328 28.649192810058594 
> -Z-0.04553224518895149 
87.40866088867188 28.64918327331543 
87.41184997558594 28.64918327331543 
87.41184997558594 28.646352767944336 
87.40866088867188 28.646352767944336 
87.40866088867188 28.64918327331543 
> -Z-0.019507888704538345 
87.39905548095703 28.646390914916992 
87.40543365478516 28.646390914916992 
87.40543365478516 28.640731811523438 
87.39905548095703 28.640731811523438 
87.39905548095703 28.646390914916992 
> -Z-0.02961515635251999 
87.40545654296875 28.646373748779297 
87.40863800048828 28.646373748779297 
87.40863800048828 28.643543243408203 
87.40545654296875 28.643543243408203 
87.40545654296875 28.646373748779297 
> -Z-0.03602953255176544 
87.40865325927734 28.6463623046875 
87.41183471679688 28.6463623046875 
87.41183471679688 28.64353370666504 
87.40865325927734 28.64353370666504 
87.40865325927734 28.6463623046875 
> -Z-0.0223956611007452 
87.40544128417969 28.643552780151367 
87.40863037109375 28.643552780151367 
87.40863037109375 28.640722274780273 
87.40544128417969 28.640722274780273 
87.40544128417969 28.643552780151367 
> -Z-0.027420595288276672 
87.40863800048828 28.643543243408203 
87.41182708740234 28.643543243408203 
87.41182708740234 28.64071273803711 
87.40863800048828 28.64071273803711 
87.40863800048828 28.643543243408203 
> -Z-0.06120939180254936 
87.41187286376953 28.651994705200195 
87.41505432128906 28.651994705200195 
87.41505432128906 28.6491641998291 
87.41187286376953 28.6491641998291 
87.41187286376953 28.651994705200195 
> -Z-0.06597969681024551 
87.41506958007812 28.65198516845703 
87.41825866699219 28.65198516845703 
87.41825866699219 28.649154663085938 
87.41506958007812 28.649154663085938 
87.41506958007812 28.65198516845703 
> -Z-0.05174374580383301 
87.41185760498047 28.649173736572266 
87.41504669189453 28.649173736572266 
87.41504669189453 28.646343231201172 
87.41185760498047 28.646343231201172 
87.41185760498047 28.649173736572266 
> -Z-0.05594195798039436 
87.41505432128906 28.6491641998291 
87.41824340820312 28.6491641998291 
87.41824340820312 28.646333694458008 
87.41505432128906 28.646333694458008 
87.41505432128906 28.6491641998291 
> -Z-0.06831542402505875 
87.41826629638672 28.651975631713867 
87.42145538330078 28.651975631713867 
87.42145538330078 28.649145126342773 
87.41826629638672 28.649145126342773 
87.41826629638672 28.651975631713867 
> -Z-0.06766799837350845 
87.42146301269531 28.651966094970703 
87.42465209960938 28.651966094970703 
87.42465209960938 28.64913558959961 
87.42146301269531 28.64913558959961 
87.42146301269531 28.651966094970703 
> -Z-0.05834775045514107 
87.41825866699219 28.649154663085938 
87.42144012451172 28.649154663085938 
87.42144012451172 28.646324157714844 
87.41825866699219 28.646324157714844 
87.41825866699219 28.649154663085938 
> -Z-0.058355674147605896 
87.42145538330078 28.649145126342773 
87.42463684082031 28.649145126342773 
87.42463684082031 28.64631462097168 
87.42145538330078 28.64631462097168 
87.42145538330078 28.649145126342773 
> -Z-0.04185272008180618 
87.41184997558594 28.646352767944336 
87.41503143310547 28.646352767944336 
87.41503143310547 28.643522262573242 
87.41184997558594 28.643522262573242 
87.41184997558594 28.646352767944336 
> -Z-0.04606691002845764 
87.41504669189453 28.646343231201172 
87.4182357788086 28.646343231201172 
87.4182357788086 28.643512725830078 
87.41504669189453 28.643512725830078 
87.41504669189453 28.646343231201172 
> -Z-0.032907065004110336 
87.41183471679688 28.64353370666504 
87.41502380371094 28.64353370666504 
87.41502380371094 28.640703201293945 
87.41183471679688 28.640703201293945 
87.41183471679688 28.64353370666504 
> -Z-0.03742073103785515 
87.41503143310547 28.643522262573242 
87.41822052001953 28.643522262573242 
87.41822052001953 28.64069175720215 
87.41503143310547 28.64069175720215 
87.41503143310547 28.643522262573242 
> -Z-0.04863632470369339 
87.41824340820312 28.646333694458008 
87.42143249511719 28.646333694458008 
87.42143249511719 28.643503189086914 
87.41824340820312 28.643503189086914 
87.41824340820312 28.646333694458008 
> -Z-0.04875332862138748 
87.42144012451172 28.646324157714844 
87.42462921142578 28.646324157714844 
87.42462921142578 28.64349365234375 
87.42144012451172 28.64349365234375 
87.42144012451172 28.646324157714844 
> -Z-0.0399041585624218 
87.4182357788086 28.643512725830078 
87.42141723632812 28.643512725830078 
87.42141723632812 28.640682220458984 
87.4182357788086 28.640682220458984 
87.4182357788086 28.643512725830078 
> -Z-0.04023456200957298 
87.42143249511719 28.643503189086914 
87.42461395263672 28.643503189086914 
87.42461395263672 28.64067268371582 
87.42143249511719 28.64067268371582 
87.42143249511719 28.643503189086914 
> -Z-0.013551043346524239 
87.39904022216797 28.640750885009766 
87.40541076660156 28.640750885009766 
87.40541076660156 28.635089874267578 
87.39904022216797 28.635089874267578 
87.39904022216797 28.640750885009766 
> -Z-0.0174103956669569 
87.40543365478516 28.640731811523438 
87.41180419921875 28.640731811523438 
87.41180419921875 28.63507080078125 
87.40543365478516 28.63507080078125 
87.40543365478516 28.640731811523438 
> -Z-0.008559167385101318 
87.39901733398438 28.635108947753906 
87.40538787841797 28.635108947753906 
87.40538787841797 28.62944793701172 
87.39901733398438 28.62944793701172 
87.39901733398438 28.635108947753906 
> -Z-0.010524670593440533 
87.40541076660156 28.635089874267578 
87.41178131103516 28.635089874267578 
87.41178131103516 28.62942886352539 
87.40541076660156 28.62942886352539 
87.40541076660156 28.635089874267578 
> -Z-0.023599913343787193 
87.41182708740234 28.64071273803711 
87.41819763183594 28.64071273803711 
87.41819763183594 28.635051727294922 
87.41182708740234 28.635051727294922 
87.41182708740234 28.64071273803711 
> -Z-0.02805347740650177 
87.41822052001953 28.64069175720215 
87.42459106445312 28.64069175720215 
87.42459106445312 28.63503074645996 
87.41822052001953 28.63503074645996 
87.41822052001953 28.64069175720215 
> -Z-0.013181855902075768 
87.41180419921875 28.63507080078125 
87.41817474365234 28.63507080078125 
87.41817474365234 28.629409790039062 
87.41180419921875 28.629409790039062 
87.41180419921875 28.63507080078125 
> -Z-0.015909254550933838 
87.41819763183594 28.635051727294922 
87.42456817626953 28.635051727294922 
87.42456817626953 28.629390716552734 
87.41819763183594 28.629390716552734 
87.41819763183594 28.635051727294922 
> -Z-0.06531962007284164 
87.4246597290039 28.651954650878906 
87.42784881591797 28.651954650878906 
87.42784881591797 28.649124145507812 
87.4246597290039 28.649124145507812 
87.4246597290039 28.651954650878906 
> -Z-0.06141171231865883 
87.4278564453125 28.651945114135742 
87.43104553222656 28.651945114135742 
87.43104553222656 28.64911460876465 
87.4278564453125 28.64911460876465 
87.4278564453125 28.651945114135742 
> -Z-0.05632300674915314 
87.42465209960938 28.64913558959961 
87.4278335571289 28.64913558959961 
87.4278335571289 28.646303176879883 
87.42465209960938 28.646303176879883 
87.42465209960938 28.64913558959961 
> -Z-0.05111681669950485 
87.42784881591797 28.649124145507812 
87.4310302734375 28.649124145507812 
87.4310302734375 28.64629364013672 
87.42784881591797 28.64629364013672 
87.42784881591797 28.649124145507812 
> -Z-0.05862845852971077 
87.4310531616211 28.651935577392578 
87.43424224853516 28.651935577392578 
87.43424224853516 28.649105072021484 
87.4310531616211 28.649105072021484 
87.4310531616211 28.651935577392578 
> -Z-0.054687097668647766 
87.43425750732422 28.65192413330078 
87.43743896484375 28.65192413330078 
87.43743896484375 28.649093627929688 
87.43425750732422 28.649093627929688 
87.43425750732422 28.65192413330078 
> -Z-0.0491768941283226 
87.43104553222656 28.64911460876465 
87.43423461914062 28.64911460876465 
87.43423461914062 28.646284103393555 
87.43104553222656 28.646284103393555 
87.43104553222656 28.64911460876465 
> -Z-0.046686381101608276 
87.43424224853516 28.649105072021484 
87.43743133544922 28.649105072021484 
87.43743133544922 28.646272659301758 
87.43424224853516 28.646272659301758 
87.43424224853516 28.649105072021484 
> -Z-0.04297719523310661 
87.42463684082031 28.64631462097168 
87.4310073852539 28.64631462097168 
87.4310073852539 28.64065170288086 
87.42463684082031 28.64065170288086 
87.42463684082031 28.64631462097168 
> -Z-0.03757541626691818 
87.4310302734375 28.64629364013672 
87.43740844726562 28.64629364013672 
87.43740844726562 28.64063262939453 
87.4310302734375 28.64063262939453 
87.4310302734375 28.64629364013672 
> -Z-0.038001298904418945 
87.43745422363281 28.651914596557617 
87.4438247680664 28.651914596557617 
87.4438247680664 28.646251678466797 
87.43745422363281 28.646251678466797 
87.43745422363281 28.651914596557617 
> -Z-0.02310025878250599 
87.44384765625 28.651893615722656 
87.4502182006836 28.651893615722656 
87.4502182006836 28.646230697631836 
87.44384765625 28.646230697631836 
87.44384765625 28.651893615722656 
> -Z-0.031317632645368576 
87.43743133544922 28.646272659301758 
87.44380187988281 28.646272659301758 
87.44380187988281 28.64061164855957 
87.43743133544922 28.64061164855957 
87.43743133544922 28.646272659301758 
> -Z-0.019809985533356667 
87.4438247680664 28.646251678466797 
87.4501953125 28.646251678466797 
87.4501953125 28.64059066772461 
87.4438247680664 28.64059066772461 
87.4438247680664 28.646251678466797 
> -Z-0.02921953797340393 
87.42461395263672 28.64067268371582 
87.43098449707031 28.64067268371582 
87.43098449707031 28.635011672973633 
87.42461395263672 28.635011672973633 
87.42461395263672 28.64067268371582 
> -Z-0.026882562786340714 
87.4310073852539 28.64065170288086 
87.43738555908203 28.64065170288086 
87.43738555908203 28.634990692138672 
87.4310073852539 28.634990692138672 
87.4310073852539 28.64065170288086 
> -Z-0.017250817269086838 
87.42459106445312 28.63503074645996 
87.43096160888672 28.63503074645996 
87.43096160888672 28.629369735717773 
87.42459106445312 28.629369735717773 
87.42459106445312 28.63503074645996 
> -Z-0.017056506127119064 
87.43098449707031 28.635011672973633 
87.4373550415039 28.635011672973633 
87.4373550415039 28.629348754882812 
87.43098449707031 28.629348754882812 
87.43098449707031 28.635011672973633 
> -Z-0.022405926138162613 
87.43740844726562 28.64063262939453 
87.44377899169922 28.64063262939453 
87.44377899169922 28.63496971130371 
87.43740844726562 28.63496971130371 
87.43740844726562 28.64063262939453 
> -Z-0.015051706694066525 
87.44380187988281 28.64061164855957 
87.4501724243164 28.64061164855957 
87.4501724243164 28.63494873046875 
87.44380187988281 28.63494873046875 
87.44380187988281 28.64061164855957 
> -Z-0.01483557652682066 
87.43738555908203 28.634990692138672 
87.44375610351562 28.634990692138672 
87.44375610351562 28.62932777404785 
87.43738555908203 28.62932777404785 
87.43738555908203 28.634990692138672 
> -Z-0.011027137748897076 
87.44377899169922 28.63496971130371 
87.45014953613281 28.63496971130371 
87.45014953613281 28.62930679321289 
87.44377899169922 28.62930679321289 
87.44377899169922 28.63496971130371 
> -Z-0.01363565493375063 
87.4503402709961 28.6744384765625 
87.45671081542969 28.6744384765625 
87.45671081542969 28.66877555847168 
87.4503402709961 28.66877555847168 
87.4503402709961 28.6744384765625 
> -Z-0.004301320295780897 
87.45673370361328 28.67441749572754 
87.46310424804688 28.67441749572754 
87.46310424804688 28.66875457763672 
87.45673370361328 28.66875457763672 
87.45673370361328 28.67441749572754 
> -Z-0.013593573123216629 
87.4503173828125 28.66879653930664 
87.4566879272461 28.66879653930664 
87.4566879272461 28.66313362121582 
87.4503173828125 28.66313362121582 
87.4503173828125 28.66879653930664 
> -Z-0.004009097348898649 
87.45671081542969 28.66877555847168 
87.46308135986328 28.66877555847168 
87.46308135986328 28.66311264038086 
87.45671081542969 28.66311264038086 
87.45671081542969 28.66877555847168 
> -Z0.00047450399142690003 
87.463134765625 28.674394607543945 
87.4695053100586 28.674394607543945 
87.4695053100586 28.668731689453125 
87.463134765625 28.668731689453125 
87.463134765625 28.674394607543945 
> -Z0.002466486068442464 
87.46952819824219 28.674373626708984 
87.47589874267578 28.674373626708984 
87.47589874267578 28.66870880126953 
87.46952819824219 28.66870880126953 
87.46952819824219 28.674373626708984 
> -Z0.001335224020294845 
87.46310424804688 28.66875457763672 
87.469482421875 28.66875457763672 
87.469482421875 28.663089752197266 
87.46310424804688 28.663089752197266 
87.46310424804688 28.66875457763672 
> -Z0.0034736741799861193 
87.4695053100586 28.668731689453125 
87.47587585449219 28.668731689453125 
87.47587585449219 28.663068771362305 
87.4695053100586 28.663068771362305 
87.4695053100586 28.668731689453125 
> -Z-0.01238100603222847 
87.4502944946289 28.66315460205078 
87.4566650390625 28.66315460205078 
87.4566650390625 28.657493591308594 
87.4502944946289 28.657493591308594 
87.4502944946289 28.66315460205078 
> -Z-0.0044558243826031685 
87.4566879272461 28.66313362121582 
87.46305847167969 28.66313362121582 
87.46305847167969 28.657470703125 
87.4566879272461 28.657470703125 
87.4566879272461 28.66313362121582 
> -Z-0.01130081620067358 
87.45026397705078 28.657514572143555 
87.45663452148438 28.657514572143555 
87.45663452148438 28.651851654052734 
87.45026397705078 28.651851654052734 
87.45026397705078 28.657514572143555 
> -Z-0.004029823001474142 
87.4566650390625 28.657493591308594 
87.4630355834961 28.657493591308594 
87.4630355834961 28.65182876586914 
87.4566650390625 28.65182876586914 
87.4566650390625 28.657493591308594 
> -Z0.0032595491502434015 
87.46308135986328 28.66311264038086 
87.47582244873047 28.66311264038086 
87.47582244873047 28.651784896850586 
87.46308135986328 28.651784896850586 
87.46308135986328 28.66311264038086 
> -Z0.0044974060729146 
87.4759292602539 28.67435073852539 
87.50140380859375 28.67435073852539 
87.50140380859375 28.65169334411621 
87.4759292602539 28.65169334411621 
87.4759292602539 28.67435073852539 
> -Z-0.012616122141480446 
87.45024108886719 28.651872634887695 
87.45661163330078 28.651872634887695 
87.45661163330078 28.646209716796875 
87.45024108886719 28.646209716796875 
87.45024108886719 28.651872634887695 
> -Z-0.0036459395196288824 
87.45663452148438 28.651851654052734 
87.46300506591797 28.651851654052734 
87.46300506591797 28.646188735961914 
87.45663452148438 28.646188735961914 
87.45663452148438 28.651851654052734 
> -Z-0.010881935246288776 
87.4502182006836 28.646230697631836 
87.45658874511719 28.646230697631836 
87.45658874511719 28.640567779541016 
87.4502182006836 28.640567779541016 
87.4502182006836 28.646230697631836 
> -Z-0.0033557123970240355 
87.45661163330078 28.646209716796875 
87.46298217773438 28.646209716796875 
87.46298217773438 28.640546798706055 
87.45661163330078 28.640546798706055 
87.45661163330078 28.646209716796875 
> -Z0.002680011559277773 
87.4630355834961 28.65182876586914 
87.47577667236328 28.65182876586914 
87.47577667236328 28.6405029296875 
87.4630355834961 28.6405029296875 
87.4630355834961 28.65182876586914 
> -Z-0.009363566525280476 
87.4501953125 28.64059066772461 
87.4565658569336 28.64059066772461 
87.4565658569336 28.63492774963379 
87.4501953125 28.63492774963379 
87.4501953125 28.64059066772461 
> -Z-0.0027635623700916767 
87.45658874511719 28.640567779541016 
87.46295928955078 28.640567779541016 
87.46295928955078 28.634904861450195 
87.45658874511719 28.634904861450195 
87.45658874511719 28.640567779541016 
> -Z-0.006862528156489134 
87.4501724243164 28.63494873046875 
87.45654296875 28.63494873046875 
87.45654296875 28.62928581237793 
87.4501724243164 28.62928581237793 
87.4501724243164 28.63494873046875 
> -Z-0.002109094988554716 
87.4565658569336 28.63492774963379 
87.46293640136719 28.63492774963379 
87.46293640136719 28.62926483154297 
87.4565658569336 28.62926483154297 
87.4565658569336 28.63492774963379 
> -Z0.0020260303281247616 
87.46298217773438 28.640546798706055 
87.47572326660156 28.640546798706055 
87.47572326660156 28.629220962524414 
87.46298217773438 28.629220962524414 
87.46298217773438 28.640546798706055 
> -Z0.004104342311620712 
87.47582244873047 28.651784896850586 
87.50129699707031 28.651784896850586 
87.50129699707031 28.629127502441406 
87.47582244873047 28.629127502441406 
87.47582244873047 28.651784896850586 
> -Z-0.005114472471177578 
87.39899444580078 28.629467010498047 
87.449951171875 28.629467010498047 
87.449951171875 28.584177017211914 
87.39899444580078 28.584177017211914 
87.39899444580078 28.629467010498047 
> -Z-0.0032205735333263874 
87.45014953613281 28.62930679321289 
87.50108337402344 28.62930679321289 
87.50108337402344 28.58399772644043 
87.45014953613281 28.58399772644043 
87.45014953613281 28.62930679321289 
> -Z-0.01420988142490387 
87.39950561523438 28.764860153198242 
87.45053100585938 28.764860153198242 
87.45053100585938 28.719568252563477 
87.39950561523438 28.719568252563477 
87.39950561523438 28.764860153198242 
> -Z-0.009589998051524162 
87.45072937011719 28.764698028564453 
87.50172424316406 28.764698028564453 
87.50172424316406 28.719388961791992 
87.45072937011719 28.719388961791992 
87.45072937011719 28.764698028564453 
> -Z-0.01908121444284916 
87.39933776855469 28.719730377197266 
87.40571594238281 28.719730377197266 
87.40571594238281 28.714069366455078 
87.39933776855469 28.714069366455078 
87.39933776855469 28.719730377197266 
> -Z-0.020482143387198448 
87.4057388305664 28.719711303710938 
87.41211700439453 28.719711303710938 
87.41211700439453 28.71405029296875 
87.4057388305664 28.71405029296875 
87.4057388305664 28.719711303710938 
> -Z-0.02632567659020424 
87.3993148803711 28.714088439941406 
87.40569305419922 28.714088439941406 
87.40569305419922 28.70842742919922 
87.3993148803711 28.70842742919922 
87.3993148803711 28.714088439941406 
> -Z-0.02949310466647148 
87.40571594238281 28.714069366455078 
87.41209411621094 28.714069366455078 
87.41209411621094 28.70840835571289 
87.40571594238281 28.70840835571289 
87.40571594238281 28.714069366455078 
> -Z-0.020690184086561203 
87.4121322631836 28.719690322875977 
87.41851043701172 28.719690322875977 
87.41851043701172 28.71402931213379 
87.4121322631836 28.71402931213379 
87.4121322631836 28.719690322875977 
> -Z-0.01993955485522747 
87.41853332519531 28.71967124938965 
87.42491149902344 28.71967124938965 
87.42491149902344 28.71401023864746 
87.41853332519531 28.71401023864746 
87.41853332519531 28.71967124938965 
> -Z-0.02767169289290905 
87.41211700439453 28.71405029296875 
87.41848754882812 28.71405029296875 
87.41848754882812 28.708389282226562 
87.41211700439453 28.708389282226562 
87.41211700439453 28.71405029296875 
> -Z-0.024750709533691406 
87.41851043701172 28.71402931213379 
87.42488861083984 28.71402931213379 
87.42488861083984 28.7083683013916 
87.41851043701172 28.7083683013916 
87.41851043701172 28.71402931213379 
> -Z-0.037292104214429855 
87.3992919921875 28.708446502685547 
87.40567016601562 28.708446502685547 
87.40567016601562 28.702787399291992 
87.3992919921875 28.702787399291992 
87.3992919921875 28.708446502685547 
> -Z-0.039919622242450714 
87.40569305419922 28.70842742919922 
87.41207122802734 28.70842742919922 
87.41207122802734 28.70276641845703 
87.40569305419922 28.70276641845703 
87.40569305419922 28.70842742919922 
> -Z-0.049478959292173386 
87.3992691040039 28.702804565429688 
87.40564727783203 28.702804565429688 
87.40564727783203 28.697145462036133 
87.3992691040039 28.697145462036133 
87.3992691040039 28.702804565429688 
> -Z-0.049587637186050415 
87.40567016601562 28.702787399291992 
87.40885925292969 28.702787399291992 
87.40885925292969 28.6999568939209 
87.40567016601562 28.6999568939209 
87.40567016601562 28.702787399291992 
> -Z-0.05145294964313507 
87.40886688232422 28.702775955200195 
87.41205596923828 28.702775955200195 
87.41205596923828 28.699947357177734 
87.40886688232422 28.699947357177734 
87.40886688232422 28.702775955200195 
> -Z-0.05865607038140297 
87.4056625366211 28.699966430664062 
87.40885162353516 28.699966430664062 
87.40885162353516 28.69713592529297 
87.4056625366211 28.69713592529297 
87.4056625366211 28.699966430664062 
> -Z-0.060885727405548096 
87.40885925292969 28.6999568939209 
87.41204833984375 28.6999568939209 
87.41204833984375 28.697126388549805 
87.40885925292969 28.697126388549805 
87.40885925292969 28.6999568939209 
> -Z-0.03959311917424202 
87.41209411621094 28.70840835571289 
87.41846466064453 28.70840835571289 
87.41846466064453 28.702747344970703 
87.41209411621094 28.702747344970703 
87.41209411621094 28.70840835571289 
> -Z-0.03304130956530571 
87.41848754882812 28.708389282226562 
87.42486572265625 28.708389282226562 
87.42486572265625 28.702728271484375 
87.41848754882812 28.702728271484375 
87.41848754882812 28.708389282226562 
> -Z-0.056280311197042465 
87.41207122802734 28.70276641845703 
87.41844177246094 28.70276641845703 
87.41844177246094 28.697105407714844 
87.41207122802734 28.697105407714844 
87.41207122802734 28.70276641845703 
> -Z-0.04801695793867111 
87.41846466064453 28.702747344970703 
87.42484283447266 28.702747344970703 
87.42484283447266 28.697086334228516 
87.41846466064453 28.697086334228516 
87.41846466064453 28.702747344970703 
> -Z-0.019801432266831398 
87.42493438720703 28.71965217590332 
87.43131256103516 28.71965217590332 
87.43131256103516 28.7139892578125 
87.42493438720703 28.7139892578125 
87.42493438720703 28.71965217590332 
> -Z-0.007759480737149715 
87.450439453125 28.697004318237305 
87.46318054199219 28.697004318237305 
87.46318054199219 28.685678482055664 
87.450439453125 28.685678482055664 
87.450439453125 28.697004318237305 
> -Z-0.002786015858873725 
87.4632339477539 28.69696044921875 
87.4759750366211 28.69696044921875 
87.4759750366211 28.685632705688477 
87.4632339477539 28.685632705688477 
87.4632339477539 28.69696044921875 
> -Z-0.007824040949344635 
87.45038604736328 28.685720443725586 
87.463134765625 28.685720443725586 
87.463134765625 28.674394607543945 
87.45038604736328 28.674394607543945 
87.45038604736328 28.685720443725586 
> -Z-0.00012050796067342162 
87.46318054199219 28.685678482055664 
87.4759292602539 28.685678482055664 
87.4759292602539 28.67435073852539 
87.46318054199219 28.67435073852539 
87.46318054199219 28.685678482055664 
> -Z-0.0006167018436826766 
87.47602844238281 28.696916580200195 
87.50151062011719 28.696916580200195 
87.50151062011719 28.674259185791016 
87.47602844238281 28.674259185791016 
87.47602844238281 28.696916580200195 
> -Z-0.014906683005392551 
87.43771362304688 28.713970184326172 
87.44408416748047 28.713970184326172 
87.44408416748047 28.70830726623535 
87.43771362304688 28.70830726623535 
87.43771362304688 28.713970184326172 
> -Z-0.011222259141504765 
87.44410705566406 28.71394920349121 
87.45048522949219 28.71394920349121 
87.45048522949219 28.70828628540039 
87.44410705566406 28.70828628540039 
87.44410705566406 28.71394920349121 
> -Z-0.0268696416169405 
87.42488861083984 28.7083683013916 
87.43126678466797 28.7083683013916 
87.43126678466797 28.702707290649414 
87.42488861083984 28.702707290649414 
87.42488861083984 28.7083683013916 
> -Z-0.02052859403192997 
87.43128967285156 28.708349227905273 
87.43766021728516 28.708349227905273 
87.43766021728516 28.702686309814453 
87.43128967285156 28.702686309814453 
87.43128967285156 28.708349227905273 
> -Z-0.037120867520570755 
87.42486572265625 28.702728271484375 
87.43124389648438 28.702728271484375 
87.43124389648438 28.697065353393555 
87.42486572265625 28.697065353393555 
87.42486572265625 28.702728271484375 
> -Z-0.026661735028028488 
87.43126678466797 28.702707290649414 
87.43763732910156 28.702707290649414 
87.43763732910156 28.697046279907227 
87.43126678466797 28.697046279907227 
87.43126678466797 28.702707290649414 
> -Z-0.01625354029238224 
87.43768310546875 28.708328247070312 
87.44406127929688 28.708328247070312 
87.44406127929688 28.702665328979492 
87.43768310546875 28.702665328979492 
87.43768310546875 28.708328247070312 
> -Z-0.012195826508104801 
87.44408416748047 28.70830726623535 
87.4504623413086 28.70830726623535 
87.4504623413086 28.70264434814453 
87.44408416748047 28.70264434814453 
87.44408416748047 28.70830726623535 
> -Z-0.018439169973134995 
87.43766021728516 28.702686309814453 
87.44403839111328 28.702686309814453 
87.44403839111328 28.697025299072266 
87.43766021728516 28.697025299072266 
87.43766021728516 28.702686309814453 
> -Z-0.014189100824296474 
87.44406127929688 28.702665328979492 
87.450439453125 28.702665328979492 
87.450439453125 28.697004318237305 
87.44406127929688 28.697004318237305 
87.44406127929688 28.702665328979492 
> -Z-0.06071650609374046 
87.39925384521484 28.69716453552246 
87.4024429321289 28.69716453552246 
87.4024429321289 28.694334030151367 
87.39925384521484 28.694334030151367 
87.39925384521484 28.69716453552246 
> -Z-0.0645366758108139 
87.40245056152344 28.697154998779297 
87.4056396484375 28.697154998779297 
87.4056396484375 28.694324493408203 
87.40245056152344 28.694324493408203 
87.40245056152344 28.697154998779297 
> -Z-0.07094059139490128 
87.39923858642578 28.69434356689453 
87.40242767333984 28.69434356689453 
87.40242767333984 28.691513061523438 
87.39923858642578 28.691513061523438 
87.39923858642578 28.69434356689453 
> -Z-0.07353555411100388 
87.4024429321289 28.694334030151367 
87.40562438964844 28.694334030151367 
87.40562438964844 28.691503524780273 
87.4024429321289 28.691503524780273 
87.4024429321289 28.694334030151367 
> -Z-0.06786699593067169 
87.40564727783203 28.697145462036133 
87.4088363647461 28.697145462036133 
87.4088363647461 28.69431495666504 
87.40564727783203 28.69431495666504 
87.40564727783203 28.697145462036133 
> -Z-0.0705653578042984 
87.40885162353516 28.69713592529297 
87.41203308105469 28.69713592529297 
87.41203308105469 28.694305419921875 
87.40885162353516 28.694305419921875 
87.40885162353516 28.69713592529297 
> -Z-0.07457830756902695 
87.4056396484375 28.694324493408203 
87.40882873535156 28.694324493408203 
87.40882873535156 28.69149398803711 
87.4056396484375 28.69149398803711 
87.4056396484375 28.694324493408203 
> -Z-0.0766168013215065 
87.4088363647461 28.69431495666504 
87.41202545166016 28.69431495666504 
87.41202545166016 28.691484451293945 
87.4088363647461 28.691484451293945 
87.4088363647461 28.69431495666504 
> -Z-0.07965087890625 
87.39923095703125 28.6915225982666 
87.40242004394531 28.6915225982666 
87.40242004394531 28.688692092895508 
87.39923095703125 28.688692092895508 
87.39923095703125 28.6915225982666 
> -Z-0.08289521932601929 
87.40242767333984 28.691513061523438 
87.4056167602539 28.691513061523438 
87.4056167602539 28.688682556152344 
87.40242767333984 28.688682556152344 
87.40242767333984 28.691513061523438 
> -Z-0.08927816897630692 
87.39921569824219 28.688701629638672 
87.40240478515625 28.688701629638672 
87.40240478515625 28.685871124267578 
87.39921569824219 28.685871124267578 
87.39921569824219 28.688701629638672 
> -Z-0.09380125254392624 
87.40242004394531 28.688692092895508 
87.40560913085938 28.688692092895508 
87.40560913085938 28.685861587524414 
87.40242004394531 28.685861587524414 
87.40242004394531 28.688692092895508 
> -Z-0.08507338166236877 
87.40562438964844 28.691503524780273 
87.4088134765625 28.691503524780273 
87.4088134765625 28.68867301940918 
87.40562438964844 28.68867301940918 
87.40562438964844 28.691503524780273 
> -Z-0.08643530309200287 
87.40882873535156 28.69149398803711 
87.41201782226562 28.69149398803711 
87.41201782226562 28.688663482666016 
87.40882873535156 28.688663482666016 
87.40882873535156 28.69149398803711 
> -Z-0.09763423353433609 
87.4056167602539 28.688682556152344 
87.40880584716797 28.688682556152344 
87.40880584716797 28.68585205078125 
87.4056167602539 28.68585205078125 
87.4056167602539 28.688682556152344 
> -Z-0.09782340377569199 
87.4088134765625 28.68867301940918 
87.41200256347656 28.68867301940918 
87.41200256347656 28.685842514038086 
87.4088134765625 28.685842514038086 
87.4088134765625 28.68867301940918 
> -Z-0.07171229273080826 
87.41204833984375 28.697126388549805 
87.41523742675781 28.697126388549805 
87.41523742675781 28.69429588317871 
87.41204833984375 28.69429588317871 
87.41204833984375 28.697126388549805 
> -Z-0.06696537882089615 
87.41524505615234 28.69711685180664 
87.4184341430664 28.69711685180664 
87.4184341430664 28.694286346435547 
87.41524505615234 28.694286346435547 
87.41524505615234 28.69711685180664 
> -Z-0.0784795805811882 
87.41203308105469 28.694305419921875 
87.41522216796875 28.694305419921875 
87.41522216796875 28.69147491455078 
87.41203308105469 28.69147491455078 
87.41203308105469 28.694305419921875 
> -Z-0.07620769739151001 
87.41523742675781 28.69429588317871 
87.41842651367188 28.69429588317871 
87.41842651367188 28.691465377807617 
87.41523742675781 28.691465377807617 
87.41523742675781 28.69429588317871 
> -Z-0.06302715837955475 
87.41844177246094 28.697105407714844 
87.421630859375 28.697105407714844 
87.421630859375 28.69427490234375 
87.41844177246094 28.69427490234375 
87.41844177246094 28.697105407714844 
> -Z-0.055317413061857224 
87.42164611816406 28.69709587097168 
87.42483520507812 28.69709587097168 
87.42483520507812 28.694265365600586 
87.42164611816406 28.694265365600586 
87.42164611816406 28.69709587097168 
> -Z-0.0720151737332344 
87.4184341430664 28.694286346435547 
87.42162322998047 28.694286346435547 
87.42162322998047 28.69145393371582 
87.4184341430664 28.69145393371582 
87.4184341430664 28.694286346435547 
> -Z-0.06272789090871811 
87.421630859375 28.69427490234375 
87.42481994628906 28.69427490234375 
87.42481994628906 28.691444396972656 
87.421630859375 28.691444396972656 
87.421630859375 28.69427490234375 
> -Z-0.08882352709770203 
87.41202545166016 28.691484451293945 
87.41521453857422 28.691484451293945 
87.41521453857422 28.68865394592285 
87.41202545166016 28.68865394592285 
87.41202545166016 28.691484451293945 
> -Z-0.0878668874502182 
87.41522216796875 28.69147491455078 
87.41841125488281 28.69147491455078 
87.41841125488281 28.688644409179688 
87.41522216796875 28.688644409179688 
87.41522216796875 28.69147491455078 
> -Z-0.10242635756731033 
87.41201782226562 28.688663482666016 
87.41519927978516 28.688663482666016 
87.41519927978516 28.685832977294922 
87.41201782226562 28.685832977294922 
87.41201782226562 28.688663482666016 
> -Z-0.10057688504457474 
87.41521453857422 28.68865394592285 
87.41840362548828 28.68865394592285 
87.41840362548828 28.685823440551758 
87.41521453857422 28.685823440551758 
87.41521453857422 28.68865394592285 
> -Z-0.08258737623691559 
87.41842651367188 28.691465377807617 
87.4216079711914 28.691465377807617 
87.4216079711914 28.688634872436523 
87.41842651367188 28.688634872436523 
87.41842651367188 28.691465377807617 
> -Z-0.07555680721998215 
87.42162322998047 28.69145393371582 
87.42481231689453 28.69145393371582 
87.42481231689453 28.688623428344727 
87.42162322998047 28.688623428344727 
87.42162322998047 28.69145393371582 
> -Z-0.09327277541160583 
87.41841125488281 28.688644409179688 
87.42160034179688 28.688644409179688 
87.42160034179688 28.685813903808594 
87.41841125488281 28.685813903808594 
87.41841125488281 28.688644409179688 
> -Z-0.0856289193034172 
87.4216079711914 28.688634872436523 
87.42479705810547 28.688634872436523 
87.42479705810547 28.68580436706543 
87.4216079711914 28.68580436706543 
87.4216079711914 28.688634872436523 
> -Z-0.09725204110145569 
87.39920806884766 28.685880661010742 
87.40239715576172 28.685880661010742 
87.40239715576172 28.68305206298828 
87.39920806884766 28.68305206298828 
87.39920806884766 28.685880661010742 
> -Z-0.10386144369840622 
87.40240478515625 28.685871124267578 
87.40559387207031 28.685871124267578 
87.40559387207031 28.683042526245117 
87.40240478515625 28.683042526245117 
87.40240478515625 28.685871124267578 
> -Z-0.10761751234531403 
87.39920043945312 28.683061599731445 
87.40238189697266 28.683061599731445 
87.40238189697266 28.68023109436035 
87.39920043945312 28.68023109436035 
87.39920043945312 28.683061599731445 
> -Z-0.11543966084718704 
87.40239715576172 28.68305206298828 
87.40558624267578 28.68305206298828 
87.40558624267578 28.680221557617188 
87.40239715576172 28.680221557617188 
87.40239715576172 28.68305206298828 
> -Z-0.10900621861219406 
87.40560913085938 28.685861587524414 
87.4087905883789 28.685861587524414 
87.4087905883789 28.683032989501953 
87.40560913085938 28.683032989501953 
87.40560913085938 28.685861587524414 
> -Z-0.10971257090568542 
87.40880584716797 28.68585205078125 
87.41199493408203 28.68585205078125 
87.41199493408203 28.683021545410156 
87.40880584716797 28.683021545410156 
87.40880584716797 28.68585205078125 
> -Z-0.12021589279174805 
87.40559387207031 28.683042526245117 
87.40878295898438 28.683042526245117 
87.40878295898438 28.680212020874023 
87.40559387207031 28.680212020874023 
87.40559387207031 28.683042526245117 
> -Z-0.12041175365447998 
87.4087905883789 28.683032989501953 
87.41197967529297 28.683032989501953 
87.41197967529297 28.68020248413086 
87.4087905883789 28.68020248413086 
87.4087905883789 28.683032989501953 
> -Z-0.11771021038293839 
87.39918518066406 28.680240631103516 
87.40237426757812 28.680240631103516 
87.40237426757812 28.677410125732422 
87.39918518066406 28.677410125732422 
87.39918518066406 28.680240631103516 
> -Z-0.12510286271572113 
87.40238189697266 28.68023109436035 
87.40557098388672 28.68023109436035 
87.40557098388672 28.677400588989258 
87.40238189697266 28.677400588989258 
87.40238189697266 28.68023109436035 
> -Z-0.1283303201198578 
87.39917755126953 28.677419662475586 
87.4023666381836 28.677419662475586 
87.4023666381836 28.674589157104492 
87.39917755126953 28.674589157104492 
87.39917755126953 28.677419662475586 
> -Z-0.13557973504066467 
87.40237426757812 28.677410125732422 
87.40556335449219 28.677410125732422 
87.40556335449219 28.674579620361328 
87.40237426757812 28.674579620361328 
87.40237426757812 28.677410125732422 
> -Z-0.13078562915325165 
87.40558624267578 28.680221557617188 
87.40877532958984 28.680221557617188 
87.40877532958984 28.677391052246094 
87.40558624267578 28.677391052246094 
87.40558624267578 28.680221557617188 
> -Z-0.13177841901779175 
87.40878295898438 28.680212020874023 
87.41197204589844 28.680212020874023 
87.41197204589844 28.67738151550293 
87.40878295898438 28.67738151550293 
87.40878295898438 28.680212020874023 
> -Z-0.1415088027715683 
87.40557098388672 28.677400588989258 
87.40876007080078 28.677400588989258 
87.40876007080078 28.674570083618164 
87.40557098388672 28.674570083618164 
87.40557098388672 28.677400588989258 
> -Z-0.14362765848636627 
87.40877532958984 28.677391052246094 
87.41195678710938 28.677391052246094 
87.41195678710938 28.674560546875 
87.40877532958984 28.674560546875 
87.40877532958984 28.677391052246094 
> -Z-0.11301571875810623 
87.41200256347656 28.685842514038086 
87.41519165039062 28.685842514038086 
87.41519165039062 28.683012008666992 
87.41200256347656 28.683012008666992 
87.41200256347656 28.685842514038086 
> -Z-0.11095589399337769 
87.41519927978516 28.685832977294922 
87.41838836669922 28.685832977294922 
87.41838836669922 28.683002471923828 
87.41519927978516 28.683002471923828 
87.41519927978516 28.685832977294922 
> -Z-0.12457811832427979 
87.41199493408203 28.683021545410156 
87.41517639160156 28.683021545410156 
87.41517639160156 28.680191040039062 
87.41199493408203 28.680191040039062 
87.41199493408203 28.683021545410156 
> -Z-0.1219576746225357 
87.41519165039062 28.683012008666992 
87.41838073730469 28.683012008666992 
87.41838073730469 28.6801815032959 
87.41519165039062 28.6801815032959 
87.41519165039062 28.683012008666992 
> -Z-0.100287526845932 
87.41840362548828 28.685823440551758 
87.42158508300781 28.685823440551758 
87.42158508300781 28.682992935180664 
87.41840362548828 28.682992935180664 
87.41840362548828 28.685823440551758 
> -Z-0.093207947909832 
87.42160034179688 28.685813903808594 
87.42478942871094 28.685813903808594 
87.42478942871094 28.6829833984375 
87.42160034179688 28.6829833984375 
87.42160034179688 28.685813903808594 
> -Z-0.11137223243713379 
87.41838836669922 28.683002471923828 
87.42157745361328 28.683002471923828 
87.42157745361328 28.680171966552734 
87.41838836669922 28.680171966552734 
87.41838836669922 28.683002471923828 
> -Z-0.10056807100772858 
87.42158508300781 28.682992935180664 
87.42477416992188 28.682992935180664 
87.42477416992188 28.68016242980957 
87.42158508300781 28.68016242980957 
87.42158508300781 28.682992935180664 
> -Z-0.13568125665187836 
87.41197967529297 28.68020248413086 
87.41516876220703 28.68020248413086 
87.41516876220703 28.677371978759766 
87.41197967529297 28.677371978759766 
87.41197967529297 28.68020248413086 
> -Z-0.1313604861497879 
87.41517639160156 28.680191040039062 
87.41836547851562 28.680191040039062 
87.41836547851562 28.67736053466797 
87.41517639160156 28.67736053466797 
87.41517639160156 28.680191040039062 
> -Z-0.14706677198410034 
87.41197204589844 28.67738151550293 
87.4151611328125 28.67738151550293 
87.4151611328125 28.674551010131836 
87.41197204589844 28.674551010131836 
87.41197204589844 28.67738151550293 
> -Z-0.14037132263183594 
87.41516876220703 28.677371978759766 
87.4183578491211 28.677371978759766 
87.4183578491211 28.674541473388672 
87.41516876220703 28.674541473388672 
87.41516876220703 28.677371978759766 
> -Z-0.12061360478401184 
87.41838073730469 28.6801815032959 
87.42156219482422 28.6801815032959 
87.42156219482422 28.677350997924805 
87.41838073730469 28.677350997924805 
87.41838073730469 28.6801815032959 
> -Z-0.11017080396413803 
87.42157745361328 28.680171966552734 
87.42476654052734 28.680171966552734 
87.42476654052734 28.67734146118164 
87.42157745361328 28.67734146118164 
87.42157745361328 28.680171966552734 
> -Z-0.1278606504201889 
87.41836547851562 28.67736053466797 
87.42155456542969 28.67736053466797 
87.42155456542969 28.674530029296875 
87.41836547851562 28.674530029296875 
87.41836547851562 28.67736053466797 
> -Z-0.11645834892988205 
87.42156219482422 28.677350997924805 
87.42475128173828 28.677350997924805 
87.42475128173828 28.67452049255371 
87.42156219482422 28.67452049255371 
87.42156219482422 28.677350997924805 
> -Z-0.04922623932361603 
87.42484283447266 28.697086334228516 
87.42803192138672 28.697086334228516 
87.42803192138672 28.694255828857422 
87.42484283447266 28.694255828857422 
87.42484283447266 28.697086334228516 
> -Z-0.042417433112859726 
87.42803955078125 28.69707679748535 
87.43122863769531 28.69707679748535 
87.43122863769531 28.694244384765625 
87.42803955078125 28.694244384765625 
87.42803955078125 28.69707679748535 
> -Z-0.05268565192818642 
87.42483520507812 28.694265365600586 
87.42801666259766 28.694265365600586 
87.42801666259766 28.691434860229492 
87.42483520507812 28.691434860229492 
87.42483520507812 28.694265365600586 
> -Z-0.04648010432720184 
87.42803192138672 28.694255828857422 
87.43122100830078 28.694255828857422 
87.43122100830078 28.691425323486328 
87.42803192138672 28.691425323486328 
87.42803192138672 28.694255828857422 
> -Z-0.03343507647514343 
87.43124389648438 28.697065353393555 
87.43761444091797 28.697065353393555 
87.43761444091797 28.691404342651367 
87.43124389648438 28.691404342651367 
87.43124389648438 28.697065353393555 
> -Z-0.06647033244371414 
87.42481994628906 28.691444396972656 
87.42800903320312 28.691444396972656 
87.42800903320312 28.688613891601562 
87.42481994628906 28.688613891601562 
87.42481994628906 28.691444396972656 
> -Z-0.05041082948446274 
87.42801666259766 28.691434860229492 
87.43120574951172 28.691434860229492 
87.43120574951172 28.6886043548584 
87.42801666259766 28.6886043548584 
87.42801666259766 28.691434860229492 
> -Z-0.07415572553873062 
87.42481231689453 28.688623428344727 
87.42799377441406 28.688623428344727 
87.42799377441406 28.685792922973633 
87.42481231689453 28.685792922973633 
87.42481231689453 28.688623428344727 
> -Z-0.05066382884979248 
87.42800903320312 28.688613891601562 
87.43119812011719 28.688613891601562 
87.43119812011719 28.68578338623047 
87.42800903320312 28.68578338623047 
87.42800903320312 28.688613891601562 
> -Z-0.04277928173542023 
87.43122100830078 28.691425323486328 
87.43440246582031 28.691425323486328 
87.43440246582031 28.6885929107666 
87.43122100830078 28.6885929107666 
87.43122100830078 28.691425323486328 
> -Z-0.03456387668848038 
87.43441772460938 28.69141387939453 
87.43760681152344 28.69141387939453 
87.43760681152344 28.688583374023438 
87.43441772460938 28.688583374023438 
87.43441772460938 28.69141387939453 
> -Z-0.04743675887584686 
87.43120574951172 28.6886043548584 
87.43439483642578 28.6886043548584 
87.43439483642578 28.685773849487305 
87.43120574951172 28.685773849487305 
87.43120574951172 28.6886043548584 
> -Z-0.038831889629364014 
87.43440246582031 28.6885929107666 
87.43759155273438 28.6885929107666 
87.43759155273438 28.685762405395508 
87.43440246582031 28.685762405395508 
87.43440246582031 28.6885929107666 
> -Z-0.022145887836813927 
87.43763732910156 28.697046279907227 
87.44401550292969 28.697046279907227 
87.44401550292969 28.691383361816406 
87.43763732910156 28.691383361816406 
87.43763732910156 28.697046279907227 
> -Z-0.015509702265262604 
87.44403839111328 28.697025299072266 
87.45040893554688 28.697025299072266 
87.45040893554688 28.691362380981445 
87.44403839111328 28.691362380981445 
87.44403839111328 28.697025299072266 
> -Z-0.02562899701297283 
87.43761444091797 28.691404342651367 
87.4439926147461 28.691404342651367 
87.4439926147461 28.685741424560547 
87.43761444091797 28.685741424560547 
87.43761444091797 28.691404342651367 
> -Z-0.01676863431930542 
87.44401550292969 28.691383361816406 
87.45038604736328 28.691383361816406 
87.45038604736328 28.685720443725586 
87.44401550292969 28.685720443725586 
87.44401550292969 28.691383361816406 
> -Z-0.08461561053991318 
87.42479705810547 28.68580436706543 
87.42798614501953 28.68580436706543 
87.42798614501953 28.682971954345703 
87.42479705810547 28.682971954345703 
87.42479705810547 28.68580436706543 
> -Z-0.06279962509870529 
87.42799377441406 28.685792922973633 
87.43118286132812 28.685792922973633 
87.43118286132812 28.68296241760254 
87.42799377441406 28.68296241760254 
87.42799377441406 28.685792922973633 
> -Z-0.08677060902118683 
87.42478942871094 28.6829833984375 
87.42797088623047 28.6829833984375 
87.42797088623047 28.680152893066406 
87.42478942871094 28.680152893066406 
87.42478942871094 28.6829833984375 
> -Z-0.06736553460359573 
87.42798614501953 28.682971954345703 
87.4311752319336 28.682971954345703 
87.4311752319336 28.68014144897461 
87.42798614501953 28.68014144897461 
87.42798614501953 28.682971954345703 
> -Z-0.052385419607162476 
87.43119812011719 28.68578338623047 
87.43437957763672 28.68578338623047 
87.43437957763672 28.682952880859375 
87.43119812011719 28.682952880859375 
87.43119812011719 28.68578338623047 
> -Z-0.043526604771614075 
87.43439483642578 28.685773849487305 
87.43758392333984 28.685773849487305 
87.43758392333984 28.682941436767578 
87.43439483642578 28.682941436767578 
87.43439483642578 28.685773849487305 
> -Z-0.0567389577627182 
87.43118286132812 28.68296241760254 
87.43437194824219 28.68296241760254 
87.43437194824219 28.680131912231445 
87.43118286132812 28.680131912231445 
87.43118286132812 28.68296241760254 
> -Z-0.048143044114112854 
87.43437957763672 28.682952880859375 
87.43756866455078 28.682952880859375 
87.43756866455078 28.68012237548828 
87.43437957763672 28.68012237548828 
87.43437957763672 28.682952880859375 
> -Z-0.09111308306455612 
87.42477416992188 28.68016242980957 
87.42796325683594 28.68016242980957 
87.42796325683594 28.677331924438477 
87.42477416992188 28.677331924438477 
87.42477416992188 28.68016242980957 
> -Z-0.06648854911327362 
87.42797088623047 28.680152893066406 
87.43115997314453 28.680152893066406 
87.43115997314453 28.67732048034668 
87.42797088623047 28.67732048034668 
87.42797088623047 28.680152893066406 
> -Z-0.09571077674627304 
87.42476654052734 28.67734146118164 
87.42794799804688 28.67734146118164 
87.42794799804688 28.674510955810547 
87.42476654052734 28.674510955810547 
87.42476654052734 28.67734146118164 
> -Z-0.08023473620414734 
87.42796325683594 28.677331924438477 
87.43115234375 28.677331924438477 
87.43115234375 28.674501419067383 
87.42796325683594 28.674501419067383 
87.42796325683594 28.677331924438477 
> -Z-0.05985579639673233 
87.4311752319336 28.68014144897461 
87.43435668945312 28.68014144897461 
87.43435668945312 28.677310943603516 
87.4311752319336 28.677310943603516 
87.4311752319336 28.68014144897461 
> -Z-0.049473583698272705 
87.43437194824219 28.680131912231445 
87.43756103515625 28.680131912231445 
87.43756103515625 28.67730140686035 
87.43437194824219 28.67730140686035 
87.43437194824219 28.680131912231445 
> -Z-0.06890998035669327 
87.43115997314453 28.67732048034668 
87.4343490600586 28.67732048034668 
87.4343490600586 28.674489974975586 
87.43115997314453 28.674489974975586 
87.43115997314453 28.67732048034668 
> -Z-0.05800623446702957 
87.43435668945312 28.677310943603516 
87.43754577636719 28.677310943603516 
87.43754577636719 28.674480438232422 
87.43435668945312 28.674480438232422 
87.43435668945312 28.677310943603516 
> -Z-0.03431905061006546 
87.43759155273438 28.685762405395508 
87.44078063964844 28.685762405395508 
87.44078063964844 28.682931900024414 
87.43759155273438 28.682931900024414 
87.43759155273438 28.685762405395508 
> -Z-0.026623012498021126 
87.44078826904297 28.685752868652344 
87.44397735595703 28.685752868652344 
87.44397735595703 28.682920455932617 
87.44078826904297 28.682920455932617 
87.44078826904297 28.685752868652344 
> -Z-0.03738345205783844 
87.43758392333984 28.682941436767578 
87.44076538085938 28.682941436767578 
87.44076538085938 28.680110931396484 
87.43758392333984 28.680110931396484 
87.43758392333984 28.682941436767578 
> -Z-0.02906966768205166 
87.44078063964844 28.682931900024414 
87.4439697265625 28.682931900024414 
87.4439697265625 28.68010139465332 
87.44078063964844 28.68010139465332 
87.44078063964844 28.682931900024414 
> -Z-0.019278323277831078 
87.4439926147461 28.685741424560547 
87.45036315917969 28.685741424560547 
87.45036315917969 28.68008041381836 
87.4439926147461 28.68008041381836 
87.4439926147461 28.685741424560547 
> -Z-0.040701091289520264 
87.43756866455078 28.68012237548828 
87.44075775146484 28.68012237548828 
87.44075775146484 28.677289962768555 
87.43756866455078 28.677289962768555 
87.43756866455078 28.68012237548828 
> -Z-0.0320381261408329 
87.44076538085938 28.680110931396484 
87.44395446777344 28.680110931396484 
87.44395446777344 28.67728042602539 
87.44076538085938 28.67728042602539 
87.44076538085938 28.680110931396484 
> -Z-0.04874825477600098 
87.43756103515625 28.67730140686035 
87.44074249267578 28.67730140686035 
87.44074249267578 28.674468994140625 
87.43756103515625 28.674468994140625 
87.43756103515625 28.67730140686035 
> -Z-0.03834119066596031 
87.44075775146484 28.677289962768555 
87.44393920898438 28.677289962768555 
87.44393920898438 28.67445945739746 
87.44075775146484 28.67445945739746 
87.44075775146484 28.677289962768555 
> -Z-0.024486364796757698 
87.4439697265625 28.68010139465332 
87.44715118408203 28.68010139465332 
87.44715118408203 28.677268981933594 
87.4439697265625 28.677268981933594 
87.4439697265625 28.68010139465332 
> -Z-0.018778573721647263 
87.4471664428711 28.680089950561523 
87.45034790039062 28.680089950561523 
87.45034790039062 28.67725944519043 
87.4471664428711 28.67725944519043 
87.4471664428711 28.680089950561523 
> -Z-0.026094559580087662 
87.44395446777344 28.67728042602539 
87.4471435546875 28.67728042602539 
87.4471435546875 28.674448013305664 
87.44395446777344 28.674448013305664 
87.44395446777344 28.67728042602539 
> -Z-0.01979067362844944 
87.44715118408203 28.677268981933594 
87.4503402709961 28.677268981933594 
87.4503402709961 28.6744384765625 
87.44715118408203 28.6744384765625 
87.44715118408203 28.677268981933594 
> -Z-0.006888693664222956 
87.45053100585938 28.719568252563477 
87.47602844238281 28.719568252563477 
87.47602844238281 28.696916580200195 
87.45053100585938 28.696916580200195 
87.45053100585938 28.719568252563477 
> -Z-0.004690808244049549 
87.47612762451172 28.719480514526367 
87.50161743164062 28.719480514526367 
87.50161743164062 28.696823120117188 
87.47612762451172 28.696823120117188 
87.47612762451172 28.719480514526367 
> -Z-0.017115989699959755 
87.43133544921875 28.71963119506836 
87.43771362304688 28.71963119506836 
87.43771362304688 28.713970184326172 
87.43133544921875 28.713970184326172 
87.43133544921875 28.71963119506836 
> -Z-0.022332429885864258 
87.42491149902344 28.71401023864746 
87.43128967285156 28.71401023864746 
87.43128967285156 28.708349227905273 
87.42491149902344 28.708349227905273 
87.42491149902344 28.71401023864746 
> -Z-0.017965765669941902 
87.43131256103516 28.7139892578125 
87.43768310546875 28.7139892578125 
87.43768310546875 28.708328247070312 
87.43131256103516 28.708328247070312 
87.43131256103516 28.7139892578125 
> -Z-0.014523771591484547 
87.43773651123047 28.7196102142334 
87.44410705566406 28.7196102142334 
87.44410705566406 28.71394920349121 
87.43773651123047 28.71394920349121 
87.43773651123047 28.7196102142334 
> -Z-0.011745923198759556 
87.44412994384766 28.719589233398438 
87.45050811767578 28.719589233398438 
87.45050811767578 28.71392822265625 
87.44412994384766 28.71392822265625 
87.44412994384766 28.719589233398438 
> -Z-0.010492968373000622 
87.39985656738281 28.855119705200195 
87.50194549560547 28.855119705200195 
87.50194549560547 28.76451873779297 
87.39985656738281 28.76451873779297 
87.39985656738281 28.855119705200195 
> -Z-0.01240311935544014 
87.50108337402344 28.58399772644043 
87.60282897949219 28.58399772644043 
87.60282897949219 28.49332046508789 
87.50108337402344 28.49332046508789 
87.50108337402344 28.58399772644043 
> -Z-0.005310799460858107 
87.50151062011719 28.674259185791016 
87.60334014892578 28.674259185791016 
87.60334014892578 28.583580017089844 
87.50151062011719 28.583580017089844 
87.50151062011719 28.674259185791016 
> -Z-0.009394844062626362 
87.50194549560547 28.76451873779297 
87.6038589477539 28.76451873779297 
87.6038589477539 28.673839569091797 
87.50194549560547 28.673839569091797 
87.50194549560547 28.76451873779297 
> -Z-0.011297143995761871 
87.50237274169922 28.85477638244629 
87.60437774658203 28.85477638244629 
87.60437774658203 28.76409912109375 
87.50237274169922 28.76409912109375 
87.50237274169922 28.85477638244629 
