Number xind yind east north data err wgt Elos Nlos Ulos
********************************************************
   0  619 4216 100.365990 38.085303 0.01261650499986197 0.0006137092556240677 3075 -0.509149759804033 -0.09864193418755168 0.8550066028465712
   1  618 4225 100.357030 38.168975 0.012595268381701033 0.0006907321630587548 6178 -0.5102084601924154 -0.09878744662542858 0.8543584537752948
   2  618 4234 100.355452 38.254894 0.010786620818062854 0.0008211921566451489 7135 -0.5121206452036815 -0.09905042133678128 0.8531831332071509
   3  618 4245 100.351105 38.348614 0.008990155694932316 0.0006802811928138306 8616 -0.5140140858940543 -0.09931442656045367 0.8520130070482892
   4  616 4254 100.337161 38.429661 0.01092880621053705 0.0012557749201453385 10987 -0.5142577411715659 -0.09933498928108121 0.8518635662766934
   5  629 4175 100.470991 37.721573 0.007226110497791034 0.0006223652819518027 3596 -0.5110699440359509 -0.09888405347792145 0.8538322178688653
   6  628 4185 100.460136 37.807417 0.007106237292014096 0.00046723230288939183 7136 -0.511869777338509 -0.09898776499506386 0.8533409362199303
   7  627 4195 100.450036 37.895575 0.00800514958357666 0.0008918618652258006 10326 -0.5129622463734966 -0.09913932129037326 0.8526670679518121
   8  626 4205 100.440451 37.986402 0.010553644603176877 0.0007510035313748547 13228 -0.5138514912367402 -0.09924594273996679 0.8521190572938933
   9  626 4215 100.436562 38.074023 0.011851820284101195 0.0005209760373712418 14849 -0.515236970354111 -0.09941839508315067 0.8512619145124534
  10  625 4224 100.438256 38.164083 0.012331372479903343 0.000620934143734379 14863 -0.5174242657973956 -0.09970729328768331 0.8499003381745825
  11  626 4234 100.440079 38.254186 0.009948646288065102 0.0009105155396738351 14900 -0.5198210923062099 -0.10003323191563006 0.8483981285375944
  12  626 4245 100.441895 38.344313 0.009929691993515781 0.001047786972241163 14907 -0.521693467282826 -0.10025911729525074 0.8472213616249298
  13  626 4254 100.444209 38.433795 0.012622863131796077 0.00129098261246149 14717 -0.5233428956690325 -0.10043982670870091 0.8461820458763457
  14  639 4125 100.573593 37.266557 0.009160741762931046 0.000972824246281923 4145 -0.5103139389870581 -0.09874767418096578 0.8543000529786728
  15  638 4135 100.565223 37.354139 0.006245997955369926 0.0008254849870133325 6909 -0.5115724142843984 -0.09892294706999318 0.8535267514766127
  16  637 4145 100.556321 37.443850 0.00485005890930985 0.00044164141642726924 9753 -0.5127646189315911 -0.09908534563410439 0.8527922020354725
  17  636 4155 100.548481 37.533163 0.004885918481443269 0.00042345186374780183 12297 -0.5140769861484971 -0.09926456780960481 0.8519808670915389
  18  636 4165 100.541874 37.622616 0.00600121789683935 0.0014557635259452538 14540 -0.5153016485087485 -0.099419772734096 0.8512226029856508
  19  635 4175 100.542956 37.712214 0.006979400894498334 0.001760635018134828 14775 -0.5172286971365014 -0.09966454972946653 0.8500243834065585
  20  635 4185 100.544832 37.802290 0.006066437877947496 0.0007233786028414072 14782 -0.519357146993206 -0.09994084988713231 0.8486931014158858
  21  635 4194 100.546691 37.892352 0.00748494365089771 0.001076851659582164 14818 -0.5215282713138832 -0.10022380045226485 0.8473272402344075
  22  636 4205 100.548662 37.982477 0.010884331409678847 0.0007766713496455302 14840 -0.523207359791025 -0.10041222360303693 0.8462691321391788
  23  635 4215 100.550469 38.072561 0.01159236697293956 0.0004140768784328323 14841 -0.5253338025958448 -0.10068401463933922 0.84491841324846
  24  635 4225 100.552383 38.162659 0.011200213491333329 0.0006727590022870838 14880 -0.5275568717081159 -0.10097175989384033 0.8434977479623091
  25  636 4235 100.554393 38.252785 0.00970567493522534 0.0007628859334532869 14889 -0.5297764749668895 -0.1012567137814432 0.8420712348048944
  26  635 4245 100.556215 38.342842 0.010901578962897953 0.0011439598763508438 14891 -0.5314254526779721 -0.10143482900397524 0.8410100853800427
  27  635 4254 100.558172 38.432918 0.013131674643777071 0.0007389162556557901 14934 -0.5329949063564104 -0.1015959963193483 0.8399968353095149
  28  636 4261 100.567838 38.489016 0.013151429068236006 0.00038602522641788695 3473 -0.5347263291353954 -0.10178735666695356 0.8388725093553485
  29  647 4095 100.658008 36.997362 0.011667995233594743 0.0004673347312200086 8540 -0.5121432885181052 -0.09897138284998619 0.8531787136366109
  30  646 4105 100.650232 37.081625 0.010768030652626942 0.0005432072759686898 12603 -0.5133055044778564 -0.09912868253096954 0.8524617078628269
  31  646 4115 100.644651 37.170120 0.009950062253814614 0.000634250998950494 14643 -0.5146779866175015 -0.09930808364744977 0.8516128666322661
  32  645 4125 100.646412 37.260142 0.008406464022424412 0.0010597355634337073 14694 -0.5167639280391314 -0.09957980011248871 0.8503169444901849
  33  645 4135 100.648402 37.350237 0.005850505128927717 0.0005299317926453903 14704 -0.519017915700044 -0.09988034836141468 0.8489077212474772
  34  646 4145 100.650477 37.440334 0.0044744002884724325 0.0008180826728804188 14728 -0.5211407466776001 -0.10015415096590932 0.8475738718227522
  35  645 4155 100.652305 37.530431 0.003808391804214843 0.0014581125643119233 14738 -0.5232199639390219 -0.10041961289613122 0.8462604626717709
  36  645 4164 100.654341 37.620435 0.005940178618875514 0.0044466791614392615 14719 -0.5251534253796674 -0.10065524017005531 0.8450339652572023
  37  646 4175 100.656465 37.710654 0.004553225672121696 0.0025565873757711476 14741 -0.5271265525868157 -0.10089607346240723 0.843775787705364
  38  645 4185 100.658343 37.800720 0.00613113161432379 0.0010977019844906626 14803 -0.5293348950531609 -0.10118098305896053 0.8423579865747588
  39  645 4195 100.660379 37.890820 0.008540166142670015 0.00149442307032669 14812 -0.5313061363689928 -0.10141909322865633 0.8410873658457427
  40  646 4205 100.662512 37.980911 0.010950909116692959 0.0012405112900687172 14832 -0.5330441614068726 -0.10161172716096574 0.8399636771274157
  41  645 4215 100.664385 38.070996 0.010755736039872042 0.0006123183195844383 14849 -0.535198031778386 -0.10188188659352584 0.8385601635927417
  42  646 4225 100.666545 38.161088 0.0105325641668068 0.0005551465728810389 14872 -0.5372482226245776 -0.10212954423432338 0.8372179545860335
  43  646 4235 100.668620 38.251177 0.010249055339031731 0.0009760302539834901 14882 -0.5392825978604796 -0.10237325120233721 0.8358791761272173
  44  645 4245 100.670573 38.341264 0.011577769732097756 0.0012729671061844016 14912 -0.5410281498146174 -0.10256259059636813 0.834727174661478
  45  646 4255 100.672729 38.431357 0.013107558767851867 0.00048731489519889215 14921 -0.542560712153006 -0.10271001245808477 0.8337136960425221
  46  646 4262 100.678725 38.496395 0.01375900006961715 0.0007754443775274643 6539 -0.5441674200697779 -0.102882030933146 0.8326446460799907
  47  655 4096 100.750433 37.001733 0.012682435830890699 0.0007027495794431562 10189 -0.5205743825415258 -0.1000565532151677 0.8479333690805012
  48  655 4105 100.754990 37.078309 0.011660568526446972 0.0008189774754287449 14650 -0.5225916833324391 -0.10031387945468356 0.8466611235320297
  49  656 4115 100.757154 37.168406 0.010049529371806101 0.0009736218644499881 14681 -0.5247839278498596 -0.10059847085993025 0.8452702388769624
  50  655 4125 100.759126 37.258521 0.007825289023820684 0.0011763552485508056 14686 -0.5268456505413253 -0.10085809201986085 0.8439557487094932
  51  655 4135 100.761261 37.348616 0.004909311599557604 0.001115457294150266 14712 -0.5290244333235667 -0.10113720993549963 0.8425582553824642
  52  656 4145 100.763465 37.438720 0.0027625940269688154 0.001090006381572558 14723 -0.5310412545511098 -0.10138408925304139 0.841258849826327
  53  655 4155 100.765425 37.528832 0.0024654032617277112 0.0015759110405615111 14727 -0.5329876400500724 -0.10161776842405998 0.8399988123172368
  54  656 4165 100.767677 37.618889 0.0016299204586691005 0.001567001010341679 14756 -0.5349887020986351 -0.10185855599663872 0.8386965620515547
  55  656 4175 100.769808 37.708994 0.0013500479869682181 0.001421360350740744 14783 -0.5369851267893242 -0.10209758061101809 0.8373906242850049
  56  655 4185 100.771877 37.799075 0.0044839792907091745 0.001654274087618824 14788 -0.5390862843360771 -0.10235492977151016 0.8360080420619119
  57  655 4195 100.774079 37.889157 0.007836624996564321 0.0009767110698873556 14819 -0.5410099945917783 -0.10257709387884005 0.8347371595677142
  58  656 4205 100.776315 37.979254 0.009597192511362826 0.0010759461011329973 14828 -0.5427761217940216 -0.10276837903445327 0.8335662792369137
  59  655 4215 100.778351 38.069347 0.0097873131456739 0.0005350946105586815 14852 -0.5449478065588177 -0.10303435364581297 0.8321152625060563
  60  656 4225 100.780633 38.159420 0.010480900437190056 0.0005940885250887409 14860 -0.5467681810592352 -0.10323253257934467 0.8308956615595186
  61  656 4235 100.782851 38.249492 0.01160746020204812 0.0004956010598339669 14889 -0.548453930093133 -0.1034048275760142 0.8297624528739364
  62  655 4245 100.784982 38.339594 0.01223043425164125 0.0005251228123126976 14904 -0.5501938389413393 -0.10358618485388565 0.8285871359720764
  63  655 4255 100.787217 38.429659 0.013052809975436879 0.0004950507376577992 14915 -0.5519084713410278 -0.10376093849436893 0.8274241396676661
  64  656 4263 100.792146 38.503837 0.014274388158780021 0.0006059021297430885 9604 -0.5536356198634261 -0.1039431773374522 0.8262465832325329
  65  665 4097 100.861802 37.009380 0.01315882233897164 0.0019471556903909886 7111 -0.5304924408542361 -0.10129459643424374 0.8416158119532561
  66  665 4105 100.867419 37.076618 0.012089845192546403 0.0005614161332038834 14653 -0.5323888773969506 -0.10152973853366126 0.8403890738326512
  67  666 4114 100.869715 37.166675 0.010415430947311299 0.001055913963009828 14659 -0.5345523475415748 -0.10180187804668293 0.8389816239727541
  68  665 4124 100.871869 37.256765 0.006968360219264053 0.0011241402544212176 14701 -0.5367777477548216 -0.10208469047471616 0.837525143196276
  69  665 4135 100.874122 37.346891 0.0041551710536751095 0.0009491032852329638 14704 -0.5388505685894367 -0.10233694302866349 0.8361621940881978
  70  666 4145 100.876413 37.436958 0.00200755643564499 0.0007306948191856985 14718 -0.5409162877177803 -0.10258617398297037 0.834796769632676
  71  665 4155 100.878584 37.527055 0.00103268634278249 0.0008062402658090334 14748 -0.5428012540497308 -0.10280109860439007 0.8335458791978819
  72  665 4165 100.880888 37.617142 -0.0022429298421688245 0.0019718768511925544 14748 -0.5446367965901439 -0.10300469033351217 0.8323225297739594
  73  666 4174 100.883212 37.707196 -0.005416867926573196 0.0036232563557301754 14775 -0.5466719579691645 -0.10324351907665137 0.8309576079071839
  74  665 4185 100.885425 37.797317 -0.0006591057559114242 0.003382889822983025 14806 -0.5487297740682896 -0.10348556468587335 0.8295699927990463
  75  665 4195 100.887744 37.887417 0.0072378904873384815 0.0020986253748875496 14803 -0.5505309485232152 -0.10367826688630731 0.8283516715101025
  76  666 4205 100.890144 37.977469 0.008956611873975333 0.0012220079444317774 14806 -0.5523109368448705 -0.10386519069252921 0.8271424612507485
  77  665 4215 100.892348 38.067557 0.009563026353410964 0.0006219305876540563 14858 -0.5543594678831986 -0.10410106416889897 0.8257412117650176
  78  665 4225 100.894672 38.157648 0.010410818361588234 0.0006287991052794146 14860 -0.5560882155618982 -0.10427608709108827 0.8245558769265765
  79  666 4234 100.897058 38.247680 0.011440840350604858 0.00042676233598631507 14875 -0.5577091265638033 -0.10442968430390132 0.8234409336337531
  80  666 4244 100.899391 38.337765 0.01186165793730231 0.00042056947566886425 14913 -0.5594284070497313 -0.10460006471123455 0.8222522020938622
  81  665 4255 100.901712 38.427870 0.012401829196418425 0.000685897515598491 14921 -0.5612029190313471 -0.10477922060925926 0.8210192437447561
  82  666 4264 100.906281 38.511255 0.013876428408985562 0.0005479676143349516 12671 -0.5630439761293748 -0.10496523193353743 0.8197339696691619
  83  675 4098 100.971425 37.016712 0.012137879731500444 0.00042457575628710017 4077 -0.5401466118462983 -0.10247020288487542 0.8353092213256696
  84  675 4104 100.979836 37.074757 0.011330597282616867 0.0015819484199895136 14636 -0.5420694675556078 -0.10270126900891667 0.834034256903119
  85  675 4115 100.982234 37.164876 0.009380073930150891 0.0013501363845463453 14669 -0.5442951742357142 -0.10297786561948617 0.8325492913312512
  86  676 4125 100.984617 37.254961 0.007171127762338064 0.0011016781502389418 14687 -0.546521322008594 -0.10325304964966396 0.8310555049622274
  87  675 4135 100.986949 37.345048 0.005213025611330237 0.0008492099557606529 14704 -0.548301167141722 -0.10344448579340815 0.8298584629139856
  88  675 4144 100.989346 37.435107 0.00310035162534243 0.0008766789462008238 14716 -0.5504122842380123 -0.10369522246165556 0.8284284025783527
  89  676 4154 100.991742 37.525192 -0.0003571031212844558 0.001780137786798599 14745 -0.5523475655580864 -0.10391200033866733 0.8271121223919234
  90  675 4165 100.994113 37.615303 -0.00982926107446136 0.005995177498714683 14762 -0.5539667544193057 -0.10406932625770329 0.8260087229142369
  91  676 4175 100.996561 37.705374 -0.02782240857206789 0.012756013557785382 14767 -0.555976542613344 -0.10429654476305524 0.8246285920426241
  92  673 4187 100.971187 37.818427 -0.005107034101957731 0.00411736666955853 3702 -0.556140853083008 -0.10431640369074043 0.8245152754516648
  93  678 4187 101.027973 37.817438 -0.012737176021785274 0.010696311994659483 3699 -0.5607031842601442 -0.10481642007569886 0.8213558651662806
  94  673 4182 100.970076 37.773345 -0.015257344373527009 0.005265575749823953 3700 -0.5552008929460912 -0.10421453930493046 0.8251613771071232
  95  678 4182 101.026797 37.772414 -0.04196799002228293 0.012879184521230377 3689 -0.5597324008867656 -0.10471074990416422 0.8220312027241087
  96  675 4195 101.001392 37.885527 0.010669943087454975 0.005186674846508464 14813 -0.5597700822041222 -0.10470526249708204 0.8220062427224062
  97  675 4205 101.003844 37.975590 0.010140638427127511 0.001132775399067958 14822 -0.5617606631331026 -0.1049242825146403 0.8206191883541628
  98  676 4214 101.006319 38.065650 0.009661773911076452 0.00048144295922224775 14846 -0.5636727016503702 -0.10512731434342021 0.8192809854946668
  99  675 4225 101.008772 38.155752 0.01042018206344277 0.0007879627230277893 14874 -0.5652732230496129 -0.10527217055519186 0.8181588802975258
 100  675 4235 101.011231 38.245845 0.010596766546633994 0.0002794042426175024 14879 -0.5668510727462865 -0.10541158746057987 0.8170485044080459
 101  676 4245 101.013764 38.335880 0.011005905802115766 0.0003510856072360065 14892 -0.5685834596861025 -0.10557726000337765 0.815822463248936
 102  676 4255 101.016241 38.425954 0.011942977132628214 0.0005689931932485177 14927 -0.5703397042382128 -0.10574606666696844 0.814573748136983
 103  676 4264 101.019036 38.515752 0.012702863391307499 0.0005370567711094671 14836 -0.5721241954319359 -0.10591704947898695 0.813299135393015
 104  685 4105 101.092181 37.073018 0.010092951599640944 0.0026526142333548296 14580 -0.5516036455819623 -0.10382344695047875 0.8276195442617399
 105  685 4115 101.094793 37.162927 0.007571221572072275 0.0009973476934890457 14666 -0.5537451211739101 -0.10407713254839172 0.8261563358448546
 106  685 4124 101.097289 37.252982 0.007173918521892005 0.0007863162075138855 14680 -0.5557547243232002 -0.10430549160621987 0.8247769703460619
 107  686 4134 101.099797 37.343055 0.005041027298798195 0.00081837868582834 14711 -0.5576212111478547 -0.1045059089115631 0.8234908013333043
 108  686 4145 101.102316 37.433168 0.0038944124141336435 0.000999510067706926 14725 -0.5596446638403125 -0.1047334638043542 0.8220880438217099
 109  686 4154 101.104845 37.523222 -0.0012261266941246637 0.003123095775428803 14726 -0.5614102050730984 -0.10491233202096918 0.8208605144783757
 110  685 4165 101.107373 37.613307 -0.0177570139315091 0.008999575219052109 14759 -0.5631343432805727 -0.10508213725110013 0.8196569135002151
 111  682 4178 101.068362 37.738011 -0.08198539994769684 0.010125083933702308 926 -0.5623598553913114 -0.10499345667033565 0.8201998336385332
 112  684 4179 101.089998 37.743142 -0.11387880263440812 0.007404725934635454 223 -0.5641905003545635 -0.10519081488340423 0.8189163399113688
 113  685 4179 101.104277 37.742836 -0.14061643211765493 0.010277874038147878 235 -0.5653328493323042 -0.10531395202285193 0.8181123034004236
 114  684 4178 101.089233 37.731957 -0.09906200394660485 0.0062702616998079235 238 -0.5639225717162428 -0.10516281701933491 0.8191044591659216
 115  685 4178 101.103308 37.731666 -0.11716425738635317 0.008996648624345288 226 -0.5650489663911086 -0.10528434432703472 0.8183122096241545
 116  682 4176 101.067787 37.715428 -0.06785939556202543 0.005871125556176747 926 -0.5619097037349495 -0.1049473276965869 0.8205141944280102
 117  684 4176 101.096132 37.714887 -0.08643698370353148 0.008672720248693805 921 -0.564184008632733 -0.1051940303380653 0.8189203992967414
 118  686 4179 101.118311 37.742745 -0.16284270175901647 0.00926848560552338 237 -0.5664695836550154 -0.10543694037227014 0.8173097713833158
 119  687 4179 101.132477 37.742352 -0.1811031347890785 0.011917053119699175 221 -0.5676099841114403 -0.10555987310378072 0.8165023080967526
 120  686 4178 101.117745 37.731446 -0.1391650906257462 0.00815648644726734 228 -0.5662124988374534 -0.10541008958999665 0.8174913572465924
 121  687 4178 101.131884 37.731146 -0.1524323002124826 0.008125326584452733 240 -0.5673497482547709 -0.10553257506687834 0.816686683346191
 122  689 4179 101.146740 37.742100 -0.20368567154263006 0.013267356587523383 231 -0.5687608731105066 -0.10568358176161485 0.8156850187202228
 123  690 4179 101.157199 37.744931 -0.23094083949670954 0.00868255106852794 59 -0.5696630901363889 -0.10578019932736608 0.8150426449987284
 124  690 4179 101.164244 37.744763 -0.24049501021703085 0.007942131573143956 60 -0.5702293967807228 -0.10584068238311292 0.8146386837118466
 125  690 4179 101.157009 37.739025 -0.20444460825196334 0.0069743779558400065 56 -0.5695321389271526 -0.1057662925068875 0.8151359604988668
 126  690 4179 101.164078 37.739025 -0.21326594882541233 0.00829262372154373 63 -0.5701046164774874 -0.10582750255972959 0.8147277250548354
 127  689 4178 101.145992 37.730897 -0.1657675110127615 0.01097509278951712 230 -0.5684839094683285 -0.10565427865450937 0.8158818652707024
 128  690 4178 101.160395 37.730679 -0.18000877182930708 0.01111089163204426 224 -0.5696410989399175 -0.10577797613857488 0.8150583035357349
 129  687 4176 101.124465 37.714284 -0.11180577543010979 0.014729166526275251 926 -0.5664448678187085 -0.10543717077068386 0.8173268714178676
 130  689 4176 101.152896 37.713978 -0.13172989457974701 0.013637679711659982 924 -0.5687115181212296 -0.1056789494931783 0.8157200308869856
 131  683 4172 101.080901 37.681406 -0.049532659876436264 0.012384594273724002 3689 -0.5623229731719496 -0.10499374542081477 0.8202250832945601
 132  687 4173 101.123693 37.691760 -0.07653833218605004 0.00995424792277147 923 -0.5659518091940625 -0.1053850156967564 0.8176750871443754
 133  689 4173 101.152078 37.691450 -0.0895753258686045 0.012017634908038664 924 -0.5682006468884336 -0.10562423569904127 0.8160830507421158
 134  687 4171 101.123013 37.669233 -0.04963574583089842 0.006916020021126402 924 -0.5654257231190435 -0.10532619686829509 0.8180465413951507
 135  689 4171 101.151427 37.668894 -0.055062963547738826 0.007801848031973761 925 -0.5676897290117252 -0.10556843886204603 0.8164457583274131
 136  682 4188 101.070831 37.828026 0.0074640033200165665 0.007499483793021304 924 -0.5643967073913784 -0.10521947115727161 0.8187705536810389
 137  684 4188 101.099287 37.827368 0.03356594621089821 0.011442125452367375 923 -0.5666998642733166 -0.10546901261654183 0.8171459791312053
 138  681 4186 101.063575 37.811221 -0.016497462998156638 0.006392728744227944 227 -0.5634938133179804 -0.10512281745737019 0.8194046104350313
 139  682 4186 101.077591 37.810959 -0.008706038773694871 0.00850337286147938 238 -0.5646326306382826 -0.1052469084723216 0.8186043492893935
 140  681 4185 101.062760 37.800037 -0.04560737563098999 0.009298986035404092 235 -0.5632172694265715 -0.10509348881087167 0.8195984785425336
 141  682 4185 101.073873 37.802488 -0.03823502891350026 0.006858357989212062 51 -0.5641706896179405 -0.10519730493462427 0.8189291544514148
 142  683 4185 101.080904 37.802309 -0.03541765587984538 0.01235619581055935 61 -0.5647410226895726 -0.10525943901373781 0.8185279639633878
 143  682 4185 101.073337 37.797156 -0.06009413625617496 0.005926914898970677 61 -0.5640270510192313 -0.10518209028572538 0.8190300443827899
 144  683 4185 101.080578 37.796864 -0.0705843200641019 0.009487333455358555 49 -0.5646125966245458 -0.10524591666275435 0.8186182949083807
 145  684 4186 101.091601 37.810722 0.005174010995297226 0.008910895848282812 228 -0.5657703319572659 -0.10537044959496647 0.8178025433007162
 146  685 4186 101.105827 37.810643 0.019425367398879543 0.00698455080037704 216 -0.5669167149094172 -0.10549372022536853 0.816992358195183
 147  683 4186 101.086323 37.803890 -0.020032871048897505 0.002544018744005793 12 -0.5652125784036701 -0.10531052714012135 0.8181958409132527
 148  683 4186 101.089649 37.803890 -0.01625349357103308 0.0021751835222942467 12 -0.5654838069107513 -0.1053399862832954 0.8180046157642141
 149  683 4185 101.085491 37.801811 -0.04317152174189687 0.016326474137387068 4 -0.5651059196192099 -0.10529910207624407 0.8182709812239856
 150  683 4185 101.087154 37.801811 -0.040993014350533485 0.01613821997126733 4 -0.5652415799513607 -0.10531386915710995 0.8181753756116402
 151  683 4185 101.085491 37.800148 -0.06260816939175129 0.0008861341105309571 4 -0.5650748859330336 -0.10529588907700962 0.8182928259683395
 152  683 4185 101.087154 37.800148 -0.062060797587037086 0.0008591859351970504 4 -0.5652104798445207 -0.10531068655249766 0.8181972700833022
 153  683 4185 101.089649 37.800980 -0.052647653967142105 0.014473853577759653 16 -0.5654294871025605 -0.10533432794565249 0.8180428928064672
 154  684 4186 101.093213 37.803831 -0.015468768609155501 0.0100455884603941 14 -0.565773245388425 -0.10537134341930478 0.8178004125632733
 155  684 4186 101.096053 37.804223 -0.00761650949716568 0.005026879130782348 5 -0.5660119359507841 -0.10539728522987815 0.817631885769762
 156  684 4186 101.097965 37.804306 -0.015331701037212042 0.023430467579512865 4 -0.566169388010618 -0.10541422888097766 0.8175206813464175
 157  684 4185 101.095720 37.802560 -0.03853228539228439 0.018412944430665698 5 -0.5659538286007202 -0.10539114953875643 0.8176728988361338
 158  684 4185 101.097965 37.802643 -0.05412974953651428 0.0015709643555291534 4 -0.5661383619607038 -0.10541106668016244 0.8175425751224222
 159  684 4185 101.092892 37.800896 -0.05814057240883509 0.006092849877164022 15 -0.5656923197269726 -0.1053628180625 0.8178574912366121
 160  684 4185 101.096782 37.800692 -0.05835767921346884 0.004278642831982214 13 -0.5660055616031582 -0.10539681435708245 0.8176363591216281
 161  683 4185 101.087753 37.796490 -0.08230572509563576 0.011117726044049508 59 -0.5651910464935903 -0.10530884370333336 0.8182109314848751
 162  684 4185 101.092976 37.798069 -0.0798575555284818 0.00809989722524626 12 -0.5656464006745722 -0.10535814468821625 0.8178898524567707
 163  684 4185 101.096718 37.798069 -0.07970930884281795 0.01251838055525692 12 -0.5659514711094656 -0.10539123749012826 0.8176745192369217
 164  684 4185 101.092976 37.795436 -0.10134679451584816 0.01077573487630161 12 -0.5655972597887274 -0.10535300500634477 0.817924497772023
 165  684 4185 101.096334 37.794998 -0.12118960802371685 0.011138668718277192 13 -0.5658629487257484 -0.10538187415291939 0.8177369894161688
 166  685 4185 101.102100 37.802368 -0.03818107983273155 0.012367002630121204 53 -0.5664662080081398 -0.10544628456280528 0.817310905504618
 167  685 4186 101.107382 37.803597 -0.023195863170686233 0.01450925679651796 17 -0.5669072705556114 -0.10549297538799092 0.81699900779314
 168  685 4186 101.110439 37.803890 -0.007743562171526719 0.007667282996408176 2 -0.5671543443733797 -0.1055191227199248 0.8168241330903606
 169  685 4186 101.112103 37.803890 0.000617750542005524 0.0012830694031435996 2 -0.5672856536242947 -0.10553300691757586 0.8167311501608051
 170  685 4186 101.110023 37.802643 -0.03596771601587534 0.008378705941140652 2 -0.5670976883974214 -0.1055131172242687 0.8168642444787989
 171  685 4186 101.112518 37.803059 0.000386149127734825 0.0 1 -0.5673025758667934 -0.10553482011514846 0.8167191617429852
 172  685 4185 101.106947 37.800730 -0.038205161690711975 0.0034168965045589528 10 -0.5668187901255437 -0.10548371755595015 0.8170615916142376
 173  684 4185 101.099213 37.798069 -0.07568281143903732 0.0 1 -0.5661547700606293 -0.10541334600374844 0.8175309185724353
 174  685 4185 101.101292 37.798485 -0.09744145441800356 0.028951369824356366 4 -0.5663308745430398 -0.10543224487810775 0.817406497575887
 175  684 4185 101.100044 37.797237 -0.11978890746831894 0.0 1 -0.566207120738815 -0.10541902666031916 0.8174939297894829
 176  684 4185 101.100876 37.797237 -0.12175735831260681 0.0 1 -0.5662748125042969 -0.10542633212180129 0.8174460992741768
 177  685 4185 101.103846 37.797475 -0.14124815591744014 0.0089933325432834 7 -0.5665132108972027 -0.10545155650487076 0.8172776462804067
 178  684 4185 101.100044 37.795066 -0.13570541391770044 0.008026327320093452 18 -0.5661662778352009 -0.1054147091801776 0.8175227733407141
 179  685 4185 101.103786 37.794980 -0.1563707015344075 0.006861734930134514 14 -0.5664617881766418 -0.10544617489318958 0.8173139829564378
 180  685 4185 101.107172 37.797000 -0.16749667695590428 0.008740364806444927 7 -0.5667661731348217 -0.10547829562084025 0.8170987909323033
 181  685 4185 101.111317 37.797053 -0.19204907947116429 0.008731777629906042 9 -0.5670934381564497 -0.10551281140496042 0.8168672346405615
 182  685 4185 101.106578 37.794624 -0.1756603036608015 0.007018799123990423 7 -0.5666746475762847 -0.10546867135900743 0.8171635106611523
 183  685 4185 101.110716 37.794743 -0.2019694186747074 0.006055561386159439 12 -0.5670022332952014 -0.10550319491904453 0.8169317861976777
 184  687 4188 101.127643 37.827173 0.05557569187199932 0.012861495713030238 911 -0.5689698343940516 -0.10571109249882447 0.815535708888526
 185  689 4189 101.149109 37.832165 0.08715943965167482 0.00451378559549 221 -0.5707858674002392 -0.10590355758708779 0.8142407076943248
 186  690 4189 101.163372 37.831913 0.1124661998315291 0.0119451890551285 231 -0.5719212183453842 -0.10602325717144369 0.8134280477983836
 187  689 4188 101.148788 37.821084 0.07138454512535751 0.012327577526184528 231 -0.5705328955766844 -0.10587607422222492 0.81442155667208
 188  690 4188 101.159451 37.823803 0.09255548187277533 0.008743949517595911 55 -0.5714371104512808 -0.10597139922953094 0.8137749635768023
 189  690 4188 101.166856 37.823601 0.11314533048487724 0.014304768476331732 47 -0.5720215668700044 -0.10603273143476608 0.8133562484545551
 190  690 4187 101.159424 37.818116 0.06012422559743232 0.013219675230271143 47 -0.5713156052052404 -0.10595799561191495 0.8138620168154276
 191  690 4187 101.165447 37.819446 0.07192083996008425 0.0077344123728139615 17 -0.5718214419334778 -0.10601119061660277 0.8134997639883915
 192  686 4186 101.120131 37.810225 0.03700529011725868 0.004735544549710631 233 -0.568042395119364 -0.105612934353832 0.8161946737416444
 193  687 4186 101.133996 37.809967 0.03291469039919572 0.006632695649324878 231 -0.5691346703652302 -0.10572815715288814 0.8154184715674001
 194  686 4186 101.114015 37.803558 0.005086472630500794 0.0032519461305954315 5 -0.5674303213412295 -0.10554830134460265 0.816628671126515
 195  686 4186 101.117092 37.803890 0.031016887165606022 0.0028091883286833763 2 -0.5676795825664797 -0.10557454052239795 0.8164520242675819
 196  686 4186 101.118755 37.803890 0.03470633737742901 0.0012435335665941238 2 -0.5678109382370446 -0.10558848559808569 0.8163588733684897
 197  686 4186 101.117231 37.802781 -0.044195289413134255 0.008069759770204268 3 -0.5676691461937522 -0.1055735609787969 0.8164594072468715
 198  686 4186 101.118340 37.802643 -0.03723830543458462 0.00214475579559803 2 -0.5677540246207323 -0.10558243736663535 0.8163992383917819
 199  686 4185 101.118062 37.800287 -0.19765264292558035 0.014702481690245265 9 -0.5676866052571672 -0.10557536719032078 0.8164470344451146
 200  686 4186 101.121817 37.803361 0.03438402170484716 0.00752857326065733 11 -0.5680422683602049 -0.1056128830050468 0.8161947686058489
 201  687 4186 101.125408 37.803059 0.03173599593962232 0.008869344370372893 12 -0.5683196551493476 -0.10564211011883196 0.8159978640539247
 202  686 4185 101.120419 37.800980 -0.18583117052912712 0.003753179893478609 4 -0.567885697367623 -0.10559628353991242 0.816305861566513
 203  686 4185 101.122498 37.800980 -0.2121222789088885 0.024209964580663018 6 -0.5680495651396987 -0.10561357970482264 0.8161896001092714
 204  686 4185 101.120419 37.799732 -0.23178662359714508 0.0018990486860275269 2 -0.5678614408293655 -0.10559388306489235 0.8163230462742522
 205  686 4185 101.122082 37.799732 -0.22845100611448288 0.0006704851984977722 2 -0.5679924952345818 -0.10560752951479582 0.816230099339013
 206  687 4185 101.124438 37.800841 -0.22420823077360788 0.05082106226643115 3 -0.5681997237301006 -0.10562944471652413 0.8160830192829135
 207  687 4185 101.126240 37.800980 -0.1239579264074564 0.15991280160988622 4 -0.568344411389313 -0.10564462228883131 0.8159802962228839
 208  687 4185 101.124161 37.799316 -0.2686299458146095 0.018615703182067195 6 -0.5681480479736073 -0.10562398804462646 0.8161197024538301
 209  687 4185 101.126240 37.799316 -0.27789492160081863 0.002454615794990273 4 -0.5683117087116785 -0.10564117180578472 0.8160035199438254
 210  686 4185 101.114528 37.797930 -0.2091683770219485 0.007358275647013073 12 -0.5673629078361005 -0.10554118765432116 0.8166764282874092
 211  686 4185 101.117092 37.798901 -0.20435384660959244 0.000804506242275238 2 -0.5675834654725697 -0.10556448883281855 0.8165201457524573
 212  686 4185 101.118755 37.798485 -0.2274835705757141 0.002613156839823492 4 -0.5677063472602216 -0.10557740754395817 0.8164330433640922
 213  686 4185 101.117092 37.797237 -0.2184872403740883 0.0005115345120429993 2 -0.5675513528632906 -0.1055610977519735 0.8165429054890176
 214  686 4185 101.118755 37.796822 -0.24851080030202866 0.02188871055841446 2 -0.5676741569901536 -0.10557400006636096 0.8164558665326048
 215  686 4185 101.114285 37.794431 -0.2297841813415289 0.009615511559496555 8 -0.5672767445846908 -0.1055320945665002 0.816737456022315
 216  686 4185 101.118090 37.794576 -0.2566277474164963 0.005893163748271967 10 -0.5675784793338864 -0.10556388138064622 0.8165236902533117
 217  686 4185 101.120419 37.798485 -0.22835130617022514 0.0014091507666314446 4 -0.5678372763336994 -0.1055912307146212 0.8163401984479861
 218  686 4185 101.122220 37.798623 -0.25808365643024445 0.02249089953865477 3 -0.5679817571929604 -0.1056065033171891 0.8162377043197121
 219  686 4185 101.120419 37.796406 -0.2667703479528427 0.005529806017875671 2 -0.5677969131248781 -0.1055868151336242 0.8163688442828999
 220  686 4185 101.122082 37.796822 -0.2623901143670082 0.003038738561173411 4 -0.5679357621048527 -0.10560156168787915 0.8162703475512639
 221  687 4185 101.124992 37.797237 -0.26598463853200277 0.0034080204332315018 15 -0.5681727791490016 -0.10562648024010422 0.8161021625422805
 222  686 4185 101.121084 37.794743 -0.2652028053998947 0.004691625794704818 10 -0.5678168460311295 -0.10558903525029838 0.8163546931317119
 223  687 4185 101.124992 37.794743 -0.2793290992577871 0.009415103608527658 15 -0.5681238495409192 -0.10562128976745139 0.8161368970526127
 224  687 4186 101.128568 37.803059 0.03754318654537201 0.004513279663821048 10 -0.5685688853187006 -0.10566832199549904 0.8158208310493829
 225  687 4186 101.132002 37.803296 0.03063864101256643 0.006931476491708811 7 -0.5688442993658489 -0.1056972956427078 0.8156250638453888
 226  687 4185 101.128735 37.799732 -0.2830907329916954 0.0035540987154640594 12 -0.5685162962127067 -0.10566267379073213 0.8158582109092113
 227  687 4185 101.132285 37.799924 -0.289813559788924 0.004518976351517426 13 -0.5687995662841859 -0.10569244255679748 0.815656889250192
 228  688 4186 101.135922 37.803118 0.029222705667572364 0.0025417151257969995 14 -0.5691497902568675 -0.10572942415303549 0.8154077538991344
 229  688 4186 101.139641 37.802931 0.024805977653998595 0.0019671328453191223 13 -0.5694391403385206 -0.10575974469762078 0.8152017798385995
 230  687 4185 101.134556 37.800980 -0.2887267842888832 0.0025585037343064587 4 -0.5689993218331073 -0.10571352794030275 0.8155148200761767
 231  688 4185 101.136635 37.800980 -0.025587731661895912 0.1144087300821172 6 -0.5691630307474016 -0.10573067200633471 0.81539835015011
 232  687 4185 101.134556 37.799316 -0.28798356652259827 0.0017557132719531123 4 -0.5689661143121181 -0.1057099129718253 0.8155384571337263
 233  688 4185 101.136801 37.799400 -0.039147114660590884 0.12585139201387563 5 -0.5691443820305407 -0.10572864300250094 0.8154116300690858
 234  688 4185 101.139462 37.800065 0.021717998726914326 0.010535344401061901 15 -0.5693671762980043 -0.10575203213017721 0.8152530443088057
 235  687 4185 101.130457 37.795931 -0.28559556238505307 0.010683548401032911 49 -0.5685765182863738 -0.1056688474785116 0.8158154432994682
 236  687 4185 101.134556 37.798069 -0.2882094383239746 0.0025266408920288086 2 -0.5689411758453589 -0.10570726541950147 0.815556198226236
 237  688 4185 101.136219 37.798069 0.008777408860623837 0.0008072545751929283 2 -0.5690719437482802 -0.10572098851808873 0.8154631784607521
 238  687 4185 101.134556 37.796822 -0.28703491389751434 0.0015410831771826628 4 -0.5689162677477734 -0.10570460402803518 0.8155739187708372
 239  688 4185 101.136219 37.796822 -0.21485753310844302 0.13099814876544585 4 -0.5690469147722889 -0.10571830350799476 0.8154809924771582
 240  688 4185 101.138298 37.797653 0.009030419945095977 0.0021600768962508248 6 -0.569227022410896 -0.10573716943799404 0.8153528364802973
 241  688 4185 101.140377 37.797653 0.010259749367833138 0.0033013406691058955 4 -0.5693903677807607 -0.10575422017823514 0.8152365632090992
 242  688 4185 101.138298 37.796406 -0.0850016266728441 0.1424902381995843 3 -0.5692018789918326 -0.1057344089619923 0.8153707473987677
 243  688 4185 101.139961 37.796406 0.01664493978023529 0.0 1 -0.569332420145331 -0.10574819880002864 0.8152778138904615
 244  688 4185 101.135387 37.794327 -0.2950236964970827 0.011186769384410458 16 -0.5689316521733506 -0.10570603293972489 0.815563001708297
 245  688 4185 101.138827 37.794894 -0.29452582651918585 0.009974356849901812 11 -0.5692129844922657 -0.10573548427179166 0.8153628552069424
 246  688 4187 101.144951 37.812558 0.03220437008600969 0.008767220078412028 52 -0.5700538657383425 -0.10582502561462151 0.8147635571811227
 247  689 4187 101.152297 37.812016 0.03119821797008626 0.010272768687389548 48 -0.5706239518508859 -0.10588479323182551 0.8143566271212701
 248  688 4186 101.144897 37.807176 0.011994780855245827 0.00552156586193164 62 -0.5699397981375093 -0.10581262556075166 0.814844963640885
 249  689 4186 101.150495 37.808325 0.01505658362293616 0.008122005852556142 6 -0.5704053139969246 -0.10586152467235399 0.8145128085905798
 250  689 4186 101.153821 37.808233 0.013728313639553057 0.0051525277810639545 9 -0.5706660103741013 -0.10588880414297465 0.8143266333363272
 251  689 4186 101.150148 37.805761 -0.008737077710975427 0.00672392540717616 8 -0.5703250597016222 -0.10585287314910771 0.8145701292844097
 252  689 4186 101.153101 37.805387 -0.019805462658405305 0.0052189850747443095 5 -0.5705500415969605 -0.10587640649588961 0.8144095017748895
 253  689 4187 101.156316 37.814008 0.03298405651003122 0.007430620678675875 6 -0.5709833584978349 -0.10592269056555258 0.8140997407823486
 254  690 4187 101.161167 37.813953 0.03667360581457615 0.003772655021853859 10 -0.5713661573977797 -0.1059627976716402 0.8138259025676774
 255  689 4186 101.157425 37.810602 0.003916074045264395 0.011669698994526627 14 -0.5709999541858843 -0.10592402672959622 0.8140879269962833
 256  690 4187 101.161048 37.810781 -0.0057969128787850165 0.009402049219364229 14 -0.5712899533934318 -0.10595440965310089 0.8138804901377065
 257  690 4186 101.160807 37.807826 -0.02087236779431502 0.011057867198330847 15 -0.571208679643109 -0.10594555685306449 0.813938685211282
 258  690 4186 101.164078 37.808048 -0.02110994069112672 0.0055305159640747096 9 -0.5714713932991056 -0.10597301940348887 0.8137506779101858
 259  690 4186 101.167543 37.807494 -0.04567028395831585 0.00249210265712241 6 -0.5717328443256967 -0.106000245014354 0.8135634595876008
 260  690 4186 101.164078 37.805969 -0.03619508817791939 0.017292886972427368 2 -0.5714273236869138 -0.10596816766582567 0.8137822566175539
 261  690 4186 101.164909 37.805969 -0.052752431482076645 0.005304940044879913 2 -0.5714928940699255 -0.10597495984790369 0.8137353254669581
 262  690 4186 101.164078 37.804722 -0.05420922115445137 0.0 1 -0.5714009374218671 -0.10596524123414541 0.8138011651279451
 263  690 4186 101.165464 37.804445 -0.06807234386603038 0.004466890555145249 3 -0.571504177519234 -0.10597587162901127 0.813727282147118
 264  690 4186 101.167127 37.806108 -0.058856673538684845 0.016761961471966746 3 -0.5716705714946924 -0.10599355887631225 0.8136080894163145
 265  690 4186 101.168652 37.805553 -0.0841851606965065 0.0005005374550819397 2 -0.5717788183971916 -0.10600467484506246 0.8135305721011991
 266  690 4186 101.166988 37.804306 -0.08274283073842525 0.005352237551525104 4 -0.5716212854459014 -0.10598810418508887 0.8136434279193965
 267  690 4186 101.168652 37.804306 -0.09099936857819557 0.000726114958524704 2 -0.5717521930686351 -0.10600170911610109 0.8135496711238175
 268  688 4186 101.142872 37.802643 0.016984928224701434 0.0028836488788294636 16 -0.5696877850760784 -0.10578582926723869 0.8150246535297903
 269  688 4186 101.146171 37.802615 0.0011126811771343152 0.01023672475423753 15 -0.5699470210053795 -0.10581300247782106 0.814839862644018
 270  688 4185 101.142872 37.799732 0.009016843017889187 0.014625319285732514 12 -0.5696286258397456 -0.10577941618842218 0.8150668339067416
 271  688 4185 101.146236 37.799657 -0.01600687912749973 0.009288216139632325 11 -0.5698916169819321 -0.10580693587208696 0.8148794004115448
 272  689 4185 101.151321 37.801163 -0.026386602390557526 0.009777423948351746 50 -0.5703224826755364 -0.10585213713426371 0.8145720292392328
 273  688 4185 101.141624 37.798069 0.004510168917477131 0.0 1 -0.5694968813611611 -0.10576541186999701 0.8151607079416191
 274  688 4185 101.143842 37.797515 -0.009297934671243032 0.0009147178002191992 3 -0.5696597735464641 -0.10578247979266862 0.8150446671023035
 275  688 4185 101.142456 37.796406 -0.30683761835098267 0.0 1 -0.5695283974686912 -0.10576859797926112 0.8151382754835194
 276  688 4185 101.143703 37.796406 -0.3049936145544052 0.001747921109199524 2 -0.5696262850677395 -0.10577893504919779 0.8150685322473098
 277  688 4185 101.145367 37.797653 -0.014986763009801507 0.002048568634646335 4 -0.5697824009236135 -0.10579528191094001 0.8149572834959554
 278  689 4185 101.146891 37.797792 -0.0222383967290322 0.0012668511414687695 3 -0.5699049592248793 -0.10580812569625571 0.8148699147640279
 279  688 4185 101.145367 37.796406 -0.16219555377028883 0.15473059774376452 2 -0.569756863956951 -0.10579250351719431 0.8149754978976391
 280  689 4185 101.147446 37.796406 -0.30987444519996643 0.0 1 -0.5699200654199293 -0.10580962195867644 0.8148591552732936
 281  688 4185 101.141902 37.795297 -0.3026571174462636 0.0038440940318919628 3 -0.5694623988173132 -0.10576162489670106 0.81518528877332
 282  688 4185 101.143703 37.795574 -0.3100237399339676 0.0010958164930343628 2 -0.5696094239628084 -0.10577697876446894 0.8150805695734739
 283  688 4185 101.142040 37.793495 -0.342921681702137 0.0031037681956395573 4 -0.5694366642416641 -0.10575881878040351 0.8152036295720845
 284  688 4185 101.143703 37.793495 -0.3476300314068794 0.004388895140452518 4 -0.5695670460054537 -0.10577247969384236 0.8151107671010347
 285  688 4185 101.145505 37.795297 -0.3233234981695811 0.012600295324012996 3 -0.5697451051510302 -0.10579120646437364 0.8149838868292144
 286  689 4185 101.147030 37.795158 -0.35415019094944 0.04006086096248521 4 -0.5698619063425746 -0.1058033746756032 0.8149006403279241
 287  688 4185 101.145367 37.793495 -0.380908839404583 0.0026845214893246633 4 -0.5696974502254283 -0.10578602099179385 0.8150178727913698
 288  689 4185 101.147030 37.793495 -0.386373795568943 0.0015407957023970947 4 -0.5698278434625528 -0.10579967850165502 0.8149249393924345
 289  689 4185 101.148693 37.797653 -0.10845251986756921 0.11833324830821502 4 -0.5700436033305862 -0.10582262739573225 0.814771048720403
 290  689 4185 101.150772 37.797653 -0.051359455101192 0.008755691419375393 4 -0.5702068727207528 -0.10583969804991189 0.8146545774858953
 291  689 4185 101.148693 37.796406 -0.31758612394332886 0.003289252519607544 2 -0.570017919404185 -0.10581986146229048 0.8147893767583286
 292  689 4185 101.150772 37.795574 -0.4209626615047455 0.0 1 -0.5701639644200361 -0.10583496078804024 0.8146852243362597
 293  689 4185 101.152713 37.797792 -0.03853052482008934 0.010988689100612632 3 -0.5703621219080828 -0.10585585816562292 0.81454379083296
 294  689 4185 101.154930 37.798069 -0.04000147059559822 0.0 1 -0.5705420106353466 -0.10587464519751226 0.8144153569306494
 295  689 4185 101.152602 37.795907 -0.41532227396965027 0.004452245110108172 5 -0.5703143233849519 -0.10585073223051894 0.814577924466547
 296  689 4185 101.154376 37.795851 -0.42220866680145264 0.00266360072599901 3 -0.5704523525966476 -0.1058651730848363 0.8144793911110751
 297  689 4185 101.148554 37.795020 -0.3671563466389974 0.035661163945130525 3 -0.5699786316702748 -0.10581551936081803 0.8148174245201694
 298  689 4185 101.150356 37.794743 -0.40512028336524963 0.006099134683609009 2 -0.5701142066406334 -0.10582964331940908 0.8147207361921064
 299  689 4185 101.148693 37.793495 -0.38918987661600113 0.001408237006760292 4 -0.5699580881235313 -0.10581326435322377 0.8148320875306051
 300  689 4185 101.150356 37.793495 -0.40814241021871567 0.006530793489392392 4 -0.5700884528093562 -0.10582686898232126 0.8147391176166965
 301  689 4185 101.153267 37.793911 -0.41264614661534627 0.001752514889649684 15 -0.5703251330036757 -0.10585161611247679 0.8145702413117708
 302  689 4186 101.157148 37.802504 -0.03783638630476263 0.004776387315317858 9 -0.5708087960134293 -0.10590308762272237 0.8142246952934266
 303  690 4186 101.160086 37.802144 -0.045403777807950976 0.0050209356720091435 10 -0.5710324243325184 -0.1059263586270001 0.8140648480980806
 304  689 4185 101.156316 37.799871 -0.03778383259971937 0.0032171731232434066 6 -0.570688416515574 -0.10589016909111718 0.8143107535485463
 305  690 4185 101.159504 37.800564 -0.05081912502646446 0.006868503987789154 2 -0.5709534208645813 -0.1059179477675271 0.8141213543101221
 306  690 4185 101.159504 37.798901 -0.11748060211539268 0.002708394080400467 2 -0.5709184953584636 -0.10591398458097341 0.8141463624728722
 307  690 4186 101.166988 37.803059 -0.09148550033569336 0.00412239134311676 2 -0.5715946848578113 -0.105985259614243 0.8136624859158744
 308  690 4186 101.168652 37.803059 -0.08148040249943733 0.006517145782709122 2 -0.5717254858627958 -0.10599873180730364 0.813568827862888
 309  690 4186 101.167127 37.801950 -0.09892539183298747 0.011718142991497829 3 -0.571581937728631 -0.10598368654934939 0.8136716454736471
 310  690 4186 101.168652 37.801811 -0.10123444721102715 0.01919671515871527 4 -0.5716988311104534 -0.10599583416646322 0.8135879360255392
 311  690 4185 101.167238 37.800231 -0.15390291512012483 0.004009894672718537 5 -0.571554060382957 -0.10598053178175909 0.8136916387323951
 312  689 4185 101.155762 37.798069 -0.041784126311540604 0.0 1 -0.5706072983920598 -0.10588156317219108 0.8143687160014977
 313  690 4185 101.158257 37.797237 -0.42056864500045776 0.0 1 -0.5707856575109941 -0.10590003724743138 0.8142413126897546
 314  689 4185 101.156316 37.795851 -0.4135336180528005 0.0008088736323638028 3 -0.5706045216727043 -0.10588104004441067 0.8143707295855974
 315  689 4185 101.157841 37.795990 -0.4172949269413948 0.002147250056272568 4 -0.5707269621533274 -0.10589378350433143 0.8142832684553775
 316  690 4185 101.159504 37.797653 -0.40021854639053345 0.0334728532070772 4 -0.5708923179804459 -0.1059111764471322 0.8141650839814356
 317  690 4185 101.161029 37.797515 -0.42155027389526367 0.002437736320270681 3 -0.5710090988803428 -0.10592329242564529 0.8140816083892144
 318  690 4185 101.159504 37.795990 -0.4142601042985916 0.0013245162971526202 4 -0.5708574585788113 -0.10590726199341036 0.8141900354597812
 319  690 4185 101.161167 37.795990 -0.4212937206029892 0.0034655979756212313 4 -0.570987842688362 -0.10592091126224136 0.8140968272014494
 320  689 4185 101.157009 37.793911 -0.41250211745500565 0.001735092619208194 12 -0.5706183213380156 -0.10588212588656828 0.8143609192312252
 321  690 4185 101.160336 37.793911 -0.4156913881500562 0.0023645883335564233 12 -0.5708789020298386 -0.10590924643789243 0.8141747421384206
 322  690 4185 101.165020 37.795094 -0.4201305733786689 0.006941810650260745 45 -0.57127080667136 -0.10595022769103893 0.8138944739321374
 323  681 4184 101.062740 37.788645 -0.06592619526681714 0.007131645887380273 232 -0.5630016844174858 -0.10507081660329991 0.819749490296511
 324  682 4184 101.076490 37.788559 -0.08739121162229115 0.01054783449359509 225 -0.564123399211694 -0.10519332254244185 0.8189622429357324
 325  681 4183 101.062469 37.777410 -0.07613154889590908 0.00690583264017976 228 -0.5627476532069369 -0.10504237570048243 0.8199275444313868
 326  682 4183 101.076740 37.777188 -0.10555726732021053 0.011232117581190021 219 -0.5639058328198474 -0.10516869697974063 0.8191152280890264
 327  683 4184 101.087439 37.791154 -0.1106549856955545 0.007765150246432907 57 -0.5650657191758871 -0.10529569971896448 0.8182991803936572
 328  684 4184 101.094979 37.790849 -0.13928152332929047 0.009904004003659674 44 -0.5656751160149726 -0.10536190520952225 0.8178695079608158
 329  683 4184 101.087570 37.785595 -0.12513613417035058 0.006004535139171185 63 -0.5649726009034218 -0.10528603170948352 0.8183647180538104
 330  684 4184 101.094705 37.785345 -0.1493032369017601 0.007876369452777665 50 -0.5655501720504691 -0.10534885273917727 0.8179575918837259
 331  685 4184 101.101459 37.790541 -0.16679485560509197 0.01272308233206868 57 -0.566194133150613 -0.10541793272558533 0.8175030660772411
 332  685 4184 101.108904 37.790441 -0.20442472083064225 0.009474868645561236 52 -0.5667782240331728 -0.10547967987888561 0.8170902532122448
 333  685 4184 101.101596 37.785195 -0.18275733865224397 0.013693722883133643 52 -0.5661050942769503 -0.10540872391667809 0.8175659136460759
 334  685 4184 101.108894 37.784905 -0.2114258104900144 0.007839356896455896 53 -0.5666721936880983 -0.10546853956873757 0.8171652293520302
 335  684 4183 101.090818 37.776772 -0.1453351243499011 0.012748173248155732 233 -0.5650424150658797 -0.10529216263504987 0.8183157273718697
 336  685 4183 101.101555 37.779468 -0.18705725213702845 0.009595331664678745 49 -0.5659764790918603 -0.10539395749577704 0.817656858858384
 337  685 4183 101.108331 37.779477 -0.2182048639016492 0.011236942841954853 56 -0.5665099618838214 -0.10545035672694567 0.8172800531963026
 338  685 4182 101.101292 37.773952 -0.18031861074268818 0.0075139088921526605 56 -0.56582464934882 -0.10537595111724529 0.8177642539970923
 339  685 4182 101.108360 37.773953 -0.2067783342467414 0.008032503719593518 63 -0.566383643000226 -0.1054352872761368 0.8173695425808275
 340  682 4181 101.068783 37.760550 -0.08946597738714333 0.01381813827418615 912 -0.5628801275451458 -0.10505325108562799 0.8198352129855733
 341  684 4181 101.090252 37.765898 -0.1429049985483289 0.012193378895361623 200 -0.564741172797691 -0.105256516340207 0.8185282362356305
 342  685 4181 101.104755 37.765481 -0.17977061951937884 0.011653893127503466 230 -0.5658991673877098 -0.10538111356190547 0.8177120234253313
 343  684 4180 101.089907 37.754284 -0.12874172117304186 0.010554010220935337 232 -0.5644405933982739 -0.10522072194378772 0.8187401396034231
 344  685 4180 101.104363 37.753948 -0.1629708583728509 0.011066680602758814 217 -0.5655962163071367 -0.10534515511828009 0.8179262304096601
 345  686 4184 101.115845 37.790585 -0.2394865666116987 0.011806135353722163 63 -0.5673253091399835 -0.10553723636907124 0.8167030582462643
 346  686 4184 101.122979 37.790628 -0.2654083282278295 0.004983331952452042 57 -0.5678854376474064 -0.10559612747954499 0.8163060624357371
 347  686 4184 101.115684 37.784690 -0.23969817030848117 0.010259069499937983 57 -0.5671989457381076 -0.10552389309773759 0.8167925464517147
 348  686 4184 101.122891 37.784763 -0.2675407420505177 0.007629152160822699 55 -0.5677637314520387 -0.10558314805223257 0.8163923959071628
 349  687 4184 101.129982 37.790503 -0.28280345338289853 0.0090633149201861 61 -0.5684317066936717 -0.10565341494006367 0.8159183480819769
 350  688 4184 101.137127 37.790194 -0.30633931804676445 0.010263946043466603 49 -0.5689851009648553 -0.10571131565674195 0.8155250288140358
 351  687 4184 101.129982 37.784763 -0.2855100248541151 0.012980937298641164 63 -0.5683178255870296 -0.10564120420704726 0.8159992555717901
 352  688 4184 101.137051 37.784763 -0.3120115580303328 0.013868406354275678 56 -0.5688698846373008 -0.1056988772903485 0.8156070142490831
 353  686 4183 101.115612 37.779474 -0.2435303032398224 0.007531292522017044 50 -0.5670807832013277 -0.10551050262232592 0.8168763181535825
 354  686 4183 101.122664 37.778859 -0.26926340013742445 0.0071628507650854205 60 -0.5676198345548906 -0.10556703218658336 0.816494534663396
 355  686 4182 101.115207 37.773314 -0.23115498763184214 0.007372442848453115 43 -0.5669089104500955 -0.10549071216644172 0.8169981621147643
 356  686 4182 101.122913 37.773329 -0.26103269474373925 0.010395016875564852 36 -0.5675168218263923 -0.10555493548119597 0.8165677023613115
 357  687 4183 101.133383 37.776101 -0.2908809652987947 0.011523085724304103 235 -0.5684011195782342 -0.10564859205061516 0.8159402810622434
 358  688 4184 101.142040 37.792248 -0.33549465239048004 0.0009865909814834595 2 -0.5694113255179003 -0.10575610924071825 0.8152216801154231
 359  688 4184 101.143703 37.792248 -0.35247208178043365 0.016829147934913635 2 -0.5695416906486725 -0.10576958170553956 0.8151288598736319
 360  688 4184 101.141791 37.790917 -0.3278876841068268 0.0026805664066705294 5 -0.5693648131218818 -0.10575107619836938 0.8152548187294397
 361  688 4184 101.144119 37.791000 -0.37354034185409546 0.0012382268905639648 2 -0.5695487888523078 -0.10577034636519354 0.8151238009938467
 362  688 4184 101.146198 37.791416 -0.38036078711350757 0.003494174490419864 12 -0.5697201040485042 -0.1057881917269273 0.815001755540507
 363  688 4184 101.141458 37.789420 -0.3226437449455261 0.0032687485076265546 5 -0.5693084143582303 -0.10574506116598756 0.8152949842725141
 364  688 4184 101.143842 37.789476 -0.3634967903296153 0.0028896976048529855 3 -0.5694960610424503 -0.1057646856174911 0.8151613752707907
 365  688 4184 101.141209 37.788090 -0.31890764832496643 0.0016880631446838379 2 -0.5692619201738781 -0.10573997564809062 0.8153281080582776
 366  688 4184 101.144119 37.788090 -0.360824316740036 0.0 1 -0.5694895293916595 -0.10576388067553674 0.8151660428757549
 367  688 4184 101.146115 37.788422 -0.36807515223821 0.004954537626696565 15 -0.5696523085860061 -0.10578082332034458 0.8150500995278166
 368  689 4184 101.152170 37.789788 -0.3937212438025373 0.010313609997766354 47 -0.570153860900303 -0.10583325191477276 0.8146925172662519
 369  688 4184 101.144183 37.784550 -0.34606640384747434 0.012437682485130365 39 -0.5694223480779007 -0.10575648970493141 0.8152139316736073
 370  689 4184 101.151341 37.783932 -0.3698378362153706 0.008955201420872975 38 -0.5699681146858299 -0.10581323313475365 0.8148250781210964
 371  690 4184 101.161940 37.786849 -0.40529886496563755 0.01425718238184194 240 -0.5708559376554028 -0.10590587566049905 0.8141912821592686
 372  688 4183 101.144035 37.778773 -0.3274661908715458 0.008328205991822699 59 -0.5692925006618896 -0.10574235249558547 0.8153064476494908
 373  689 4183 101.151135 37.778897 -0.35036385547031057 0.00820623714558627 55 -0.5698508061332348 -0.10580064004501416 0.8149087576627017
 374  688 4182 101.143769 37.773165 -0.31077582219190764 0.007011117999690438 57 -0.5691565231150629 -0.10572752174319806 0.8154033010367413
 375  689 4182 101.150876 37.773344 -0.3309402880924089 0.007944426047956305 56 -0.5697195762639121 -0.10578660668755796 0.8150023302219451
 376  690 4183 101.161583 37.775616 -0.36730306828183823 0.014343447239939786 221 -0.5706053146005123 -0.1058792553315727 0.8143704060438848
 377  686 4182 101.115302 37.768301 -0.21595109968769308 0.00926654260885279 49 -0.5668023251934499 -0.10547807725929934 0.8170737416983732
 378  686 4182 101.122608 37.768117 -0.2424132153391838 0.010449850773896634 60 -0.5673772849280664 -0.10553904573342827 0.8166667168272093
 379  686 4181 101.115320 37.762617 -0.20552124828100204 0.007843284392145256 46 -0.5666745482230575 -0.105463050774065 0.8171643049703167
 380  686 4181 101.122211 37.762382 -0.22449469900336758 0.007179790781190087 58 -0.5672183496393636 -0.10552095107735329 0.8167794516980257
 381  687 4181 101.132977 37.764864 -0.2580484031839708 0.013975759447615772 226 -0.5681290409970086 -0.10561810904112566 0.8161336948186837
 382  686 4180 101.118370 37.753968 -0.1945181714521872 0.012050690899885287 222 -0.5667228123768974 -0.10546620822315365 0.8171304258529666
 383  687 4180 101.132477 37.753578 -0.22236755214819387 0.01468799173562997 238 -0.5678476444366479 -0.10558658579484416 0.8163335872104848
 384  689 4181 101.147409 37.764644 -0.2894467239578565 0.01411906148334867 228 -0.5692705666363398 -0.10573884502032971 0.8153222176632421
 385  690 4182 101.157841 37.767300 -0.32559637672134806 0.008824343307696596 56 -0.5701499827828009 -0.10583158325138929 0.8146954480781613
 386  690 4182 101.164909 37.767300 -0.339224575530915 0.010934317316914573 63 -0.5707091393980832 -0.10589032431067957 0.8142962098799664
 387  690 4181 101.157712 37.761407 -0.2985184357084077 0.007676625143342059 58 -0.5700251032360102 -0.10581843868225892 0.8147845357612188
 388  690 4181 101.164909 37.761478 -0.30936990512741935 0.007732896050417233 63 -0.5705991264384945 -0.10587895979454019 0.8143747802949531
 389  689 4180 101.146507 37.753462 -0.24902306599422586 0.014938829365085195 233 -0.5689717004881742 -0.10570652754291388 0.8155349986839403
 390  690 4180 101.160751 37.753162 -0.27108908319904795 0.01401086707619898 221 -0.5701085211216763 -0.10582739888020083 0.8147250062387345
 391  683 4197 101.087309 37.906510 0.020392940373406825 0.003961841674455052 3712 -0.5671959154022829 -0.10551482843589963 0.8167958218129602
 392  688 4197 101.144145 37.905487 0.027292115053612766 0.004920481605846633 3694 -0.571679894204815 -0.10598632991725752 0.8136024805964162
 393  683 4192 101.086015 37.861499 0.02897624684389366 0.008443604430578042 3687 -0.5662372602009509 -0.10541435391244033 0.8174736565476244
 394  687 4193 101.128890 37.872128 0.040810134612604396 0.005296397736261405 924 -0.5699216847997702 -0.10580976309176089 0.8148580043353915
 395  689 4193 101.157280 37.871392 0.04874473046270553 0.006927462646915055 928 -0.5722134913401732 -0.1060542572106172 0.8132184299779449
 396  687 4191 101.128287 37.849624 0.05517189936057941 0.007096620764082566 925 -0.5694579863563807 -0.10576260567598991 0.8151882439139816
 397  689 4191 101.156660 37.848816 0.07748210283062605 0.013487112752879388 927 -0.5717381710051418 -0.10600557675288515 0.8135590215300814
 398  686 4205 101.117653 37.973595 0.013317786593447378 0.002414887854430135 14837 -0.5709087039223173 -0.10590537021190517 0.8141543492151959
 399  686 4215 101.120235 38.063679 0.010253381234236513 0.0007632774663484655 14839 -0.5726312086133778 -0.10606719694133863 0.8129226584706502
 400  686 4224 101.122847 38.153709 0.010937270441555548 0.0006439697254016915 14855 -0.5742211079233664 -0.10620346424360841 0.811782571504167
 401  685 4234 101.125444 38.243777 0.010508258708183666 0.00043758024449179684 14889 -0.5758600743072505 -0.10634726484645257 0.8106018961725456
 402  685 4245 101.128084 38.333862 0.011828327035902631 0.0006274043942675103 14897 -0.5775614100650645 -0.10650058716769581 0.8093703988512246
 403  686 4254 101.130740 38.423900 0.012551185158487077 0.0005675423467976997 14909 -0.5792931372630721 -0.10665789689174139 0.8081111026031867
 404  685 4264 101.133360 38.513959 0.013844930012678605 0.0005459697649715907 14942 -0.5809795673027808 -0.10680581433802724 0.8068799541445212
 405  686 4271 101.142563 38.571065 0.01491726213104611 0.00042550872573501755 3853 -0.5826309781268213 -0.10695598967297267 0.8056683930750035
 406  695 4105 101.202636 37.076911 0.009277752434962186 0.0012099190136836157 12608 -0.5610088445733512 -0.10490271182093806 0.8211361016074538
 407  695 4114 101.207343 37.160869 0.008455453999784928 0.0008028978100446094 14670 -0.5629801510717837 -0.10511516898879267 0.819758592969692
 408  696 4125 101.209983 37.250984 0.007363351855589547 0.0009454300230700155 14693 -0.5648742545178512 -0.1053152765572531 0.818428841810069
 409  696 4135 101.212619 37.341060 0.005949512631182607 0.0007292892807215829 14691 -0.5668071268693122 -0.10552097400187793 0.8170648719507225
 410  695 4144 101.215259 37.431085 0.0033533007036195828 0.0012720199172792952 14711 -0.5686018862505876 -0.10570009804169338 0.8157937142600759
 411  695 4154 101.217919 37.521092 -0.0026306637927313446 0.0036346689060508352 14710 -0.570337182461614 -0.10586681113312169 0.8145598299709184
 412  696 4165 101.221088 37.611846 -0.017808723439980554 0.008809731576252111 14466 -0.5721658533560102 -0.1060448687517215 0.8132531721824506
 413  691 4179 101.171305 37.744650 -0.2470796446908604 0.007184542124942363 55 -0.5707979829436919 -0.10590133316628249 0.8142325038347566
 414  691 4179 101.178583 37.744255 -0.25156577275349545 0.007584317964146409 52 -0.5713788572489813 -0.10596322000657624 0.8138169311919519
 415  691 4179 101.171146 37.739025 -0.22077746529664313 0.007439815847471634 56 -0.5706768148195314 -0.10588866309345162 0.814319080002253
 416  691 4179 101.178120 37.738943 -0.22457849148844108 0.0072596965425741995 61 -0.5712393161037512 -0.10594861092152413 0.8139167866441374
 417  692 4179 101.185646 37.744055 -0.2548907288620549 0.008167453519162536 62 -0.5719436262960386 -0.10602311499676197 0.813412310839786
 418  693 4179 101.192702 37.743971 -0.2569929387485772 0.00800006873566527 57 -0.5725036764746687 -0.10608196594879962 0.813010551544951
 419  692 4179 101.185284 37.738609 -0.2271471337104837 0.006696275500930199 48 -0.5718092890476937 -0.10600906300783336 0.813508583555805
 420  693 4179 101.192448 37.738275 -0.22856240585202076 0.007984577227061194 61 -0.5723708183205515 -0.10606792821974613 0.8131059223362187
 421  691 4178 101.174562 37.730288 -0.1898872357906158 0.011867077904814961 239 -0.5707743009251012 -0.105898628516606 0.8142494567893576
 422  692 4178 101.188655 37.730110 -0.19556450498462236 0.011089088884615128 233 -0.5718991079852275 -0.10601756185359047 0.8134443354430105
 423  693 4179 101.199764 37.743854 -0.2531715001453433 0.01002643742869874 57 -0.573062753500147 -0.10614060948587009 0.8126089167421177
 424  694 4179 101.207033 37.744159 -0.2611429444872416 0.008479247115917897 52 -0.5736462294721382 -0.10620160091893596 0.8121891549230721
 425  693 4179 101.199487 37.738237 -0.22749649171243636 0.006822215214412071 57 -0.572927875208918 -0.10612623373604252 0.8127058953407422
 426  694 4179 101.206530 37.738112 -0.22685836035697188 0.0071147143826771 61 -0.5734832489697966 -0.10618422925198678 0.8123065139522198
 427  695 4179 101.213849 37.743890 -0.2562451345225175 0.008084695589275786 60 -0.5741821518984868 -0.10625760654359531 0.8118030410714472
 428  695 4179 101.221043 37.743599 -0.2523314580321312 0.007835145102281407 48 -0.5747469590525207 -0.10631643298503825 0.8113955565180389
 429  695 4179 101.213748 37.738278 -0.23078322789426578 0.007102624032865659 59 -0.5740582396420588 -0.10624420178346995 0.8118924233458851
 430  695 4179 101.220793 37.738110 -0.22574444909890493 0.006827637065931893 60 -0.5746122722609265 -0.10630183151708752 0.8114928571363075
 431  694 4178 101.203033 37.729844 -0.19582725887608635 0.011183570737002251 223 -0.5730335537606799 -0.1061363676504843 0.8126300620370669
 432  695 4178 101.217297 37.729465 -0.19124603978976482 0.014032844204040348 238 -0.574155365246069 -0.1062533849669038 0.8118225389469228
 433  691 4176 101.174057 37.719067 -0.15547539091487816 0.009062316112327929 221 -0.570504066671261 -0.10586928640978131 0.8144426340182819
 434  692 4176 101.188320 37.718815 -0.15913916169564962 0.009780236391691554 231 -0.5716363727445245 -0.10598876660082833 0.8136327419111882
 435  691 4175 101.174057 37.707840 -0.12831007322969556 0.007511369283357428 238 -0.5702743554267402 -0.10584424541417337 0.8146067488397825
 436  692 4175 101.188067 37.707603 -0.12941483470300832 0.008419703982182234 228 -0.5713818270255931 -0.10596082386811771 0.8138151580980075
 437  694 4176 101.202332 37.718651 -0.158417488096141 0.01062814512439673 238 -0.5727442165240382 -0.10610493371042233 0.8128381176350999
 438  695 4176 101.216413 37.718287 -0.15185944869646578 0.010173020196417243 223 -0.5738522747682765 -0.10622065104920378 0.8120410950401205
 439  694 4175 101.202410 37.707346 -0.12563677178695798 0.008856585196542033 224 -0.5725142376931841 -0.10607966274014884 0.8130034149937677
 440  695 4175 101.216469 37.707008 -0.11865933461725212 0.009480996896231813 238 -0.5736214479626612 -0.10619540574627799 0.81220746748328
 441  696 4179 101.228165 37.743223 -0.24413022495085193 0.008375163960503931 62 -0.5753036903223236 -0.10637429826585969 0.8109933246149206
 442  696 4179 101.235180 37.743183 -0.23757572445486272 0.008198970469055378 56 -0.5758586830055477 -0.10643187753318474 0.8105917792895986
 443  696 4179 101.227923 37.737895 -0.21970499602128873 0.006459812982324916 53 -0.5751717869343757 -0.10635994131218583 0.8110887611098958
 444  696 4179 101.235165 37.737501 -0.21149080605418594 0.006805389783248168 54 -0.5757361505244812 -0.10641841668229655 0.8106805817151939
 445  697 4179 101.242249 37.743183 -0.23048196425513615 0.008001751279318728 63 -0.5764185046825593 -0.10648989979088457 0.8101861568195607
 446  698 4179 101.249317 37.743183 -0.22213821671903133 0.00806868631354725 56 -0.5769780756080555 -0.10654775428316841 0.8097801407325562
 447  697 4179 101.242195 37.737402 -0.20431062531086705 0.007492383855103364 62 -0.5762897299395067 -0.10647571376079054 0.8102796242936019
 448  698 4179 101.249252 37.737318 -0.19589012991963772 0.00765115682068262 57 -0.5768454090114656 -0.10653307994403297 0.8098765813258421
 449  696 4178 101.231345 37.729369 -0.1818681581534891 0.013484889263870327 234 -0.5752649381266948 -0.10636872320710929 0.8110215445260252
 450  697 4178 101.245575 37.729046 -0.16758265221550453 0.012196451413813815 221 -0.5763830840776651 -0.1064844977216246 0.8102120661494079
 451  698 4179 101.256290 37.743101 -0.21305503610704765 0.007695850767557151 61 -0.577527788220915 -0.10660450709036556 0.8093807094937945
 452  699 4179 101.263454 37.742767 -0.2016250534603993 0.006501308829387159 48 -0.5780859628447581 -0.10666185719468169 0.8089745779575712
 453  698 4179 101.256386 37.737362 -0.18768792966055492 0.007855088578361433 63 -0.5774096196770514 -0.1065912733664707 0.8094667575302381
 454  699 4179 101.263454 37.737362 -0.17857914524418966 0.007683185988043638 56 -0.5779674778053583 -0.10664866532177983 0.8090609722291613
 455  700 4179 101.273927 37.739779 -0.1731905794170286 0.014857765253927988 224 -0.5788783456359125 -0.10674515162048605 0.8083967674102541
 456  699 4178 101.259787 37.728699 -0.15137623668985165 0.012004865320312513 235 -0.5774982750985646 -0.10659953602696841 0.8094024222702929
 457  700 4178 101.273775 37.728561 -0.13500252258270345 0.01020733629875981 235 -0.5786245505609269 -0.10671733722704295 0.808582116685334
 458  696 4176 101.230800 37.718073 -0.14222257471445834 0.010797467563325511 231 -0.5749866397129219 -0.10633870551948832 0.8112228077785302
 459  697 4176 101.244893 37.717835 -0.13185743788046816 0.010248455998422727 239 -0.5760961251176198 -0.10645372847235782 0.8104201739337423
 460  696 4175 101.230476 37.706820 -0.11032746667447298 0.008759856098923645 230 -0.5747266127831945 -0.1063105433002162 0.8114107399720372
 461  697 4175 101.244773 37.706566 -0.10129686008702528 0.0076544084126996415 222 -0.5758523498885991 -0.10642737990515966 0.8105968689393644
 462  699 4176 101.259006 37.717507 -0.11937301846600212 0.009244995139376514 226 -0.5772043088155152 -0.10656820038769518 0.8096162081819579
 463  700 4176 101.273455 37.717237 -0.1069202971847161 0.008198565891955339 230 -0.5783573319322277 -0.10668829748281926 0.8087771038923224
 464  699 4175 101.258881 37.706177 -0.09188547802447271 0.007815432634622452 238 -0.5769592064574685 -0.10654183597407693 0.809794363570926
 465  700 4175 101.272892 37.706013 -0.08286391943693161 0.007089063671168632 231 -0.5780728762348158 -0.10665744839442504 0.808984510645042
 466  692 4173 101.180372 37.690822 -0.09108588474031121 0.012481407959062196 921 -0.5704325112198723 -0.10585998905184113 0.8144939612184575
 467  694 4173 101.208702 37.690278 -0.08360312896000373 0.012796358053862355 925 -0.5726708007886746 -0.10609532271004758 0.8128910975174405
 468  692 4171 101.179755 37.668350 -0.055902701846033694 0.007910333763212716 921 -0.5699389310487349 -0.10580740718232126 0.8148462477427137
 469  694 4171 101.208066 37.667709 -0.05091695972391077 0.0076858291536998115 925 -0.5721815081681826 -0.10604417136229119 0.8132422489212356
 470  697 4173 101.237123 37.689902 -0.07188790175560358 0.011632803412774392 925 -0.5749170989040663 -0.10632993665866247 0.8112732424762306
 471  699 4173 101.265426 37.689142 -0.05797909979189295 0.01055364926303779 922 -0.577145477189087 -0.1065612198110404 0.8096590668871461
 472  697 4171 101.236488 37.667333 -0.042912687304857616 0.006615566946269311 925 -0.5744340632361066 -0.10628033482042605 0.8116218315351766
 473  699 4171 101.264779 37.666671 -0.034472088469192384 0.004640480928581926 920 -0.5766674916556652 -0.10651285347324833 0.8100059358501948
 474  691 4189 101.177383 37.831749 0.15067319017874092 0.012544855888058617 238 -0.5730370013102247 -0.10614047224043341 0.8126270948485309
 475  692 4189 101.191443 37.831411 0.16844632622918912 0.01195440072049806 224 -0.5741636650010009 -0.10625933667541557 0.8118158899417522
 476  691 4188 101.174192 37.823646 0.14928491252499657 0.009983657086147808 37 -0.5726055409376221 -0.1060939061114202 0.8129372531589103
 477  691 4188 101.180710 37.823017 0.17172573885274312 0.01062446705543153 63 -0.5731095756614495 -0.10614645472032107 0.8125751315635128
 478  692 4187 101.182706 37.819192 0.1731671556830406 0.009318628708934533 10 -0.5731840995240736 -0.10615348493594182 0.8125216462893353
 479  692 4187 101.182835 37.815717 0.07572563282317585 0.012957960761838277 9 -0.5731181690171108 -0.10614597528940012 0.8125691332264208
 480  692 4188 101.187778 37.823017 0.1927597320505551 0.0064941868005573425 56 -0.5736826304889324 -0.10620721409336786 0.812162709775464
 481  693 4188 101.194847 37.823017 0.20590053711618697 0.009943288100778809 63 -0.574266091789938 -0.1062697653079903 0.8117420728295996
 482  692 4187 101.186229 37.818859 0.18907201290130615 0.011301235293952291 11 -0.573463475744113 -0.10618316987502834 0.8123206118416371
 483  692 4187 101.189442 37.818859 0.21314374854167303 0.005470829379851148 12 -0.5737290659243406 -0.10621172304571504 0.8121293177821153
 484  692 4187 101.184868 37.816364 0.10440664738416672 0.0 1 -0.573296205579524 -0.10616478625254555 0.8124410740651112
 485  692 4187 101.187085 37.816641 0.18531373143196106 0.019117789386556366 3 -0.5734857383300358 -0.1061852996170859 0.8123046165554417
 486  692 4187 101.184868 37.815117 0.07570715621113777 0.006656799465417862 2 -0.5732687741502456 -0.10616184826222107 0.8124608141675658
 487  692 4187 101.187363 37.815533 0.08791930228471756 0.0 1 -0.5734842871206381 -0.10618509084720083 0.8123056683955279
 488  692 4187 101.188610 37.816780 0.2052144519984722 0.010513787955814207 4 -0.573614879397717 -0.10619915443684999 0.8122116163478831
 489  692 4187 101.190273 37.816780 0.21348551288247108 0.0031419330437552507 4 -0.5737524150374098 -0.10621402913632472 0.8121125206850145
 490  692 4187 101.188610 37.815117 0.08536091633141041 0.002648872497451966 4 -0.5735784917856395 -0.10619509778521653 0.8122378438408909
 491  692 4187 101.190273 37.814701 0.08879367262125015 0.004926711320877075 2 -0.5737069989529688 -0.10620893625999014 0.8121452710019924
 492  693 4187 101.195183 37.817833 0.2346400555143965 0.010006894270019393 47 -0.5741813220475452 -0.1062601535622762 0.8118032946327913
 493  693 4189 101.202332 37.833828 0.1636090271529697 0.0076947100501271026 63 -0.5750963352757409 -0.106358044214586 0.8111425100333854
 494  694 4189 101.209400 37.833828 0.1638380472681352 0.01028253275776215 56 -0.5756683558816575 -0.10641827671130098 0.8107287428100143
 495  693 4189 101.202332 37.828423 0.18996467386130933 0.007715916000820034 54 -0.5749919793409912 -0.10634730753515789 0.8112178954347296
 496  694 4189 101.209453 37.828052 0.20043597465211696 0.011247655367574067 55 -0.5755679578098578 -0.10640853552267453 0.8108013008811157
 497  695 4189 101.216469 37.833828 0.1632019461147369 0.012098849275585615 63 -0.576240125746813 -0.10647840693628072 0.8103145477748804
 498  695 4189 101.223728 37.833913 0.16113482819775404 0.010628157242450847 59 -0.5768282575218839 -0.10654009541622887 0.8098878745807767
 499  695 4189 101.216469 37.828007 0.20604513490956927 0.011857427540359927 63 -0.5761413612324192 -0.10646934727588038 0.8103859635802579
 500  695 4189 101.223537 37.828007 0.20660474736775672 0.013224613220434 56 -0.5767196314778497 -0.10653060846956999 0.8099664783971967
 501  693 4188 101.202045 37.823089 0.21773690036658583 0.011608545665938764 58 -0.5748614326040206 -0.10633347969990582 0.8113122237458048
 502  694 4188 101.209000 37.822617 0.2333108150848636 0.011323457578613711 54 -0.5754251757534217 -0.10639370080919253 0.8109045859638899
 503  693 4187 101.201788 37.817324 0.25233375051846874 0.008700126016438627 52 -0.5747160491902977 -0.1063174042126141 0.8114173231849238
 504  694 4187 101.209053 37.817278 0.27540514752513073 0.013656860712678782 61 -0.5753151410303261 -0.10638150717922495 0.8109842559701961
 505  695 4188 101.216438 37.822509 0.24574992502177204 0.013334033977491123 54 -0.5760361918155827 -0.10645884709871238 0.8104621025026488
 506  695 4188 101.223347 37.822101 0.2535600073761859 0.01380926998558578 59 -0.5765969300762925 -0.10651850549945917 0.8100554229265776
 507  695 4187 101.215892 37.817179 0.2888355431508045 0.013691313866744933 49 -0.5758777210349598 -0.10644157938979419 0.8105769800534599
 508  695 4187 101.223214 37.816900 0.29089579515986974 0.00868059463162441 45 -0.5764761264325494 -0.10650534357514685 0.8101431277516729
 509  691 4187 101.179462 37.814701 0.044741760939359665 0.0023825764656066895 2 -0.5728292350522354 -0.10611578982207816 0.8127767876975248
 510  691 4187 101.179878 37.812206 -0.0024522440508008003 0.0 1 -0.5728077333958301 -0.10611298757214091 0.8127923070689376
 511  691 4187 101.181126 37.814285 0.04043169226497412 0.005156005987118464 4 -0.5729516627140964 -0.10612836724825049 0.8126888468893694
 512  692 4187 101.182373 37.813869 0.0399506539106369 0.0 1 -0.5730411301478892 -0.10613760150519529 0.8126245582712563
 513  692 4187 101.181264 37.812483 0.006392888297947745 0.005840988413094744 3 -0.572923220730535 -0.10612507367503085 0.8127093280412253
 514  692 4187 101.182789 37.812622 0.005871943256352097 0.0019150289433643249 4 -0.5730465973881362 -0.10613794299135691 0.8126206582898584
 515  692 4187 101.181957 37.811375 -0.003953212668420747 0.0014665028509973034 4 -0.5729536785088214 -0.10612798527497308 0.812687475616971
 516  691 4186 101.171562 37.804786 -0.0923829130255259 0.0074108875225237444 13 -0.5719914918793687 -0.10602674248808623 0.8133781796280124
 517  692 4186 101.181717 37.806035 -0.1253763715687551 0.010263617800793481 19 -0.5728177791344166 -0.10611289421479844 0.8127852395244847
 518  692 4187 101.185699 37.812539 -0.006429177802056074 0.01278239478790219 5 -0.5732810409304144 -0.10616279749289956 0.812452034607719
 519  692 4187 101.189026 37.813869 0.08752191066741943 0.0 1 -0.5735856300203783 -0.10619562874619459 0.8122327335618321
 520  692 4187 101.190273 37.813869 0.09214125946164131 0.0022660307586193085 2 -0.5736888875851018 -0.10620685911123151 0.8121583363723452
 521  692 4187 101.188610 37.812206 -0.014445040374994278 0.0020759310573339462 2 -0.5735147950190178 -0.1061878959913293 0.8122837623880146
 522  692 4187 101.190273 37.812622 0.03701432980597019 0.058641886338591576 2 -0.573661625427366 -0.10620385409180558 0.8121779859661791
 523  692 4187 101.185699 37.811375 -0.01790088787674904 0.0 1 -0.5732555721486164 -0.1061597864620697 0.812470398684709
 524  692 4187 101.187085 37.811097 -0.01833953180660804 0.008895052288904163 3 -0.5733642369758416 -0.10617159537422748 0.8123921738254267
 525  692 4186 101.184868 37.809711 -0.0928522323568662 0.0009860894836000126 3 -0.5731500528901007 -0.10614835733362733 0.8125463328988984
 526  692 4186 101.186947 37.809711 -0.03761785291135311 0.003796970471739769 2 -0.5733223903832533 -0.10616695970399755 0.812422312195106
 527  692 4187 101.189442 37.810751 -0.034846245776861906 0.003487113286435042 8 -0.5735518093942892 -0.10619178238019787 0.812257118956463
 528  692 4187 101.191798 37.813592 0.10015950848658879 0.009672718663696976 3 -0.5738090176287345 -0.10621970457689027 0.8120717860186653
 529  693 4187 101.197508 37.812539 0.2174777626991272 0.005244407460633419 5 -0.5742586458916364 -0.10626801188381792 0.8117475699187309
 530  693 4186 101.193045 37.809434 -0.13873025526603064 0.0031733672328397534 6 -0.5738216424393241 -0.1062206759665085 0.8120627381338553
 531  693 4186 101.196510 37.809711 -0.14561266948779425 0.007327930636146829 6 -0.5741146741181928 -0.1062522301583205 0.8118514670483417
 532  692 4186 101.187562 37.806219 -0.13497864753007888 0.011202858906236271 50 -0.5732968638986995 -0.10616380157567018 0.81244073819505
 533  693 4186 101.194054 37.805979 -0.1564416538837344 0.013228947832812844 43 -0.5738300167108978 -0.10622122993339442 0.8120567481605011
 534  692 4185 101.182492 37.798901 -0.4680582072053637 0.011350480316641189 7 -0.5727223636615757 -0.10610161500556062 0.8128539484157714
 535  692 4185 101.180809 37.794545 -0.47872760608082726 0.01161330238285387 42 -0.5724952027258775 -0.1060771710494191 0.8130171441230553
 536  692 4186 101.184591 37.802781 -0.24652552604675293 0.1492010397086758 3 -0.5729748542682983 -0.10612874359560462 0.8126724470283464
 537  692 4186 101.186115 37.802643 -0.30258137732744217 0.15508859432120925 4 -0.573098374769025 -0.10614204004126147 0.8125836081124092
 538  692 4186 101.184452 37.801395 -0.4571962058544159 0.0012521445751190186 2 -0.5729327964645768 -0.10612416024249267 0.8127026967766905
 539  692 4185 101.186115 37.800980 -0.4638374447822571 0.0031706769913910503 4 -0.573061902525521 -0.10613793681082419 0.8126098659525196
 540  692 4186 101.188361 37.802560 -0.22266603112220765 0.11994097907373599 5 -0.5732829870372994 -0.10616196435525897 0.8124507702610814
 541  692 4186 101.190135 37.802781 -0.16276495158672333 0.0015194535140882152 3 -0.5734350819244919 -0.10617845264183223 0.8123412725036427
 542  692 4185 101.187778 37.800564 -0.47441717982292175 0.002855628728866577 2 -0.5731909066884404 -0.1061518357943102 0.8125170596653226
 543  692 4185 101.189857 37.800564 -0.489956001440684 0.004859809348022128 3 -0.5733636390984028 -0.10617043522813617 0.8123927474093456
 544  692 4185 101.184452 37.800148 -0.4582213908433914 0.0028883990810169256 4 -0.5729054729300358 -0.1061209137167176 0.8127223823414372
 545  692 4185 101.186115 37.799732 -0.4945265054702759 0.0037065744400024414 2 -0.5730345405037098 -0.10613488142636571 0.8126295603374968
 546  692 4185 101.184452 37.798485 -0.49007324129343033 0.0016898453140880708 4 -0.5728688824940213 -0.10611689815118919 0.812748698797372
 547  692 4185 101.186115 37.798485 -0.4974273666739464 0.002552660578347857 4 -0.5730071368675612 -0.1061317781852785 0.8126492889051651
 548  692 4185 101.189488 37.798901 -0.5225254363483853 0.01111590111854265 9 -0.573296559773087 -0.1061630840020708 0.8124410465673879
 549  692 4186 101.191936 37.802643 -0.1705569550395012 0.00642029196023941 2 -0.5735816803881243 -0.10619410964155365 0.812235721327604
 550  693 4186 101.193600 37.802643 -0.18376366794109344 0.002782297104562264 4 -0.5737196406525019 -0.10620906952878226 0.8121363232114387
 551  692 4185 101.191936 37.800564 -0.5192140340805054 0.0036434531211853027 2 -0.5735362825391884 -0.10618901731214751 0.8122684440586182
 552  693 4185 101.193738 37.800841 -0.524316132068634 0.005655526628862844 3 -0.5736918849633409 -0.10620593533260898 0.8121563398923478
 553  693 4186 101.195263 37.802643 -0.18896807730197906 0.0038475354095204753 4 -0.5738577051307175 -0.10622387666146033 0.8120368355494211
 554  693 4186 101.195263 37.800980 -0.5347445160150528 0.003569243962436312 4 -0.5738215345109055 -0.10621987095596981 0.8120629196962801
 555  693 4185 101.192602 37.798817 -0.5391268193721771 0.012769331403966262 10 -0.5735534754234697 -0.10619076727432374 0.812256075246809
 556  693 4185 101.196095 37.798693 -0.5446511209011078 0.0050499225864567565 8 -0.5738409055807163 -0.10622171906641838 0.8120489895818346
 557  692 4185 101.186814 37.794543 -0.5100331842899323 0.011268498981741015 50 -0.5729788079236119 -0.10612828629967899 0.8126697192079511
 558  693 4185 101.193879 37.794682 -0.5354285966266286 0.00820086008143313 55 -0.5735695816761262 -0.10619209052573016 0.8122445289970557
 559  693 4187 101.199282 37.813592 0.24532045920689902 0.017529943823821538 3 -0.5744282360264878 -0.10628613499260868 0.8116251962352021
 560  693 4187 101.201084 37.813869 0.2579888105392456 0.0039041340351104736 2 -0.5745832753900832 -0.10630288040166287 0.8115132514385168
 561  693 4187 101.199421 37.812206 0.22189343720674515 0.0002993270754814148 2 -0.5744097261867565 -0.10628406012163889 0.8116385679759898
 562  693 4187 101.201084 37.812206 0.21763276308774948 0.0013290122151374817 2 -0.5745473515290669 -0.10629891997480402 0.811539204513944
 563  693 4187 101.202747 37.812622 0.21605606004595757 0.00099539304537993 4 -0.5746938941303421 -0.10631459498136993 0.8114333829361782
 564  693 4187 101.199005 37.810543 -0.14935618142286936 0.0019415853544632487 3 -0.5743392523968114 -0.1062764230486566 0.8116894388004903
 565  693 4187 101.201084 37.810959 0.0341150164604187 0.18175414349030042 4 -0.5745203653614817 -0.10629586148100735 0.8115587099014588
 566  693 4186 101.199005 37.809296 -0.15027131140232086 0.002967306173755135 6 -0.5743123049399811 -0.10627332867655953 0.811708910882793
 567  693 4186 101.201084 37.809296 -0.15310828387737274 0.0039007606349330272 4 -0.5744844519557057 -0.10629190678797537 0.8115846505525649
 568  693 4187 101.202609 37.811097 0.09425810476144154 0.17322586239077561 3 -0.5746495437137094 -0.10630972769158598 0.8114654297675082
 569  693 4186 101.202609 37.809157 -0.14983713130156198 0.0023019170261233107 3 -0.5746076711032039 -0.10630498096172872 0.8114957025961866
 570  694 4187 101.207737 37.813869 0.2896779477596283 0.004538834095001221 2 -0.5751334114246895 -0.10636172413082554 0.8111157394003133
 571  694 4187 101.211202 37.813130 0.2978868583838145 0.010025908709897708 9 -0.5754039387218504 -0.10639068546106403 0.8109200511459228
 572  694 4187 101.206490 37.810959 0.21477971225976944 0.0009667053818702698 2 -0.5749676856684938 -0.10634374307164188 0.8112355815338284
 573  694 4187 101.207321 37.810543 0.20808936655521393 0.0 1 -0.5750275227607227 -0.10635013829071026 0.8111923299398323
 574  694 4186 101.206490 37.808880 -0.1393752098083496 0.0 1 -0.574923089940918 -0.10633875278953213 0.8112678412879152
 575  694 4186 101.207598 37.809157 -0.033723304669062294 0.1675780294894042 3 -0.5750207048297994 -0.10634930076267277 0.8111972727051857
 576  694 4187 101.212034 37.809711 0.27790284156799316 0.005779935196180426 3 -0.5753995722209863 -0.10639000206540444 0.810923239122193
 577  693 4186 101.199988 37.807368 -0.16793409125371414 0.013934025524310327 11 -0.5743519524309413 -0.10627749772925411 0.811680311585278
 578  693 4186 101.202747 37.808048 -0.15833313763141632 0.008431985974311829 2 -0.5745952260295767 -0.10630358073930207 0.8115046980430998
 579  694 4186 101.204411 37.808048 -0.1493019014596939 0.002094253897666931 2 -0.5747329575639104 -0.10631845487377281 0.8114052092777652
 580  693 4186 101.202609 37.806939 -0.1879938840866089 0.00547327942604021 3 -0.5745598414583254 -0.10629966991368471 0.8115302636129017
 581  694 4186 101.204826 37.807217 -0.1493908166885376 0.0 1 -0.5747495268690959 -0.10632009758138887 0.8113932574368823
 582  693 4186 101.200114 37.804629 -0.1953714390595754 0.005894447734088446 9 -0.5743031672764191 -0.1062720305233355 0.8117155459794525
 583  693 4186 101.203579 37.804930 -0.20464580692350864 0.00502958636171458 8 -0.5745968891005494 -0.10630357075202783 0.8115035217923208
 584  694 4186 101.206905 37.807383 -0.15211403369903564 0.006344815152500095 10 -0.5749252805333047 -0.10633897166528229 0.8112662601814963
 585  694 4186 101.208984 37.808048 -0.12573090195655823 0.0 1 -0.5751117337130459 -0.10635906216097117 0.811131458915146
 586  694 4186 101.211479 37.807217 0.26457494497299194 0.0 1 -0.575300451142789 -0.10637921766901738 0.8109949771503097
 587  694 4186 101.206074 37.805553 -0.19105789810419083 0.005645342171192169 2 -0.5748170079956406 -0.1063272703687291 0.8113445130737466
 588  694 4186 101.207737 37.805553 -0.17998771369457245 0.002840295433998108 2 -0.5749549151577655 -0.10634201919157744 0.8112448585292759
 589  694 4186 101.207737 37.803059 -0.5189546346664429 0.0038079023361206055 2 -0.5749012536290242 -0.10633621004215031 0.8112836489228956
 590  694 4186 101.209539 37.804999 -0.16738401353359222 0.005259880725117682 3 -0.5750922517214078 -0.10635672925968498 0.8111455776561831
 591  694 4186 101.211063 37.805138 -0.16563312709331512 0.00613235218207832 4 -0.5752214948697508 -0.10637057032847919 0.8110521152230622
 592  694 4186 101.209539 37.803336 -0.5148035188515981 0.0179051409732094 3 -0.5750565500672963 -0.1063527633498739 0.8111714084905514
 593  694 4186 101.211063 37.803474 -0.5101981610059738 0.012351060244656828 4 -0.5751859121605526 -0.10636663665562536 0.8110778662117486
 594  695 4187 101.215689 37.811357 0.30530033943553764 0.013475548120127379 48 -0.5757370542025182 -0.10642615160810057 0.810678924526903
 595  695 4187 101.223676 37.812185 0.31699225535759556 0.010614665810582976 39 -0.576414673074663 -0.10649852066607732 0.810187749697665
 596  694 4186 101.214093 37.807276 0.2899003816502435 0.004864235737202148 14 -0.5755180199468807 -0.10640249868928817 0.8108375404414242
 597  695 4186 101.217883 37.807383 0.2975512593984604 0.004052584855543676 10 -0.5758339340215862 -0.10643630390615766 0.8106087796465197
 598  694 4186 101.212865 37.805276 -0.018480355540911358 0.2122638400116306 3 -0.5753736838681845 -0.10638690261120586 0.8109420144897835
 599  695 4186 101.215221 37.805553 0.28645384311676025 0.0022482872009277344 2 -0.575574757842221 -0.10640854428659177 0.810796472511861
 600  694 4186 101.212727 37.803059 -0.5171220004558563 0.0030032694339752197 2 -0.5753148777276826 -0.1063804660593284 0.8109845793269942
 601  694 4186 101.214806 37.803267 -0.5217608362436295 0.004821996136294852 4 -0.5754915365415626 -0.1063994660656164 0.8108567351819821
 602  695 4186 101.216885 37.805553 0.28716371953487396 0.0002298206090927124 2 -0.5757124459021236 -0.10642321845098075 0.8106967856158858
 603  695 4186 101.218132 37.805553 0.28954431414604187 0.0 1 -0.5758157385419387 -0.1064342188247623 0.8106219786747485
 604  695 4186 101.217023 37.803336 -0.51418403784434 0.005887290040741131 3 -0.5756767799749528 -0.10641927042633745 0.8107226306694515
 605  694 4185 101.205583 37.796752 -0.5276565668957957 0.007235928855603094 178 -0.5745869775040061 -0.10630185241808296 0.8115107648425218
 606  695 4185 101.218556 37.796809 -0.517107252671261 0.007229981737709451 198 -0.5756652049730225 -0.10641760816717262 0.810731067898194
 607  696 4189 101.230636 37.833561 0.16655455476471356 0.008607959687291398 56 -0.5773813052107948 -0.10659815178280743 0.809486048322989
 608  696 4189 101.237963 37.833476 0.17429086565971375 0.007879388917660915 52 -0.5779722263781347 -0.1066600193535602 0.8090560832272384
 609  696 4189 101.230633 37.827993 0.20822797114810637 0.01438623721676313 62 -0.5772996084848723 -0.10659189965753833 0.8095451370804537
 610  696 4189 101.237675 37.828007 0.20975701723779952 0.012189355630527775 56 -0.5778753486673234 -0.10665260336644274 0.8091262593673373
 611  697 4189 101.244969 37.832912 0.18162362479557426 0.008002915834784713 59 -0.5785313115491895 -0.10671872190606925 0.808648648024536
 612  698 4189 101.252228 37.832996 0.18474745466595605 0.007166802657407062 63 -0.5791190845627132 -0.10677997856870704 0.8082197238821331
 613  697 4189 101.244743 37.827591 0.2119682988634816 0.008515585569499535 54 -0.5784476609248973 -0.1067131294487729 0.8087092256019863
 614  698 4189 101.251930 37.827316 0.21321424869996197 0.009377454481159727 53 -0.5790318863601451 -0.10677473768142286 0.8082828898172195
 615  696 4188 101.230524 37.822267 0.2501252181217319 0.011929743110576225 61 -0.5771916299967823 -0.10658173858129824 0.8096234651136572
 616  696 4188 101.237609 37.822142 0.2452270880080106 0.009675297358348501 57 -0.5777723282565751 -0.10664329796771554 0.8092010527054111
 617  696 4187 101.228527 37.818028 0.27791739627718925 0.0029892100829338724 8 -0.5769380690292668 -0.10655456149414846 0.8098077487463126
 618  696 4187 101.231604 37.817529 0.27493799328804014 0.0020124883756609197 5 -0.577181318272016 -0.10658042561399307 0.8096309892251643
 619  696 4187 101.228408 37.814939 0.3028982068811144 0.010241181306193807 14 -0.5768633999456054 -0.10654647578952 0.809862004479794
 620  696 4187 101.231821 37.814957 0.30084134752933794 0.011932647841909746 13 -0.5771453628113437 -0.10657649433743564 0.8096571379541498
 621  696 4187 101.237176 37.817009 0.2766293428838253 0.014055107513050596 40 -0.5776297629231452 -0.10662799362140417 0.8093048424182477
 622  697 4188 101.244743 37.822186 0.24556531012058258 0.010367866693609175 63 -0.5783603111973185 -0.10670558600721534 0.8087726926316181
 623  698 4188 101.251690 37.821941 0.24652533671435187 0.00876397011853309 51 -0.5789266376470884 -0.10676544053100379 0.8083595047569229
 624  697 4187 101.242760 37.817900 0.27048276250179 0.005380868076078748 13 -0.5781084418598961 -0.10667879101131394 0.8089562812653647
 625  697 4187 101.246222 37.817704 0.272783605588807 0.006315159441542152 18 -0.5783895029172968 -0.10670854307733071 0.8087514264280439
 626  697 4187 101.242711 37.815625 0.28167836202515495 0.01164761276171229 9 -0.5780572649163257 -0.1066733089661254 0.808993574530524
 627  697 4187 101.245991 37.814493 0.3087087459862232 0.01042983047099818 8 -0.5783042402220507 -0.10669942367256102 0.8088135994956687
 628  698 4187 101.251562 37.816323 0.28526319811741513 0.01369854466319913 60 -0.5788009361352567 -0.10675207036600891 0.8084512797945965
 629  698 4189 101.259296 37.832996 0.18743262945541314 0.006948081346503578 56 -0.5796901520627586 -0.10683943928735791 0.8078023655661197
 630  699 4189 101.266365 37.832996 0.18974511467275165 0.007572198941330136 63 -0.5802573988359182 -0.10689809248546443 0.807387236039277
 631  698 4189 101.258881 37.827175 0.2168073703845342 0.00924689010527513 63 -0.5795984886855476 -0.1068343573082788 0.8078688086638548
 632  699 4189 101.266078 37.827247 0.21811202862139406 0.008592351858680847 58 -0.5801842363086072 -0.10689549934954955 0.8074401551556678
 633  700 4189 101.276845 37.829764 0.20618797571898548 0.013956558553073897 229 -0.5810157809685136 -0.10697505378714584 0.8068314570793492
 634  698 4188 101.258985 37.821666 0.2459270086671625 0.008031657266951828 56 -0.579520814860619 -0.10682809183872485 0.807925357899714
 635  699 4188 101.265949 37.821354 0.2469062531100852 0.007980049716806423 56 -0.5800843598837057 -0.1068872835328428 0.8075129992992566
 636  698 4187 101.258608 37.816364 0.2809608614650266 0.012976274510869667 58 -0.5793819483070849 -0.10681343064176116 0.8080268863165532
 637  699 4187 101.265729 37.815875 0.2796301689802432 0.010159613376997632 51 -0.5799558293221674 -0.10687381444981031 0.8076070974305417
 638  700 4188 101.273018 37.821354 0.24333249339981686 0.008318837761693166 63 -0.5806209093735041 -0.10694039915761497 0.8071202578465585
 639  700 4188 101.280087 37.821354 0.2414171631847109 0.007762875268241893 56 -0.5811447389672956 -0.10699118163009423 0.8067364373970164
 640  700 4187 101.273018 37.815615 0.2776707435240511 0.011348530802517926 61 -0.5805081328598746 -0.10692883721147386 0.8072029060008049
 641  700 4187 101.280021 37.815489 0.2735308539449123 0.010779432278717966 57 -0.5810282855528364 -0.10697959114291064 0.806821850513747
 642  696 4187 101.234775 37.810622 0.33557377876462163 0.010086584239901742 74 -0.5772985557939553 -0.10659259533061267 0.809545796171469
 643  697 4187 101.244161 37.811208 0.33307704478502276 0.008468153854483046 20 -0.5780855143831477 -0.10667616954865326 0.8089730112375805
 644  698 4187 101.251673 37.810592 0.3365875015071794 0.013637340402648988 51 -0.5786925433057177 -0.10674055274317618 0.8085303919596599
 645  698 4186 101.251822 37.805534 0.37328296830487806 0.007910752936619858 43 -0.5786010605531184 -0.10673080574430809 0.8085971480483822
 646  696 4185 101.229794 37.793602 -0.509553600882375 0.011972073671851245 43 -0.5765298830445938 -0.10651001633283573 0.8101042589552075
 647  696 4185 101.235845 37.793662 -0.4906847134232521 0.012575232658761405 20 -0.5770331417414496 -0.10656380027374908 0.8097387910945164
 648  698 4187 101.256802 37.811790 0.32082125544548035 0.00816823675453798 16 -0.5791399123765931 -0.10678788073747825 0.8082037555097292
 649  698 4187 101.260128 37.811790 0.31773344427347183 0.00897136144753041 16 -0.5794140587282485 -0.10681685226709493 0.8080034087921953
 650  698 4186 101.256802 37.808464 0.3556797318160534 0.00402984771424316 8 -0.5790720664141773 -0.10678071586994678 0.8082533146341662
 651  698 4186 101.260128 37.808464 0.3517838455736637 0.004479697478601564 8 -0.5793464315733309 -0.10680974939528458 0.8080528384068485
 652  699 4187 101.265754 37.811001 0.3180279318167239 0.013945076878497444 49 -0.5798590633432623 -0.10686364583752529 0.8076779233438206
 653  698 4186 101.258240 37.805034 0.37815548044939834 0.010152924757211731 48 -0.5791208056559564 -0.10678585094314978 0.8082177147865193
 654  699 4186 101.265533 37.804722 0.3712799312576415 0.01302196771271277 63 -0.5797146510446689 -0.10684852497641856 0.8077835824492359
 655  700 4187 101.272543 37.810187 0.3166971206665039 0.011013377812198367 49 -0.5803657737383378 -0.1069144162962344 0.8073071759009306
 656  700 4187 101.279814 37.809927 0.31184288962134 0.011725351634862609 58 -0.5809069787354008 -0.1069674970864066 0.8069107984303955
 657  700 4186 101.272602 37.804722 0.35902723776442663 0.01404217102811843 56 -0.5802626131630645 -0.10690380120374901 0.8073827326945759
 658  700 4186 101.279530 37.804553 0.3529725049511861 0.01266988232839737 59 -0.5807831500413122 -0.10695515551982353 0.8070015658818892
 659  698 4186 101.256802 37.801395 0.39568424224853516 0.0021082030261792336 4 -0.5789278460445625 -0.1067655386904373 0.808358626367248
 660  699 4186 101.260405 37.800425 0.39294936259587604 0.002955230574922422 6 -0.579205935727098 -0.10679491899998338 0.8081555105883296
 661  698 4185 101.259296 37.798901 0.3909870535135269 0.005574241280555725 2 -0.579083216608981 -0.10678198984120169 0.8082451576640282
 662  699 4185 101.260821 37.798346 0.3674488266309102 0.01596483474353455 3 -0.5791980503128893 -0.10679410541109785 0.8081612695268137
 663  699 4185 101.260960 37.797237 0.33043646812438965 0.00012311339378356934 2 -0.5791870812421478 -0.10679293167171047 0.8081692858969357
 664  699 4186 101.263568 37.800564 0.38484514301473444 0.005516425250610553 11 -0.5794700965002801 -0.10682294896160355 0.8079624154854622
 665  699 4186 101.266615 37.800397 0.3826498448848724 0.005366919075118142 10 -0.5797173875732913 -0.1068489994454176 0.8077815557826952
 666  699 4185 101.263039 37.798901 0.3910198509693146 0.0 1 -0.5793926640270427 -0.10681472579378384 0.8080190314746585
 667  699 4185 101.264286 37.798485 0.3928973898291588 0.00269917259107796 4 -0.5794873816292947 -0.10682475907384803 0.8079497789969612
 668  699 4185 101.263039 37.796406 0.27946922183036804 0.0 1 -0.5793421054624237 -0.1068095450912328 0.808055967068971
 669  699 4185 101.264286 37.796406 0.2828257232904434 0.0010790377855300903 2 -0.5794453036766624 -0.10682035632021811 0.8079805390742294
 670  699 4185 101.265811 37.798623 0.38962764541308087 0.003969798270815084 3 -0.579616236298441 -0.10683848730329946 0.8078555293181898
 671  699 4185 101.267612 37.798901 0.3949369490146637 0.002429753541946411 2 -0.5797680464545972 -0.10685431854152506 0.8077444935864598
 672  699 4185 101.266088 37.796683 0.3091805974642436 0.01983550453649637 3 -0.5795999000543406 -0.10683681125874382 0.8078674715676216
 673  699 4185 101.267197 37.796406 0.29559653997421265 0.0 1 -0.5796860467536591 -0.1068458261146053 0.8078044668365
 674  698 4185 101.256940 37.794465 -0.3580013910929362 0.0033645083764983676 3 -0.5787979712942513 -0.10675168195730829 0.8084534537157627
 675  699 4185 101.261375 37.795574 0.2564333379268646 0.0 1 -0.5791876265772091 -0.10679303761961488 0.8081688810736496
 676  698 4185 101.258881 37.793911 -0.354449729124705 0.0038291069905009396 3 -0.5789472871115836 -0.10676763727408718 0.8083444255866719
 677  699 4185 101.260960 37.794327 -0.3495749980211258 0.004289680474063791 4 -0.579127844034951 -0.10678671224563391 0.8082125576549758
 678  698 4185 101.255000 37.792802 -0.3921088973681132 0.00044287203310489163 3 -0.5786032346409434 -0.10673105473942056 0.8085955594840032
 679  698 4185 101.256940 37.792802 -0.3594798644383748 0.005860956716591849 3 -0.5787639853340335 -0.10674807000368873 0.8084782611986263
 680  698 4185 101.254723 37.791416 -0.3884238600730896 0.0 1 -0.5785518785452651 -0.10672567601780254 0.808633015595015
 681  698 4185 101.257217 37.791416 -0.3610582947731018 0.0 1 -0.5787586442416781 -0.10674755785384729 0.8084821523124517
 682  698 4185 101.259772 37.792307 -0.3526185857398169 0.004398135351733059 14 -0.5789884271428514 -0.10677193582116251 0.808314391159559
 683  699 4185 101.262623 37.795574 0.25576165318489075 0.003458470106124878 2 -0.579290854570673 -0.10680400726269215 0.808093441282263
 684  699 4185 101.262623 37.793911 -0.3465508967638016 0.0042669326066970825 2 -0.5792570850035781 -0.1068004936619648 0.8081181126708634
 685  699 4185 101.264147 37.794188 -0.151458278298378 0.27136228715673444 3 -0.5793889372103875 -0.1068144119358948 0.8080217452773203
 686  699 4185 101.263288 37.792081 -0.3577548682689667 0.008916352440709475 10 -0.5792750991941159 -0.10680236104754659 0.8081049530403317
 687  699 4185 101.266850 37.791901 -0.35246120144923526 0.004962967319612634 12 -0.579565140658511 -0.10683304842935806 0.8078929059576961
 688  700 4185 101.272159 37.798445 0.3921191980761866 0.008636782165281836 31 -0.5801053688301426 -0.10688779008093338 0.8074978398646391
 689  700 4185 101.279745 37.798827 0.387337941593594 0.008798875993207821 45 -0.5806902132913433 -0.10694587016461467 0.8070696729789738
 690  699 4185 101.268860 37.792248 -0.3486677408218384 0.0 1 -0.5797298235575662 -0.10684973910965662 0.8077725329138837
 691  699 4185 101.269137 37.790862 -0.35032686591148376 0.0009170305836450999 3 -0.5797233366648765 -0.10684902191083935 0.8077772833169049
 692  699 4185 101.271355 37.790585 -0.30724555253982544 0.0 1 -0.5798882022808977 -0.10686567759442384 0.8076567338960985
 693  700 4185 101.273988 37.790723 -0.30203887323538464 0.010333236609274167 6 -0.5800934535743795 -0.10688614542600003 0.8075066173327134
 694  700 4185 101.276760 37.795158 0.3798656389117241 0.011282326178789277 4 -0.5803922145994264 -0.10691620933906987 0.8072879296836648
 695  700 4185 101.281750 37.795574 0.39875032007694244 0.0033955425024032593 2 -0.5807814819967607 -0.10695488610719213 0.8070028020443571
 696  700 4185 101.281750 37.790585 -0.2659718543291092 0.004890128970146179 2 -0.5806872593856269 -0.10694554535025806 0.8070718413604488
 697  691 4184 101.172647 37.789355 -0.45383569403834967 0.010600450347255925 46 -0.5717446521756463 -0.10599844259477348 0.8135553963167055
 698  691 4184 101.179992 37.789247 -0.47716468806360285 0.010490813479409528 51 -0.5723157047389227 -0.1060575028403675 0.8131460755611231
 699  691 4184 101.172394 37.783932 -0.4325716391442314 0.01054084267574306 63 -0.5716093359169082 -0.10598353016688747 0.8136524186813407
 700  691 4184 101.179576 37.784098 -0.46411323709921404 0.009794085214470038 55 -0.5721721641358747 -0.10604171485727935 0.813249143435268
 701  692 4184 101.187047 37.789221 -0.5012887173891067 0.008257572351266632 50 -0.5728814916463003 -0.10611721642343402 0.8127397694881504
 702  693 4184 101.194002 37.788866 -0.5193390677372615 0.009149510831226598 60 -0.5734531146260957 -0.10617899641687085 0.8123284717683703
 703  692 4184 101.186633 37.783677 -0.4828838967547125 0.006336481599233527 49 -0.5727276777818644 -0.10610014000512284 0.8128503966865528
 704  693 4184 101.193693 37.783575 -0.4961930227522947 0.00898382068194142 49 -0.5733135707432729 -0.1061635065921792 0.8124289873396016
 705  691 4183 101.172394 37.778111 -0.40995502188092187 0.010660404762960636 63 -0.5714989139975708 -0.1059721820292843 0.8137314593497964
 706  691 4183 101.179462 37.778111 -0.44028891197272707 0.012101249472807322 56 -0.572051623998447 -0.10602950261535453 0.8133355298128073
 707  691 4182 101.172315 37.772713 -0.38780171635015953 0.00876503200352965 53 -0.571393871119899 -0.1059616054006026 0.8138066000147351
 708  691 4182 101.179247 37.772175 -0.40258834074283467 0.012206417560456212 58 -0.5719292087426167 -0.10601743319671138 0.8134231887802469
 709  692 4183 101.186571 37.778111 -0.4603150539821194 0.012459204137020742 62 -0.5726199069800043 -0.10608930972671905 0.8129277338680969
 710  693 4183 101.193513 37.778236 -0.475396732114396 0.013590695322929417 53 -0.5731975418165386 -0.10615160449426422 0.8125124090860218
 711  692 4182 101.186531 37.772289 -0.41908186295675853 0.012163322617282764 63 -0.5725136352377936 -0.10607896767111642 0.8130039299318527
 712  693 4182 101.193455 37.772238 -0.4273191830333398 0.013827365937600693 49 -0.573082601883851 -0.10614006826923583 0.8125949897247938
 713  694 4184 101.205014 37.785949 -0.5185857393622938 0.014468543749934152 221 -0.574307875214195 -0.10627105116529885 0.8117123432295329
 714  694 4184 101.213558 37.790169 -0.5008010398596525 0.008062307721012837 16 -0.5751086468528799 -0.10635752082055575 0.8111338496696796
 715  695 4184 101.216885 37.790169 -0.5024205169507435 0.0031074339462497 14 -0.5753852387483529 -0.10638719483467805 0.8109337776943991
 716  694 4184 101.212727 37.788090 -0.5077342689037323 0.0018372833728790283 2 -0.5749950854319513 -0.10634515900911833 0.8112159754864473
 717  694 4184 101.214390 37.788090 -0.5033736228942871 0.0016679763793945312 2 -0.5751334736341135 -0.10635999607783642 0.811115921887791
 718  694 4184 101.212727 37.786842 -0.5265643447637558 0.023430779783432068 4 -0.5749684350483869 -0.10634225934278559 0.81123524490488
 719  694 4184 101.214390 37.786842 -0.5491989254951477 0.0031914050694713484 4 -0.5751068115258484 -0.10635704492096658 0.8111352133474738
 720  695 4184 101.216053 37.788090 -0.5024049580097198 0.0009635388851165771 2 -0.5752717836347088 -0.10637495264173552 0.8110158718571479
 721  695 4184 101.217716 37.788090 -0.49894580245018005 0.0021701157093048096 2 -0.5754101919440386 -0.10638968733419385 0.8109157449672914
 722  695 4184 101.216053 37.786842 -0.5451241731643677 0.0030072139425538808 4 -0.5752452710979931 -0.10637203511608341 0.8110350597999197
 723  695 4184 101.217716 37.786842 -0.5419742166996002 0.003354525082678305 4 -0.575383622766335 -0.10638680299167436 0.8109349756925633
 724  695 4184 101.220686 37.789812 -0.5059033866439547 0.005912420865901017 14 -0.575693628898231 -0.10642030759384126 0.8107105302002793
 725  695 4184 101.224369 37.789337 -0.5017025172710419 0.003751303612733537 8 -0.5759896731932008 -0.10645204077009895 0.8104960576034106
 726  695 4184 101.219518 37.787813 -0.5128860771656036 0.02162916343076271 3 -0.5755540840281143 -0.10640520193326675 0.8108115868437619
 727  695 4184 101.221666 37.787466 -0.5305986106395721 0.014178454561510399 4 -0.5757254209891192 -0.10642355860808468 0.8106875266094165
 728  695 4184 101.219241 37.786704 -0.5406471093495687 0.004282922007216407 3 -0.5755075084777316 -0.10640018309156914 0.8108453050513608
 729  695 4184 101.221043 37.786427 -0.5344925224781036 0.0005798637866973877 2 -0.5756514957737772 -0.10641559942282387 0.8107410657003222
 730  695 4184 101.224029 37.787031 -0.5178023901852694 0.011164991555928937 11 -0.5759126865123044 -0.10644369632755492 0.8105518595539137
 731  695 4184 101.215156 37.783056 -0.51732460082623 0.014044074765278768 57 -0.5750904982636377 -0.10635516038688997 0.8111470265407869
 732  695 4184 101.222290 37.783100 -0.5034278971808297 0.013534854644217616 63 -0.5756848593658974 -0.10641902061644513 0.8107169263978047
 733  693 4183 101.200564 37.777799 -0.4846036620438099 0.011156663896418085 56 -0.5737737487642749 -0.10621370185190653 0.812097490925754
 734  694 4183 101.207859 37.777524 -0.48115140491840885 0.012792221465268348 51 -0.5743725108549966 -0.10627805701351126 0.8116656906458222
 735  693 4182 101.198672 37.773509 -0.4488643785317739 0.01399962576960182 15 -0.5735360572474071 -0.1061885923649567 0.812268658689136
 736  693 4182 101.202332 37.773537 -0.4550204068422318 0.0067585247925325345 20 -0.573838150234457 -0.10622100080081538 0.8120510306159152
 737  693 4182 101.198589 37.770626 -0.42188287774721783 0.004285318428584576 12 -0.5734747858928142 -0.10618233857012711 0.8123127359096187
 738  693 4182 101.202239 37.770996 -0.43477778964572483 0.009535951278665343 9 -0.5737816795572106 -0.10621516268239148 0.8120916964363443
 739  694 4182 101.207619 37.772148 -0.4412452972160195 0.011133995952324992 53 -0.5742463628020489 -0.10626472441424108 0.811756689626752
 740  695 4183 101.214806 37.777279 -0.47140713911207893 0.013262936710738455 63 -0.5749424048978543 -0.10633920774906691 0.81125409333055
 741  695 4183 101.221940 37.777323 -0.46425980538652656 0.012977653544635903 57 -0.5755333079392703 -0.10640245258076284 0.8108266951311356
 742  695 4182 101.214806 37.771873 -0.43286146499492506 0.00964197652412217 54 -0.5748316416104 -0.10632729946235489 0.8113341415178678
 743  695 4182 101.221874 37.771458 -0.42095399807606426 0.011562215592499389 56 -0.5754035554730561 -0.10638821268513594 0.8109206475054312
 744  691 4182 101.171925 37.767254 -0.35531921332532707 0.011720694638048049 55 -0.5712630187596817 -0.10594837960123611 0.8139001807700056
 745  691 4182 101.179094 37.766923 -0.3725525877385769 0.00934520771853653 53 -0.571823677401541 -0.10600704272699618 0.8134987331614323
 746  691 4181 101.171978 37.761478 -0.3220520902957235 0.009165324555093933 56 -0.57116120457673 -0.10593816977218255 0.8139729618186216
 747  691 4181 101.179145 37.761380 -0.3374871061009876 0.012045598150230052 59 -0.5717290935873336 -0.10599783930806764 0.8135664088492267
 748  692 4182 101.186208 37.766560 -0.37835057190170995 0.011182921512164082 54 -0.572385842244315 -0.10606632839146479 0.8130955550117219
 749  693 4182 101.193130 37.766428 -0.3840788338453539 0.011411996853590324 62 -0.5729493338685462 -0.10612659532808859 0.8126907201289167
 750  692 4181 101.186015 37.761179 -0.3446125453710556 0.008594978111307473 50 -0.572275278524169 -0.10605546941209044 0.8131747924018955
 751  693 4181 101.193315 37.760909 -0.34689157155522127 0.009712302387904631 57 -0.572863188464793 -0.10611809801824 0.8127525555634645
 752  691 4180 101.171562 37.755657 -0.2947656587948875 0.008041555439608725 63 -0.5710211278352002 -0.10592391159944987 0.8140730904023837
 753  691 4180 101.178760 37.755729 -0.3037662649976796 0.009304793676260695 58 -0.5715977168410423 -0.10598476748177015 0.8136604200549162
 754  691 4180 101.171687 37.749961 -0.27091390937566756 0.006823312752145403 60 -0.5709264456641687 -0.10591442712121997 0.8141407297076242
 755  691 4180 101.178631 37.749836 -0.2764251083135605 0.006846820956270898 56 -0.5714822951658148 -0.10597339306074975 0.8137429731034268
 756  692 4180 101.185809 37.755589 -0.3121040766356421 0.010066689505767239 61 -0.5721601042270142 -0.10604416087317775 0.8132573092666525
 757  693 4180 101.192940 37.755600 -0.31869167500528794 0.008016526243369845 58 -0.5727355171092601 -0.10610520187420341 0.8128442123659508
 758  692 4180 101.185699 37.749836 -0.28196459772094845 0.008256862610428448 63 -0.5720498529686533 -0.1060334151561292 0.8133362653840476
 759  693 4180 101.192691 37.749913 -0.28858602709240383 0.009999129690159283 54 -0.5726114501435812 -0.10609270135913357 0.8129332481100688
 760  693 4182 101.200077 37.766413 -0.3908845199478997 0.014343383285518038 45 -0.5735168335435936 -0.10618719113813509 0.8122824152228849
 761  694 4182 101.207628 37.766439 -0.3986515109999138 0.014074155597693918 57 -0.5741341834068843 -0.10625295218043597 0.811837575871339
 762  693 4181 101.200253 37.760647 -0.3481485279543059 0.011433625797511934 56 -0.5734213931478607 -0.10617745101486388 0.8123510662123566
 763  694 4181 101.207321 37.760647 -0.3532460989460113 0.011462454316225699 63 -0.5739947695145071 -0.10623828612943172 0.8119380709944994
 764  695 4182 101.214639 37.766551 -0.39695044656594597 0.011859931007166525 60 -0.5747090294484949 -0.1063141118621239 0.8114227265053258
 765  695 4182 101.221654 37.765979 -0.38497937952770905 0.009671000365931727 51 -0.5752695004951274 -0.10637356813838794 0.8110176729280283
 766  695 4181 101.214390 37.760647 -0.3545706197619438 0.01135916434676424 56 -0.5745678869310797 -0.1062989410157306 0.8115246628701361
 767  695 4181 101.221458 37.760647 -0.3496644714521983 0.011110849701044596 63 -0.5751407012798185 -0.10635950712999909 0.8111108610876951
 768  693 4180 101.200103 37.755175 -0.3167295604944229 0.006815974752841977 50 -0.573305159863739 -0.10616549692160175 0.8124346625649365
 769  694 4180 101.207363 37.754950 -0.3176800991098086 0.008940404401590291 60 -0.5738856175176038 -0.10622680982548638 0.8120167257395248
 770  693 4180 101.199877 37.749876 -0.2903821160716395 0.009110210261737754 62 -0.5731861995252494 -0.10615326876590425 0.8125201931054482
 771  694 4180 101.206806 37.749537 -0.2878939294815063 0.007896687127587752 50 -0.5737340789030425 -0.10621085658412134 0.8121258896556277
 772  695 4180 101.214324 37.754782 -0.3179197855163039 0.010478167487888185 57 -0.5744426360755651 -0.10628550462196751 0.8116150869505874
 773  695 4180 101.221458 37.754826 -0.31267979173433214 0.010239060539849253 63 -0.5750175251759158 -0.10634599128527496 0.8111999604771423
 774  695 4180 101.214105 37.749267 -0.28492759769422965 0.009370608623056078 57 -0.5743123301064273 -0.10627153162830279 0.8117091283539324
 775  695 4180 101.221108 37.749048 -0.2799984980047795 0.008812182110982163 57 -0.5748673274767534 -0.10632961204770065 0.8113085537583841
 776  696 4184 101.232540 37.785083 -0.4841360768975591 0.01390008712371605 169 -0.5765787973480234 -0.10651491137596626 0.8100688020799697
 777  697 4184 101.243802 37.787696 -0.4610345449886824 0.0110825913482529 38 -0.5775695198400648 -0.10662095806434292 0.8093487635458269
 778  698 4184 101.249363 37.789661 -0.4151010413964589 0.014329556779359674 9 -0.5780715420372324 -0.10667445938956543 0.8089832210872115
 779  698 4184 101.252574 37.789545 -0.39041029413541156 0.004173856517335771 12 -0.5783355058316466 -0.10670259074767441 0.8087908257529803
 780  698 4184 101.249020 37.786664 -0.44140116444655825 0.00813485804019647 14 -0.5779814354948533 -0.10666483942435662 0.8090488688910483
 781  698 4184 101.251812 37.787258 -0.42308245599269867 0.015129104256629944 2 -0.5782253715582111 -0.10669084589210107 0.8088711164884037
 782  698 4184 101.253475 37.787258 -0.40611088275909424 0.0 2 -0.5783634128823684 -0.10670539631645629 0.8087704996078968
 783  698 4184 101.251812 37.786011 -0.43298545479774475 0.0008771512770823825 4 -0.5781997710332397 -0.10668814872101734 0.8088897722802478
 784  698 4184 101.253475 37.786011 -0.4031943827867508 0.029534889245964858 4 -0.5783378310907937 -0.1067028339628617 0.8087891309565743
 785  697 4184 101.243614 37.782410 -0.4351038376115403 0.010990518474349703 53 -0.577441621928326 -0.10660700442364418 0.8094418570055549
 786  698 4184 101.248901 37.783932 -0.43009941776593524 0.004001217259649075 15 -0.5779153380232865 -0.10665780019473559 0.8090970125609477
 787  698 4184 101.251812 37.784348 -0.41005633026361465 0.02420879525748166 4 -0.5781656538730194 -0.1066845233500932 0.8089146365094078
 788  698 4184 101.253475 37.784348 -0.3650090619921684 0.002490047201468805 4 -0.5783037666134946 -0.10669917751241377 0.8088139706006685
 789  698 4184 101.251812 37.783100 -0.42279675602912903 0.0016232430934906006 2 -0.5781400879463314 -0.10668179167374912 0.8089332692099436
 790  698 4184 101.253475 37.783100 -0.4191635698080063 0.002009943127632141 2 -0.578278239412697 -0.10669646335950793 0.8088325800363909
 791  698 4183 101.248486 37.781021 -0.4135591834783554 0.005152049348397958 16 -0.5778141173778304 -0.10664649661489375 0.809170791933723
 792  698 4183 101.252140 37.780955 -0.4046142179715006 0.009262675365726133 19 -0.5781154188082422 -0.10667852694693672 0.8089513300715949
 793  696 4183 101.228929 37.777293 -0.45946890165408455 0.010650771829062329 60 -0.5761103586165366 -0.10646412721247618 0.8104086896817009
 794  696 4183 101.236490 37.777549 -0.4398831591010094 0.014119184739954983 40 -0.576740787758753 -0.10653141814025327 0.8099513076009196
 795  696 4182 101.228943 37.771317 -0.4153953750254744 0.012415121240505858 59 -0.5759806169521018 -0.10644958558232144 0.8105028159265261
 796  696 4182 101.236082 37.771316 -0.39899863555746257 0.01166737359062281 53 -0.5765661775917361 -0.1065117735923851 0.8100781968078509
 797  697 4183 101.243112 37.776981 -0.413921686838258 0.009483502839042137 53 -0.5772744191842304 -0.10658810529401204 0.8095635989626399
 798  698 4183 101.250565 37.776887 -0.38745065398936 0.009291176833020534 53 -0.5778870309317766 -0.10665317748523111 0.8091178401278515
 799  697 4182 101.243080 37.771373 -0.3812855143668288 0.011974840461294947 59 -0.5771411589447222 -0.1065727048781775 0.8096606333686304
 800  698 4182 101.250096 37.771412 -0.35984703410755503 0.011159632839701573 55 -0.5777169902775204 -0.10663365562643232 0.8092418319837569
 801  698 4184 101.257955 37.787996 -0.36973565985571666 0.006899635622166733 53 -0.578750059088299 -0.10674664778686341 0.8084884181554848
 802  699 4184 101.264774 37.787918 -0.35626332359067325 0.0054874296892587805 58 -0.5793133596340366 -0.106806482044978 0.8080769807033864
 803  698 4184 101.257525 37.782034 -0.38202852529028186 0.014116342681070116 46 -0.5785866010606877 -0.10672885464751196 0.8086077520396839
 804  699 4184 101.262041 37.784431 -0.3549343466758728 0.003886916003398149 5 -0.5790164804098611 -0.10677502855731942 0.8082938875745385
 805  699 4184 101.264037 37.784264 -0.352370822429657 0.0021106242547604716 5 -0.5791787891852395 -0.10679229331714213 0.8081753128164616
 806  699 4184 101.261791 37.782269 -0.38921792805194855 0.0008797496557235718 2 -0.5789478731280042 -0.10676739387076441 0.8083440380225523
 807  699 4184 101.264078 37.782476 -0.38701508194208145 0.002176591492739995 4 -0.5791428509208939 -0.10678820262297319 0.8082016072786381
 808  699 4184 101.266781 37.783635 -0.3553649719272341 0.014677418000290203 14 -0.5793915044987075 -0.10681472549135934 0.8080198629569263
 809  699 4183 101.262761 37.780744 -0.37375431259473163 0.01028409075187702 12 -0.578989884113464 -0.1067713975763888 0.8083134186402341
 810  699 4183 101.266781 37.780439 -0.3424134194850922 0.0071727928446897364 10 -0.5793135364691021 -0.10680552459336733 0.8080769804789627
 811  699 4184 101.269784 37.789014 -0.3411593304740058 0.012042518061966268 9 -0.5797361178840641 -0.10685022712651181 0.8077679509510931
 812  700 4184 101.273122 37.789025 -0.3156181871891022 0.00461325025613534 8 -0.5799935028263096 -0.10687604064747887 0.8075797475263891
 813  699 4184 101.270107 37.786427 -0.34560805559158325 0.011042725237185842 10 -0.5797095663987429 -0.10684734710553817 0.8077873872760643
 814  700 4184 101.273774 37.786351 -0.32721028002825653 0.01060822220546948 11 -0.5799913139651405 -0.10687570791376835 0.8075813635683532
 815  700 4184 101.278423 37.788090 -0.2851697504520416 0.0005224049091339111 2 -0.5803838482696476 -0.10691522833903838 0.8072940744344194
 816  700 4184 101.280805 37.788921 -0.2739161334254525 0.010680759141919308 11 -0.580583141926348 -0.10693517689653606 0.8071481172951075
 817  700 4184 101.277414 37.786248 -0.30715231810297283 0.014915617743511519 14 -0.5802705035237112 -0.10690383192432608 0.8073770577990398
 818  700 4184 101.280654 37.786427 -0.2832280939275568 0.00523141965132781 11 -0.5805241167057177 -0.10692930744690177 0.8071913485239868
 819  700 4184 101.271770 37.782467 -0.33246529620626697 0.006914750460755298 46 -0.5797541382029835 -0.10685120445247705 0.8077548881582648
 820  700 4184 101.277140 37.782232 -0.31600421667099 0.0138643529803659 23 -0.5801662731489917 -0.106892849884574 0.8074534129867577
 821  698 4183 101.257500 37.776464 -0.3662018692493439 0.009264976914876415 50 -0.5784483973541102 -0.1067125512389267 0.8087087751511918
 822  699 4183 101.264880 37.776358 -0.3392812231821673 0.010591922721843706 56 -0.5790531420422835 -0.10677647430997518 0.8082674329854509
 823  698 4182 101.257217 37.771042 -0.33934091141930334 0.009432178507386722 54 -0.5782911673898307 -0.10669415045980271 0.8088236420732073
 824  699 4182 101.264378 37.770718 -0.3159998953342438 0.00917788156899247 54 -0.5788689081289315 -0.10675492801927124 0.8084022343766862
 825  699 4183 101.270075 37.777855 -0.33260499284817624 0.008750712444993406 13 -0.5795083385784081 -0.10682435998958795 0.8079348003588582
 826  700 4183 101.273184 37.777944 -0.3270383089780807 0.013647997089004002 10 -0.5797541163881643 -0.10684941232545356 0.8077551408791428
 827  699 4183 101.269784 37.774969 -0.31382254759470624 0.004337239329803689 9 -0.5794124534981989 -0.10681326104044914 0.8080050346359868
 828  700 4183 101.273018 37.774784 -0.30022045969963074 0.00924997942119253 6 -0.579662715591096 -0.10683870103435639 0.8078221512900274
 829  700 4183 101.277010 37.774119 -0.25041690468788147 0.001948202261535015 5 -0.5799611015643813 -0.10686908294961206 0.8076039374481394
 830  700 4183 101.280427 37.774482 -0.23732715167782523 0.007325359976472518 11 -0.5802392684851402 -0.10689763953071194 0.8074003257186557
 831  700 4182 101.271280 37.770745 -0.28968569902437075 0.011752355493975507 56 -0.579424532780572 -0.10681269301964957 0.8079964476542615
 832  700 4182 101.278663 37.770594 -0.2522767555828278 0.011038787159698108 52 -0.5800070787266712 -0.10687256934154031 0.8075704567090667
 833  696 4182 101.228972 37.765884 -0.37787873650852005 0.009586609011908427 57 -0.5758640094720477 -0.10643651552381646 0.8105873862563652
 834  696 4182 101.235882 37.765565 -0.3627666661451603 0.010669943510968435 58 -0.5764198799812237 -0.10649526507898854 0.8101844731159612
 835  696 4181 101.228399 37.760455 -0.34627879697542924 0.010443403012307251 52 -0.5756986704469329 -0.1064183159743867 0.8107072115571745
 836  696 4181 101.235656 37.760178 -0.33172480843283914 0.010081531817065649 55 -0.5762798287215921 -0.10647944729441237 0.8102861755654533
 837  697 4182 101.243080 37.765636 -0.34854758637292044 0.010744082350910093 63 -0.5770074775047934 -0.1065572579058205 0.8097579401840699
 838  698 4182 101.250149 37.765636 -0.3308689684740135 0.009818361369316658 56 -0.5775826849719993 -0.10661784854722957 0.8093397780856296
 839  697 4181 101.242664 37.759815 -0.31560100668243 0.009888711631060658 56 -0.5768381867928477 -0.10653802949375642 0.8098810743122271
 840  698 4181 101.249733 37.759815 -0.30200426351456416 0.00961165885003029 63 -0.5774093300828965 -0.10659790235151442 0.8094660911659474
 841  696 4180 101.228527 37.754826 -0.3076504367802824 0.011275713680303475 56 -0.5755859858407266 -0.10640567233212671 0.8107888786850168
 842  696 4180 101.235542 37.754785 -0.2995218024138481 0.010726460110930196 62 -0.576148941770552 -0.10646464429001527 0.8103811920404334
 843  696 4180 101.228165 37.748964 -0.2729022142387206 0.00886989369613862 62 -0.5754289279262695 -0.10638829151988977 0.8109026330781661
 844  696 4180 101.235370 37.749089 -0.2666823500293796 0.009022702418896902 59 -0.5760067441750313 -0.10644857254017479 0.8104843811382421
 845  697 4180 101.242664 37.754410 -0.285911841938893 0.008277934154282839 48 -0.5767124108562851 -0.10652350096340259 0.8099725544157848
 846  698 4180 101.249858 37.754119 -0.2732005203763644 0.008760694359103002 60 -0.5772827489002728 -0.10658291704796623 0.8095583423173964
 847  697 4180 101.242415 37.748921 -0.2579057884713014 0.008451810644773341 60 -0.5765648106211582 -0.10650666520279917 0.8100798413864938
 848  698 4180 101.249410 37.748820 -0.24850173625681135 0.007882171870732254 54 -0.577119956521326 -0.10656427818846445 0.8096768555411439
 849  698 4182 101.257217 37.765636 -0.3138388139860971 0.00838402053834837 63 -0.578157604337029 -0.1066782707694565 0.8089212143916773
 850  699 4182 101.264186 37.765337 -0.2965781474113464 0.007526839133208667 50 -0.5787165051532243 -0.10673681803362435 0.8085137341686257
 851  698 4181 101.256931 37.759887 -0.28814473799590407 0.008219057808300801 58 -0.577992400205429 -0.10665894226104852 0.8090418130977666
 852  699 4181 101.263979 37.759747 -0.2739036332388393 0.007754168669530764 61 -0.5785578819359627 -0.10671793564182987 0.8086297418856909
 853  700 4182 101.271527 37.764899 -0.278776135647072 0.00899756533587975 53 -0.5792977398113631 -0.10679723643463859 0.8080894003384589
 854  700 4182 101.278423 37.764805 -0.2586540063577039 0.008382114543713279 56 -0.5798491463838968 -0.10685442946220698 0.8076862623210651
 855  700 4181 101.271048 37.759771 -0.2590337293712716 0.00793015947958552 57 -0.5791304539064493 -0.10677779918669347 0.8082118651436367
 856  700 4181 101.278203 37.759326 -0.23957198449209624 0.0041666560757580035 51 -0.5796997644246922 -0.10683720181939693 0.8077957634410804
 857  698 4180 101.256802 37.753994 -0.26154288010937826 0.0083384304693601 56 -0.5778365601390858 -0.10664057260163838 0.8091555462590759
 858  699 4180 101.263870 37.753994 -0.2491310089826584 0.00822598850335475 63 -0.5784030857195817 -0.10669944256599517 0.8087429130361342
 859  698 4180 101.256684 37.748408 -0.2360234960632504 0.007476010110432715 53 -0.5776893726847144 -0.10662318759408072 0.8092629267144384
 860  699 4180 101.263761 37.748241 -0.22384736528162097 0.007630863183445456 61 -0.5782484504717005 -0.10668096659652362 0.8088559209730178
 861  700 4180 101.270939 37.753994 -0.2377711683511734 0.007640189121162925 56 -0.5789763574449353 -0.10675949663274402 0.8083246794441685
 862  700 4180 101.278008 37.753994 -0.22354710788007767 0.009052910738455785 63 -0.5795556006689409 -0.10682057767870735 0.8079013986357806
 863  700 4180 101.270810 37.748101 -0.21301273641915158 0.007489919189919751 58 -0.5788174962458424 -0.10674062417670228 0.8084409348802559
 864  700 4180 101.278008 37.748173 -0.1995481023239711 0.008113417325744495 63 -0.5794154943412334 -0.10680418998679962 0.8080040531572646
 865  693 4197 101.200925 37.904506 0.03543753506460873 0.006732770461739832 3704 -0.5760882947361889 -0.10643904700183444 0.8104276685437704
 866  698 4197 101.257811 37.903409 0.04468380227729168 0.009576944677059223 3709 -0.5804836286731834 -0.10688365719752269 0.8072265113749029
 867  692 4193 101.185796 37.871017 0.05592324962470167 0.007690312039402414 928 -0.5744971078618729 -0.10629453682628935 0.8115753473949466
 868  694 4193 101.214188 37.870387 0.06481884423954128 0.00892712422503043 923 -0.5766620538723917 -0.10651322356654672 0.810009758477722
 869  691 4191 101.178215 37.854202 0.07509115422848894 0.008057334567093557 238 -0.573597936254338 -0.10620332559275485 0.812223036584043
 870  692 4191 101.192231 37.853940 0.08407916890104436 0.00716143873545948 227 -0.574700481993529 -0.10631777298888073 0.8114283006791729
 871  691 4190 101.177862 37.842965 0.11052914462717515 0.01113795929200785 224 -0.5733221841672406 -0.10617240198472694 0.8124217465076242
 872  692 4190 101.188610 37.845470 0.10399856298629727 0.0053970584699786625 56 -0.5742363480562521 -0.10626862843462985 0.8117632630155427
 873  693 4190 101.195679 37.845470 0.10529754429109513 0.005703598237090933 63 -0.5747952661484461 -0.10632665242970149 0.8113599971630535
 874  692 4190 101.188438 37.839707 0.13176452240039563 0.009448205607087314 58 -0.5740982196023195 -0.10625335086058214 0.8118629562188098
 875  693 4190 101.195512 37.839732 0.13348548511664074 0.011052904267368165 60 -0.574664836105242 -0.10631271107063045 0.8114542091880157
 876  694 4191 101.206568 37.853709 0.09012160283912506 0.007329445911240601 224 -0.57580903192637 -0.10643101026940087 0.8106271638706979
 877  695 4191 101.220627 37.853371 0.0979155338048434 0.009020196032970194 238 -0.5768944101014113 -0.10654154658257822 0.8098405635960308
 878  694 4190 101.206322 37.842434 0.11851238772398283 0.013046203560931526 238 -0.5755797224587265 -0.10640808215497524 0.8107930088169455
 879  695 4190 101.220627 37.842144 0.12614460791802515 0.009414527938131221 221 -0.5767116883123008 -0.1065255534790801 0.8099727989383047
 880  697 4193 101.242576 37.869794 0.07755523947415548 0.010572261345325696 926 -0.578810376906551 -0.1067275453396605 0.8084477587643293
 881  699 4193 101.270979 37.869439 0.08496179089855217 0.011845001018575352 922 -0.5809642122464105 -0.10694109503943079 0.8068730918060627
 882  696 4191 101.234634 37.853183 0.10639127172205759 0.0085153846254852 230 -0.5779785819895923 -0.10665163278807115 0.8090526484629653
 883  697 4191 101.248990 37.852925 0.1149825898132154 0.008950488891279631 224 -0.5790886936177718 -0.10676402662317033 0.8082436065588575
 884  696 4190 101.234857 37.841821 0.13807028535212207 0.01158782454853596 234 -0.5778375564969731 -0.10664208211868194 0.809154635791577
 885  697 4190 101.248849 37.841682 0.15015505475260443 0.011865278498940276 236 -0.5789470215837434 -0.10675648383357175 0.8083460888498223
 886  699 4191 101.263190 37.852586 0.1197505979740768 0.009495389305816214 241 -0.5801854583753899 -0.10687472499474843 0.8074420270502617
 887  700 4191 101.277326 37.852367 0.1250407137940156 0.009121998958019219 232 -0.5812609323707331 -0.10698155447949008 0.8066539998665214
 888  699 4190 101.263039 37.841312 0.1565284080365125 0.011558910921421407 221 -0.5800683310598234 -0.10687179631757124 0.8075265633112799
 889  700 4190 101.277283 37.841013 0.1615441035431342 0.011683819830393077 233 -0.5811523923790791 -0.1069796852871133 0.8067324486891195
 890  695 4205 101.231411 37.971499 0.019312320951659138 0.004927054151158245 14810 -0.57965929447724 -0.10679326926246496 0.8078306134124795
 891  696 4214 101.234147 38.061531 0.01191371094450758 0.0016706149547833476 14848 -0.5813080789475991 -0.10693504158066945 0.8066261923793402
 892  696 4225 101.236901 38.151617 0.010867394069933325 0.0007234375988861964 14865 -0.582970693722829 -0.10707765388943652 0.8054064478869397
 893  695 4235 101.239650 38.241677 0.012262037091279274 0.0005387262229055072 14873 -0.584650155017693 -0.10722187355311616 0.8041689288138079
 894  695 4245 101.242403 38.331718 0.011814637788139234 0.0012247141938499639 14897 -0.5864719889351111 -0.10739011253041396 0.8028187653045985
 895  695 4255 101.245201 38.421779 0.010872114627300722 0.0009058726950522839 14917 -0.5882786138522142 -0.10755381885497078 0.8014739225538343
 896  694 4262 101.233773 38.490782 0.012283243304145548 0.0016132621534756626 5512 -0.5884170427794114 -0.10754196751963606 0.8013738883871484
 897  705 4106 101.314576 37.084124 0.010327686892167731 0.0006845260624767337 9560 -0.5701187825662277 -0.10589266742046041 0.8147093449517945
 898  706 4115 101.319909 37.158756 0.008780251802371946 0.0007995107454026594 14668 -0.5719506111898204 -0.10608357236115251 0.8133995168640604
 899  705 4125 101.322644 37.248801 0.007735896295656456 0.0008639627532852678 14670 -0.5738124135361389 -0.10627127107530372 0.8120626398350502
 900  705 4134 101.325400 37.338849 0.006495067479917941 0.0006401648343608364 14705 -0.5757985407954059 -0.10647980533371858 0.8106282079190031
 901  705 4145 101.328193 37.428935 0.001326758546434235 0.001855001680632632 14719 -0.5774465176870892 -0.10662542564974983 0.8094359380556708
 902  706 4155 101.331031 37.518994 -0.00475898610407654 0.0024350677559050815 14731 -0.5792372965188044 -0.10679506656922533 0.8081330138523369
 903  705 4165 101.333797 37.609055 -0.015350370434303219 0.005748376522201727 14710 -0.5810628394491223 -0.10696992019192418 0.8067982478819948
 904  701 4179 101.288049 37.739483 -0.14685949742173154 0.01395194514539547 240 -0.5800508116330181 -0.10687029761066089 0.8075393460460523
 905  702 4179 101.302149 37.739235 -0.12144689913029257 0.009798910833247904 230 -0.5812212413422867 -0.10699478063595451 0.8066808449003826
 906  701 4178 101.287987 37.728214 -0.11693390927433428 0.008231747666827365 221 -0.5797919045419297 -0.10684119557516152 0.8077291045614934
 907  702 4178 101.302198 37.727868 -0.10106368328028537 0.006303894588216327 235 -0.5809571654361568 -0.10696430571492255 0.8068750889891884
 908  704 4178 101.323377 37.733214 -0.0955775835647103 0.012501844546797288 914 -0.5828382574449426 -0.1071640421126891 0.8054908030118113
 909  702 4176 101.294446 37.711221 -0.08078214330235858 0.011640853058007248 924 -0.5799332921287341 -0.10685287964322658 0.8076260513335851
 910  704 4176 101.322791 37.710762 -0.06967866775477619 0.0061306624299096975 921 -0.5822192169902994 -0.10709078123111813 0.8059481049934365
 911  706 4179 101.341135 37.741631 -0.11159782740804884 0.006782073084245755 45 -0.5845268873182584 -0.10734480277499923 0.8042421347574527
 912  706 4179 101.349174 37.741354 -0.11975835892889235 0.003624000323836976 45 -0.5851912573347104 -0.1074147025257336 0.8037495094992774
 913  706 4179 101.341209 37.735658 -0.08538071176067727 0.014770238472994666 61 -0.5843819584899137 -0.10732751921256001 0.8043497561454036
 914  706 4179 101.346583 37.736658 -0.0940388825077277 0.014217047768397897 13 -0.5848550159893018 -0.10737766507104925 0.8039991587781937
 915  707 4179 101.350064 37.737019 -0.11389691163511838 0.008520358313670868 17 -0.5851524933272335 -0.10740889334977409 0.8037785075394208
 916  706 4178 101.346291 37.734220 -0.07598233140177196 0.0022882950798983706 9 -0.5847639097605624 -0.10736685388392059 0.8040668681948099
 917  707 4178 101.350773 37.734451 -0.11584533378481865 0.0002394754138048377 4 -0.5851394186667319 -0.10740607886199004 0.8037884018483044
 918  707 4178 101.349525 37.733204 -0.08765985071659088 0.0 1 -0.5850033634095451 -0.10739150412090497 0.8038893764954039
 919  707 4178 101.350773 37.733204 -0.08460205793380737 0.002875223755836487 2 -0.5851047563057439 -0.10740189867140147 0.803814192652863
 920  707 4179 101.359299 37.738098 -0.10590742113052216 0.005134652983347478 226 -0.5859038072170385 -0.10748483306916665 0.8032208534075002
 921  706 4178 101.344532 37.726974 -0.07460828543357227 0.0059172182027143845 230 -0.5844200662442895 -0.10732717202602088 0.8043221147748687
 922  707 4178 101.358562 37.726802 -0.08251699841684765 0.010683286442808292 225 -0.5855412119396289 -0.10744182866551913 0.8034909723035348
 923  709 4179 101.373432 37.737653 -0.09491534967325692 0.01053488415985315 234 -0.5869952711285051 -0.10759349856558208 0.8024089921849024
 924  710 4179 101.384164 37.740598 -0.043698995819558266 0.011892517142557445 46 -0.5879059844003117 -0.10768535656687259 0.8017296411430513
 925  710 4179 101.391137 37.740249 -0.032470018629265844 0.009925427658370426 53 -0.5884413128192737 -0.10773838366432899 0.801329683746289
 926  710 4179 101.383714 37.734652 -0.07549187603096168 0.008934540269433562 54 -0.587722784761081 -0.10766459393667324 0.801866736736929
 927  710 4179 101.391106 37.734935 -0.0475573471335114 0.007536407320650161 61 -0.5883075833646629 -0.10772290231673762 0.8014299493231387
 928  709 4178 101.372829 37.726555 -0.08497630746941588 0.005666314806071661 219 -0.586658878979312 -0.10755417979230174 0.8026602382851302
 929  710 4178 101.386944 37.726135 -0.06887824701723354 0.008278615148312489 232 -0.5877596885742818 -0.10766436618723371 0.8018397176122947
 930  707 4176 101.351102 37.709962 -0.06540292397141456 0.005206285718211553 925 -0.5844832197710881 -0.10732407594832104 0.8042766368158788
 931  709 4176 101.379515 37.709483 -0.05683697562312847 0.00753732683128524 921 -0.5867446460605767 -0.10755451862913076 0.8025974992745147
 932  703 4172 101.307626 37.677175 -0.03937307812259399 0.011584572765360974 3698 -0.5802780736077798 -0.10688587191611136 0.8073739949210506
 933  708 4172 101.364296 37.675965 -0.04213164856904729 0.008174073415341862 3690 -0.5847654807495627 -0.10734555114638625 0.8040685699446356
 934  701 4189 101.291328 37.829527 0.20848430108919017 0.012329372276920603 227 -0.5820864242979629 -0.10707873251063343 0.8060456188652898
 935  702 4189 101.305419 37.829232 0.21034904884244607 0.012148480969437391 239 -0.5831259647337272 -0.10717895424417684 0.805280560438711
 936  701 4188 101.287155 37.821354 0.2404727465103543 0.007133854662378608 63 -0.581668326044919 -0.10704181184604697 0.8063522859103317
 937  701 4188 101.294096 37.821162 0.24068187263149482 0.007415154247378379 52 -0.582178831210049 -0.10709111426670466 0.8059772340060338
 938  701 4187 101.287155 37.815533 0.2723942810580844 0.010492416366151386 63 -0.5815613147071921 -0.10703146767948332 0.8064308415248128
 939  701 4187 101.294224 37.815533 0.26938520265477045 0.009591435973217616 56 -0.5820883285376915 -0.10708267898060474 0.8060437194361936
 940  702 4188 101.304686 37.818069 0.25439449409732906 0.01393522940738909 223 -0.582910599086208 -0.10716196853988216 0.8054387288749004
 941  704 4189 101.319477 37.828967 0.2050108413780685 0.01180717041958137 226 -0.5841622767424389 -0.10727846760458169 0.8045158574071135
 942  705 4189 101.333846 37.828685 0.20202245146430012 0.010112215525764044 227 -0.5852198572227063 -0.10737956599407127 0.803733380866541
 943  704 4188 101.318990 37.817685 0.24824937539441244 0.01421477047686736 238 -0.5839664737327049 -0.10726375057468235 0.8046599563597298
 944  705 4188 101.333092 37.817490 0.2377137637518822 0.011208358804799257 235 -0.5850100071546693 -0.10736394263062674 0.8038882231701752
 945  701 4187 101.286695 37.810083 0.303851750936914 0.011200782117037341 47 -0.5814265268431827 -0.10701838311258931 0.8065297635915495
 946  701 4187 101.293862 37.809671 0.2993945239051696 0.007731232640264496 62 -0.5819570822173976 -0.10707026535140628 0.8061401321945165
 947  701 4186 101.286545 37.804278 0.3489531682597266 0.012818502677106618 45 -0.581308279840439 -0.1070069316489511 0.8066165138205557
 948  701 4186 101.291313 37.805553 0.3321818709373474 0.0011218613056425074 3 -0.5816915408250294 -0.10704451885646289 0.8063351798820336
 949  702 4186 101.296053 37.805720 0.3192620396614075 0.004584046356591405 10 -0.5820520865700586 -0.10707993857584874 0.8060702545523148
 950  701 4186 101.291625 37.802955 0.35455331951379776 0.01124408316417273 8 -0.5816683276993498 -0.107042377422674 0.8063522096374162
 951  702 4186 101.295055 37.802851 0.3473783880472183 0.0027907403974193807 4 -0.581926122063312 -0.10706779444173213 0.8061628097684352
 952  702 4187 101.301126 37.809795 0.2947576214869817 0.007713128641663066 60 -0.5825043966256573 -0.10712365534978009 0.805737643638598
 953  703 4187 101.308171 37.809627 0.29507366529965806 0.008808425110203725 59 -0.5830300226986188 -0.10717488636135572 0.8053505673714265
 954  702 4186 101.301378 37.804594 0.32373861242563295 0.009608185586438224 39 -0.5824343540382483 -0.10711749724533465 0.8057890946270891
 955  703 4186 101.308030 37.804059 0.3210618389865099 0.006768278180999494 59 -0.5829275143206785 -0.10716589165611098 0.8054259647624143
 956  701 4185 101.289162 37.798373 0.3732132160892853 0.01319489780507104 104 -0.581398639031353 -0.10701608356064667 0.8065501722718997
 957  702 4185 101.301316 37.797607 0.3530234901441468 0.010642537936301193 36 -0.5823098991792807 -0.10710624854748549 0.8058805326100763
 958  703 4185 101.308382 37.797757 0.3391209296882153 0.01233487606082379 40 -0.5828501447595443 -0.10715948190197233 0.8054828081295585
 959  702 4185 101.298881 37.793994 0.3698376268148422 0.005134178345766176 10 -0.5820619677634649 -0.10708219140022517 0.80606282011283
 960  702 4185 101.302653 37.793835 0.3682759404182434 0.004411682730751798 11 -0.5823475910952212 -0.1071105513656654 0.8058527240952505
 961  702 4185 101.302956 37.790585 0.3186596632003784 0.003655591526467307 3 -0.5823155358377677 -0.10710787617715163 0.8058762433418628
 962  702 4185 101.305554 37.794119 0.36931993439793587 0.005930840865865269 8 -0.5825741172902917 -0.10713289784113932 0.8056860058754883
 963  703 4185 101.309193 37.793911 0.3645181804895401 0.003803541453896996 12 -0.5828486548758317 -0.10716011186931132 0.805483802402997
 964  703 4185 101.306044 37.791179 0.33675825595855713 0.013437824218681858 7 -0.5825624484462458 -0.10713236174411482 0.8056945145198913
 965  703 4185 101.310024 37.792248 0.3704758435487747 0.004366204142570496 2 -0.5828850559191854 -0.10716406613507473 0.8054569352333403
 966  703 4185 101.308361 37.790585 0.3306853175163269 0.0014007985591888428 2 -0.5827302367934446 -0.1071491507969935 0.8055709345614073
 967  703 4185 101.310024 37.790585 0.32366830110549927 0.001210629940032959 2 -0.582857835637917 -0.1071617023225644 0.8054769475229028
 968  703 4187 101.315263 37.809439 0.29040147770534863 0.008426674440863344 55 -0.5835589502988765 -0.10722633346043742 0.8049605362616881
 969  704 4187 101.322553 37.809037 0.28028027066644634 0.006983992380680994 53 -0.5840993354561949 -0.10727887310553107 0.8045615015055337
 970  703 4186 101.315067 37.803936 0.31358952522277833 0.005937146334973423 55 -0.5834567345396572 -0.10721766968820515 0.8050357819544116
 971  704 4186 101.321942 37.803721 0.30662450093334004 0.009128601189512415 59 -0.5839722530761896 -0.10726804144298341 0.8046551900796423
 972  705 4186 101.333053 37.806178 0.2785323061797296 0.012418290096935191 229 -0.5848456186632701 -0.10735216835516484 0.8040093993728065
 973  704 4185 101.318897 37.795934 0.3276072357133118 0.011428768191900347 171 -0.5836213149476319 -0.1072358483483473 0.8049140535285784
 974  705 4185 101.332623 37.795104 0.31218943323166864 0.008129546006917392 212 -0.5846544336715505 -0.10733765482160107 0.8041503721603301
 975  706 4189 101.347855 37.828414 0.19109956064122788 0.012376057593554484 235 -0.586253308058794 -0.10747822116164645 0.8029666809812527
 976  707 4189 101.361889 37.828136 0.179854010388387 0.00681812864585413 226 -0.5873339819861575 -0.10758495211513142 0.8021622477296404
 977  706 4188 101.347478 37.817192 0.22933911769379414 0.01256706879890498 223 -0.5860753386941611 -0.10746610036274865 0.8030982098394617
 978  707 4188 101.361732 37.816789 0.21193376389258078 0.013129954166701168 239 -0.5871682762835394 -0.10757393821783688 0.8022850261238347
 979  709 4189 101.376264 37.827828 0.17983142155827136 0.007157682436012862 228 -0.5884547355854913 -0.1076964597942422 0.8013254624151143
 980  710 4189 101.390078 37.827626 0.17038233662796853 0.011193439824082814 229 -0.5895318829902819 -0.10780316576465798 0.8005189794058916
 981  709 4188 101.375826 37.816589 0.2048705777896832 0.008704428597196449 233 -0.5882638571069743 -0.10768259557504853 0.8014674622415098
 982  710 4188 101.390237 37.816298 0.19386973903913582 0.007514894336334061 224 -0.5893816278023069 -0.10779305936178651 0.8006309718981208
 983  706 4186 101.347031 37.805969 0.26425284234916463 0.011283033837930842 238 -0.585894633938145 -0.10745389621495914 0.8032316839559505
 984  707 4186 101.361138 37.805580 0.2469658297192943 0.008764188960987926 222 -0.5869768758732932 -0.10756078620941022 0.802426834334472
 985  706 4185 101.346949 37.794658 0.2956222221586439 0.0109934253760124 225 -0.5857401926129582 -0.10744425035000804 0.8033456042230264
 986  707 4185 101.361106 37.794285 0.27667133857806525 0.009729487493659487 240 -0.5868281457401004 -0.10755191952866566 0.8025367978933644
 987  709 4186 101.375431 37.805302 0.23639230681704237 0.008964125653497674 231 -0.5880840883897205 -0.10767051154655524 0.8016010016998074
 988  710 4186 101.389559 37.805100 0.20733143161478002 0.00860187301998088 229 -0.5891782613623977 -0.1077784674670077 0.8007826036374949
 989  709 4185 101.375087 37.794077 0.25503652115662895 0.01101076292470115 225 -0.5879092670253555 -0.10765888452628324 0.8017307891856628
 990  710 4185 101.389636 37.793799 0.22034923451631058 0.00721716155903799 223 -0.5890322718269847 -0.10776957129455055 0.8008911925157686
 991  701 4183 101.288347 37.772172 -0.2118621740490198 0.012073775648562456 120 -0.580811034534689 -0.10695540501804014 0.8069814641614584
 992  705 4184 101.333383 37.784806 0.31606463123770323 0.014467088175510479 136 -0.584564826234883 -0.10733276826154706 0.8042161654594454
 993  704 4182 101.319229 37.770002 -0.18273981584405358 0.011551933410954163 88 -0.5832132152981185 -0.10720042538480047 0.8052145144611765
 994  704 4183 101.326241 37.776170 -0.11764111866553624 0.00044373568843522095 3 -0.5838730280242334 -0.10726612953642103 0.8047274474007262
 995  704 4183 101.325825 37.774368 -0.13914881274104118 0.0020886723244055547 4 -0.583809989384595 -0.10726017554059274 0.8047739751245441
 996  704 4183 101.327349 37.774230 -0.14478561282157898 0.0052117344356418654 3 -0.5839275178808746 -0.10727217781756125 0.8046871029957908
 997  704 4183 101.325409 37.773121 -0.1977071315050125 0.0 1 -0.5837561981467123 -0.10725511421757734 0.8048136688696774
 998  704 4183 101.327488 37.773121 -0.13925547152757645 0.0010828003287315369 2 -0.5839199900455405 -0.10727162439854018 0.804692639350028
 999  705 4182 101.327985 37.769734 -0.17728405609363462 0.007557101641302469 41 -0.583903180399944 -0.10727069670270964 0.8047049605586792
1000  705 4182 101.335631 37.768235 -0.16221637589236101 0.00928002230091778 24 -0.5844860455529645 -0.10733033461116788 0.8042737480647448
1001  701 4182 101.285438 37.764791 -0.2403806089874237 0.007511600200484507 62 -0.5804119451312337 -0.10691273110449749 0.8072742048875061
1002  701 4182 101.292444 37.764589 -0.22753925174474715 0.007955110193356141 50 -0.5809696432448571 -0.10697035884975961 0.8068653022379244
1003  701 4181 101.285437 37.759095 -0.2258880856136481 0.00774989823730049 60 -0.5802810753650633 -0.1068978752402163 0.8073702483014177
1004  701 4181 101.292417 37.758936 -0.20328348817733619 0.013202439793588148 52 -0.5808436398794187 -0.10695649497555358 0.8069578515599019
1005  702 4182 101.299837 37.763973 -0.20683438405394555 0.007944650777019627 40 -0.5815498163967643 -0.1070302560670106 0.806439294265303
1006  703 4182 101.307409 37.763973 -0.18815098702907562 0.007944563768369316 31 -0.5821576886972585 -0.10709291923108563 0.8059922655591865
1007  702 4181 101.299701 37.758941 -0.18651604857938042 0.00760103838213246 58 -0.5814343420255695 -0.10701801617329684 0.8065241782659867
1008  703 4181 101.306698 37.758984 -0.1704605117972408 0.009465809204591568 56 -0.5820022113614026 -0.10707698543019444 0.8061066586758969
1009  701 4180 101.288788 37.750694 -0.18525886132910446 0.013799702904186428 222 -0.5803644833211982 -0.10690513182389728 0.8073093330867875
1010  702 4180 101.303082 37.750416 -0.16180063280966375 0.012730799885496545 231 -0.5815355524325033 -0.10702847631036559 0.806449816489349
1011  704 4181 101.317160 37.760951 -0.174406328177089 0.011120823432739098 197 -0.5828851472391199 -0.10716820204456852 0.805456318864384
1012  705 4182 101.327874 37.763884 -0.1906545257994107 0.008163431755804605 56 -0.5837975030817035 -0.10726144752642666 0.8047828634296981
1013  705 4182 101.334425 37.763536 -0.18631030540717275 0.010624685652038904 38 -0.5843172692648639 -0.10731477420698328 0.804398451064991
1014  705 4181 101.327945 37.758166 -0.16596915340814433 0.00988404947376619 61 -0.5837086316306282 -0.1072539067013587 0.8048483291013258
1015  705 4181 101.335012 37.758074 -0.1575510822377115 0.011677464583525804 53 -0.5842795409774 -0.10731282419913572 0.8044261157854362
1016  704 4180 101.317033 37.750395 -0.14805929319340017 0.0146851954365623 223 -0.5826830305498488 -0.10714891576183853 0.8056051115529906
1017  705 4180 101.331323 37.749894 -0.12991941959358924 0.007723196007916076 215 -0.5838496620805244 -0.10727108198712816 0.804743739992905
1018  706 4184 101.346285 37.784383 0.3041123315328505 0.008340171254937481 164 -0.5855535174883039 -0.10743083528230526 0.8034834744956617
1019  707 4184 101.360286 37.783376 0.29080278250440283 0.00612925266976935 199 -0.5866233216075416 -0.10753728744046183 0.8026884889893976
1020  707 4183 101.350529 37.774841 0.28784579655219766 0.01189423742503907 29 -0.585755280274229 -0.1074555108420497 0.8033330970528562
1021  706 4182 101.339962 37.769794 -0.15918025374412537 0.010587066411972046 2 -0.5848531436563881 -0.10736689737807814 0.8040019587679159
1022  706 4182 101.340378 37.767894 -0.15655438601970673 0.003599572823638 7 -0.5848581776714572 -0.10736829122785752 0.8039981107251634
1023  706 4182 101.343954 37.767965 -0.14080853015184402 0.004778236769727665 10 -0.585143409795227 -0.1073971950502966 0.8037866834356883
1024  706 4182 101.347955 37.770811 0.2649117973115709 0.003857755402607771 9 -0.585499754058081 -0.10743188431323444 0.8035225125849521
1025  707 4182 101.351466 37.770811 0.2713895108964708 0.00686998227303581 9 -0.5857752211868275 -0.10745954518203259 0.8033180169726022
1026  706 4182 101.348278 37.768131 0.1976991966366768 0.0006692633032798767 2 -0.5854891658430035 -0.10743215353116731 0.8035301917589156
1027  706 4182 101.346615 37.767300 -0.13484890013933182 0.0015477165579795837 2 -0.5853456378625853 -0.10741791349055065 0.8036366567650954
1028  706 4182 101.348278 37.766884 -0.13181091845035553 0.0045447570362299634 4 -0.5854723366436143 -0.10743100496018546 0.803542607581148
1029  706 4182 101.349525 37.768131 0.19358599185943604 0.0 1 -0.5855882120122302 -0.10744228871576034 0.8034566575415493
1030  707 4182 101.352852 37.768963 0.2726321816444397 0.0 1 -0.5858587686311276 -0.10746868816581667 0.8032558647665995
1031  706 4182 101.349525 37.766468 -0.12682881951332092 0.0 1 -0.5855660916818922 -0.10744078986335852 0.8034729795991472
1032  707 4183 101.361030 37.772537 0.27876343494219497 0.011842812410851536 151 -0.5865395617623456 -0.1075345297261705 0.8027500653405186
1033  709 4184 101.374641 37.782810 0.26694096581024285 0.007955387191974765 238 -0.5877265974611559 -0.10764653927651568 0.8018663661848663
1034  710 4184 101.389061 37.782188 0.235159104069074 0.008070888759409492 207 -0.5888329762563894 -0.10775569139933354 0.8010395976754795
1035  709 4183 101.373524 37.773251 0.2698517384681296 0.009897021906051304 141 -0.5875163059980429 -0.10763075409768429 0.802022575092982
1036  710 4183 101.389801 37.771888 0.23048266117600189 0.010246979733334095 174 -0.588758207305885 -0.10775383979542215 0.8010948029661052
1037  706 4182 101.344702 37.765387 -0.1271326519548893 0.0059457596298146285 10 -0.5851667022577878 -0.1074007499289085 0.8037692513921229
1038  706 4182 101.340586 37.762171 -0.1746306282778581 0.006041909896794136 12 -0.5847908696972313 -0.10736376776585853 0.8040476727718793
1039  706 4182 101.343288 37.763142 -0.1673516035079956 0.0192175954580307 2 -0.585021830493216 -0.10738707832045255 0.8038765286137939
1040  706 4182 101.344952 37.762726 -0.13962718844413757 0.0148814243245702 4 -0.5851493553772196 -0.10740025393677133 0.8037819463983634
1041  706 4181 101.343288 37.761894 -0.16994334757328033 0.006178554170579916 4 -0.585004059539141 -0.10738570580380075 0.8038896444859485
1042  706 4181 101.344536 37.761478 -0.1718568503856659 0.0 1 -0.5850985485114173 -0.10739543738241673 0.8038195746305711
1043  706 4182 101.348714 37.763649 -0.12370900101051098 0.005221211879032123 41 -0.585463249013573 -0.10743175532737456 0.8035491285551557
1044  706 4181 101.342099 37.757948 -0.1452711606234835 0.011441791688593756 57 -0.5848515950212352 -0.10737184854737424 0.8040024240887815
1045  706 4181 101.349435 37.758062 -0.13007463757758556 0.00896142279454884 46 -0.5854456659136699 -0.10743281372846837 0.8035617977463113
1046  707 4182 101.353476 37.762934 -0.10291540622711182 0.011640365336340304 4 -0.5858278024238631 -0.10746866179637495 0.8032784527415905
1047  707 4182 101.355347 37.763142 -0.08467283099889755 0.0 1 -0.5859758132251908 -0.10748338468931691 0.8031685180152448
1048  707 4181 101.354515 37.761478 -0.13450740277767181 0.0 1 -0.5858892881169979 -0.10747558775342055 0.8032326811745238
1049  707 4181 101.355762 37.761478 -0.12650072947144508 0.0017585866153240204 2 -0.5859862253361934 -0.10748529779936188 0.8031606654170899
1050  707 4181 101.357426 37.761063 -0.11249807476997375 0.004030764102935791 2 -0.5861098777208827 -0.10749781524231838 0.8030687585481957
1051  707 4181 101.358950 37.760924 -0.07862477501233418 0.016034164273712417 3 -0.5862263805910143 -0.1075093963735141 0.8029821669193917
1052  707 4181 101.356178 37.758185 -0.11481075093150139 0.00827969015795852 50 -0.5859752983840693 -0.10748582209046922 0.8031685674459857
1053  708 4181 101.362982 37.757194 -0.0871791998771104 0.014133957182544137 33 -0.586490680421427 -0.10753754309198539 0.8027853751810323
1054  706 4180 101.345465 37.749561 -0.12376193119132001 0.0044853563867258035 230 -0.5850068564190474 -0.10739184612784014 0.8038867888751241
1055  707 4180 101.359534 37.749222 -0.11134309193069956 0.008220705190617116 226 -0.5861186420803192 -0.10750462631965903 0.8030614501554617
1056  708 4181 101.367322 37.756156 -0.08411834090948105 0.01279598212933871 5 -0.586814030968865 -0.1075701663329332 0.8025446731323914
1057  708 4181 101.371563 37.754826 -0.035429013427346945 0.026192615274339914 2 -0.5871259573205425 -0.10760183638025195 0.8023122553270853
1058  709 4181 101.373226 37.754826 -0.013574132230132818 0.0020019900985062122 2 -0.5872550886056499 -0.10761466960624223 0.8022160206529846
1059  709 4181 101.375998 37.758429 0.12873197346925735 0.0028514136599928582 6 -0.5875166480805859 -0.10763857625638015 0.8020212747363079
1060  709 4181 101.378839 37.758672 0.1359500354155898 0.008209919242131743 8 -0.587740123094582 -0.10766053848445038 0.8018545729482397
1061  709 4181 101.376553 37.757320 0.1345699355006218 0.003533370792865753 2 -0.5875453327376443 -0.10764198330916115 0.8019998038699767
1062  709 4181 101.374889 37.755241 -0.019114663125947118 0.008011162353563807 4 -0.5873895464712406 -0.10762766055255989 0.8021158316479566
1063  709 4181 101.376553 37.755241 -0.013576559722423553 0.004156904811338305 4 -0.5875185204425145 -0.10764049784545533 0.8020196452460633
1064  709 4181 101.378216 37.757320 0.13687505573034286 0.005719222128391266 2 -0.5876743861387487 -0.10765478139330391 0.8019035253193522
1065  709 4181 101.379879 37.757320 0.13767405599355698 6.21899962425232e-05 2 -0.587803305229177 -0.10766755808453911 0.801807315567629
1066  709 4181 101.378216 37.755241 0.060100675793364644 0.06981517947559336 4 -0.5876476271769767 -0.10765322958830732 0.801923343239537
1067  709 4181 101.379879 37.755241 0.06647227890789509 0.06614146098742316 4 -0.5877766275786493 -0.10766598703720971 0.8018270831716606
1068  710 4182 101.387502 37.765082 0.2131678213675817 0.0067817785199826295 3 -0.5884934789383903 -0.10773142045087652 0.8012923101432002
1069  709 4182 101.383289 37.761478 0.16931414753198623 0.005633294362708591 10 -0.5881210236211734 -0.10769671178972881 0.8015703835874074
1070  710 4182 101.386324 37.761894 0.16740885004401207 0.003529699013930241 4 -0.5883615221394674 -0.10772008736616578 0.8013907299461073
1071  710 4182 101.389997 37.764343 0.21015633642673492 0.006542919399656717 9 -0.5886771989755933 -0.10774995349433752 0.8011548557727262
1072  710 4182 101.393541 37.764033 0.20919227174350194 0.005893785445525715 14 -0.5889476099547095 -0.1077767022876167 0.8009524924567262
1073  710 4182 101.390182 37.761294 0.17769979271623823 0.0059643605912473715 9 -0.5886526262185757 -0.10774920137460713 0.8011730120573882
1074  710 4182 101.393808 37.761340 0.1800761545697848 0.010475951153969676 12 -0.5889340843672365 -0.10777686451699268 0.8009624159381079
1075  709 4181 101.383817 37.757907 0.1518581154591897 0.014046255283776806 34 -0.5881162098162274 -0.10769811034950852 0.8015737275999884
1076  710 4181 101.391799 37.757355 0.1630797435839971 0.011139878579714347 48 -0.5887277468481467 -0.10775871062518855 0.8011165335801661
1077  708 4180 101.370015 37.751959 -0.0876271258643333 0.014160768694311623 47 -0.586968650410723 -0.10758768560465967 0.8024292450685276
1078  709 4181 101.375721 37.752747 -0.05757190892472863 0.004492033311579317 8 -0.5874218274814066 -0.10763220454127907 0.8020915815192108
1079  709 4181 101.378216 37.753994 -0.005834386858623475 0.004358323116321117 2 -0.587631559770363 -0.10765235615040333 0.8019352344030763
1080  709 4181 101.379879 37.753994 0.004526661476120353 0.0119333250913769 2 -0.5877605992685975 -0.10766506799734808 0.8018389558262592
1081  709 4181 101.377800 37.753162 -0.05674111098051071 0.0 1 -0.5875886643368472 -0.10764837945351981 0.8019671987954813
1082  709 4180 101.375305 37.750390 -0.06236740408672227 0.005044187469416895 9 -0.5873591657476256 -0.10762720596321458 0.8021381395674968
1083  708 4180 101.369965 37.746553 -0.09761925237743478 0.010601617143733524 57 -0.5868947241399819 -0.10758315325132996 0.8024839237724051
1084  709 4180 101.375149 37.747549 -0.07338704424910247 0.010270911021645353 16 -0.5873103823603324 -0.10762388677213792 0.8021743038565983
1085  709 4180 101.379047 37.746925 -0.054028219232956566 0.0027104817549442567 6 -0.587605132409574 -0.10765339320372257 0.8019544596157886
1086  709 4180 101.375097 37.744985 -0.08652350523819526 0.010224724797810609 12 -0.5872732356290483 -0.10762158542222705 0.8022018081910528
1087  709 4180 101.378216 37.745678 -0.054743414744734764 0.0028384458273649216 2 -0.5875244903786192 -0.10764616115449602 0.802014511835069
1088  709 4180 101.380295 37.744846 -0.009452002122998238 0.0 1 -0.5876753296258034 -0.10766149995078238 0.8019019318953853
1089  709 4180 101.377800 37.744015 -0.07211454957723618 0.0 1 -0.5874707712648185 -0.1076416524797834 0.8020544667046876
1090  710 4181 101.387779 37.753162 0.13402866820494333 0.005664735417086446 3 -0.588362720057035 -0.1077250278790516 0.8013891863605004
1091  710 4180 101.387363 37.751083 0.10267976485192776 0.0038533166613225083 4 -0.5883039387008817 -0.10772035274460444 0.8014329674486864
1092  710 4180 101.386532 37.749836 0.07139841839671135 0.00856054201722145 2 -0.5882234509427112 -0.10771294566139056 0.8014930399560523
1093  710 4181 101.389561 37.753162 0.13732401600905828 0.008034386249608803 7 -0.5885009281293601 -0.10773861407419155 0.8012858719759473
1094  710 4181 101.393185 37.752925 0.1432586003627096 0.0032053719370995163 14 -0.5887788436665323 -0.10776610756306876 0.8010779857862819
1095  710 4180 101.389027 37.751083 0.10071223974227905 0.004999744080328987 4 -0.5884329330404525 -0.10773308114376819 0.8013365501090541
1096  710 4180 101.384106 37.744638 -0.023598698588709038 0.0042344580612143305 24 -0.5879686923431717 -0.10769061326963963 0.8016829477030615
1097  710 4180 101.391232 37.744418 -0.010377772632196094 0.0066511403672418375 33 -0.5885191229435772 -0.10774516876409206 0.801271627188758
1098  703 4197 101.314620 37.902257 0.05829539233433223 0.011256402262825344 3697 -0.5848521859749013 -0.10731877358278223 0.8040090804195353
1099  708 4197 101.371415 37.901199 0.07234464269604379 0.01076861622415559 3702 -0.5892401098983071 -0.10775199689128344 0.8007406571749506
1100  702 4193 101.299308 37.868812 0.09388590962081761 0.012302487998683278 924 -0.5831217016228806 -0.10715496337202818 0.8052868401514925
1101  704 4193 101.327709 37.868219 0.10065617956454186 0.011618530512441423 927 -0.5852810893871745 -0.10736733809720188 0.8036904261689842
1102  701 4191 101.291757 37.852097 0.1304258711139361 0.00900845261229396 225 -0.5823486813302834 -0.10708853248515027 0.8058548625919292
1103  702 4191 101.306013 37.851682 0.13352098300496573 0.009197062098702488 241 -0.5834201203579176 -0.10719352236664731 0.8050655326892241
1104  701 4190 101.291285 37.840874 0.16589615912125583 0.011701749782375946 237 -0.5821988131926541 -0.10708175685582129 0.8059640434074808
1105  702 4190 101.305450 37.840481 0.1686675599797279 0.011352711137725418 221 -0.5832534076520949 -0.10718432111868938 0.8051875457112739
1106  704 4191 101.320165 37.851485 0.13434131382482833 0.008392365945810156 232 -0.5844845025744961 -0.10729723153577249 0.8042792862899072
1107  705 4191 101.334579 37.851217 0.13612798235512205 0.0070483447925000185 224 -0.5855664179444056 -0.10740222463394683 0.8034778978412765
1108  704 4190 101.319695 37.840181 0.16693640522690803 0.01022370367719961 233 -0.5843132775930553 -0.1072868849336925 0.8044050708130112
1109  705 4190 101.333728 37.840062 0.16652108472184973 0.010305280066814474 238 -0.5853583272043652 -0.10738748548613906 0.8036314806759822
1110  707 4193 101.356193 37.867756 0.10532732163395347 0.009736660216525223 928 -0.5874739346167477 -0.1075836720260684 0.8020599289699646
1111  709 4193 101.384575 37.867074 0.10741820046728637 0.007649472036493801 923 -0.5897376232014534 -0.10781236117439962 0.8003661852918958
1112  707 4191 101.355477 37.845197 0.14615338986848136 0.013696923726276615 926 -0.5870824533644654 -0.10755320260525213 0.8023506101206092
1113  709 4191 101.383866 37.844603 0.13915988543794316 0.01234162090583233 923 -0.5893192384945288 -0.10777727734900544 0.8006790203492684
1114  705 4204 101.345133 37.969269 0.03325818826764938 0.009000527048924624 14826 -0.5882525649354451 -0.10763239769162193 0.8014824931425656
1115  706 4215 101.348074 38.059350 0.019384620298221016 0.003869019336017511 14834 -0.5899065291586468 -0.10776786765640228 0.8002476951274466
1116  705 4225 101.350927 38.149379 0.01435206620298602 0.001602546507103219 14850 -0.5915952906188375 -0.10790871933183431 0.7989810513458854
1117  705 4234 101.353817 38.239417 0.014220744314524714 0.0012678685002999724 14881 -0.5932379489103218 -0.10803961741974148 0.797744430905331
1118  705 4245 101.356740 38.329482 0.012849352252614922 0.0019539284269672096 14895 -0.5951890199146311 -0.10822364023355449 0.7962648267176311
1119  706 4255 101.359682 38.419540 0.010431830366135538 0.0006173552766760677 14917 -0.5969987684607416 -0.10838082856116346 0.7948874552141036
1120  706 4262 101.366393 38.483858 0.011854038942428482 0.0006299417900161442 6301 -0.5982395946282171 -0.10845333784474133 0.793944117006607
1121  715 4107 101.425922 37.091187 0.01013167663808237 0.0005813993700001464 6502 -0.5788596568091898 -0.1067978337900493 0.8084031917406684
1122  715 4114 101.432412 37.156463 0.009647359472192429 0.0007171999053737044 14654 -0.5807546792244248 -0.10700166288650932 0.8070158899913044
1123  715 4124 101.435280 37.246513 0.008474034893280741 0.0014428730402874259 14687 -0.5825631211971125 -0.10717292131842922 0.8056886338761099
1124  716 4135 101.438220 37.336593 0.005696365978377927 0.0011194822188416137 14697 -0.5845098194586777 -0.10736697490696732 0.8042515798279234
1125  716 4145 101.441138 37.426656 0.0012549213308117061 0.0018854980294056797 14716 -0.5860980741318201 -0.10749535725336574 0.8030777021359408
1126  715 4155 101.444064 37.516703 -0.005951012990726494 0.002213803885845817 14728 -0.5879271467519592 -0.10766540293374334 0.8017168023206291
1127  715 4165 101.446980 37.606755 -0.01837234042555603 0.005796965558214776 14752 -0.5899369544490477 -0.10786618490259808 0.800212019361082
1128  711 4179 101.398053 37.739649 -0.01687139801409406 0.009791168905666253 48 -0.5889646572103352 -0.1077898889285545 0.8009381826345165
1129  711 4179 101.402582 37.742019 0.12201817631721497 0.003187455249123876 5 -0.5893696269855941 -0.1078304096961952 0.8006347766189101
1130  711 4179 101.404578 37.741853 0.11770102381706238 0.0026477991600335734 5 -0.5895223633908695 -0.1078454750787991 0.8005202911651096
1131  711 4179 101.402332 37.740688 -0.01269992021843791 0.0008912072516977787 2 -0.5893238006739295 -0.10782595021823026 0.8006691091947847
1132  711 4179 101.404411 37.740688 -0.013733272595951954 0.005663675506963768 3 -0.5894852489190443 -0.10784169934522621 0.8005481304638629
1133  712 4179 101.406490 37.742352 0.11080054193735123 0.000661209225654602 2 -0.5896770752951175 -0.10786047954927011 0.8004043127212634
1134  712 4179 101.408154 37.742352 0.11209527030587196 6.470829248428345e-06 2 -0.5898060179164409 -0.10787311525996113 0.8003075985105116
1135  712 4179 101.406075 37.740688 -0.022321123629808426 0.0 1 -0.5896143639692067 -0.10785460716727097 0.800451301150783
1136  712 4179 101.408154 37.740688 -0.006416223011910915 0.0 2 -0.5897758287746058 -0.10787034748096379 0.8003302193017349
1137  711 4179 101.403395 37.738702 -0.013675368235756954 0.002734824196847019 18 -0.5893582410109088 -0.10782847606683231 0.8006434184464594
1138  712 4179 101.407091 37.738517 -0.010289169615134597 0.0023295157051192706 18 -0.5896412735473181 -0.10785631306977742 0.8004312489280331
1139  711 4179 101.397996 37.734174 -0.03251422001492409 0.005315043656617095 42 -0.5888269519485191 -0.10777412820093032 0.8010415457075531
1140  711 4179 101.405313 37.734205 -0.020926966726527375 0.004777470808015397 59 -0.5893992273693412 -0.10783084547045675 0.8006129274134599
1141  712 4179 101.409817 37.741936 0.10828331485390663 0.0040595196187496185 2 -0.5899298497554691 -0.10788552851056879 0.8002146493944515
1142  712 4179 101.411619 37.741797 0.1010610560576121 0.003933226958163457 3 -0.5900678668013366 -0.10789919457261195 0.8001110400307583
1143  712 4179 101.409817 37.740688 -0.012530314270406961 0.0014162291772663593 2 -0.5899048597636714 -0.10788306695766718 0.8002334036335966
1144  712 4179 101.411480 37.740273 0.018925531301647425 0.048386557524673975 4 -0.5900241117233126 -0.10789461212297562 0.8001439247160154
1145  712 4179 101.413975 37.741104 0.09893501084297895 0.0032122320142292395 16 -0.5902350513174024 -0.10791546603596101 0.7999855226106187
1146  712 4179 101.410233 37.738692 -0.007393775235686917 0.007008361595363216 10 -0.5898897734007116 -0.10788086368777465 0.8002448215935152
1147  712 4179 101.414509 37.738312 0.08766002527305058 0.0054279677829847705 7 -0.5902133546311901 -0.10791259665031733 0.800001917184692
1148  713 4179 101.419380 37.739857 0.08364540267558325 0.006687835175826767 63 -0.590626439478547 -0.10795353863900879 0.7996914670572709
1149  712 4179 101.409678 37.736253 -0.01442220713943243 0.0017463602761173137 3 -0.589788682444743 -0.10787005241312224 0.8003207868426786
1150  712 4179 101.411896 37.735699 0.015247639268636703 0.0 1 -0.5899484172627759 -0.10788567391766599 0.8002009412219387
1151  712 4179 101.409817 37.734867 0.005757526494562626 0.017869425006210804 2 -0.589766537160506 -0.10786734984961427 0.8003374703724213
1152  712 4179 101.411480 37.734867 0.021167713217437267 0.0010478431358933449 2 -0.5898962805925976 -0.10788019919699461 0.8002401144433063
1153  712 4179 101.413282 37.735976 0.03657587058842182 0.013877564675345674 3 -0.5900628905349401 -0.10789703470315981 0.8001150011815904
1154  712 4179 101.414668 37.736253 0.06203693151473999 0.02597285401278691 3 -0.5901773621235417 -0.10790837779638182 0.8000290389968674
1155  712 4179 101.413143 37.734867 0.023676431737840176 0.0006884699687361717 2 -0.5900259979181627 -0.10789305094518677 0.8001427443515411
1156  712 4179 101.415222 37.734867 0.06202175095677376 0.0 1 -0.5901880791429173 -0.1079090448537436 0.8000210430209609
1157  712 4178 101.410767 37.732788 -0.00021826726151630282 0.014788388322060425 14 -0.5897913841426562 -0.10786914607680488 0.8003189180044109
1158  712 4178 101.414002 37.732705 0.022446612330774465 0.013941556576833948 15 -0.5900422267654507 -0.10789396514281925 0.8001306536556569
1159  713 4179 101.417415 37.735623 0.06547754190184853 0.003701985292944868 11 -0.5903766819130555 -0.10792786621645155 0.7998793341168996
1160  713 4179 101.421131 37.735349 0.06502999581004444 0.003766121442562428 19 -0.5906599270635485 -0.10795564833653108 0.7996664483104957
1161  712 4179 101.416470 37.733620 0.05043674586340785 0.013028903687563523 4 -0.5902563325537787 -0.10791535288418731 0.7999698359888604
1162  713 4179 101.418133 37.733620 0.057586672715842724 0.003510649814714605 4 -0.5903861529636415 -0.1079281160017981 0.79987230991271
1163  712 4178 101.416470 37.731956 0.018066098680719733 0.0034622903319067823 4 -0.5902175476740382 -0.10791105814423475 0.7999990312168109
1164  713 4178 101.418133 37.731956 0.015353669878095388 0.0030183297508358806 4 -0.5903475808045288 -0.10792394408521833 0.7999013414986443
1165  713 4179 101.419657 37.733481 0.0561945786078771 0.004874627208005862 3 -0.5905019332602587 -0.10793961002276767 0.7997852883143262
1166  713 4178 101.421875 37.733204 0.05495070790251096 0.0008772771668077332 3 -0.5906686672671497 -0.10795589201504183 0.7996599595378563
1167  713 4178 101.419657 37.731818 0.011255372626086077 0.003311570941547986 3 -0.5904635129543785 -0.10793529586971894 0.7998142357917187
1168  713 4178 101.422041 37.731873 0.042019140999764205 0.01940959913554986 5 -0.5906511292744691 -0.10795387600073433 0.7996731858348212
1169  711 4178 101.401023 37.725973 -0.04307473534313233 0.008621566931783321 230 -0.5888636263296925 -0.10777461047811453 0.8010145210432423
1170  712 4178 101.415314 37.725708 -0.014235889429027619 0.013186162690753133 217 -0.5899809730307138 -0.10788574634110057 0.8001769286839979
1171  714 4179 101.430113 37.736608 0.06381570401468448 0.01087242877091839 224 -0.5913855973288753 -0.10802709503170796 0.7991202800648848
1172  715 4179 101.444471 37.736293 0.056525553024597296 0.00697009167968595 221 -0.5924499675496764 -0.1081276871330739 0.7983178810634518
1173  713 4178 101.423705 37.730210 0.04557807222008705 0.0009871239681167997 5 -0.5907431106642179 -0.10796246195880821 0.7996040795359642
1174  713 4178 101.425617 37.730293 0.042362823151052 0.0005541719751723489 4 -0.5908946872303882 -0.10797745703878403 0.7994900483272692
1175  713 4178 101.423538 37.729046 0.008620468278725943 0.024404255098493078 3 -0.5907035444873496 -0.1079582567389546 0.7996338770537224
1176  713 4178 101.425617 37.729046 0.03914979286491871 0.0010888036340475082 2 -0.5908663529293301 -0.10797443537413175 0.7995113972180947
1177  713 4178 101.428208 37.729750 0.04115135365953812 0.0020300513629595376 13 -0.5910850961850183 -0.10799616832134137 0.799346756230271
1178  713 4178 101.424282 37.726945 -0.006247849179137694 0.010844334240414356 19 -0.5907139216754578 -0.10795876371679876 0.7996261426914089
1179  713 4178 101.427280 37.727798 0.027312187640745833 0.016134589236025353 4 -0.5909684275155797 -0.10798422201002718 0.799434628644927
1180  714 4178 101.428805 37.727660 0.035296776642402015 0.0016143999098360367 3 -0.5910848554173506 -0.1079956810326824 0.7993470001035452
1181  713 4178 101.427280 37.726135 0.005608710605883971 0.013361463335080877 4 -0.5909308618992016 -0.10798008325104819 0.7994629560374661
1182  714 4178 101.428805 37.726274 0.028071818873286247 0.002131260762074634 3 -0.5910536547345577 -0.1079922548631936 0.7993705336791477
1183  714 4178 101.433292 37.728299 0.03268678764165458 0.007479966507031355 59 -0.5914480980330775 -0.10803145295695528 0.7990734337375158
1184  713 4177 101.425992 37.722311 0.003898783284430316 0.007288336562974279 61 -0.5907429882179217 -0.10796056644032248 0.7996044259289996
1185  714 4177 101.433102 37.722393 0.012187078150288602 0.0038242783096211768 56 -0.5913030450041189 -0.10801603545363717 0.7991828608358261
1186  715 4178 101.443575 37.725270 0.03061989904145358 0.01242742463982371 222 -0.5921605150914673 -0.10809904695089248 0.798536486589634
1187  712 4176 101.407858 37.709012 -0.04308396868557385 0.005486313081808192 921 -0.5889956290413652 -0.10778212182302824 0.8009164520631928
1188  713 4177 101.425837 37.717061 -0.015328212131291865 0.014841675592534813 51 -0.5906116371425825 -0.10794631461739823 0.7997033745285062
1189  714 4177 101.432992 37.716616 -0.004536879117311624 0.007892782922720557 57 -0.5911665765193678 -0.10800143028624981 0.7992857873517425
1190  713 4176 101.425617 37.711582 -0.03645546255367143 0.0024248644121659495 56 -0.5904698148692207 -0.10793094133994725 0.7998101709967066
1191  714 4176 101.432625 37.711250 -0.029983664320951158 0.006802273010409356 55 -0.591018748281728 -0.10798575845830294 0.7993972198786312
1192  715 4176 101.443598 37.713759 -0.007996923669020361 0.012011768405285731 230 -0.5919289048067233 -0.10807571026813728 0.7987113449202726
1193  714 4175 101.428855 37.702856 -0.0427374851940566 0.0017308115001703288 239 -0.5905306452498217 -0.10793530323163619 0.7997646699730641
1194  715 4175 101.442950 37.702566 -0.03239581510097834 0.007101509002396933 228 -0.5916490538100899 -0.10804748006552897 0.7989224863383896
1195  717 4178 101.465267 37.730251 0.04445864652036076 0.011575640855812698 926 -0.5938771576176989 -0.10826124669216966 0.7972386243306204
1196  719 4178 101.493667 37.729745 0.037575282819682 0.00887177510734428 924 -0.5959830799272777 -0.10845832423315827 0.7956387121960138
1197  717 4176 101.464531 37.707708 0.0012435474493417353 0.01164151831803132 924 -0.5934519873236777 -0.10822583179764894 0.7975599714587515
1198  719 4176 101.492902 37.707222 0.01046181976118162 0.007311941924694391 923 -0.5956731542124198 -0.10844395381024424 0.7958727299214543
1199  713 4172 101.420929 37.674896 -0.04180867744431934 0.0062571679315160085 3688 -0.5892646443379869 -0.10780205901959837 0.800715864089354
1200  718 4172 101.477557 37.673674 -0.019262854774840663 0.007307820150938037 3693 -0.5937612824645159 -0.10825304578305493 0.7973260421714476
1201  712 4188 101.411481 37.821398 0.16012115276054195 0.012620544765916272 920 -0.5911093795446127 -0.1079607703712471 0.7993335808504668
1202  714 4188 101.439829 37.820942 0.13974358271908116 0.006652002451506923 925 -0.593266191808497 -0.10816828862889756 0.797705990319829
1203  712 4186 101.410711 37.798942 0.188342123496429 0.012481328243789386 922 -0.590733453109687 -0.10793380145447426 0.7996150835750233
1204  714 4186 101.439088 37.798398 0.1524569624803856 0.010008435023154575 927 -0.5928879078393414 -0.10814122091308624 0.7979908552592038
1205  718 4187 101.482060 37.808822 0.10924047199394397 0.011708677587435027 3693 -0.5961533490617189 -0.10843529666213744 0.7955142807268081
1206  711 4184 101.403069 37.782280 0.2129527014333571 0.009678830626710336 223 -0.589915737596013 -0.10786172262796495 0.8002282620154576
1207  712 4184 101.417357 37.781898 0.18094464604343688 0.008396547635794302 238 -0.5910130780633386 -0.10796901203221909 0.7994036739963637
1208  711 4183 101.399422 37.773953 0.21421118175226544 0.0038397020705775945 63 -0.5895280425882818 -0.10782829349696042 0.8005184233504951
1209  711 4183 101.406490 37.773952 0.19815068346049106 0.005745039965179943 56 -0.5900740348749437 -0.10788171644952185 0.8001088479840157
1210  711 4182 101.399075 37.768374 0.20437947070846954 0.010195016558240256 48 -0.5894307478556099 -0.10782178342412255 0.8005909420556906
1211  711 4182 101.406199 37.768256 0.18013417224089304 0.013249878414486962 60 -0.5899799941234518 -0.10787569457160336 0.800179005632356
1212  712 4183 101.413455 37.773641 0.1817154200481517 0.0061834348425762785 56 -0.5906078492022877 -0.10793408945618164 0.7997078221412572
1213  713 4183 101.420756 37.773313 0.16487958482824838 0.006034355084374208 52 -0.5911671758188473 -0.10798880091956638 0.7992870505083405
1214  712 4182 101.413272 37.768203 0.1592523817872179 0.00946506608645999 58 -0.5905258418832667 -0.10792910590683825 0.7997690530185634
1215  713 4182 101.420166 37.767889 0.14590918855233626 0.00870824187692584 55 -0.5910544178030206 -0.1079808941652388 0.7993715041773803
1216  714 4183 101.438354 37.775840 0.14075891301438614 0.013648550651446264 925 -0.5925289971797622 -0.10811752000670329 0.7982606024154928
1217  711 4182 101.399228 37.762387 0.18152376350968383 0.014407055071767894 43 -0.5893669093147177 -0.10781882624427724 0.8006383371486302
1218  711 4182 101.406075 37.762310 0.15575478592562297 0.0035933991766878143 63 -0.5898956329510547 -0.10787074756021947 0.8002418659668299
1219  711 4181 101.398575 37.756966 0.13951075628951745 0.008716164891613882 54 -0.5892477550321679 -0.10781011450592219 0.8007272084797484
1220  711 4181 101.403996 37.758152 0.136100551734368 0.01122827951591876 12 -0.5896824740298501 -0.10785210988983757 0.8004014631510524
1221  712 4181 101.407802 37.758152 0.13532647089316294 0.011499164727273224 13 -0.5899770784068004 -0.10788106297696512 0.8001804316562211
1222  711 4181 101.403303 37.755519 0.12517214069763818 0.0039569004352348 6 -0.5895956239890839 -0.10784509744936911 0.800466386008219
1223  712 4181 101.407662 37.755582 0.102818640795621 0.009592925559326736 11 -0.5899339980727637 -0.10787828867204384 0.8002125672289057
1224  712 4181 101.416772 37.759467 0.12559223872346756 0.014796402951970078 234 -0.5906873971731423 -0.1079498502300968 0.7996469400029729
1225  711 4181 101.397640 37.753519 0.13689176844699041 0.005761620556014125 14 -0.5891316693604949 -0.10780059176641413 0.8008139038324243
1226  711 4180 101.406308 37.751421 0.1109692573081702 0.007447014013768621 32 -0.5897769183484429 -0.10786514506528506 0.8003301175536623
1227  711 4180 101.395887 37.743391 -0.008081540756393224 0.003741111123735801 4 -0.5888674876939348 -0.10778002108130759 0.8010109543525272
1228  711 4180 101.399006 37.743599 0.008584342896938324 0.00037783198058605194 2 -0.5891121012748985 -0.10780408574632337 0.800827828704693
1229  711 4180 101.400669 37.743183 0.06156917510088533 0.059353345655836165 2 -0.5892358941454312 -0.10781650849590714 0.8007350757562617
1230  711 4180 101.405729 37.745490 0.12164610666486453 0.005262812529343281 53 -0.589657481240626 -0.10785672581706626 0.8004192535871328
1231  712 4180 101.416239 37.748080 0.1029326393115289 0.008147152559377653 206 -0.5905044072329297 -0.10793841282969178 0.7997836232846314
1232  714 4181 101.437625 37.753304 0.09686011692266101 0.013837352802064433 920 -0.5921958025754126 -0.1080983007521604 0.7985104187088345
1233  717 4183 101.466771 37.775337 0.10670587856221843 0.01215674166969789 925 -0.594596963567821 -0.10830833172361513 0.7966955228913833
1234  719 4183 101.495118 37.774779 0.08454059205957395 0.006534039332317829 921 -0.5966486868023206 -0.10849551408513695 0.7951346225391447
1235  717 4181 101.466020 37.752800 0.07845338759792818 0.010218301789172723 925 -0.5942569146916777 -0.10828836465016226 0.796951911612314
1236  719 4181 101.494418 37.752280 0.06306015110264222 0.006851568185022258 924 -0.5963055523174274 -0.10847493350927985 0.7953947932162777
1237  713 4197 101.428286 37.900003 0.07780500156787343 0.008860780030792525 3709 -0.5936447465791765 -0.10818264655748733 0.7974223660286707
1238  718 4197 101.485099 37.898785 0.07269422805896311 0.00798989520821197 3696 -0.5977600242024417 -0.10855708725049955 0.794291075282345
1239  713 4192 101.426775 37.854934 0.11402474473658446 0.014432283493980331 3700 -0.5928680393395195 -0.10812532474129354 0.7980077706885464
1240  718 4192 101.483554 37.853818 0.09616456178795078 0.009426627308226819 3696 -0.5969873396328738 -0.10850197381978828 0.7948795116212732
1241  715 4205 101.458923 37.966958 0.046056851180895385 0.008800984887932435 14825 -0.596841994343561 -0.10844984947760299 0.7949957634706527
1242  716 4215 101.461978 38.057012 0.026065341219115145 0.003778177697568272 14835 -0.5985225977643717 -0.10858343648382886 0.7937130068776437
1243  715 4225 101.464921 38.147051 0.018608596808639168 0.002023729065030266 14856 -0.6001158170172732 -0.1087008414687996 0.7924929862337367
1244  715 4235 101.467992 38.237078 0.017537321743992064 0.0010383850545687128 14871 -0.6016406852955272 -0.10880388751287239 0.7913218054996428
1245  716 4245 101.471067 38.327124 0.014603904642378767 0.0011670786836890051 14897 -0.6034483646796948 -0.10895533620001775 0.789923291135882
1246  716 4255 101.474133 38.417175 0.013165442811237613 0.001095788664325116 14909 -0.6052560275461512 -0.10910532503454148 0.7885183378769067
1247  716 4263 101.479731 38.490643 0.012897073266799003 0.00044942702251631246 9373 -0.6066870512183369 -0.10919858123658878 0.787404909649359
1248  729 4098 101.574059 37.000501 0.011296949970770605 0.00024376624470957107 2278 -0.5887235905447982 -0.1078100427414386 0.801112681599867
1249  727 4105 101.557142 37.071536 0.010646676656022595 0.0004742158414296672 9527 -0.5887068931202821 -0.10780023831052876 0.8011262713285953
1250  725 4115 101.544892 37.154118 0.009397864537598147 0.0008987686559332579 14662 -0.5893766427697008 -0.10786675731467903 0.8006247158462775
1251  725 4125 101.547952 37.244168 0.0070832192785418606 0.0009859077287845614 14677 -0.5913304419099447 -0.1080568762674323 0.7991570683926373
1252  726 4135 101.551005 37.334209 0.004849599971878051 0.0010000380015258452 14696 -0.5930759786374452 -0.10820823419822509 0.7978420029146991
1253  726 4145 101.554058 37.424259 0.0005229219967124335 0.0018096315528490195 14713 -0.5947045355950373 -0.10833720309176971 0.7966113015573804
1254  725 4155 101.557099 37.514309 -0.004630470734597162 0.0020227871714258053 14730 -0.5967221990674078 -0.10853396000803248 0.7950742082756376
1255  725 4165 101.560186 37.604360 -0.007692020035052098 0.004313994682034353 14749 -0.5988421848536449 -0.10874696080338503 0.7934495170807908
1256  726 4175 101.563332 37.694403 0.014108813153039263 0.013858578804598783 14757 -0.6005043852122266 -0.10887675263678623 0.7921744353841229
1257  725 4184 101.566374 37.784430 0.057655401491714976 0.01370790465906081 14781 -0.6019746767112455 -0.10897174260363239 0.7910446560797432
1258  725 4195 101.569507 37.874474 0.06044400722931862 0.009349171689201912 14804 -0.6034788186565846 -0.1090707037221691 0.7898841035382367
1259  726 4205 101.572673 37.964530 0.043086828043985295 0.005070985695734677 14818 -0.6052409713266048 -0.10921354006232852 0.7885149138061257
1260  726 4215 101.575830 38.054563 0.028150711919159577 0.003159977419430498 14834 -0.6068915605622446 -0.10933528803632983 0.7872283204435269
1261  725 4225 101.578940 38.144594 0.02113926931799373 0.0010248884895102683 14854 -0.6083905340102691 -0.10942924642857624 0.7860573758656384
1262  725 4235 101.582137 38.234640 0.01845243331385533 0.0016893147173356038 14874 -0.609872297674523 -0.10951812718037751 0.7848958914073257
1263  726 4245 101.585370 38.324666 0.016882120977714084 0.0012383449061376289 14887 -0.6115512853066749 -0.10963993117020644 0.7835713821552867
1264  726 4255 101.588560 38.414686 0.014884700311525374 0.0014816534503596 14909 -0.6133067232077707 -0.10977393498719466 0.782179356967169
1265  726 4264 101.593845 38.497356 0.01431280315670745 0.0006995403024490501 12439 -0.6149009764819556 -0.10987686596916846 0.7809121995758108
1266  735 4098 101.644986 37.003885 0.011056411701803404 0.00048165393545292456 3974 -0.5942583965338261 -0.10835708679025297 0.7969414657874037
1267  736 4105 101.654316 37.061587 0.010100036477007116 0.0005679980529368269 14638 -0.5960411132072272 -0.10852586469347628 0.7955860280693865
1268  735 4114 101.657396 37.151629 0.008682071498377911 0.0007309840397343242 14660 -0.5980147101934848 -0.10871477353935347 0.7940777697470754
1269  735 4125 101.660580 37.241684 0.0067980108465333 0.0009108886156042805 14675 -0.6000060897903083 -0.10890454987861435 0.7925481002628679
1270  736 4135 101.663778 37.331734 0.0054037912325592685 0.0005574638335038162 14693 -0.6014251996653722 -0.10899113095891108 0.7914598300480984
1271  736 4145 101.666958 37.421778 0.002997140258755421 0.0013096366096938268 14710 -0.6032029604498964 -0.10913991196422279 0.7900852283905342
1272  735 4155 101.670128 37.511812 0.00037082860283214664 0.0020950937415538163 14726 -0.6053513800866811 -0.10935272788012548 0.7884108621349187
1273  736 4165 101.673369 37.601844 0.0023036534286176064 0.0029659388442484108 14746 -0.6072445914895638 -0.10951829584920687 0.7869305871428295
1274  736 4175 101.676613 37.691885 0.016137834896435832 0.005654979637320564 14764 -0.6086044193134028 -0.10958832584930324 0.7858696199941455
1275  735 4185 101.679835 37.781929 0.03417425139747193 0.005855074122189923 14784 -0.6100628362513211 -0.1096744564216252 0.7847259709182659
1276  735 4195 101.683088 37.871964 0.041842277602823795 0.004852999436567135 14794 -0.6116020081594377 -0.10977317636010045 0.7835131354145618
1277  736 4205 101.686388 37.961975 0.036964116581827855 0.003611204062024108 14815 -0.6133775964052552 -0.10991160612228494 0.7821044451144179
1278  736 4214 101.689688 38.051994 0.02700615792339488 0.0029380269530236386 14834 -0.6150806912764453 -0.11003575492864255 0.7807482794449015
1279  735 4225 101.692952 38.142035 0.02066345965288134 0.001010653311306047 14856 -0.6166273352403022 -0.11013124317267092 0.7795138476715382
1280  735 4235 101.696277 38.232065 0.01952358797673143 0.000955913957549853 14868 -0.6179625777911374 -0.1101880827343408 0.7784477110718886
1281  736 4245 101.699631 38.322078 0.01777504747849842 0.0006191000585356515 14886 -0.6195500122885401 -0.11028727270286856 0.777170830482612
1282  736 4255 101.702985 38.412103 0.016450812107128104 0.0011289544147435235 14909 -0.6212547828508697 -0.11040532533926509 0.775791955953173
1283  736 4264 101.706758 38.501696 0.016101888697918308 0.0008060009245647383 14779 -0.6228595964731095 -0.11050240395876933 0.7744902464206299
1284  745 4105 101.766444 37.059215 0.009047169616596849 0.0009246782871662927 14573 -0.6044810260980861 -0.10932717114133252 0.789081908763367
1285  745 4115 101.769902 37.149064 0.0076756641349908054 0.0011944415654463034 14662 -0.6064208222867792 -0.10950182764131763 0.7875678612286294
1286  745 4125 101.773193 37.239104 0.0068326821610969896 0.000734578551296609 14671 -0.6082129872880158 -0.10964959788132034 0.7861640590733291
1287  746 4135 101.776520 37.329125 0.005810055125807776 0.0005576519421201528 14690 -0.6096473649718758 -0.10973258561634161 0.7850406677598306
1288  746 4145 101.779855 37.419156 0.005565658788751358 0.0012540482619802912 14710 -0.6115438752342511 -0.10989526302351649 0.7835413963719254
1289  745 4155 101.783166 37.509193 0.00443461394522792 0.0018081756340452603 14722 -0.6136398574929611 -0.11009149547626775 0.7818733835601627
1290  745 4165 101.786514 37.599231 0.008055297130380711 0.0024636391582191436 14739 -0.6152008688930468 -0.11019205889171538 0.7806315398896235
1291  746 4175 101.789901 37.689242 0.016162741751269846 0.003219309014712305 14758 -0.616754781280695 -0.1102896482085696 0.7793906166136669
1292  746 4184 101.793291 37.779265 0.02406327289491781 0.003091486011028299 14781 -0.6181939562895766 -0.11036574552004184 0.7782388030822199
1293  745 4194 101.796636 37.869278 0.029706740249025143 0.002977044990487255 14793 -0.6196395363364614 -0.11044187027839426 0.7770774982575068
1294  745 4205 101.800072 37.959344 0.02929534074554408 0.002393080622991899 14805 -0.6212665797566607 -0.11054745384583697 0.7757622685627752
1295  746 4214 101.803524 38.049332 0.02347024684974111 0.002335716848810532 14830 -0.6231142764615476 -0.11068983765946543 0.7742585862027771
1296  746 4224 101.806959 38.139352 0.020561292406685038 0.0009548569072474672 14851 -0.6245957109269119 -0.11076716751831672 0.7730529299418474
1297  745 4235 101.810400 38.229379 0.02031021120243411 0.0009804970765869292 14870 -0.6258659115853565 -0.1108064380384378 0.7720192963939856
1298  745 4245 101.813890 38.319399 0.01907747352360017 0.000884873240004724 14885 -0.6274189079345345 -0.11089296863094494 0.7707452649705039
1299  746 4255 101.817390 38.409405 0.017068436345490327 0.0010059334139317757 14903 -0.6291336830241842 -0.11100576557422803 0.7693299220059655
1300  745 4265 101.820882 38.499419 0.016974814330457073 0.0010830272652974588 14924 -0.6307276554448543 -0.1110962970214142 0.7680105711806101
1301  746 4271 101.831200 38.555896 0.015738855697636448 0.0005072986472614842 3656 -0.632372193936674 -0.11120782848996531 0.766640872389585
1302  755 4105 101.876927 37.062787 0.007624887042668683 0.0009333929664874654 12497 -0.6127520869789141 -0.11007978923742737 0.7825709679667582
1303  756 4115 101.882392 37.146374 0.0068130203196413485 0.0007157083693773562 14655 -0.6146505760265408 -0.11023869353493654 0.7810583203820006
1304  755 4125 101.885807 37.236420 0.007135314650854675 0.0004665396276971841 14676 -0.6161903902858961 -0.11033549597474784 0.7798304182624075
1305  755 4135 101.889233 37.326440 0.007426169682777523 0.0008734171776823596 14681 -0.6178400475182146 -0.11044994692941944 0.7785078579603283
1306  756 4144 101.892716 37.416436 0.0075101653424233155 0.0009091223927384439 14702 -0.6197971784738735 -0.11061616582525347 0.7769269730251006
1307  756 4154 101.896193 37.506452 0.007903772578483634 0.0011518259761865096 14724 -0.6216486237401403 -0.11076233064071059 0.7754254926896765
1308  755 4165 101.899665 37.596498 0.009786968561010745 0.0012339538171794824 14747 -0.6231990614446895 -0.11085446364397855 0.7741667893320302
1309  755 4175 101.903154 37.686520 0.014868164936199633 0.002437032093078894 14753 -0.6245369031915893 -0.11090818899004454 0.7730802223358246
1310  756 4184 101.906702 37.776517 0.020489367259775 0.001850281553518774 14774 -0.6260539616081559 -0.11099125852040465 0.7718402539948214
1311  756 4195 101.910237 37.866543 0.023800497094487002 0.001289717387715289 14796 -0.627600160222552 -0.11107790197830442 0.770571047068812
1312  756 4205 101.913782 37.956568 0.023592399226783627 0.0012787548262566985 14813 -0.6291645757993638 -0.11116611464994768 0.7692815034256585
1313  756 4215 101.917351 38.046585 0.02226683877758198 0.0010016861567935847 14829 -0.6307267876931125 -0.11125235870850865 0.7679886926043383
1314  755 4225 101.920921 38.136575 0.020561517072444198 0.0006234391303686585 14842 -0.632239773008779 -0.11132861255538341 0.766732554057998
1315  755 4234 101.924519 38.226580 0.0206043930440632 0.0006089813806780698 14868 -0.6336189032261843 -0.11138020410570229 0.7655857467376331
1316  756 4245 101.928151 38.316604 0.020012354457345154 0.0006256427000825029 14887 -0.6351576306723073 -0.11145750072550327 0.7642983774225647
1317  755 4255 101.931772 38.406616 0.01890691253480091 0.0012280912300800938 14899 -0.6367694147820896 -0.11154586872923292 0.7629431378336894
1318  755 4265 101.935420 38.496606 0.017297505966997875 0.0014719692022210293 14918 -0.6384213365337514 -0.11163942937151317 0.7615476576472816
1319  756 4272 101.942459 38.562106 0.015244797492050998 0.0006410604388366219 6723 -0.6399210633100567 -0.11172711379318068 0.7602750060179356
1320  765 4106 101.988894 37.069374 0.006417088120427711 0.0005586885276031261 9447 -0.6211146818947193 -0.11081439360558595 0.7758458107798533
1321  765 4115 101.994833 37.143591 0.007358867211439551 0.0010641460590847657 14646 -0.6227205784232094 -0.1109291691598004 0.7745410257938438
1322  766 4124 101.998398 37.233586 0.008395881240704329 0.0008076509169967203 14666 -0.6241164029416079 -0.11099429674738531 0.7734073840278368
1323  765 4135 102.001964 37.323617 0.008334206137850544 0.0008485336138385056 14694 -0.6258745788556636 -0.11112083593664003 0.7719670791963787
1324  765 4145 102.005559 37.413650 0.00852374483612759 0.000821297830771964 14703 -0.6278071425447355 -0.1112758181576978 0.7703738599298066
1325  766 4155 102.009183 37.503656 0.009328791161595141 0.0008284935990130331 14718 -0.6295466697619603 -0.11139553643727468 0.7689356442859683
1326  765 4164 102.012794 37.593642 0.010169019479583197 0.0011220785087730288 14733 -0.6312396111523569 -0.11150571853656861 0.7675304736919993
1327  765 4174 102.016424 37.683659 0.013141087975806678 0.0012276657210324765 14764 -0.6325315751090401 -0.11154505226881528 0.7664603758867278
1328  766 4185 102.020105 37.773696 0.017722231722838686 0.0023539500509216532 14775 -0.633868877206834 -0.11159048613741844 0.7653481625457541
1329  765 4195 102.023763 37.863697 0.02057312182118658 0.0011912070902320416 14786 -0.6352350805067315 -0.11163970598145204 0.7642074119909996
1330  765 4204 102.027443 37.953677 0.019002836877799734 0.0009009929689256434 14804 -0.6369219387302577 -0.11174237025636323 0.7627870519703251
1331  766 4214 102.031168 38.043671 0.018499575989832887 0.0011329301046993881 14828 -0.6384486118489695 -0.11181572539863734 0.7614989255289205
1332  765 4225 102.034867 38.133693 0.021239309388479607 0.001206862464264718 14849 -0.6397090226565817 -0.11184215063392812 0.7604365191607638
1333  766 4235 102.038634 38.223706 0.022559754445821055 0.0009861510345500794 14864 -0.6411815384388793 -0.11190299793673085 0.7591863762067416
1334  765 4245 102.042375 38.313687 0.02169568220314756 0.001170876650275949 14873 -0.6426992720080519 -0.11197031069653031 0.7578920076652363
1335  765 4254 102.046146 38.403664 0.02198309067424976 0.0010704204435267235 14901 -0.644208933619339 -0.11203453238094292 0.75659970486329
1336  766 4265 102.049939 38.493676 0.018613059656621384 0.0014982750383404177 14922 -0.6458632654007658 -0.11212153223325208 0.75517508196148
1337  766 4273 102.056073 38.568355 0.01902384352568402 0.001694197842262127 9795 -0.6472296840723912 -0.11217071128921054 0.7539969944133896
1338  775 4107 102.100173 37.075789 0.006463610885206018 0.0005270899395904851 6382 -0.6293226167113478 -0.11150702312285138 0.7691028721113073
1339  775 4115 102.107263 37.140688 0.007739345438303204 0.00077966411921877 14652 -0.6304284543364735 -0.11153853310412394 0.7681921111257944
1340  776 4125 102.110984 37.230710 0.007749008701704112 0.0008367322254158522 14670 -0.6320252832099544 -0.1116318204575871 0.7668652932847474
1341  775 4135 102.114676 37.320710 0.00804155978000918 0.0006232234053343384 14676 -0.6337846504962953 -0.11175181270171983 0.7653943749160745
1342  775 4144 102.118399 37.410699 0.008944655838376553 0.0006958337634329656 14703 -0.6355522155573349 -0.11187144287254461 0.763909786277004
1343  776 4155 102.122150 37.500708 0.01046497370381845 0.0009905767016086412 14719 -0.6373224359831481 -0.1119897024607443 0.7624161718741675
1344  776 4165 102.125909 37.590721 0.010055320155813475 0.0012026202263532508 14739 -0.6391345185542003 -0.1121133409696851 0.76087953446594
1345  776 4175 102.129697 37.680725 0.012601998999500694 0.0014403998999869185 14751 -0.6402735141614598 -0.11211997691906792 0.7599203496676495
1346  775 4185 102.133470 37.770707 0.016412602021410812 0.0013535314031361218 14767 -0.6414658030940614 -0.11213456034833168 0.7589120264143777
1347  775 4194 102.137270 37.860692 0.017687018417600262 0.001067934935741225 14790 -0.6428464142778094 -0.11217979547916306 0.7577362213438237
1348  776 4205 102.141120 37.950711 0.01738289114348075 0.0007956291883701318 14815 -0.644384343213838 -0.11224997737916179 0.7564183768254499
1349  776 4215 102.144979 38.040721 0.017257302534494794 0.001293693498871508 14825 -0.6458696141972032 -0.11230963236482899 0.7551417005667431
1350  775 4225 102.148802 38.130696 0.021689315751152773 0.0007371374730546805 14837 -0.6471263616545255 -0.11232931707723426 0.7540620641411013
1351  776 4234 102.152702 38.220663 0.022938592988871832 0.000674420091784004 14858 -0.6485979773826591 -0.11238351770963229 0.7527885550952089
1352  775 4245 102.156579 38.310660 0.023909485735149862 0.0008525960202138275 14883 -0.6500859992231706 -0.11243911017056549 0.7514956021947589
1353  776 4255 102.160515 38.400667 0.023363888593022256 0.0007154479053678445 14898 -0.6515590500315664 -0.11249023722324773 0.7502111375149132
1354  776 4265 102.164454 38.490653 0.022114966196461854 0.0014237678544014739 14913 -0.652996042946942 -0.11253375868774876 0.7489541515014407
1355  775 4274 102.167308 38.573042 0.023529436715081058 0.0015083217686811567 12136 -0.6542710311359371 -0.11257083470719048 0.7478350252493153
1356  785 4108 102.208799 37.081985 0.007828840008509523 0.000576552917537204 3326 -0.6368398990301785 -0.11207929873514841 0.7628061180917923
1357  786 4115 102.219701 37.137704 0.008345979744438492 0.0010848879340158402 14646 -0.6381374190604944 -0.11213043092653224 0.761713463748043
1358  785 4125 102.223517 37.227679 0.00807067151373969 0.0005677028268197989 14654 -0.639718235633799 -0.1122146213623693 0.7603738933906656
1359  785 4134 102.227356 37.317667 0.008232307556966897 0.0005602334267669639 14687 -0.641482282974118 -0.11232856147493193 0.758869405699878
1360  786 4145 102.231237 37.407688 0.009278768196123872 0.0007783051437751764 14698 -0.643216040339708 -0.11243528356636592 0.7573846000936763
1361  786 4155 102.235116 37.497682 0.009987624449135797 0.0007159754093760956 14715 -0.6447255271352388 -0.1125022345434716 0.7560901016961631
1362  785 4165 102.238993 37.587659 0.010367675455039724 0.0007239121493468847 14728 -0.6464679324501653 -0.1126073209345454 0.7545851864339459
1363  786 4174 102.242915 37.677633 0.013535746492311115 0.002163729903164618 14751 -0.6475246046674037 -0.1125939258459614 0.7536806314433965
1364  785 4185 102.246838 37.767634 0.014545278418974369 0.0010246980033979045 14771 -0.6488168155825738 -0.11261920515679455 0.7525647177798999
1365  785 4195 102.250792 37.857637 0.015485770889676983 0.0014793605092215695 14789 -0.6503399911221563 -0.11268192120229956 0.7512394295971107
1366  786 4205 102.254783 37.947623 0.01745371796417513 0.0016070292354789027 14801 -0.651600886333709 -0.1126986549302412 0.7501435183390172
1367  785 4214 102.258739 38.037587 0.020109504415460968 0.0029901431395235527 14815 -0.6530056886495198 -0.11273852846066318 0.7489149449649745
1368  785 4224 102.261718 38.127010 0.02260077473487919 0.0005048620342301453 14582 -0.6543027177304827 -0.1127666716479261 0.7477777954285304
1369  785 4234 102.256010 38.215904 0.02397379253550873 0.0007126711015738423 12012 -0.6551385222378655 -0.11277782828559299 0.7470439599696734
1370  784 4244 102.248204 38.305704 0.023437244257528664 0.0006683895282646153 8936 -0.6558655895398485 -0.11278301510315997 0.7464049302903801
1371  783 4254 102.240454 38.393912 0.024227882547369503 0.0005516467805446092 5804 -0.6565758258731922 -0.11278757960096873 0.7457795564150916
1372  781 4263 102.232095 38.479030 0.024223640741359805 0.0003024630433550851 2480 -0.6571127769959071 -0.1127726968899893 0.7453087394797445
1373  795 4115 102.331393 37.135356 0.009099872861040945 0.0008621485116798847 14384 -0.6455389146724273 -0.11265586070592104 0.7553728660020512
1374  795 4125 102.336044 37.224571 0.008359322527965212 0.0007940925758693687 14665 -0.6472870236236807 -0.11275868943978458 0.7538600579711189
1375  795 4135 102.340043 37.314562 0.008168576172793892 0.0007591317457117998 14676 -0.6489873719650913 -0.11285473168445166 0.7523823499832214
1376  796 4145 102.344045 37.404532 0.009526243776541841 0.00085965186477706 14695 -0.6505759272515277 -0.1129301861030413 0.7509978268594041
1377  795 4154 102.348048 37.494509 0.010095619527340685 0.0008124766508431508 14710 -0.651912032650186 -0.11296128952639013 0.7498336140467682
1378  795 4164 102.352050 37.584490 0.010921989230478392 0.0008197413733720509 14731 -0.653629339541547 -0.11305537965413585 0.7483229033122936
1379  795 4175 102.356124 37.674474 0.012024902595787562 0.0008971581734408451 14748 -0.6546799633168185 -0.1130348629637991 0.7474070279213625
1380  795 4184 102.356205 37.762919 0.013445336686932591 0.0007967421874133864 13686 -0.6557310779954734 -0.11304388539142428 0.7464836457193854
1381  794 4194 102.350339 37.853363 0.013244623615078372 0.000710444697893116 11122 -0.6566921202395746 -0.11307422935156493 0.7456337424445073
1382  793 4204 102.341001 37.940051 0.016023389987707658 0.0026569522045434718 7435 -0.6570552571538599 -0.11303481976018313 0.7453197425053613
1383  792 4214 102.329711 38.028380 0.022014978212289496 0.0008786290617951416 3496 -0.6573321701150493 -0.1129909959546101 0.7450821786655653
1384  805 4115 102.442453 37.139819 0.008841972642941042 0.0006044211650015471 11845 -0.6531203623510118 -0.11318629243434168 0.7487473909720492
1385  805 4125 102.448584 37.221334 0.008460435393469825 0.0006872905242076448 14658 -0.6547422579018495 -0.11326621326740649 0.7473174296439569
1386  806 4135 102.452699 37.311313 0.008754642148379514 0.0007002535496161243 14677 -0.6563726228212905 -0.11334373272591135 0.7458741034936507
1387  805 4144 102.448650 37.399546 0.01062998452329006 0.0006882300331618366 12504 -0.6571821437459716 -0.11334110223325594 0.7451613412449681
1388  804 4154 102.441383 37.488936 0.011022337876324463 0.0005207759051009718 9519 -0.6577439551013251 -0.11331599358555677 0.7446693058837487
1389  803 4164 102.433483 37.579493 0.011778942790440694 0.0009131155041856124 6446 -0.6585694625592644 -0.11333676779210133 0.7439361800926482
1390  802 4173 102.424857 37.658500 0.011721198034460404 0.000497708690672846 2562 -0.6588760568656946 -0.11329706490224555 0.7436707045283216
1391  813 4116 102.527048 37.143097 0.00864043263176777 0.0004759358769231522 4470 -0.6589195808262883 -0.1135833138526806 0.7435884727575811
1392  812 4124 102.523075 37.212509 0.008909823329793702 0.0006229044249560418 4520 -0.6595222319032855 -0.11358006332900324 0.7430545032765016
