Number xind yind east north data err wgt Elos Nlos Ulos
********************************************************
   0  143 1897 95.650240 17.134729 0.7154877274067003 0.33756731244200455 526 -0.18405385898059276 -0.9829161596974343 0.0
   1  140 1891 95.619571 17.082319 1.4744202882259876 0.8919083770057743 143 -0.18402509712551088 -0.9829215450014036 0.0
   2  143 1892 95.650641 17.089017 0.15375656563844672 0.32906082948387905 532 -0.18415599906120203 -0.9828970281823884 0.0
   3  150 1895 95.720575 17.113183 0.11606980945644985 0.2951430896359516 2111 -0.1844314883741066 -0.9828453724244276 0.0
   4  138 1888 95.602512 17.051601 0.3644778072834015 0.18195173202578094 20 -0.18401278189264608 -0.9829238506110887 0.0
   5  139 1888 95.615942 17.055338 0.8830969530766405 0.2815654344376163 127 -0.18406736643485525 -0.9829136302919687 0.0
   6  138 1886 95.600653 17.031136 -0.9306431536873182 0.6762651313792669 57 -0.18404912544282212 -0.9829170460541075 0.0
   7  139 1886 95.616385 17.032372 0.3045479912859525 0.23914473787402996 129 -0.18411988106866106 -0.9829037945777104 0.0
   8  143 1887 95.651628 17.044228 0.1294893786480161 0.26466245495109997 529 -0.18425856688305478 -0.982877805492729 0.0
   9  139 1883 95.611441 17.010232 -0.39338461222945065 0.21509544215641307 189 -0.18414542899609315 -0.982899008535386 0.0
  10  143 1883 95.652502 17.011100 0.16373117282809949 0.13036912674737003 253 -0.18433499300111078 -0.982863474931936 0.0
  11  151 1886 95.722487 17.034102 0.15712276783460594 0.25101399059874335 1598 -0.18461191958948603 -0.9828114972595127 0.0
  12  149 1909 95.702341 17.242539 0.09128800119916294 0.22639155356428725 5632 -0.18406326963614358 -0.9829143974786677 0.0
  13  151 1929 95.718687 17.422658 0.015877656305699577 0.2882481677231394 3894 -0.18374524687767865 -0.982973898051144 0.0
  14  154 1957 95.739992 17.676038 0.959898399460651 0.8011018689620902 391 -0.18328717691427923 -0.9830594136565671 0.0
  15  152 1953 95.725254 17.642715 0.7590716740648661 0.3657854574611653 112 -0.18328964683376583 -0.9830589531475482 0.0
  16  154 1953 95.746982 17.643314 0.7840196177130565 0.36237809091002965 128 -0.1833937912854331 -0.983039529885729 0.0
  17  152 1951 95.723656 17.620987 0.2712066205648275 0.13849731458033424 130 -0.18333024082508675 -0.9830513836005805 0.0
  18  154 1951 95.747482 17.621125 0.1566785830214168 0.0884984949196908 132 -0.18344542683814 -0.9830298954620723 0.0
  19  152 1944 95.730197 17.562382 0.06703217117639325 0.2695524952305204 1313 -0.1834919055755674 -0.9830212208229521 0.0
  20  160 1895 95.814366 17.114678 -0.15876896526038056 0.42703651163703055 2123 -0.18486921760310382 -0.9827631313713474 0.0
  21  170 1894 95.908482 17.115936 0.12385290120456459 0.21377635505426965 2124 -0.1853095778078283 -0.9826801923172586 0.0
  22  158 1887 95.792724 17.046547 -0.3864105162319056 0.2811632872209617 516 -0.18491380175562172 -0.9827547435246917 0.0
  23  163 1887 95.839295 17.046963 0.36722613528479625 0.15463919615015848 548 -0.18513108859778415 -0.9827138342542041 0.0
  24  158 1883 95.792731 17.012003 -0.47803616440958446 0.20595316109112258 279 -0.1849878864124608 -0.9827408009646544 0.0
  25  163 1883 95.839705 17.012195 0.15790111357182787 0.22939326677672442 285 -0.18520706202515883 -0.9826995187624796 0.0
  26  171 1886 95.910382 17.035373 0.2170956161296094 0.23815411404438205 1656 -0.18548883911632452 -0.9826463710629975 0.0
  27  165 1910 95.859206 17.250758 0.008029485923851108 0.33348022172388025 8479 -0.18478905092889134 -0.9827782082732602 0.0
  28  166 1929 95.856287 17.431149 0.1496359861130043 0.2593256415193986 8481 -0.18438621158403173 -0.9828538675600197 0.0
  29  157 1958 95.769477 17.689128 -0.21705294998757768 0.4141737344255697 132 -0.18340154377799042 -0.983038083565357 0.0
  30  159 1958 95.793472 17.689128 -0.6031614085941603 0.06533915256334764 132 -0.18351832892998907 -0.9830162882408127 0.0
  31  157 1956 95.769477 17.667127 0.44221854938024824 0.3211643107655194 132 -0.18345027245443854 -0.9830289911983228 0.0
  32  159 1956 95.793472 17.667127 -0.250731994200385 0.20974049610110357 132 -0.18356692335415914 -0.9830072149533228 0.0
  33  163 1957 95.828420 17.679169 -0.4637887614656169 0.18036043669524277 530 -0.18371041767391588 -0.9829804079624758 0.0
  34  157 1953 95.769711 17.644318 0.20879018856278547 0.2301400993695641 141 -0.18350188973403544 -0.9830193571156358 0.0
  35  159 1953 95.793390 17.645036 -0.1427712688656678 0.2041952906574517 133 -0.1836152938356234 -0.9829981810103505 0.0
  36  157 1951 95.770575 17.621043 -0.1018948678354748 0.14049895544969854 122 -0.1835575453354922 -0.9830089661597238 0.0
  37  159 1951 95.793627 17.622125 -0.43872032708055536 0.19279362502707145 142 -0.18366691121085058 -0.9829885379424653 0.0
  38  163 1952 95.829068 17.633687 -0.22650422698865502 0.29091312028018007 531 -0.1838134737712523 -0.982961142090645 0.0
  39  168 1957 95.875190 17.679659 -0.02561496704098024 0.22695135334709113 539 -0.18393710590946183 -0.9829380148664775 0.0
  40  173 1957 95.922690 17.680530 -0.6997201128926092 0.4728247992320966 515 -0.18416662506352172 -0.9828950372306864 0.0
  41  168 1952 95.876520 17.634835 0.14125635115924803 0.3241209044478029 523 -0.18404139362174554 -0.9829184937896762 0.0
  42  172 1953 95.911192 17.646688 -0.30943841340333006 0.39737131727659153 137 -0.18418409885928833 -0.9828917629766728 0.0
  43  174 1953 95.935443 17.647126 -0.7579948179649584 0.2669233321306538 132 -0.18430111219439274 -0.9828698286364831 0.0
  44  172 1951 95.911700 17.623730 0.2411122322350526 0.22327462532292877 139 -0.18423639209515283 -0.9828819623066449 0.0
  45  174 1951 95.935366 17.624202 0.09526844906223404 0.2566831064990554 143 -0.1843502748251896 -0.9828606087192004 0.0
  46  158 1947 95.782821 17.587760 0.005832890497237042 0.2796030564899558 519 -0.18369025473442174 -0.9829841760250281 0.0
  47  163 1947 95.830117 17.589079 -0.0711324893982611 0.21510979852662473 535 -0.18391628449438105 -0.9829419109478351 0.0
  48  158 1942 95.783716 17.543111 0.5541266815211529 0.22468994175687348 546 -0.18379277175740572 -0.9829650131361392 0.0
  49  163 1942 95.830453 17.543347 0.33047506803557986 0.17761832248618303 525 -0.18401791822154626 -0.9829228890271141 0.0
  50  170 1944 95.900784 17.567088 -0.04836497919036532 0.29256357491574314 2120 -0.1843062462310996 -0.9828688659227136 0.0
  51  166 1969 95.850425 17.791888 -0.15962688663175123 0.3288407894039881 8478 -0.1835698363013691 -0.983006670984632 0.0
  52  162 1994 95.817482 18.015251 -0.4268336235842806 0.5107751268762852 1269 -0.18291168579188202 -0.9831293481535234 0.0
  53  170 1995 95.892936 18.018594 -0.19561109500790894 0.410681987672618 2133 -0.1832789717424968 -0.983060943439934 0.0
  54  161 1984 95.809263 17.925264 -0.2772734938194837 0.32657221055467883 1709 -0.18307183112279568 -0.9830995395428413 0.0
  55  170 1984 95.894522 17.928260 0.10391792650091755 0.2567563022000774 2129 -0.1834863645127724 -0.9830222551081365 0.0
  56  164 2014 95.832482 18.190515 -0.06110894937927906 0.39714579668738903 442 -0.18259360416795814 -0.9831884741579079 0.0
  57  171 2015 95.890048 18.199329 -0.41432070924942904 0.29374313922677453 2129 -0.18286273953615625 -0.9831384533672416 0.0
  58  164 2007 95.827637 18.130049 -0.6982530864221709 0.31506992883087287 350 -0.18270521988739905 -0.9831677388044713 0.0
  59  163 2002 95.823689 18.083347 0.026122773358644533 0.4297229940343145 484 -0.1827902365443828 -0.9831519360831512 0.0
  60  170 2005 95.891412 18.109021 -0.09562845472639003 0.3840615864603259 2135 -0.1830707669085531 -0.9830997377191768 0.0
  61  171 2029 95.891384 18.328081 -0.2900682513044827 0.3659873603041066 3864 -0.18258112446315636 -0.9831907917539552 0.0
  62  173 2058 95.901807 18.592273 0.7470529199178729 0.6845603803205526 56 -0.18203808638815933 -0.9832914802357118 0.0
  63  174 2058 95.917770 18.595027 0.2751960299909115 0.4391318884620508 130 -0.18211379024577362 -0.9832774620636426 0.0
  64  172 2056 95.899650 18.570600 -0.1372303422759561 0.6289726753540256 85 -0.18207612039677076 -0.9832844381872727 0.0
  65  174 2056 95.919439 18.571646 -0.45642375723071343 0.18627575047455688 137 -0.18217526204331028 -0.9832660748238248 0.0
  66  173 2052 95.908137 18.537246 -0.18229562497278404 0.6145066162236235 513 -0.18219507804023843 -0.9832624031955617 0.0
  67  172 2044 95.902749 18.467687 -0.38451554718939795 0.5164283370657421 1334 -0.1823246469266216 -0.9832383857046483 0.0
  68  181 1894 96.002510 17.117193 0.09305324724692114 0.2769608323587891 2119 -0.18575006222591625 -0.9825970254295849 0.0
  69  191 1895 96.096293 17.118976 0.25742414524846347 0.21647905305360068 2121 -0.1861888998849571 -0.9825139660888436 0.0
  70  181 1885 96.003846 17.036076 -0.3058528224256633 0.36542017558495815 1689 -0.18592565965066743 -0.9825638142550662 0.0
  71  191 1885 96.097745 17.036961 0.08603311151033402 0.2828179348132558 1729 -0.18636472573104934 -0.9824806303450418 0.0
  72  185 1909 96.047002 17.253447 -0.03382242377232118 0.3212060246663381 8476 -0.1856757381744807 -0.9826110727308958 0.0
  73  180 1935 95.996322 17.478608 0.0634475005637197 0.3555086415557978 2125 -0.1849577046191397 -0.9827464818059737 0.0
  74  188 1937 96.066650 17.501954 -0.2531300206065411 0.3353964733222185 511 -0.18524754158399356 -0.9826918888120969 0.0
  75  193 1937 96.113765 17.503124 -0.29742581564692944 0.3901624191837919 543 -0.18547273883336202 -0.9826494100897082 0.0
  76  188 1932 96.067415 17.457119 0.44915201438023994 0.17218708134412777 552 -0.18534577227104293 -0.982673366231756 0.0
  77  193 1932 96.114155 17.457543 -0.3006440779851007 0.3292407982967841 519 -0.18557018207067866 -0.9826310129068058 0.0
  78  181 1925 95.998161 17.388255 0.04993482320799547 0.27321634835147274 2125 -0.18515855230987757 -0.9827086600343514 0.0
  79  191 1924 96.092397 17.389408 -0.32793558320117266 0.31323119876356376 2127 -0.18560814742684667 -0.9826238423775264 0.0
  80  181 1955 95.993542 17.659143 -0.1673503927552773 0.472723471437351 2121 -0.18455802633551613 -0.9828216190719142 0.0
  81  188 1957 96.063891 17.682886 -0.1958157409613803 0.4802495425355627 537 -0.18485029650876483 -0.9827666904614857 0.0
  82  193 1957 96.110939 17.682884 -0.3969282187769351 0.2465599786098611 541 -0.1850800748784352 -0.9827234432346634 0.0
  83  188 1952 96.064244 17.637336 0.22504824411323052 0.28714499118323356 524 -0.18494900423840885 -0.9827481192203936 0.0
  84  193 1952 96.111406 17.638126 0.1009223119948398 0.3577353601931259 528 -0.18517700739927276 -0.9827051826110667 0.0
  85  180 1945 95.994749 17.568926 -0.19062225152637638 0.3915501958986837 2126 -0.18475734256748247 -0.9827841697785948 0.0
  86  190 1944 96.089026 17.570127 0.2817045069037608 0.3219805560412815 2129 -0.1852118808381224 -0.982698610559924 0.0
  87  186 1969 96.038404 17.795115 -0.06860729743183326 0.35723315840237296 8495 -0.1844852150195167 -0.9828352890689277 0.0
  88  186 1989 96.035387 17.975584 -0.23345788685692087 0.3991675448303023 8527 -0.18408067411558207 -0.982911138108198 0.0
  89  186 2010 96.032378 18.156187 -0.07536153674692136 0.3554592779972195 8523 -0.18367224529058124 -0.9829875412790929 0.0
  90  180 2034 95.981191 18.381076 -0.5238508052358265 0.3055821237195666 2131 -0.18291772523635313 -0.9831282244927962 0.0
  91  187 2038 96.039682 18.415680 0.34409191427023517 0.1442031548821054 138 -0.18313842665554736 -0.9830871358542591 0.0
  92  189 2038 96.063416 18.416158 -0.6057676892313693 0.33747203877689935 144 -0.1832582319191892 -0.9830648098848076 0.0
  93  187 2036 96.039590 18.393296 -0.4500614731357648 0.45290892117511083 130 -0.18318731536992938 -0.9830780271614039 0.0
  94  189 2036 96.063416 18.393157 -0.975235675546256 0.17244270666485956 132 -0.18330895368904246 -0.9830553532214901 0.0
  95  193 2037 96.099135 18.405210 -0.9606755638888123 0.17588521766368845 545 -0.18346426811615602 -0.9830263792618199 0.0
  96  188 2032 96.052327 18.359389 -0.8470623758799247 0.3477169899226925 524 -0.1833269669115773 -0.983051994150361 0.0
  97  193 2032 96.099690 18.360438 -0.32226505133346256 0.4088512973283645 529 -0.18356524203828956 -0.9830075289210273 0.0
  98  180 2024 95.982572 18.290818 -0.20419482800903563 0.3465025334504967 2134 -0.18312506198931136 -0.9830896254520292 0.0
  99  190 2025 96.077244 18.292299 -0.18145902999626692 0.3518488430069767 2139 -0.18360051283649823 -0.9830009418541646 0.0
 100  181 2055 95.978271 18.561605 -0.39717386953595424 0.4204346369472703 2138 -0.18249955181007782 -0.9832059365103125 0.0
 101  190 2054 96.072685 18.562980 -0.5241985492579916 0.30050514240502046 2127 -0.18298115982934937 -0.9831164199358621 0.0
 102  181 2044 95.979741 18.471294 -0.16414511189451259 0.43558035137847667 2134 -0.18270930569870467 -0.9831669795162453 0.0
 103  188 2047 96.050062 18.495385 -0.6326165824740071 0.29523662194610867 537 -0.18301501994367245 -0.9831101171664429 0.0
 104  193 2047 96.097144 18.495693 -0.9643522214579892 0.33087133637623384 539 -0.18325527150527515 -0.9830653617463734 0.0
 105  188 2042 96.050997 18.449739 -0.03012161937125013 0.3273841412676494 529 -0.1831208556573639 -0.9830904089773814 0.0
 106  193 2042 96.098428 18.450893 -0.36884209338774665 0.4999852866192834 524 -0.1833603747355343 -0.9830457634194067 0.0
 107  178 2077 95.951937 18.763410 0.28335419443836174 0.5133748071429329 498 -0.1819083305490277 -0.9833154932557839 0.0
 108  183 2077 95.997941 18.765418 -0.6998426362596176 0.2710920266395647 540 -0.18214231825650326 -0.9832721779345466 0.0
 109  178 2072 95.951440 18.719171 -0.30252770854133193 0.416045760442066 552 -0.1820060455847839 -0.9832974114532131 0.0
 110  183 2072 95.999008 18.719750 -0.27947191577158265 0.44658265956195825 529 -0.18225091379797415 -0.9832520553854964 0.0
 111  191 2074 96.069823 18.743537 -0.5335314948967184 0.3852487684424547 2147 -0.18256449717031584 -0.9831938793406668 0.0
 112  181 2064 95.976564 18.651714 0.011820545549352442 0.3096452607350439 2132 -0.18228820320842432 -0.9832451428667442 0.0
 113  187 2068 96.035422 18.687170 0.27809697875019274 0.10621280035356476 132 -0.1825124611313934 -0.9832035402355718 0.0
 114  189 2068 96.059333 18.687093 -0.11575873753496708 0.22122858017977237 131 -0.18263621894050996 -0.9831805589672296 0.0
 115  187 2066 96.035422 18.664169 0.16255499210415614 0.1827168162262953 144 -0.1825639342868692 -0.9831939838595941 0.0
 116  189 2066 96.059156 18.664647 -0.48538812093328737 0.2853599061355988 138 -0.18268538811862006 -0.9831714239988617 0.0
 117  193 2067 96.094547 18.676144 -0.27215604469500876 0.3246453298471312 511 -0.1828426943505015 -0.9831421815397045 0.0
 118  188 2062 96.047841 18.630589 -0.3303490176177205 0.3716452778504099 529 -0.18270297426809212 -0.9831681561124693 0.0
 119  193 2062 96.095410 18.631168 -0.7417233904715681 0.2869901306905392 552 -0.18294694601378422 -0.9831227873181608 0.0
 120  180 2096 95.967166 18.940239 -0.17341331331168905 0.6170573310046876 85 -0.18158495214552253 -0.983375261613952 0.0
 121  183 2097 95.995018 18.945258 -0.9657510073370061 0.27045336725778857 541 -0.1817194545826637 -0.9833504155824512 0.0
 122  180 2092 95.962899 18.897937 0.05599379310241112 0.500760654000406 182 -0.181659265111519 -0.9833615364651714 0.0
 123  183 2092 95.995633 18.900437 -0.7760492783137475 0.2020116594799868 534 -0.18182460678303705 -0.9833309780375039 0.0
 124  191 2094 96.066494 18.924075 -0.2829266955643502 0.35580541244576575 2136 -0.18214199321512697 -0.9832722381454796 0.0
 125  181 2084 95.980531 18.830805 -0.08365356625693242 0.3929558494932719 1807 -0.1819038757056623 -0.9833163173685561 0.0
 126  191 2085 96.068132 18.834008 -0.19960808477181696 0.3421228582942929 2140 -0.18235308419232438 -0.9832331120774702 0.0
 127  184 2114 96.004235 19.096201 0.2691707048219504 0.2921800086408915 485 -0.18142333853080705 -0.9834050906093258 0.0
 128  188 2117 96.039595 19.126987 -0.30899579921086917 0.3602953309088193 547 -0.1815401323667335 -0.983383536744575 0.0
 129  193 2117 96.086670 19.127230 -0.7952480037009962 0.18476034365676694 533 -0.18178891980064796 -0.9833375761343169 0.0
 130  188 2112 96.039417 19.081787 -0.43312179625256736 0.3609524107818831 536 -0.1816421459888989 -0.9833646987768818 0.0
 131  193 2112 96.087634 19.082487 -0.7402440423163298 0.12751638931223927 535 -0.18189537193613356 -0.983317890444497 0.0
 132  184 2107 95.998856 19.035101 -0.4172937341180502 0.5105579275902449 408 -0.18153470895229146 -0.9833845379329527 0.0
 133  183 2102 95.995351 18.990373 -1.1253474105652126 0.6835406626814265 504 -0.18161841502803483 -0.9833690819436538 0.0
 134  190 2104 96.064835 19.014212 -0.5517130114711248 0.402194663934232 2145 -0.18192963209844695 -0.983311552339605 0.0
 135  189 2137 96.047105 19.305824 -1.1082079560096776 0.3867461074533021 280 -0.18117066998875422 -0.9834516705643577 0.0
 136  193 2137 96.083369 19.308152 -1.3336446678480713 0.13888457668788107 529 -0.18135925323647425 -0.9834169112159443 0.0
 137  189 2132 96.043310 19.260883 -0.6508147978468946 0.7449878015686612 380 -0.18125353109739906 -0.9834364023487866 0.0
 138  193 2132 96.084100 19.263346 -1.0914340825772197 0.1464534633558391 538 -0.18146555663672778 -0.9833973010714046 0.0
 139  187 2128 96.028295 19.227761 0.04631606790177319 0.468706257738455 109 -0.18124958279843525 -0.9834371300369908 0.0
 140  189 2128 96.049219 19.228925 -0.8772344880633884 0.30842690192839106 135 -0.18135820835710095 -0.9834171039093749 0.0
 141  187 2126 96.026118 19.204885 0.2511764144705188 0.4904216646225917 124 -0.18129037370175177 -0.9834296113108855 0.0
 142  189 2126 96.049611 19.205957 -0.21100745614327437 0.41547820651843187 141 -0.18141297383134078 -0.9834070026828512 0.0
 143  193 2127 96.085160 19.217807 -1.193453057074236 0.13341698406063776 537 -0.1815749707652767 -0.983377104671239 0.0
 144  188 2122 96.038063 19.172076 -0.36386498000637874 0.41137601573866095 519 -0.1814290382393888 -0.9834040390823755 0.0
 145  193 2122 96.085746 19.172902 -0.9169828193933598 0.17148901633236235 541 -0.1816803594335526 -0.9833576394151292 0.0
 146  193 2148 96.080160 19.408810 -1.0304048396612768 0.41947731680941697 2178 -0.18111118034061044 -0.9834626278388167 0.0
 147  206 1890 96.237953 17.082983 -0.01225048974271343 0.29783795035025296 7777 -0.1869312025475311 -0.9823730073216252 0.0
 148  205 1910 96.234935 17.256213 0.03821737225046929 0.387430623074469 8500 -0.186565334964578 -0.9824425559744218 0.0
 149  198 1937 96.160643 17.503049 0.1341370904071724 0.2285725868459367 534 -0.1856996063874698 -0.9826065622554833 0.0
 150  203 1937 96.207740 17.504336 0.16742124542450676 0.3484948506596537 520 -0.1859248230566618 -0.9825639725592167 0.0
 151  198 1932 96.161546 17.458292 -0.7134207028937631 0.30577649909370497 532 -0.1857971481533802 -0.9825881231411616 0.0
 152  203 1932 96.208386 17.459119 -0.23874614394088547 0.28837994216935536 529 -0.1860214743320135 -0.982545678880806 0.0
 153  210 1935 96.278262 17.482716 -0.06988452316464898 0.2999346370843142 2128 -0.18631062100103418 -0.9824908918164122 0.0
 154  197 1928 96.149992 17.424485 -0.8831344578499184 0.08652458081930987 133 -0.18581181027216484 -0.9825853505743819 0.0
 155  199 1928 96.173393 17.425117 -0.7800048734202529 0.22662948334155994 132 -0.18592321607584716 -0.9825642766374186 0.0
 156  197 1926 96.150918 17.401085 -0.12846845230014306 0.6164538860495113 127 -0.18586491338123104 -0.9825753070242441 0.0
 157  199 1926 96.173708 17.402345 -0.04148109211985554 0.35663337534549217 140 -0.18597176634238455 -0.9825550885947788 0.0
 158  203 1927 96.209184 17.413858 -0.20494444848976556 0.2841831172881543 534 -0.1861187597028233 -0.9825272552385927 0.0
 159  198 1922 96.162861 17.367882 0.3533137993988141 0.4308508690918232 516 -0.18599112697366707 -0.9825514239402766 0.0
 160  203 1922 96.210016 17.369111 0.2316549395127639 0.2509756916696004 536 -0.18621495077080716 -0.9825090290218335 0.0
 161  208 1927 96.256628 17.414563 -0.6731640438354293 0.2924551153415779 516 -0.18634580802761563 -0.9824842186165307 0.0
 162  213 1927 96.303366 17.415117 -0.3635869517625458 0.24068105868964867 552 -0.18656983977006208 -0.9824417005034819 0.0
 163  207 1923 96.245178 17.380849 -0.14697410508438394 0.40251780921325153 135 -0.18635970569419208 -0.9824815825721996 0.0
 164  209 1923 96.268472 17.381033 -0.5580366493248549 0.3819056269809748 122 -0.18647136267442663 -0.9824603966075898 0.0
 165  207 1921 96.245570 17.357880 0.7370117773823704 0.22972731569441027 141 -0.18640857571344205 -0.9824723115184906 0.0
 166  209 1921 96.269373 17.358114 -0.03637310821149084 0.18223519644294628 144 -0.18652251185307972 -0.9824506870942774 0.0
 167  213 1922 96.303901 17.370348 -0.11990023426740437 0.34541154580938593 516 -0.18666341431091169 -0.9824239256847285 0.0
 168  198 1957 96.157886 17.684362 0.027664066571562156 0.2941739527598274 517 -0.1853064069366582 -0.9826807902611232 0.0
 169  203 1957 96.205394 17.684676 -0.24922837633639575 0.27833709787575295 540 -0.1855381442043597 -0.9826370627272322 0.0
 170  198 1952 96.158621 17.638958 0.07507353174161822 0.3734908948580337 534 -0.18540550742879014 -0.982662097475563 0.0
 171  203 1952 96.205379 17.639578 0.502679949791895 0.32956263889940685 540 -0.18563224126197397 -0.9826192909789916 0.0
 172  208 1957 96.252152 17.685297 -0.31549618072975216 0.2738901475199245 534 -0.18576563940571475 -0.9825940805928896 0.0
 173  213 1957 96.299324 17.686085 -0.4142826441781057 0.39467173844078174 529 -0.18599497451479616 -0.9825506956158752 0.0
 174  208 1952 96.252888 17.639892 0.28533087463282064 0.21383772934290213 517 -0.18586341176360788 -0.982575591070525 0.0
 175  213 1952 96.299878 17.641330 0.1373669105478459 0.3120589032218747 540 -0.18608990657891283 -0.9825327204065275 0.0
 176  201 1944 96.183343 17.571257 0.5246611074958265 0.49053825031815074 2127 -0.18566737849827994 -0.9826126523516662 0.0
 177  210 1945 96.277311 17.573060 0.04101362351014038 0.27398802623577356 2123 -0.1861204651289009 -0.98252693218059 0.0
 178  200 1975 96.178808 17.842355 -0.09674312508793333 0.4000023506626801 2134 -0.185076000419088 -0.982724210584472 0.0
 179  211 1974 96.273411 17.843413 -0.2818402524487894 0.42685747262000173 2135 -0.18554098946070421 -0.9826365254914673 0.0
 180  200 1964 96.180415 17.752027 0.1431776108198306 0.30253607564851404 2125 -0.18527444687751077 -0.9826868165057636 0.0
 181  210 1964 96.274483 17.753116 -0.33993558793697715 0.2855286817486642 2120 -0.1857342727439286 -0.9826000101405881 0.0
 182  206 1990 96.224104 17.978501 -0.17598110154979454 0.4070994772710743 8520 -0.1850126016672073 -0.9827361483248346 0.0
 183  206 2010 96.221229 18.159071 -0.29973619131251744 0.38094315672426715 8532 -0.18461468704667774 -0.982810977414608 0.0
 184  201 2034 96.170378 18.383984 -0.5920799368015609 0.23732415820479932 2128 -0.18387334907192585 -0.9829499435378557 0.0
 185  208 2037 96.240885 18.407296 -0.7316990311648766 0.23766661560702146 538 -0.18418229409153952 -0.982892101170407 0.0
 186  213 2037 96.288132 18.408390 -0.6484530371909718 0.35420918641539734 513 -0.18442103339662036 -0.9828473342492835 0.0
 187  208 2032 96.241618 18.362500 -0.4056381732433923 0.2774636169863131 536 -0.18428234679866162 -0.9828733472113169 0.0
 188  213 2032 96.289074 18.362951 0.03301002627939259 0.34049326991226614 545 -0.1845229832730272 -0.982828198946297 0.0
 189  201 2024 96.172083 18.293723 -0.30299564070968305 0.3903124226625706 2141 -0.1840775310010199 -0.9829117267489328 0.0
 190  211 2025 96.266329 18.295196 -0.17844383072250566 0.420802117638623 2117 -0.18455195239787145 -0.9828227596398721 0.0
 191  206 2049 96.215446 18.520061 -0.547759926099205 0.35677833693870004 8568 -0.18380826593267216 -0.9829621159408047 0.0
 192  200 2075 96.164328 18.745225 -0.5544925990765265 0.38077321277684073 2124 -0.18305132789399678 -0.9831033574127618 0.0
 193  208 2077 96.235616 18.768850 -1.1093868533258928 0.1815818956873121 544 -0.1833700328209317 -0.9830439619179047 0.0
 194  213 2077 96.282551 18.769046 -1.3055285715251659 0.2631587057170155 533 -0.18361387324924994 -0.9829984463621538 0.0
 195  207 2073 96.223383 18.735172 -0.5592741852231098 0.2661296631006019 132 -0.18338011903554846 -0.9830420804535825 0.0
 196  209 2073 96.247378 18.735172 -1.0313895439559764 0.1246023044963626 132 -0.1835047715109538 -0.9830188191650824 0.0
 197  207 2071 96.223617 18.712362 0.2622739113074668 0.46361544315952397 141 -0.18343126338128 -0.9830325384311283 0.0
 198  209 2071 96.247117 18.712649 -0.7512466281220533 0.12245305533930283 138 -0.1835526394076093 -0.9830098822323711 0.0
 199  213 2072 96.283414 18.724215 -1.3857635608918275 0.3399818954532737 529 -0.18371582170063114 -0.9829793979819017 0.0
 200  200 2065 96.165816 18.655253 -0.5535078414139294 0.2688794618263265 2142 -0.18325729284566605 -0.9830649849419303 0.0
 201  208 2067 96.236855 18.678251 -0.7362351059683502 0.36440229872036795 518 -0.18357442712217228 -0.9830058136688543 0.0
 202  213 2067 96.283623 18.679356 -1.0775827426504303 0.26071121760946125 546 -0.18381421038521611 -0.9829610043437428 0.0
 203  208 2062 96.237380 18.633168 -0.9194073029726312 0.2505131901482026 552 -0.18367535090860648 -0.9829869609860552 0.0
 204  213 2062 96.284626 18.633818 -0.899505824744125 0.30613807284742306 517 -0.18391802384483194 -0.982941585499877 0.0
 205  197 2098 96.125403 18.959181 -0.2365287378091704 0.3503798781291012 132 -0.18237207512509018 -0.9832295897777734 0.0
 206  199 2098 96.149398 18.959181 -0.7385499619624831 0.1024730003636779 132 -0.1824981589187168 -0.9832061950533464 0.0
 207  197 2096 96.125263 18.936335 -0.5798613726043366 0.27244023960428426 142 -0.1824226039253942 -0.9832202162166311 0.0
 208  199 2096 96.149398 18.937180 -0.9297110853773175 0.09657365019082678 132 -0.18254726948640773 -0.9831970781094993 0.0
 209  203 2097 96.185132 18.948344 -1.1587649990623894 0.18136474083219842 526 -0.1827099637239757 -0.9831668572302381 0.0
 210  198 2092 96.138007 18.902992 -0.7881998469990291 0.2487038496604693 534 -0.18256383785162633 -0.983194001766124 0.0
 211  203 2092 96.185391 18.903179 -1.0243424422283103 0.09147457371686774 552 -0.18281164748523285 -0.9831479550625811 0.0
 212  208 2097 96.231849 18.949425 -1.399170497318733 0.26388866018246704 541 -0.18295301852127113 -0.9831216572804994 0.0
 213  212 2098 96.267374 18.961181 -1.5620760493206256 0.09154187718261453 132 -0.18311399464392727 -0.9830916869578055 0.0
 214  214 2099 96.285370 18.967181 -1.3911165157953898 0.08540185440349903 30 -0.1831956147725041 -0.9830764806097867 0.0
 215  215 2099 96.297368 18.967181 -0.13870443751414616 0.6727025469559249 30 -0.18325858900620465 -0.9830647433182899 0.0
 216  214 2098 96.285370 18.956181 -1.5040520893202887 0.1089712326641764 36 -0.1832196394871385 -0.9830720033172561 0.0
 217  215 2098 96.297368 18.956181 -0.29751535567144555 0.666544534518143 36 -0.18328278955367489 -0.9830602316508502 0.0
 218  212 2096 96.267118 18.938742 -1.8296340277595242 0.07701463528413398 137 -0.1831621151599829 -0.9830827226485679 0.0
 219  214 2096 96.285370 18.944180 -1.664160645670361 0.10400116442522615 36 -0.1832461075956412 -0.983067069965751 0.0
 220  215 2096 96.297368 18.944180 -0.6684207193967369 0.6493479243053742 36 -0.1833092097179304 -0.9830553054801077 0.0
 221  214 2095 96.285370 18.933180 -1.852349372704824 0.05635755524193195 30 -0.18327009910606282 -0.9830625975865698 0.0
 222  215 2095 96.297368 18.933180 -0.9743813743193944 0.6304264788397991 30 -0.18333326404030267 -0.9830508197933252 0.0
 223  208 2092 96.233117 18.903995 -1.26197607489838 0.3229368230694069 522 -0.18305997438403232 -0.983101747419115 0.0
 224  212 2093 96.268045 18.916030 -1.8983215084716456 0.07981564223967026 134 -0.18321670677530558 -0.9830725498956889 0.0
 225  214 2094 96.285370 18.922179 -1.9842131435871124 0.06435260772113416 36 -0.18329427391263983 -0.983058090425402 0.0
 226  215 2094 96.297368 18.922179 -1.3092525224718783 0.559618069085929 36 -0.18335719843700962 -0.9830463558659537 0.0
 227  214 2093 96.285370 18.910179 -2.0344557563463845 0.0715950855427668 36 -0.18332037140524643 -0.9830532241073432 0.0
 228  215 2093 96.297368 18.910179 -1.4850762171877756 0.37486398540789084 36 -0.18338343633155563 -0.9830414616277537 0.0
 229  212 2091 96.269118 18.892992 -1.6588420914125073 0.18792593152969783 129 -0.1832730079613906 -0.9830620552909078 0.0
 230  214 2091 96.285727 18.899393 -1.8913832306861877 0.10659498976462861 28 -0.1833462436969673 -0.9830483990741311 0.0
 231  215 2091 96.297368 18.899178 -1.4074485222498576 0.2646557804516796 30 -0.18340764786069677 -0.983036944731075 0.0
 232  214 2090 96.287076 18.887943 -1.5870504414334017 0.1360833277611832 34 -0.18337824444776793 -0.9830424301439152 0.0
 233  215 2090 96.297993 18.888428 -1.237305000424385 0.16684941126196945 32 -0.18343446320784484 -0.9830319413465921 0.0
 234  200 2084 96.162823 18.834946 -0.7310770075234053 0.27739855026883725 2134 -0.18284495808410203 -0.983141760532642 0.0
 235  210 2085 96.257606 18.837212 -1.2307559883056434 0.396577645396056 2149 -0.18333490846743353 -0.9830505131158 0.0
 236  198 2117 96.133964 19.128551 -0.8964644702519656 0.26768162586229405 521 -0.18203655405849567 -0.9832917639167473 0.0
 237  203 2117 96.181392 19.129188 -1.2848435944837073 0.22791939898039737 552 -0.1822865929344033 -0.9832454414012644 0.0
 238  198 2112 96.135233 19.083048 -0.9128923533878622 0.35720515714745127 548 -0.18214570156374302 -0.9832715512013209 0.0
 239  203 2112 96.182149 19.083949 -1.4456053821797086 0.17305569218761543 519 -0.18239183663768302 -0.9832259241537179 0.0
 240  208 2117 96.229116 19.129719 -1.4555768847244348 0.13703456625359065 539 -0.18253857710848773 -0.9831986919576372 0.0
 241  211 2119 96.259203 19.147051 -1.2497786828156174 0.3487603187496057 29 -0.1826599351470969 -0.9831761531343497 0.0
 242  212 2119 96.270373 19.147189 0.36416529891667543 0.40790511180101796 27 -0.1827189336080372 -0.9831651902407558 0.0
 243  211 2118 96.259376 19.136188 -1.2360371119446225 0.3310102543055192 36 -0.18268480649199528 -0.9831715320720908 0.0
 244  212 2118 96.271373 19.136188 0.3760043585466014 0.4105802400402009 36 -0.1827485003443197 -0.9831596948725585 0.0
 245  214 2118 96.288189 19.142121 1.3784549330410205 0.15057191618724247 133 -0.18282471568413128 -0.9831455250038097 0.0
 246  211 2116 96.259376 19.124188 -1.2519126700030432 0.26265305005998274 36 -0.18271141292039536 -0.9831665879130721 0.0
 247  212 2116 96.271230 19.124331 0.3405249829803194 0.48638465000612674 35 -0.18277411779517866 -0.9831549327873986 0.0
 248  211 2115 96.259376 19.113187 -1.292226348320643 0.25682318346635113 30 -0.18273606807456008 -0.9831620056860669 0.0
 249  212 2115 96.268374 19.116187 -0.1498007240394751 0.4202750642719702 6 -0.18277746716713172 -0.9831543101141185 0.0
 250  213 2115 96.274658 19.116616 0.9410812514168876 0.22122592030798102 7 -0.18280928040058034 -0.9831483952076727 0.0
 251  212 2115 96.268374 19.111187 -0.2909509506490495 0.44280689808553353 9 -0.18278793671864893 -0.9831523636701176 0.0
 252  213 2115 96.274372 19.111187 0.9592636624972025 0.20238642889858735 9 -0.1828199063158363 -0.9831464193367481 0.0
 253  214 2116 96.283371 19.125188 1.3601782997449239 0.09708227578071531 30 -0.18283651194812023 -0.9831433313096544 0.0
 254  215 2116 96.295196 19.125050 1.3668357955998387 0.03374826293681202 29 -0.18289963713198368 -0.9831315897360785 0.0
 255  214 2115 96.283371 19.114187 1.3836058146423764 0.054237136356005224 36 -0.1828609683987609 -0.983138782795322 0.0
 256  215 2115 96.295368 19.114187 1.3601904809474945 0.01683638295534716 36 -0.18292467421298306 -0.9831269315627936 0.0
 257  208 2112 96.229776 19.084848 -1.457977566577245 0.30687951035938255 538 -0.18264197331827545 -0.9831794900130935 0.0
 258  211 2114 96.259376 19.102187 -1.4192817641629114 0.25776115550591344 36 -0.1827604622495865 -0.9831574713332129 0.0
 259  212 2114 96.268374 19.105187 -0.42534957660569084 0.4039232072259249 9 -0.18280163181351672 -0.9831498173759254 0.0
 260  213 2114 96.274372 19.105187 0.9808269143104553 0.18283410069077893 9 -0.18283310407284548 -0.9831439650707765 0.0
 261  212 2114 96.268374 19.099187 -0.8197828200128343 0.2541500615332988 9 -0.18281435461451429 -0.9831474516810175 0.0
 262  213 2114 96.274372 19.099187 0.7024333427349726 0.4442790180872227 9 -0.18284600196648293 -0.9831415663905544 0.0
 263  211 2113 96.259376 19.090186 -1.9977448880672455 0.13310364857766493 36 -0.1827872051695071 -0.9831524996796379 0.0
 264  212 2113 96.268374 19.093186 -1.2133904563056097 0.33027954283758826 9 -0.182827985669067 -0.983144916915198 0.0
 265  213 2113 96.274372 19.093186 0.22317935857507917 0.6422369707162269 9 -0.18285988547443083 -0.9831389842154965 0.0
 266  212 2112 96.268374 19.088186 -1.4827992121378581 0.3031065449407562 6 -0.18283903554917824 -0.9831428619887581 0.0
 267  213 2112 96.274372 19.088186 -0.03746001919110616 0.7195127412322295 6 -0.1828705316519439 -0.9831370040097848 0.0
 268  214 2114 96.283371 19.102187 1.318430056174596 0.08951385863744736 36 -0.1828874711798706 -0.9831338529851529 0.0
 269  215 2114 96.295368 19.102187 1.372723529736201 0.023864767358647777 36 -0.182951199414646 -0.9831219958035434 0.0
 270  214 2113 96.283371 19.091186 1.2819872140884399 0.1510543025696611 30 -0.182911612289699 -0.983129361828637 0.0
 271  215 2113 96.295368 19.091186 1.4998430967330934 0.08307587427244462 30 -0.18297546913874432 -0.9831174790906001 0.0
 272  211 2111 96.259376 19.079186 -2.0762545903523764 0.061029485557866914 30 -0.18281130373997173 -0.9831480189803018 0.0
 273  212 2112 96.268374 19.083186 -1.4813966221279569 0.23225869104979172 9 -0.18284986114539084 -0.9831408486473905 0.0
 274  213 2112 96.274372 19.083186 -0.35700840254624683 0.52302571802179 9 -0.18288176360892547 -0.9831349147188747 0.0
 275  212 2111 96.268374 19.077186 -1.5681073400709364 0.1610956883285742 9 -0.1828632490152375 -0.9831383586045207 0.0
 276  213 2111 96.274372 19.077186 -0.7820152905252244 0.3250965384463574 9 -0.18289500288059704 -0.9831324518707062 0.0
 277  211 2110 96.259376 19.068185 -2.1569301883379617 0.06476987899031576 36 -0.18283555288898326 -0.9831435096667118 0.0
 278  212 2110 96.268374 19.071185 -1.7682744397057428 0.12932821932577246 9 -0.18287664204952134 -0.9831358674123792 0.0
 279  213 2110 96.274372 19.071185 -1.2719903190930684 0.27138847662113796 9 -0.182908327123356 -0.9831299730294745 0.0
 280  212 2110 96.268374 19.065185 -1.8612907595104642 0.11129023825957945 9 -0.18288977612229781 -0.9831334242054512 0.0
 281  213 2110 96.274372 19.065185 -1.51699784066942 0.13744760089219699 9 -0.18292163584818125 -0.983127496888692 0.0
 282  213 2112 96.280371 19.083186 1.0611782471338909 0.1395274136224349 9 -0.1829134482447536 -0.9831290202466886 0.0
 283  214 2112 96.286370 19.083186 1.510568035973443 0.10512390372071082 9 -0.18294567038828752 -0.9831230246953735 0.0
 284  213 2111 96.280371 19.077186 0.8363680061366823 0.35068267326295544 9 -0.18292686339379588 -0.9831265242322108 0.0
 285  214 2111 96.286370 19.077186 1.5139746136135526 0.13575909654102045 9 -0.1829586549796572 -0.9831206083528281 0.0
 286  215 2111 96.295368 19.080186 1.6188627911938562 0.0098338391230593 36 -0.18299944396988593 -0.983113016650025 0.0
 287  213 2110 96.280371 19.071185 0.4121699018610848 0.6616710739476015 9 -0.18294023002360135 -0.9831240370568262 0.0
 288  214 2110 96.286370 19.071185 1.3515013721254137 0.15680863887128157 9 -0.182971810711584 -0.9831181599812528 0.0
 289  213 2110 96.280371 19.065185 -0.13098776009347704 0.7664091705686203 9 -0.1829536423090002 -0.9831215411971557 0.0
 290  214 2110 96.286370 19.065185 1.2326126495997112 0.12923700424595805 9 -0.18298522209519014 -0.983115663843667 0.0
 291  215 2110 96.295368 19.068185 1.5648310151365068 0.06300512773967024 36 -0.18302626253596407 -0.9831080241876353 0.0
 292  198 2107 96.135318 19.038098 -0.8178545345394117 0.26213334214121536 530 -0.18224728769226312 -0.9832527274962494 0.0
 293  203 2107 96.183589 19.038943 -1.0383693953573485 0.17387137533260277 546 -0.18250002956008252 -0.9832058478317596 0.0
 294  197 2103 96.124568 19.004019 -0.7113447201563351 0.24559273330019116 134 -0.18226710975118343 -0.9832490532428445 0.0
 295  199 2103 96.147326 19.004647 -1.1470431417658709 0.19712502678595148 138 -0.18238550970289608 -0.9832270978011208 0.0
 296  197 2101 96.125403 18.981182 -0.13421144844456154 0.12032737567210801 132 -0.18232274103601798 -0.9832387391173688 0.0
 297  199 2101 96.149075 18.981320 -0.6726433987800892 0.23235567206547145 130 -0.18244698813700924 -0.9832156917582906 0.0
 298  203 2102 96.183354 18.993718 -1.0194982845322351 0.17919752413500706 538 -0.18259967434040644 -0.983187346811775 0.0
 299  208 2107 96.230644 19.039147 -1.5659772307238775 0.2767246103081846 534 -0.18274809014903445 -0.983159771119059 0.0
 300  211 2109 96.259214 19.056991 -2.0329555849875174 0.0684443794023558 31 -0.1828594514069538 -0.9831390649501972 0.0
 301  212 2109 96.268374 19.059185 -1.8325679037306044 0.08571253726466675 9 -0.18290320837932908 -0.9831309253423717 0.0
 302  213 2109 96.274372 19.059185 -1.5345830255084567 0.11390097655694814 9 -0.1829348928892096 -0.9831250301785696 0.0
 303  212 2109 96.268374 19.054185 -1.7782333294550579 0.08842600363183943 6 -0.18291420711903228 -0.9831288790560553 0.0
 304  213 2109 96.274372 19.054185 -1.4588881134986877 0.13711375053073435 6 -0.18294615426543526 -0.9831229346523698 0.0
 305  211 2108 96.259518 19.046042 -1.8936302321297782 0.027551483692968372 35 -0.1828853370572699 -0.9831342499829048 0.0
 306  212 2108 96.271373 19.046184 -1.582724438773261 0.18599409213173262 36 -0.18294757859171026 -0.9831226696030512 0.0
 307  213 2109 96.280085 19.059756 -0.6438279066767011 0.6264095654217364 7 -0.18296359305074936 -0.9831196893654199 0.0
 308  214 2109 96.286370 19.060185 1.1921923756599426 0.15284724837365635 6 -0.1829957046333559 -0.9831137126933698 0.0
 309  213 2109 96.280621 19.054935 -0.6553908940404654 0.4349158583939781 8 -0.18297751777903448 -0.9831170978003704 0.0
 310  214 2109 96.286370 19.055185 1.0597618222236633 0.23190476467692353 9 -0.1830070568076404 -0.9831115995443269 0.0
 311  215 2109 96.295368 19.057185 1.4500580747922263 0.07030255348062657 30 -0.1830503027908456 -0.9831035482837908 0.0
 312  213 2108 96.280371 19.049185 -0.8457266986370087 0.2884397492455525 9 -0.1829888869710384 -0.9831149817010728 0.0
 313  214 2108 96.286370 19.049185 0.7501231945223279 0.37966570878996336 9 -0.1830203569565083 -0.9831091236172677 0.0
 314  213 2107 96.280371 19.043184 -0.9731340209643046 0.2188855341688686 9 -0.18300163557320764 -0.9831126086962423 0.0
 315  214 2107 96.286370 19.043184 0.5123947494559817 0.46530450604350915 9 -0.18303334095056079 -0.9831067063653242 0.0
 316  215 2108 96.295368 19.046184 1.2837985422876146 0.0888687268929644 36 -0.18307421939532453 -0.9830990947980741 0.0
 317  211 2106 96.260194 19.034275 -1.871739979946252 0.006192844840285811 33 -0.18291501885054437 -0.9831287280305184 0.0
 318  212 2106 96.271516 19.034327 -1.6394255978720529 0.15041308134184475 35 -0.18297465206396463 -0.9831176311622486 0.0
 319  211 2105 96.261375 19.023183 -1.8742092649141948 0.0036056788728768916 30 -0.18294560114364158 -0.9831230375808471 0.0
 320  212 2105 96.272817 19.022961 -1.7076609178825661 0.12516897266686275 27 -0.18300666103580007 -0.9831116732175078 0.0
 321  213 2107 96.280371 19.037184 -1.0405554506513808 0.1700085656567875 9 -0.18301534433925948 -0.9831100567771557 0.0
 322  214 2107 96.286370 19.037184 0.31457452641593087 0.512157287984745 9 -0.18304692417890295 -0.9831041773630315 0.0
 323  213 2106 96.280371 19.031184 -1.1243977745374043 0.15190298317297066 9 -0.18302818262233436 -0.9831076667211814 0.0
 324  214 2106 96.286370 19.031184 0.16822515262497795 0.5412646018108935 9 -0.18306006014745338 -0.9831017314494012 0.0
 325  215 2106 96.295095 19.034638 1.1233555674552917 0.1357216483458063 33 -0.1830985841132364 -0.9830945572505873 0.0
 326  214 2105 96.283728 19.023398 -0.671473083219358 0.6752921607868239 28 -0.1830630702130447 -0.9831011709504642 0.0
 327  215 2105 96.295641 19.023729 1.0961344747832327 0.16985316140295728 33 -0.18312537336917029 -0.9830895674496816 0.0
 328  208 2102 96.231560 18.994399 -1.4334548402011507 0.31535600265209307 533 -0.1828520875440173 -0.9831404345671045 0.0
 329  211 2104 96.261375 19.012183 -1.881512353817622 0.004801175758585488 36 -0.18296987281949986 -0.983118520647646 0.0
 330  212 2104 96.273373 19.012183 -1.7833843959702387 0.08809690774300818 36 -0.18303326262388933 -0.9831067209480637 0.0
 331  211 2103 96.261375 19.000182 -1.8909892042477925 0.00297105258889582 36 -0.18299655066901935 -0.9831135552128456 0.0
 332  212 2103 96.273373 19.000182 -1.8333618972036574 0.07312469595869575 36 -0.1830599990252298 -0.9831017428307626 0.0
 333  214 2104 96.285076 19.011948 -0.9525166114463526 0.7148236406442657 34 -0.18309552131492665 -0.9830951276831837 0.0
 334  215 2104 96.295993 19.012433 1.0327019467949867 0.1986350101602183 32 -0.18315215260947304 -0.9830845787593845 0.0
 335  213 2103 96.282371 19.003183 -1.649141510327657 0.013703831775387627 9 -0.18310069710991403 -0.9830941637085756 0.0
 336  214 2103 96.288369 19.003183 -1.024749563799964 0.3741591241561318 9 -0.1831321255026088 -0.9830883096695315 0.0
 337  213 2102 96.282371 18.997182 -1.6638935142093234 0.007798919566834328 9 -0.18311372890906671 -0.9830917364544456 0.0
 338  214 2102 96.288369 18.998182 -1.269969920317332 0.2672468840195421 6 -0.18314328135812627 -0.9830862314636382 0.0
 339  215 2103 96.297368 19.001183 0.836682258049647 0.3290597057076587 30 -0.1831838288433843 -0.9830786768363343 0.0
 340  212 2101 96.267374 18.983182 -1.756674992315697 0.12337585717751297 132 -0.1830655675831869 -0.9831007059123932 0.0
 341  214 2101 96.285643 18.989728 -1.515634814898173 0.1983989028874785 33 -0.18314742499615858 -0.983085459518793 0.0
 342  215 2101 96.297368 18.990182 0.42081229554282296 0.6233015870530022 36 -0.1832082633227339 -0.9830741234770997 0.0
 343  214 2100 96.285370 18.978182 -1.4356681671407487 0.14341406018448505 36 -0.18317145125498807 -0.9830809831571057 0.0
 344  215 2100 96.297368 18.978182 0.05829120096233156 0.6532867130626681 36 -0.18323446547069103 -0.9830692400150003 0.0
 345  198 2137 96.131506 19.308995 -1.1900168462252922 0.17129570014374385 547 -0.1816148744737682 -0.9833697358419556 0.0
 346  203 2137 96.178516 19.309290 -1.4883490471463454 0.17516596691165687 532 -0.18186583507028237 -0.9833233537520549 0.0
 347  198 2132 96.131180 19.263683 -1.3270924068159526 0.23947843063260596 540 -0.18171605786027667 -0.983351043277893 0.0
 348  203 2132 96.179614 19.264495 -1.8455655946909824 0.26340717055102053 535 -0.18197287221254382 -0.9833035511878909 0.0
 349  206 2139 96.207386 19.327196 -1.8147037386894227 0.1172233003801394 30 -0.18198000133698747 -0.9833022318256937 0.0
 350  207 2139 96.219384 19.327196 -1.7573894182840983 0.0327258032634411 30 -0.18204453122434275 -0.9832902870725966 0.0
 351  206 2138 96.207386 19.316196 -1.6318142844571009 0.17959956179888684 36 -0.18200505781916293 -0.9832975942858008 0.0
 352  207 2138 96.219384 19.316196 -1.859295066859987 0.11645635878343824 36 -0.18206935043591282 -0.9832856917660527 0.0
 353  208 2139 96.228382 19.330196 -1.29676287372907 0.30954866525600755 6 -0.18208617999853136 -0.9832825753838733 0.0
 354  209 2139 96.234381 19.330196 0.3814303328593572 0.4325781513958186 6 -0.18211867787031033 -0.9832765568093089 0.0
 355  208 2139 96.228382 19.325196 -1.4300347831514146 0.24303255997244855 9 -0.1820970900441644 -0.9832805549777985 0.0
 356  209 2139 96.234381 19.325196 0.18183251221974692 0.5970088978905388 9 -0.18212931636456148 -0.9832745863290567 0.0
 357  210 2139 96.240379 19.330196 1.3808934887250264 0.16891051157210005 6 -0.18215004345456212 -0.9832707468797702 0.0
 358  210 2139 96.246628 19.330946 1.6163811683654785 0.017455423978495088 8 -0.18218215450630287 -0.9832647977932708 0.0
 359  210 2139 96.240379 19.325196 1.435576531622145 0.20260647920010386 9 -0.18216172140346215 -0.9832685834782515 0.0
 360  210 2139 96.246378 19.325196 1.7736824221081204 0.0725121984282978 9 -0.18219388160252703 -0.9832626248905245 0.0
 361  208 2138 96.228382 19.319196 -1.5369875960879855 0.1628169077248724 9 -0.18211067393858985 -0.9832780392328675 0.0
 362  209 2138 96.234381 19.319196 -0.10809230390522215 0.6600803450549625 9 -0.1821428993522758 -0.9832720702916089 0.0
 363  208 2137 96.228382 19.313195 -1.7500859101613362 0.14147365066115056 9 -0.18212445172846975 -0.9832754873801158 0.0
 364  209 2137 96.234381 19.313195 -0.5073068605528938 0.7138667010352657 9 -0.18215640645087142 -0.9832695681189899 0.0
 365  210 2138 96.240379 19.319196 1.4894357124964397 0.21539365089168477 9 -0.1821749148758746 -0.9832661391454339 0.0
 366  210 2138 96.246378 19.319196 1.832684530152215 0.005865680597342049 9 -0.18220690523799737 -0.9832602115836842 0.0
 367  210 2137 96.240379 19.313195 1.438680436876085 0.22903426536730712 9 -0.18218863318097492 -0.9832635973835542 0.0
 368  210 2137 96.246378 19.313195 1.8125766383277044 0.033549265819319725 9 -0.18222099033828018 -0.9832576013843657 0.0
 369  206 2136 96.207841 19.304468 -1.7732597372748635 0.2014283589749479 33 -0.182033906008287 -0.9832922541459209 0.0
 370  207 2136 96.219384 19.304195 -2.108070969581604 0.07226725724094137 36 -0.18209608184643694 -0.9832807416888504 0.0
 371  206 2135 96.209386 19.293195 -2.1121774196624754 0.1459588107915391 30 -0.18206753851300594 -0.9832860272676588 0.0
 372  207 2135 96.220828 19.292972 -2.367328396549931 0.09778097788640563 27 -0.18212911609446272 -0.9832746234245292 0.0
 373  208 2137 96.228382 19.307195 -1.9771681096818712 0.1292074431616821 9 -0.18213767466607544 -0.9832730381065246 0.0
 374  209 2137 96.234381 19.307195 -1.0068971291184425 0.5081945054464841 9 -0.18217000716617554 -0.9832670484100825 0.0
 375  208 2136 96.228382 19.301195 -2.1192859411239624 0.07435854060624673 9 -0.18215087141752737 -0.9832705934999967 0.0
 376  209 2136 96.234131 19.301445 -1.5485851541161537 0.3083584361626747 8 -0.18218136564378443 -0.9832649439556796 0.0
 377  209 2137 96.240379 19.307195 1.2038298183017306 0.3559962830096279 9 -0.18220202092669624 -0.9832611166776746 0.0
 378  210 2137 96.246378 19.307195 1.7360901832580566 0.07913767654977986 9 -0.18223435463863447 -0.9832551245681054 0.0
 379  209 2136 96.240379 19.302195 0.7375361422697703 0.6706158894980454 6 -0.18221279560989662 -0.9832591200268757 0.0
 380  210 2136 96.246378 19.302195 1.6692581176757812 0.04834052422285038 6 -0.18224509978384287 -0.9832531330256604 0.0
 381  208 2135 96.228382 19.296195 -2.2640586296717324 0.07618132756316787 6 -0.1821623268395802 -0.9832684713141115 0.0
 382  209 2135 96.234666 19.296623 -1.7147451298577445 0.23498157597997762 7 -0.18219499741812997 -0.9832624181345526 0.0
 383  208 2135 96.228953 19.291480 -2.361181838171823 0.04391018909482296 7 -0.18217592829843154 -0.98326595138274 0.0
 384  209 2135 96.234381 19.291195 -1.9106383191214666 0.18599335079964766 9 -0.18220568475386056 -0.9832604377495195 0.0
 385  209 2136 96.240379 19.297195 0.3427011834250556 0.8761625658658764 9 -0.18222454411685352 -0.9832569427781351 0.0
 386  210 2136 96.246378 19.297195 1.6211854484346178 0.022287121036983513 9 -0.18225644870189373 -0.9832510294459772 0.0
 387  209 2135 96.240379 19.291195 -0.37571438981427085 0.9354956888661407 9 -0.18223778697702692 -0.9832544884198168 0.0
 388  210 2135 96.246378 19.291195 1.4531582196553547 0.1926429620961364 9 -0.1822700116227098 -0.9832485153119007 0.0
 389  213 2137 96.273373 19.311196 1.6097381352514462 0.14566644401306206 552 -0.18236982396139115 -0.9832300073270197 0.0
 390  207 2133 96.215385 19.276194 -2.2538826449049845 0.10541600253751118 144 -0.18213769783391084 -0.9832730338150045 0.0
 391  208 2134 96.230382 19.285194 -2.2614235877990723 0.09908017967110665 9 -0.1821976510824753 -0.9832619264163688 0.0
 392  209 2134 96.235809 19.284909 -1.889122758592878 0.08611030548954776 7 -0.1822274259652089 -0.9832564086880361 0.0
 393  208 2134 96.230382 19.279194 -2.1496556335025363 0.0557668323991583 9 -0.18221147378974506 -0.9832593649792354 0.0
 394  209 2134 96.236380 19.279194 -1.903384764989217 0.07133298293053278 9 -0.18224324783632842 -0.9832534762806926 0.0
 395  209 2134 96.240629 19.285444 -0.9106437340378761 0.7315654783259429 8 -0.1822522363512492 -0.983251810242406 0.0
 396  210 2134 96.246378 19.285194 1.1022641592555575 0.22027820173245036 9 -0.18228334144195432 -0.9832460441988852 0.0
 397  210 2134 96.242379 19.279194 -0.717017145620452 0.7934696219453008 9 -0.18227541553344526 -0.98324751354484 0.0
 398  210 2133 96.247807 19.278908 1.0212687168802534 0.15313771238648602 7 -0.1823049781797793 -0.9832420327319568 0.0
 399  208 2133 96.230382 19.273194 -2.110293017493354 0.011563653657128005 9 -0.18222432802150668 -0.9832569828265193 0.0
 400  209 2133 96.236380 19.273194 -1.9259339703453913 0.057104392619662006 9 -0.1822567720406509 -0.9832509695115087 0.0
 401  208 2132 96.230382 19.268194 -2.111509402592977 0.007009343118708971 6 -0.18223551220602843 -0.9832549100263911 0.0
 402  209 2132 96.236380 19.268194 -1.9824191530545552 0.06839421970847379 6 -0.18226820269683702 -0.9832488506403986 0.0
 403  210 2133 96.242379 19.273194 -1.2455087039205763 0.4948885737436099 9 -0.18228867643554095 -0.9832450551329402 0.0
 404  210 2133 96.248128 19.273444 0.93086276948452 0.21358887396123633 8 -0.18231889005629112 -0.9832394531998002 0.0
 405  210 2132 96.242379 19.268194 -1.4999533692995708 0.40500396449492215 6 -0.18229985889038186 -0.9832429818964115 0.0
 406  210 2132 96.248663 19.268622 0.9609704443386623 0.2585648383041129 7 -0.182332695533867 -0.9832368931947958 0.0
 407  207 2131 96.215385 19.253193 -1.869269592292381 0.23479745597294413 132 -0.18218937432895754 -0.9832634600561657 0.0
 408  209 2131 96.233381 19.260193 -2.087700860367881 0.03598173737942107 36 -0.18226983177760273 -0.9832485486507286 0.0
 409  210 2132 96.242379 19.263193 -1.6390582587983873 0.3065696989686749 9 -0.18231141651634888 -0.9832408389645958 0.0
 410  210 2132 96.248378 19.263193 0.9357927574051751 0.26628885465980995 9 -0.18234299606762108 -0.983234982994952 0.0
 411  210 2131 96.242379 19.257193 -1.727475192811754 0.23145810451578352 9 -0.18232435204486303 -0.9832384403853527 0.0
 412  210 2131 96.248378 19.257193 0.9540273083580865 0.28385398002899004 9 -0.18235692086939334 -0.9832324005091746 0.0
 413  209 2130 96.233381 19.248193 -1.950871166255739 0.13013683613875277 36 -0.18229667437458327 -0.9832435723217148 0.0
 414  210 2130 96.242379 19.251193 -1.470215082168579 0.32879745438709956 9 -0.18233776677057648 -0.983235952764706 0.0
 415  210 2130 96.248378 19.251193 1.11200839943356 0.31499074160702756 9 -0.1823697811272408 -0.9832300152719109 0.0
 416  210 2130 96.242379 19.245193 -1.2318440543280706 0.32233715195492096 9 -0.18235171378456538 -0.9832333662360284 0.0
 417  210 2130 96.248378 19.245193 1.3548417223824396 0.23469974258903997 9 -0.18238308890197735 -0.9832275468489344 0.0
 418  211 2134 96.255519 19.282337 1.4323926176343644 0.1394129121033295 35 -0.18233871042705405 -0.9832357777663498 0.0
 419  212 2134 96.267374 19.282194 1.595794439315796 0.047697923412753834 36 -0.18240251646770314 -0.9832239429480188 0.0
 420  211 2133 96.257019 19.270979 1.3038123760904585 0.08287516200558656 28 -0.18237199254416764 -0.9832296050951018 0.0
 421  212 2133 96.267929 19.271416 1.4965703310789886 0.08254282785175762 27 -0.1824297414714953 -0.9832188919191105 0.0
 422  214 2133 96.285370 19.277194 1.334541599858891 0.11836793975875087 132 -0.18251002878464878 -0.9832039917499455 0.0
 423  211 2131 96.257376 19.260193 1.356762409210205 0.07096587068494188 36 -0.18239812314969261 -0.9832247579630354 0.0
 424  212 2131 96.269231 19.260050 1.3616075209208898 0.06571898428739871 35 -0.18246185553080294 -0.9832129328259755 0.0
 425  211 2130 96.257376 19.248193 1.53275070587794 0.07644089861079935 36 -0.18242469291974797 -0.983219828630981 0.0
 426  212 2130 96.269212 19.248999 1.3498358803410684 0.07885597242206445 31 -0.18248634154714932 -0.9832083884654041 0.0
 427  214 2131 96.286656 19.255050 1.1131271171191381 0.09482119280499951 126 -0.18256612841887448 -0.9831935764406433 0.0
 428  198 2127 96.133063 19.218451 -0.8242242992377553 0.17576329499502916 526 -0.18182862650348558 -0.9833302347552708 0.0
 429  203 2127 96.179773 19.219424 -1.47979232685342 0.14303039799003522 543 -0.1820753108639481 -0.9832845880892248 0.0
 430  198 2122 96.133287 19.173310 -0.9492979939952357 0.19894271197350402 549 -0.18193191212926113 -0.983311130491764 0.0
 431  203 2122 96.181172 19.174028 -1.329039927764331 0.16990237569543004 523 -0.18218484901696405 -0.9832642985426991 0.0
 432  207 2128 96.215385 19.231192 -1.5678587962280621 0.1405323409358885 132 -0.18223876144676832 -0.9832543078097079 0.0
 433  209 2129 96.233381 19.237192 -1.7842245856920878 0.14186084711670813 30 -0.18232119931688923 -0.9832390249983223 0.0
 434  210 2129 96.242093 19.239764 -1.2421395352908544 0.3151591755044797 7 -0.1823619787685988 -0.9832314624235745 0.0
 435  210 2129 96.248378 19.240192 1.2962866028149922 0.32954477311152336 6 -0.18239480796019872 -0.9832253729583885 0.0
 436  210 2129 96.242629 19.234942 -1.1022110655903816 0.2701924875910458 8 -0.18237568038150587 -0.9832289210582563 0.0
 437  210 2129 96.248378 19.235192 0.9481222016943825 0.556336537328558 9 -0.1824057122447021 -0.983223350078965 0.0
 438  209 2128 96.233381 19.226192 -1.6576323244306777 0.11198026499112779 36 -0.18234586140551245 -0.9832344516076935 0.0
 439  210 2128 96.242379 19.229192 -1.1363669170273676 0.2399582728509911 9 -0.18238707432346166 -0.983226807567678 0.0
 440  210 2128 96.248378 19.229192 0.521177684267362 0.5554402304131695 9 -0.18241908517951286 -0.9832208690636453 0.0
 441  210 2127 96.242379 19.223192 -1.286753045188056 0.19857827940010891 9 -0.18240080353913804 -0.9832242607199422 0.0
 442  210 2127 96.248378 19.223192 0.04770959582593706 0.46074249288492175 9 -0.18243269127958955 -0.9832183445972141 0.0
 443  207 2126 96.215235 19.209012 -1.6889239416193607 0.09815980861681639 134 -0.18228770489601065 -0.9832452352509748 0.0
 444  209 2126 96.233381 19.214191 -1.7890292803446453 0.1016528240340187 36 -0.1823729024855066 -0.9832294363163727 0.0
 445  210 2127 96.242379 19.217191 -1.4608702924516466 0.07514517239402381 9 -0.182413859156991 -0.9832218386444909 0.0
 446  210 2127 96.248378 19.217191 -0.39474913229544956 0.4633622179699896 9 -0.1824460843306249 -0.9832158594695382 0.0
 447  210 2126 96.242379 19.211191 -1.6680385669072468 0.10989557484267631 9 -0.1824276069066479 -0.9832192879710577 0.0
 448  210 2126 96.248378 19.211191 -0.9832624114221997 0.37292317553279675 9 -0.18245958152990813 -0.9832133548258641 0.0
 449  209 2125 96.233381 19.203191 -2.0043450951576234 0.07772912540727585 30 -0.18239754707857647 -0.9832248648298711 0.0
 450  210 2125 96.245378 19.203191 -1.8151537696520488 0.26746311353471774 30 -0.18246146702902388 -0.9832130049229498 0.0
 451  211 2129 96.257376 19.237192 1.5317205349604288 0.06871921106639635 30 -0.1824493694686046 -0.9832152498718217 0.0
 452  212 2129 96.269516 19.238050 1.3897749083382742 0.015573422846334862 35 -0.1825122206239328 -0.9832035848810362 0.0
 453  211 2128 96.257376 19.226192 1.3010486082898245 0.12991198210563498 36 -0.18247407782341987 -0.9832106645691413 0.0
 454  212 2128 96.269373 19.226192 1.3688894477155473 0.039027788098152265 36 -0.18253814993032033 -0.9831987712665307 0.0
 455  214 2128 96.287370 19.232192 1.1408929692374334 0.10127711247070204 144 -0.1826207961945032 -0.9831834237807743 0.0
 456  211 2127 96.254377 19.217191 0.6414030525419447 0.23679548643316575 9 -0.18247798919901906 -0.9832099386488536 0.0
 457  211 2127 96.260375 19.217191 1.1206037998199463 0.10416525393156924 9 -0.18250989067931825 -0.983204017386129 0.0
 458  211 2126 96.254127 19.211441 0.12647052202373743 0.24554728211307272 8 -0.1824900587247504 -0.9832076985391424 0.0
 459  211 2126 96.260375 19.212191 0.8141549626986185 0.1861675749351964 6 -0.1825214007936161 -0.983201880720504 0.0
 460  212 2126 96.269373 19.215191 1.2829150597254435 0.10072237626110815 30 -0.18256254124917007 -0.9831942425241541 0.0
 461  211 2125 96.254662 19.206620 -0.31521699684006826 0.4489407780190798 7 -0.18250352759619695 -0.9832051985292511 0.0
 462  211 2126 96.260375 19.207191 0.5453984489043554 0.2124613591489201 9 -0.18253241570465875 -0.9831998358507906 0.0
 463  211 2125 96.254377 19.201191 -1.0671241299973593 0.4293761829616914 9 -0.1825135096772884 -0.9832033455930052 0.0
 464  211 2125 96.260375 19.201191 0.16832220637136036 0.2957980796638677 9 -0.182545712455922 -0.9831973671974309 0.0
 465  212 2125 96.269373 19.204191 1.1586247202422884 0.19325358233341922 36 -0.18258703262152162 -0.9831896945749927 0.0
 466  214 2126 96.287370 19.209191 1.2359408203399542 0.07864023655962335 132 -0.18267170774672886 -0.9831739658823831 0.0
 467  208 2122 96.228334 19.175187 -1.971466802839023 0.28636831147193237 536 -0.18243303944437608 -0.9832182799964038 0.0
 468  211 2124 96.254377 19.195191 -1.8325860500335693 0.2658482989170181 9 -0.18252686328386733 -0.9832008666492073 0.0
 469  211 2124 96.260375 19.195191 -0.8186094264189402 0.5049100501763912 9 -0.18255887490611467 -0.983194923294976 0.0
 470  211 2124 96.254377 19.189190 -2.233402278688219 0.17512441319829683 9 -0.18254066060883964 -0.9831983051371115 0.0
 471  211 2124 96.260375 19.189190 -1.751938263575236 0.2997468012971239 9 -0.1825723488515196 -0.9831924213676786 0.0
 472  212 2124 96.266374 19.195191 0.4572005636162228 0.29685804174278113 9 -0.18259109920299174 -0.9831889393661034 0.0
 473  213 2124 96.272373 19.195191 1.12909824318356 0.09439544092756252 9 -0.18262300321166886 -0.9831830138371751 0.0
 474  212 2124 96.266374 19.189190 -0.6245797971884409 0.5093216165632749 9 -0.18260421332775634 -0.983186503810417 0.0
 475  213 2124 96.272373 19.189190 0.7601183454195658 0.31402723286816664 9 -0.18263577256068578 -0.9831806418869126 0.0
 476  211 2123 96.254377 19.183190 -2.31769593556722 0.11978212508608185 9 -0.18255364860510767 -0.9831958936961459 0.0
 477  211 2123 96.260375 19.183190 -2.1086902883317737 0.15136411420366183 9 -0.1825856556781861 -0.9831899502845658 0.0
 478  211 2122 96.254377 19.178190 -2.117990473906199 0.11294552047435184 6 -0.18256505122273692 -0.9831937764612018 0.0
 479  211 2122 96.260375 19.178190 -1.9504441618919373 0.08745618241799347 6 -0.18259687182840312 -0.983187867296216 0.0
 480  212 2123 96.266374 19.183190 -1.3469314177831013 0.4137645248465455 9 -0.18261809628798886 -0.9831839252694029 0.0
 481  213 2123 96.272373 19.184190 0.2924935221672058 0.4744361593779405 6 -0.1826479779844577 -0.983178374527323 0.0
 482  212 2122 96.266374 19.178190 -1.105808546145757 0.4421990108387013 6 -0.18262849990218769 -0.9831819928291388 0.0
 483  213 2122 96.272373 19.179190 0.3525119423866272 0.4829060446681511 9 -0.18265844428247272 -0.983176430114304 0.0
 484  214 2123 96.287370 19.187190 1.375964931917913 0.2529402320539208 132 -0.18272065752337305 -0.9831648698535899 0.0
 485  211 2122 96.254377 19.173190 -1.9327699078453913 0.05765980249572463 9 -0.1825759938089488 -0.9831917445161319 0.0
 486  211 2122 96.260375 19.173190 -1.7523615492714777 0.17388473601790957 9 -0.18260798451512764 -0.983185803391873 0.0
 487  211 2121 96.254377 19.167189 -1.7788956960042317 0.07594776307484052 9 -0.18258981081228426 -0.9831891786363061 0.0
 488  211 2121 96.260375 19.167189 -1.4646249347262912 0.23493282890423875 9 -0.18262158418920724 -0.9831832774148593 0.0
 489  212 2122 96.266374 19.173190 -0.7184615929921468 0.3926895543182066 9 -0.18263986500471352 -0.9831798816651305 0.0
 490  213 2122 96.272373 19.173190 0.7138287425041199 0.24639145198248752 9 -0.18267155426278428 -0.9831739943993733 0.0
 491  212 2121 96.266374 19.167189 -0.4222211804654863 0.22908093532309337 9 -0.1826533443360991 -0.9831773775890281 0.0
 492  213 2121 96.272373 19.167189 0.7977688643667433 0.09082106799563885 9 -0.18268524239801295 -0.983171451075538 0.0
 493  211 2120 96.257830 19.158462 -1.3618361534494343 0.23283987935322395 33 -0.1826272743868281 -0.983182220470874 0.0
 494  212 2120 96.266374 19.161189 -0.2283296353287167 0.3321093943189067 9 -0.18266653854966058 -0.9831749262945456 0.0
 495  213 2120 96.272373 19.161189 0.7934212817086114 0.0819401914420298 9 -0.1826986605444294 -0.9831689577256146 0.0
 496  212 2120 96.266374 19.155189 -0.10030166142516667 0.316349927717554 9 -0.18267954846031392 -0.9831725090615258 0.0
 497  213 2120 96.272373 19.155189 0.7406202024883695 0.11079477096513492 9 -0.18271185783846464 -0.9831665052295144 0.0
 498  214 2121 96.281371 19.170190 1.386361171801885 0.1928420769077092 36 -0.1827262823259468 -0.983163824470438 0.0
 499  215 2121 96.293368 19.170190 1.7626295619540744 0.14772985029626107 36 -0.18279023111409415 -0.9831519370927649 0.0
 500  214 2120 96.281136 19.158483 1.2756754913750816 0.16702685225056707 34 -0.18275098915892002 -0.9831592322515393 0.0
 501  215 2120 96.293368 19.159189 1.587022074063619 0.056157871110166124 30 -0.18281466037938876 -0.9831473948245851 0.0
 502  200 2155 96.151904 19.467441 -1.5492877346029001 0.26884866684533615 2137 -0.18136342053161156 -0.9834161426848117 0.0
 503  206 2159 96.202387 19.510204 -1.2262181639671326 0.2022385497048666 6 -0.18153920450861852 -0.9833837080338367 0.0
 504  207 2159 96.208636 19.510954 1.0692133083939552 0.28932291173826746 8 -0.18157089531227463 -0.9833778571716464 0.0
 505  206 2159 96.202387 19.505203 -1.2538461950090196 0.1495790373492728 9 -0.18155018486959595 -0.9833816809224258 0.0
 506  206 2159 96.208386 19.505203 0.7436051451497607 0.5640219335129975 9 -0.1815825442288704 -0.9833757062442464 0.0
 507  207 2159 96.217384 19.508204 1.3882694840431213 0.020786865215221047 36 -0.1816247124715346 -0.9833679188480944 0.0
 508  206 2158 96.202387 19.499203 -1.3613994651370578 0.16101923696537868 9 -0.18156369980375633 -0.9833791857231733 0.0
 509  206 2158 96.208386 19.499203 0.33055945568614536 0.7930305226222195 9 -0.18159668582868288 -0.9833730948607646 0.0
 510  206 2157 96.202387 19.493203 -1.5205807156032987 0.1585989869932273 9 -0.18157765536826878 -0.9833766089708268 0.0
 511  206 2157 96.208386 19.493203 0.016204376187589433 0.8248025609870651 9 -0.18161006186681095 -0.9833706246521365 0.0
 512  207 2158 96.214385 19.499203 1.3163272274865045 0.08768705150696397 9 -0.18162880706804282 -0.98336716258122 0.0
 513  208 2158 96.220384 19.499203 1.3933901124530368 0.006508517452776771 9 -0.1816612531303656 -0.9833611692105324 0.0
 514  207 2157 96.214385 19.493203 1.3056977325015597 0.08759169935335817 9 -0.1816425474851698 -0.9833646246144397 0.0
 515  208 2157 96.220384 19.493203 1.392561634381612 0.007106155932336172 9 -0.18167499345700766 -0.9833586307916334 0.0
 516  209 2158 96.235304 19.502280 1.4220096081286877 0.09582423831647753 143 -0.18173517628710967 -0.9833475101406893 0.0
 517  206 2157 96.202387 19.487203 -1.722094628545973 0.1426960532758974 9 -0.1815913469470224 -0.9833740807617243 0.0
 518  206 2157 96.208386 19.487203 -0.46083754963344997 0.7623918946572079 9 -0.18162358071078896 -0.9833681278797841 0.0
 519  206 2156 96.202387 19.482203 -1.785155455271403 0.08150102099749491 6 -0.18160250541167916 -0.9833720201572754 0.0
 520  206 2156 96.208386 19.482203 -0.7952997262279192 0.5130218799050345 6 -0.1816346223228889 -0.983366088480593 0.0
 521  207 2157 96.214385 19.487203 1.2569431728786893 0.08781676617371596 9 -0.18165613323783736 -0.9833621150202386 0.0
 522  208 2157 96.220134 19.487453 1.3888713419437408 0.005144272127079493 8 -0.18168664459081468 -0.9833564781793686 0.0
 523  207 2156 96.214385 19.482203 1.210344006617864 0.1333028881498281 6 -0.1816671235723756 -0.9833600847161426 0.0
 524  208 2156 96.220669 19.482631 1.3901618037905012 0.0047635321142932546 7 -0.18170055365625806 -0.9833539082146413 0.0
 525  206 2156 96.202387 19.477202 -1.8124021291732788 0.0790365866054476 9 -0.1816143067189603 -0.9833698406982957 0.0
 526  206 2156 96.208386 19.477202 -1.0445748832490709 0.35816659724211275 9 -0.1816465335145073 -0.9833638883252542 0.0
 527  206 2155 96.202387 19.471202 -1.8626302083333333 0.04764435957109894 9 -0.18162743777511392 -0.9833674154898804 0.0
 528  206 2155 96.208386 19.471202 -1.2425969706641302 0.31142545871529415 9 -0.18165979744638486 -0.9833614381252391 0.0
 529  207 2156 96.214385 19.477202 1.06777689854304 0.3006363591139496 9 -0.1816791972005697 -0.983357854142914 0.0
 530  208 2155 96.220384 19.477202 1.3827101919386122 0.006364424784425911 9 -0.181711210671717 -0.9833519389904202 0.0
 531  207 2155 96.214385 19.471202 0.8116533160209656 0.5467314182466092 9 -0.18169245548947058 -0.9833554045299222 0.0
 532  208 2155 96.220384 19.471202 1.378338098526001 0.006264703490882235 9 -0.1817247970955054 -0.9833494282911834 0.0
 533  209 2156 96.235463 19.479293 1.411103658210066 0.04434609659379314 133 -0.18178793920785122 -0.9833377574153056 0.0
 534  213 2157 96.270743 19.491207 1.1506677961616374 0.15291285083852077 536 -0.18195194825347918 -0.9833074232033251 0.0
 535  206 2154 96.202387 19.465202 -1.8949845499462552 0.012982120151286103 9 -0.1816408776738247 -0.9833649330527721 0.0
 536  206 2154 96.208386 19.465202 -1.4248554441663954 0.2746391563880365 9 -0.18167353541000655 -0.9833589001639375 0.0
 537  206 2154 96.202387 19.459202 -1.9067447980244954 0.0050088638172417965 9 -0.1816549098390191 -0.9833623410174797 0.0
 538  206 2154 96.208386 19.459202 -1.6896659135818481 0.16051781947380783 9 -0.18168701541995386 -0.9833564096642627 0.0
 539  207 2154 96.214385 19.465202 0.45155612876017887 0.7687048026726649 9 -0.18170620129630277 -0.9833528646475118 0.0
 540  208 2154 96.220384 19.465202 1.3605273167292278 0.048318643607247067 9 -0.1817384263572006 -0.983346909480682 0.0
 541  207 2154 96.214385 19.459202 -0.019111105137401156 0.8930063161012844 9 -0.181719456739543 -0.9833504151838679 0.0
 542  208 2153 96.220384 19.459202 1.316452595922682 0.0857127956015459 9 -0.18175190503152674 -0.9833444183079553 0.0
 543  206 2153 96.205387 19.451201 -1.870176382859548 0.06912968526184476 30 -0.18168906050745456 -0.9833560318073606 0.0
 544  207 2153 96.214099 19.453773 -0.7421368190220424 0.7313355059468893 7 -0.18173039668383856 -0.9833483934603924 0.0
 545  208 2153 96.220384 19.454201 1.2781232794125874 0.09694047116100238 6 -0.18176313824765386 -0.9833423420021964 0.0
 546  207 2152 96.214635 19.448951 -0.8014270877465606 0.6097696464336094 8 -0.18174380668920964 -0.9833459150930131 0.0
 547  208 2152 96.220384 19.449201 1.1878783371713426 0.17627046245883038 9 -0.18177459506067442 -0.983340224230926 0.0
 548  209 2154 96.229382 19.462202 1.3990985718038347 0.007132912807208376 36 -0.1817936033254288 -0.9833367102828799 0.0
 549  210 2154 96.241379 19.463202 1.391196366151174 0.005803986047847998 30 -0.18185641308425263 -0.9833250963034198 0.0
 550  209 2153 96.229382 19.451201 1.3935961325963337 0.0037595142698369868 30 -0.18181870655720958 -0.9833320690112082 0.0
 551  210 2153 96.241379 19.452201 1.3958876596556768 0.005871246329763056 36 -0.1818814002283267 -0.9833204748458069 0.0
 552  206 2151 96.205387 19.440201 -1.7622004548708599 0.1502686948516384 36 -0.1817142173460427 -0.9833513833896381 0.0
 553  207 2152 96.214385 19.443201 -1.0773370530870225 0.31676591445363317 9 -0.18175565631706778 -0.9833437249490901 0.0
 554  208 2152 96.220384 19.443201 0.9752038187450833 0.4343223126725936 9 -0.1817882992054685 -0.9833376908631047 0.0
 555  207 2151 96.214385 19.437201 -0.9999358587794833 0.24736204857402747 9 -0.18176925997347693 -0.983341210429368 0.0
 556  208 2151 96.220384 19.437201 0.954408284690645 0.4578821643958371 9 -0.1818017075493115 -0.9833352119863067 0.0
 557  206 2150 96.205387 19.428200 -1.6315824190775554 0.17106369357641196 36 -0.18174132978821067 -0.9833463728752004 0.0
 558  207 2150 96.214385 19.431200 -0.9976062443521287 0.24029233417925874 9 -0.18178253145437331 -0.9833387571218983 0.0
 559  208 2150 96.220384 19.431200 0.8315879652897517 0.5548663884643497 9 -0.18181506370542339 -0.9833327425697737 0.0
 560  207 2150 96.214385 19.425200 -0.870251735051473 0.27185105119351005 9 -0.18179680154725106 -0.9833361190087495 0.0
 561  208 2150 96.220384 19.425200 0.7305009431309171 0.47612345286536445 9 -0.18182913772015413 -0.9833301402255222 0.0
 562  209 2151 96.229382 19.440201 1.3953698840406206 0.003432109304487751 36 -0.18184347484056576 -0.9833274890177272 0.0
 563  210 2151 96.241379 19.440201 1.3956786394119263 0.009520592165142236 36 -0.18190823623734892 -0.9833155107029569 0.0
 564  209 2150 96.229132 19.428825 1.3776319548487663 0.026331579107634652 32 -0.18186780554682916 -0.9833229893100135 0.0
 565  210 2150 96.241379 19.429200 1.3739869236946105 0.03598473236282752 30 -0.18193296099614698 -0.9833109364301682 0.0
 566  213 2152 96.271575 19.446460 1.0633247597945317 0.19311395314200505 534 -0.18205712150328263 -0.9832879560484502 0.0
 567  200 2145 96.153560 19.377289 -1.4145368703066112 0.2501964256894329 2153 -0.18157777759525565 -0.9833765864019581 0.0
 568  206 2149 96.206831 19.416978 -1.2741196972352486 0.26576008871443957 27 -0.1817742873250925 -0.9833402811170987 0.0
 569  207 2149 96.217741 19.417414 0.2485461485173021 0.739499412048265 28 -0.18183212109014102 -0.98332958856116 0.0
 570  206 2148 96.207386 19.406199 -1.217873763706949 0.25806897350614466 36 -0.18180190735132618 -0.9833351750463418 0.0
 571  207 2148 96.219241 19.406057 0.3455955377646855 0.6861941476791079 35 -0.18186571583110814 -0.9833233758053546 0.0
 572  209 2149 96.229617 19.417906 1.3074313296991236 0.0786218291583948 34 -0.18189514555320685 -0.9833179323210666 0.0
 573  210 2149 96.241379 19.418200 1.3205554849571652 0.07358875699631068 36 -0.18195780194621564 -0.9833063400135796 0.0
 574  209 2148 96.230563 19.406108 1.3061607895475444 0.08687604621633155 33 -0.18192686102400216 -0.9833120650322325 0.0
 575  210 2148 96.241673 19.406435 1.3553268979577457 0.04544067071761439 34 -0.18198609178949113 -0.9833011046445472 0.0
 576  206 2146 96.207386 19.394199 -1.428937961657842 0.18771163307007804 36 -0.181828824356485 -0.9833301981700443 0.0
 577  207 2147 96.216384 19.397199 -0.4372372171945042 0.32296480914595155 9 -0.18187066957856132 -0.9833224595965689 0.0
 578  208 2147 96.222383 19.397199 0.9713837173249986 0.15537393706086586 9 -0.18190300606842363 -0.9833164782425193 0.0
 579  207 2146 96.216135 19.391449 -0.5870078802108765 0.2582060518855114 8 -0.18188211913291724 -0.9833203418722298 0.0
 580  208 2146 96.222383 19.392199 0.9876201649506887 0.14640521527865832 6 -0.18191431032698538 -0.9833143870086806 0.0
 581  206 2145 96.207386 19.383198 -1.4623825907707215 0.13418006374335548 30 -0.1818538544445901 -0.9833255694954981 0.0
 582  207 2145 96.216670 19.386627 -0.7416568398475647 0.23401416549656823 7 -0.1818958974506686 -0.9833177932340164 0.0
 583  208 2146 96.222383 19.387199 0.7829188489251666 0.45332446729255815 9 -0.18192559183106938 -0.9833122998503147 0.0
 584  207 2145 96.216384 19.381198 -1.0760696464114718 0.17623150519603345 9 -0.18190673910472216 -0.9833157876634985 0.0
 585  208 2145 96.222383 19.381198 0.2033856213092804 0.6929932579826186 9 -0.18193864556486652 -0.9833098846498095 0.0
 586  209 2146 96.231381 19.395199 1.3214090824127198 0.09532940674027915 30 -0.18195575223665214 -0.9833067193037958 0.0
 587  210 2146 96.243206 19.395061 1.3929431561766 0.015100472756681572 29 -0.18201975510174107 -0.983294873754919 0.0
 588  209 2145 96.231381 19.384198 1.3825338350401983 0.0864172666626497 36 -0.1819805645898161 -0.9833021275841783 0.0
 589  210 2145 96.243379 19.384198 1.5028868748082056 0.059454819378234894 36 -0.18204508178118606 -0.9832901851433692 0.0
 590  213 2147 96.271797 19.401440 1.1394104250462733 0.2027355620176655 542 -0.18215938635695925 -0.9832690160693849 0.0
 591  206 2144 96.207386 19.372198 -1.5563915736145444 0.06964812984539061 36 -0.1818787057147353 -0.9833209732368839 0.0
 592  207 2144 96.216384 19.375198 -1.3162297407786052 0.07642085177562927 9 -0.18192004035613796 -0.9833133269293268 0.0
 593  208 2144 96.222383 19.375198 -0.36101402673456406 0.6567606299302274 9 -0.18195250318678866 -0.9833073205178845 0.0
 594  207 2144 96.216384 19.369198 -1.4182095925013225 0.05762488446639231 9 -0.1819333118255568 -0.9833108715193708 0.0
 595  208 2144 96.222383 19.369198 -0.8750920361942716 0.3017794747869065 9 -0.1819658604931484 -0.9833048487702011 0.0
 596  206 2143 96.207114 19.360652 -1.6654891245292895 0.01916532027129614 33 -0.18190312275382908 -0.9833164566569632 0.0
 597  207 2143 96.216384 19.363198 -1.5039383040534124 0.06141991078870814 9 -0.18194721587272816 -0.9833082988748558 0.0
 598  208 2143 96.222383 19.363198 -1.1790237890349493 0.1944017800899343 9 -0.1819793587770831 -0.983302350744206 0.0
 599  207 2142 96.216384 19.358197 -1.573110024134318 0.0682242259897891 6 -0.18195796516428409 -0.9833063098105662 0.0
 600  208 2142 96.222383 19.358197 -1.3699238499005635 0.08110662351647079 6 -0.18199094469060062 -0.9833002064733958 0.0
 601  209 2144 96.231381 19.372198 1.3604968918694391 0.23706690223867466 36 -0.1820075281860193 -0.9832971370260444 0.0
 602  210 2144 96.243379 19.372198 1.5602384938134088 0.03443188624794045 36 -0.18207224816750958 -0.98328515520536 0.0
 603  208 2143 96.228382 19.363198 0.5675148839751879 0.7810913770190269 9 -0.18201179949811522 -0.9832963463999335 0.0
 604  209 2143 96.234381 19.364198 1.4247606197992961 0.003686905593097903 6 -0.1820418886422178 -0.9832907763116536 0.0
 605  208 2142 96.228382 19.358197 0.05014457801977793 0.7979117164305719 6 -0.18202296110776703 -0.9832942802790833 0.0
 606  209 2142 96.234381 19.359197 1.3654607401953802 0.05304646168868419 9 -0.18205273554043877 -0.983288768105404 0.0
 607  210 2143 96.243379 19.361198 1.4858622908592225 0.05706266486591604 30 -0.18209693595472415 -0.9832805835141366 0.0
 608  206 2141 96.207659 19.349742 -1.7198127977775806 0.05424051716750841 33 -0.18193074135300233 -0.9833113471076936 0.0
 609  207 2141 96.219384 19.350197 -1.6194153991010454 0.07792519642605153 36 -0.18199269339183147 -0.983299882819065 0.0
 610  206 2140 96.207386 19.338197 -1.8326326542430453 0.08408672506752116 36 -0.18195527803040862 -0.9833068070530565 0.0
 611  207 2140 96.219384 19.338197 -1.7072250412570105 0.03340057441728691 36 -0.18201966809657702 -0.9832948898606216 0.0
 612  208 2142 96.228382 19.353197 -0.4784078697363536 0.7351069132593964 9 -0.18203391626170884 -0.9832922522477359 0.0
 613  209 2142 96.234381 19.353197 1.0852423508961995 0.11791601879620696 9 -0.18206623084117154 -0.9832862693983321 0.0
 614  208 2141 96.228382 19.347197 -0.98486903640959 0.5770677204466202 9 -0.1820477623845728 -0.9832896888561223 0.0
 615  209 2141 96.234381 19.347197 0.84996940029992 0.22929423159044557 9 -0.1820801152288572 -0.983283698450374 0.0
 616  210 2141 96.243379 19.350197 1.3892540733019512 0.0734163001216247 36 -0.1821215851793239 -0.9832760183243413 0.0
 617  208 2140 96.228382 19.341197 -1.2131762305895488 0.2867624719363996 9 -0.18206157827474398 -0.9832871308606197 0.0
 618  209 2140 96.234381 19.341197 0.7478023105197482 0.2106477699486207 9 -0.18209346645878918 -0.9832812260350656 0.0
 619  208 2140 96.228382 19.335196 -1.2226845158471003 0.30877242138298383 9 -0.18207461307589787 -0.9832847172987395 0.0
 620  209 2140 96.234381 19.335196 0.595178633928299 0.23556837107255554 9 -0.18210673464626081 -0.9832787688120173 0.0
 621  210 2140 96.243144 19.338491 1.4131462433758903 0.1360673645935748 34 -0.18214646969396028 -0.9832714089090699 0.0
 622  213 2142 96.273241 19.356089 1.330969754173642 0.1293740976162281 525 -0.18226878885586534 -0.9832487419819137 0.0
 623  198 2177 96.126818 19.668867 -1.676749794863055 0.26221446451721325 477 -0.18076470846934253 -0.9835263698406839 0.0
 624  201 2179 96.153398 19.687211 -2.286088466644287 0.10706061957676578 30 -0.18086740524586775 -0.9835074894069832 0.0
 625  202 2179 96.165395 19.687211 -2.0936542471249897 0.12994500196710512 30 -0.1809329295355283 -0.9834954372083743 0.0
 626  201 2178 96.153540 19.676353 -2.0718826600483484 0.07845257521879029 35 -0.1808932058089771 -0.98350274432365 0.0
 627  202 2178 96.165395 19.676211 -1.969258086548911 0.12371518168332989 36 -0.18095819702644741 -0.9834907884311562 0.0
 628  203 2179 96.174393 19.691211 -1.5422944095399644 0.1839456688434655 9 -0.18097301207130415 -0.9834880624094222 0.0
 629  204 2179 96.180392 19.691211 0.1171654032336341 0.3561895529597249 9 -0.18100578281880644 -0.9834820316539348 0.0
 630  203 2179 96.174393 19.685211 -1.5963688161638048 0.14843284046511407 9 -0.18098653415641608 -0.9834855740955475 0.0
 631  204 2179 96.180392 19.685211 0.25594522224532235 0.32931814411866484 9 -0.18101943729287043 -0.983479518506701 0.0
 632  205 2179 96.186391 19.691211 1.0098159180747137 0.17192211437135316 9 -0.18103833877259035 -0.9834760393087678 0.0
 633  205 2179 96.192389 19.691211 1.3659321467081706 0.005406067290542207 9 -0.1810711142551506 -0.983470005430973 0.0
 634  205 2179 96.186391 19.685211 1.1357985337575276 0.1751571186275269 9 -0.1810524640354019 -0.9834734390245166 0.0
 635  205 2179 96.192389 19.685211 1.4604741997188992 0.05951652780869241 9 -0.18108474336738128 -0.9834674960157908 0.0
 636  203 2178 96.174393 19.679211 -1.5639434258143108 0.15805530658488992 9 -0.18100055385507427 -0.9834829940086186 0.0
 637  204 2178 96.180392 19.679211 0.3772777666648229 0.35506321573556293 9 -0.1810331110185912 -0.983477001619728 0.0
 638  203 2177 96.174393 19.673210 -1.543245381779141 0.16127904459463738 9 -0.1810142071633048 -0.983480481151019 0.0
 639  204 2177 96.180392 19.673210 0.14554630054367912 0.7079167409905609 9 -0.18104734240993173 -0.9834743818759597 0.0
 640  204 2178 96.186391 19.679211 1.256292872958713 0.1009721794779967 9 -0.18106566638279625 -0.9834710084478109 0.0
 641  205 2178 96.192389 19.679211 1.5400937530729506 0.015499421766925318 9 -0.18109897740203082 -0.9834648750127982 0.0
 642  204 2177 96.186391 19.673210 1.274671925438775 0.09318053577586224 9 -0.18107944846516474 -0.9834684709453333 0.0
 643  205 2177 96.192389 19.673210 1.514737606048584 0.0518243381803364 9 -0.18111251335290973 -0.9834623823548068 0.0
 644  201 2176 96.155254 19.664067 -2.0131180047988892 0.06314819396993304 35 -0.18093085645323254 -0.983495818589535 0.0
 645  202 2176 96.166464 19.664934 -1.906752269843529 0.09626981092757537 29 -0.18098997289429208 -0.9834849412734917 0.0
 646  201 2175 96.155397 19.653210 -1.9922720630963644 0.07734761288647529 30 -0.1809566405286596 -0.9834910748189745 0.0
 647  202 2175 96.167537 19.654067 -1.9454473154885428 0.11220960555353036 35 -0.18102088473179118 -0.983479252089702 0.0
 648  203 2177 96.174393 19.667210 -1.5851744810740154 0.11775664363598366 9 -0.18102798937624906 -0.9834779443700773 0.0
 649  204 2177 96.180392 19.667210 -0.06213201582431793 0.8657156321347381 9 -0.18106043907691366 -0.9834719708264568 0.0
 650  203 2176 96.175393 19.662210 -1.556387037038803 0.09330963873057985 4 -0.1810450538605428 -0.9834748031712013 0.0
 651  204 2176 96.180392 19.662210 -0.37205640971660614 0.8648858466808044 6 -0.18107222178780633 -0.983469801517478 0.0
 652  204 2177 96.186105 19.667782 1.2921339103153773 0.09677666803762781 7 -0.18109082099117396 -0.9834663769304687 0.0
 653  205 2177 96.192389 19.668210 1.5051315228144329 0.06284529965910408 6 -0.18112395850112978 -0.983460274569787 0.0
 654  204 2176 96.186641 19.662960 1.339043751358986 0.08144761196129456 8 -0.18110465935687692 -0.9834638286989663 0.0
 655  205 2176 96.192389 19.663210 1.490790393617418 0.06429198199806936 9 -0.18113547252672815 -0.9834581539610717 0.0
 656  203 2176 96.176393 19.657210 -1.4651498927010431 0.1582026774077201 9 -0.18106162251585872 -0.983471752950701 0.0
 657  204 2175 96.182142 19.656960 0.2192510887980461 0.9648280264133764 8 -0.18109394054369207 -0.9834658025057901 0.0
 658  203 2175 96.176393 19.651210 -1.4715352720684476 0.1624089729371144 9 -0.18107569500871118 -0.9834691620366712 0.0
 659  204 2175 96.182392 19.651210 0.020176738500595093 0.9714246701409568 9 -0.1811081460293761 -0.9834631866225609 0.0
 660  205 2175 96.187390 19.657210 1.3788803219795227 0.03445055816708626 8 -0.18112200260300268 -0.9834606347856928 0.0
 661  205 2176 96.192639 19.657460 1.4994977414608002 0.06540580593122491 8 -0.18114997332600322 -0.9834554830616323 0.0
 662  205 2175 96.188390 19.651210 1.3875090148713853 0.008936527293336624 9 -0.18114123739783333 -0.9834570921570406 0.0
 663  205 2175 96.194389 19.651210 1.5353125863605075 0.06765543741907655 9 -0.18117347344004728 -0.9834511541107003 0.0
 664  198 2172 96.125639 19.624885 -1.4587594154564774 0.33076328078196426 544 -0.1808598233397359 -0.9835088836922213 0.0
 665  201 2174 96.155397 19.642209 -2.0252864956855774 0.08979633149227442 36 -0.18098191244150097 -0.9834864245982334 0.0
 666  202 2174 96.167395 19.642209 -2.069450613525179 0.09823864098483917 36 -0.18104732667979057 -0.9834743847717138 0.0
 667  201 2173 96.155147 19.630834 -2.1785450391471386 0.11592931588746708 32 -0.181006704560638 -0.9834818620107326 0.0
 668  202 2173 96.167395 19.631209 -2.3108195702234906 0.09954823394641042 30 -0.18107242071275728 -0.9834697648922524 0.0
 669  203 2174 96.176393 19.645209 -1.5340139865875244 0.17670644872112068 9 -0.18108975884440487 -0.9834665725085298 0.0
 670  204 2174 96.182392 19.645209 -0.3762756652302212 1.0400473010452296 9 -0.18112210045663596 -0.9834606167641775 0.0
 671  203 2174 96.176393 19.639209 -1.7210391759872437 0.16162129792822835 9 -0.18110334472985296 -0.9834640707863506 0.0
 672  204 2174 96.182392 19.639209 -0.6158486074871488 0.9472461284229184 9 -0.18113611627401663 -0.9834580353940711 0.0
 673  205 2174 96.188390 19.645209 1.341399351755778 0.0610547585855536 9 -0.1811547461337915 -0.9834546039107251 0.0
 674  205 2174 96.194389 19.645209 1.4936459726757474 0.08166363317566426 9 -0.1811878962015857 -0.9834484970093977 0.0
 675  205 2173 96.188390 19.639209 1.2514476776123047 0.10552434797093999 9 -0.18116835150201924 -0.98345209767128 0.0
 676  205 2173 96.194389 19.639209 1.4318364991082086 0.06432121636128081 9 -0.18120133882390999 -0.9834460202819586 0.0
 677  203 2173 96.176107 19.633780 -1.9434551341193063 0.13675989804491437 7 -0.18111399363226988 -0.9834621097482964 0.0
 678  204 2173 96.182392 19.634209 -0.9608346149325371 0.7149178528829587 6 -0.18114738750906578 -0.9834559593589538 0.0
 679  203 2172 96.176643 19.628959 -2.0611315220594406 0.07094367675732412 8 -0.18112834710954004 -0.9834594663092965 0.0
 680  204 2172 96.182392 19.629209 -1.649271501435174 0.3063110794839095 9 -0.18115875101746498 -0.9834538661929152 0.0
 681  205 2173 96.188390 19.634209 1.143708070119222 0.15746114567559918 6 -0.18118017998208463 -0.9834499185935497 0.0
 682  205 2173 96.194389 19.634209 1.3881953557332356 0.008291678413293022 6 -0.18121233318924249 -0.9834439944908459 0.0
 683  205 2172 96.188390 19.629209 0.9656537042723762 0.20745982163260726 9 -0.18119152499375782 -0.9834478284436019 0.0
 684  205 2172 96.194389 19.629209 1.3778377374013264 0.007047144321458842 9 -0.1812242955636668 -0.9834417901927153 0.0
 685  202 2171 96.161537 19.614053 -2.3997816619738725 0.1225020063683828 142 -0.18108003211482407 -0.9834683634816598 0.0
 686  203 2172 96.176393 19.623208 -2.230863915549384 0.08537216708394471 9 -0.18113969360882493 -0.9834573765035782 0.0
 687  204 2172 96.182392 19.623208 -1.931841704580519 0.18354767607952746 9 -0.18117257458074587 -0.9834513197000573 0.0
 688  203 2171 96.176393 19.617208 -2.3397162755330405 0.014097432949688947 9 -0.18115373998219128 -0.9834547892457814 0.0
 689  204 2171 96.182392 19.617208 -1.9924975103802152 0.12914225541847704 9 -0.18118607724485603 -0.9834488321273361 0.0
 690  205 2172 96.188390 19.623208 0.79202172656854 0.34903214028357626 9 -0.18120493340508528 -0.9834453579684326 0.0
 691  205 2172 96.194389 19.623208 1.3201476203070746 0.07677780814093763 9 -0.18123826361127787 -0.9834392161202282 0.0
 692  205 2171 96.188390 19.617208 0.29605506194962394 0.7771024112609298 9 -0.1812188534115362 -0.9834427930328271 0.0
 693  205 2171 96.194389 19.617208 1.256321006351047 0.08656949690153004 9 -0.18125162102980907 -0.9834367543843713 0.0
 694  203 2170 96.176393 19.611208 -2.261647409862942 0.08358816206756972 9 -0.18116770616111202 -0.9834522165536671 0.0
 695  204 2170 96.182392 19.611208 -1.9781535863876343 0.1066542385211729 9 -0.18119992080629663 -0.9834462815526794 0.0
 696  203 2170 96.176393 19.605208 -2.1258074707455106 0.03093712215627569 9 -0.18118074394391728 -0.9834498146951519 0.0
 697  204 2170 96.182392 19.605208 -1.9312170346577961 0.04160050263931878 9 -0.18121364033114848 -0.9834437536320687 0.0
 698  205 2170 96.188390 19.611208 -0.09258244931697845 0.9363604575421999 9 -0.1812326885539893 -0.9834402435326168 0.0
 699  205 2170 96.194389 19.611208 1.2051169739829168 0.08594213336255761 9 -0.1812652667384677 -0.9834342393237243 0.0
 700  205 2170 96.188140 19.605458 -0.7022114582359791 0.9074265059274932 8 -0.18124408205119893 -0.9834381438206566 0.0
 701  205 2170 96.194389 19.606208 1.1526923676331837 0.15179725616688786 6 -0.1812767910812906 -0.9834321151026492 0.0
 702  210 2175 96.244042 19.649352 1.1219301078781903 0.3254115921740745 2140 -0.18144884838214112 -0.9834003840861538 0.0
 703  198 2167 96.125744 19.579705 -1.422101814202155 0.1492948569206308 534 -0.1809644799283365 -0.9834896323827043 0.0
 704  202 2168 96.161396 19.591207 -1.9501812295480208 0.146606838074072 132 -0.1811317290304102 -0.9834588434390399 0.0
 705  203 2169 96.176393 19.600207 -2.0699227452278137 0.05454215948686502 6 -0.18119268698260738 -0.9834476143567704 0.0
 706  204 2169 96.182392 19.600207 -1.9107496738433838 0.019569024853525442 6 -0.18122486667226087 -0.9834416849511827 0.0
 707  203 2169 96.176393 19.595207 -2.000121063656277 0.06249050620087424 9 -0.18120433677240066 -0.9834454679009277 0.0
 708  204 2169 96.182392 19.595207 -1.8961516088909574 0.019572469432645505 9 -0.18123665923437818 -0.9834395117899026 0.0
 709  205 2169 96.188676 19.600636 -0.6596393031733376 0.9139569964383247 7 -0.18125871828589588 -0.9834354463030881 0.0
 710  205 2169 96.194389 19.601207 1.1529295709398057 0.17765522801505368 9 -0.18128790015747193 -0.9834300672932949 0.0
 711  205 2169 96.188390 19.595207 -1.2172083655993144 0.537844708643152 9 -0.1812687637222248 -0.9834335947579868 0.0
 712  205 2169 96.194389 19.595207 1.074230174223582 0.30307960602013057 9 -0.18130223858781203 -0.9834274240039517 0.0
 713  204 2168 96.179392 19.586207 -1.884770201312171 0.060123014545893465 36 -0.1812409494355748 -0.9834387211451924 0.0
 714  205 2168 96.188390 19.589207 -1.4358673757976956 0.21576951930987334 9 -0.18128310262223404 -0.9834309516705565 0.0
 715  205 2168 96.194389 19.589207 0.9052989350424873 0.4984585346927858 9 -0.1813155499372939 -0.9834249698634546 0.0
 716  205 2167 96.188390 19.583207 -1.553722964392768 0.10151782340716121 9 -0.18129679491303693 -0.9834284275707411 0.0
 717  205 2167 96.194389 19.583207 0.38490238785743713 0.8767490377971155 9 -0.1813293506944435 -0.9834224252968464 0.0
 718  202 2166 96.161480 19.569283 -1.5610029115021684 0.17677771184437127 131 -0.1811823400015086 -0.9834495206524724 0.0
 719  204 2166 96.179157 19.574501 -1.7728738539359148 0.09584716227805608 34 -0.1812664439041349 -0.9834340223494147 0.0
 720  205 2167 96.188390 19.577206 -1.5984862513012357 0.059300970762065586 9 -0.18131021280056006 -0.9834259538644562 0.0
 721  205 2167 96.194389 19.577206 -0.04722729490862952 1.0330799160007595 9 -0.18134319720651673 -0.9834198720927488 0.0
 722  205 2166 96.188390 19.572206 -1.5126079122225444 0.030785076573513773 6 -0.18132172645551062 -0.9834238310693885 0.0
 723  205 2166 96.194389 19.572206 -0.4286699096361796 0.9184453215128145 6 -0.1813540084701224 -0.983417878427995 0.0
 724  204 2165 96.179642 19.563581 -1.606214016675949 0.06984769667969903 32 -0.18129391051458757 -0.9834289593103961 0.0
 725  205 2166 96.188390 19.567206 -1.4755844275156658 0.009078374561065194 9 -0.18133338243016062 -0.983421681892583 0.0
 726  205 2166 96.194389 19.567206 -0.7411858985821406 0.6355925078083623 9 -0.18136589329659192 -0.9834156866497143 0.0
 727  204 2165 96.188390 19.561206 -1.4428492652045355 0.008352235306094037 9 -0.1813468182076349 -0.9834192043711405 0.0
 728  205 2165 96.194389 19.561206 -1.0644048121240404 0.2584345426229407 9 -0.18137947616453828 -0.9834131815398235 0.0
 729  198 2162 96.127642 19.534549 -1.3053203476453894 0.07615125241514831 536 -0.18107856773226733 -0.9834686331083624 0.0
 730  202 2163 96.162848 19.546110 -1.459345318105099 0.11422971301025862 137 -0.18124280182400626 -0.9834383797610219 0.0
 731  204 2164 96.179535 19.552348 -1.5858331544058664 0.05507587330868918 35 -0.1813190080408249 -0.9834243322813867 0.0
 732  204 2164 96.188390 19.555206 -1.4622082047992282 0.01208524702550023 9 -0.1813606618897608 -0.9834166514346339 0.0
 733  205 2164 96.194389 19.555206 -1.2205111119482253 0.12415843962590539 9 -0.18139305210791906 -0.9834106775132013 0.0
 734  204 2164 96.188390 19.549205 -1.4982603126102023 0.013751290252080519 9 -0.18137435601504426 -0.9834141258799001 0.0
 735  205 2164 96.194389 19.549205 -1.3333395057254367 0.079892931660818 9 -0.1814069093021988 -0.9834081214111585 0.0
 736  204 2163 96.181219 19.541067 -1.6663809521444912 0.04050430135912064 29 -0.18135398206278697 -0.9834178832978229 0.0
 737  205 2163 96.192389 19.541205 -1.458697341106556 0.09897265597989952 27 -0.18141431574291894 -0.9834067551341756 0.0
 738  202 2161 96.163545 19.523383 -1.614352300095914 0.11518733660558236 134 -0.1812985563679562 -0.9834281028417354 0.0
 739  204 2161 96.181392 19.530205 -1.8762880828645494 0.10762235398425303 36 -0.18137962390196075 -0.9834131542913097 0.0
 740  205 2162 96.190390 19.533205 -1.6569432947370741 0.09191583796799542 9 -0.18142133579019495 -0.9834054600825141 0.0
 741  205 2162 96.196389 19.533205 -1.460467365052965 0.1008236108792641 9 -0.1814541250347191 -0.9833994104675294 0.0
 742  205 2161 96.190390 19.527204 -1.8955754439036052 0.05554080685255195 9 -0.18143498799151775 -0.9834029413889904 0.0
 743  205 2161 96.196389 19.527204 -1.677722520298428 0.1310785233082162 9 -0.181467651382127 -0.9833969145273208 0.0
 744  204 2160 96.181392 19.518204 -2.0495987004703946 0.09862472693970593 36 -0.18140690286990677 -0.9834081225977077 0.0
 745  205 2160 96.193389 19.518204 -1.9440305994616613 0.1610034167728262 36 -0.18147180712673125 -0.9833961476526936 0.0
 746  206 2169 96.203387 19.598207 1.5286487241586049 0.08244814493219589 36 -0.1813439637339776 -0.9834197307443295 0.0
 747  207 2169 96.215385 19.598207 1.5312896105978224 0.08043317964572108 36 -0.18140919422413976 -0.983407699914409 0.0
 748  206 2168 96.203387 19.586207 1.5682976278993819 0.06214582761073255 36 -0.1813711960710077 -0.9834147086736968 0.0
 749  207 2168 96.215385 19.586207 1.6098149054580264 0.00815805972865658 36 -0.18143663905752547 -0.9834026367706715 0.0
 750  209 2168 96.233181 19.592941 1.429972819045738 0.08125819893440775 135 -0.18151800239289828 -0.9833876218497424 0.0
 751  206 2167 96.200388 19.577206 1.5141066842608981 0.07507835622116789 9 -0.18137564659651975 -0.9834138878527668 0.0
 752  206 2167 96.206387 19.578207 1.5987204909324646 0.0008181026516749804 6 -0.18140612438006345 -0.9834082662035157 0.0
 753  206 2166 96.200388 19.572206 1.4460819363594055 0.06022895665816469 6 -0.18138721297446217 -0.9834117545409741 0.0
 754  206 2166 96.206387 19.573206 1.5912266307406955 0.004258036662268966 9 -0.18141736806154302 -0.9834061920516988 0.0
 755  207 2166 96.215385 19.575206 1.6062939325968424 0.007116588126990124 30 -0.1814615727957263 -0.9833980361982126 0.0
 756  206 2165 96.200388 19.567206 1.3033401568730671 0.17063586502702516 9 -0.18139808344038347 -0.9834097494555135 0.0
 757  206 2165 96.206387 19.567206 1.5724230077531602 0.02731400608057012 9 -0.18143105040671872 -0.9834036678538038 0.0
 758  206 2165 96.200388 19.561206 0.9946379661560059 0.43204352607634483 9 -0.18141224954765692 -0.9834071362940471 0.0
 759  206 2165 96.206387 19.561206 1.540428466267056 0.06600167597416272 9 -0.1814443707056736 -0.9834012102591811 0.0
 760  207 2165 96.215385 19.564206 1.6126138402356043 0.012500872999336287 36 -0.18148649922514398 -0.9833934363208867 0.0
 761  209 2166 96.233572 19.569972 1.4855263655912792 0.09199424056165302 141 -0.18157229168341554 -0.9833775993446427 0.0
 762  213 2167 96.269122 19.581822 0.9849291448264592 0.2688233826758188 537 -0.18173864228121847 -0.9833468695744036 0.0
 763  206 2164 96.200388 19.555206 0.659288345111741 0.6751870223694472 9 -0.1814257125454886 -0.9834046526366252 0.0
 764  206 2164 96.206387 19.555206 1.5171151293648615 0.07619622387831697 9 -0.18145843625543193 -0.9833986149632984 0.0
 765  206 2164 96.200388 19.549205 0.25628796385394204 0.8488066653319107 9 -0.18143957287161394 -0.98340209548087 0.0
 766  206 2163 96.206387 19.549205 1.4889716704686482 0.07969532441219325 9 -0.18147180392602605 -0.9833961482433384 0.0
 767  207 2164 96.215149 19.552500 1.670479904202854 0.05296385210309078 34 -0.18151190299824696 -0.9833887476832115 0.0
 768  206 2163 96.200388 19.544205 -0.0766589306294918 0.9809945067977086 6 -0.18145083577696866 -0.983400017386536 0.0
 769  206 2163 96.206387 19.544205 1.4942679007848103 0.08120001219013373 6 -0.18148317483890508 -0.9833940498347504 0.0
 770  206 2162 96.200638 19.539455 -0.2899269014596939 0.8320413419936803 8 -0.18146298188999152 -0.9833977761839776 0.0
 771  206 2162 96.206387 19.539205 1.4859996106889513 0.09571121558943659 9 -0.18149465376476645 -0.9833919313553511 0.0
 772  207 2163 96.215635 19.541580 1.6504956856369972 0.04200705210508598 32 -0.1815394039257274 -0.9833836712200846 0.0
 773  209 2163 96.233381 19.547205 1.4433777395522955 0.13517236176658792 132 -0.18162290487741656 -0.9833682527028664 0.0
 774  206 2162 96.202387 19.533205 0.16940939923127493 0.9319807211195765 9 -0.18148682849939868 -0.9833933755528506 0.0
 775  206 2162 96.207815 19.532919 1.5285566364015852 0.08266170311137211 7 -0.18151690255094707 -0.9833878248627599 0.0
 776  206 2161 96.202387 19.527204 -0.22405722406175402 1.055532217700551 9 -0.18149998793768587 -0.9833909468663111 0.0
 777  207 2161 96.208386 19.527204 1.4339346753226385 0.1084140892155431 9 -0.18153275980453995 -0.9833848977474422 0.0
 778  207 2161 96.216384 19.530205 1.6072156324106104 0.014081475985395362 34 -0.18156940857599294 -0.983378131681483 0.0
 779  206 2160 96.202387 19.521204 -0.6786658399634891 0.8636038352462064 9 -0.1815142615001253 -0.9833883123527878 0.0
 780  207 2160 96.208386 19.521204 1.2973294258117676 0.0937808253779629 9 -0.1815462345773663 -0.9833824102101786 0.0
 781  206 2160 96.202387 19.515204 -0.9849302611417241 0.5637307065377551 9 -0.18152763583055534 -0.9833858436187544 0.0
 782  206 2160 96.208100 19.515775 1.2047627142497472 0.1314022909515804 7 -0.18155739018593975 -0.9833803506623825 0.0
 783  207 2160 96.217384 19.519204 1.4643391569455464 0.06684498143747865 30 -0.18159963695044654 -0.9833725498810031 0.0
 784  209 2161 96.234095 19.525347 1.3112141102079362 0.14500108758908434 126 -0.18167633570834738 -0.9833583828104523 0.0
 785  213 2162 96.269665 19.536881 1.0729147284893092 0.11965563020361603 542 -0.1818431169582433 -0.9833275551996449 0.0
 786  203 2197 96.169394 19.851218 1.414396823262391 0.22732618777699717 552 -0.1805761073267683 -0.9835610146110467 0.0
 787  200 2194 96.140207 19.822055 -0.9597440897937743 1.115777829005574 31 -0.18048306388207416 -0.9835780922996095 0.0
 788  200 2193 96.139400 19.811216 -1.6449040055274964 0.9945400435544584 30 -0.18050391163433532 -0.9835742665832123 0.0
 789  199 2191 96.131902 19.799216 -1.9168504923582077 0.08443259735524179 8 -0.1804903985936789 -0.9835767463779809 0.0
 790  199 2192 96.136401 19.803216 -2.4927114380730524 0.06277892363282755 9 -0.18050565667964427 -0.9835739463338028 0.0
 791  200 2192 96.142400 19.803216 -1.7504086759355333 0.5318341038651778 9 -0.1805390785697306 -0.9835678121559249 0.0
 792  199 2191 96.136401 19.797216 -2.412068155076769 0.08643814072442407 9 -0.18052014288113913 -0.9835712877133883 0.0
 793  200 2191 96.142400 19.797216 -2.1365816725624933 0.20248885063087113 9 -0.18055259682795377 -0.9835653307120388 0.0
 794  199 2190 96.131560 19.787320 -2.0200464788236117 0.0901514288516973 19 -0.1805161798443461 -0.983572015062651 0.0
 795  200 2190 96.140400 19.788215 -2.2358474450952865 0.11235339898215708 34 -0.18056255946093702 -0.9835635018243183 0.0
 796  201 2194 96.151398 19.822217 1.478439794646369 0.0817692097012984 36 -0.18054422334517128 -0.9835668677912494 0.0
 797  202 2194 96.163123 19.822671 1.5142289725216953 0.09593798098781744 33 -0.1806077612179056 -0.9835552026133846 0.0
 798  201 2193 96.151398 19.811216 1.4040562132994334 0.24595847010034763 30 -0.1805697868088074 -0.9835621750005548 0.0
 799  202 2193 96.163668 19.811762 1.4604349461468784 0.14854397521899854 33 -0.18063597369373466 -0.9835500216093316 0.0
 800  204 2193 96.181392 19.817217 1.2716129566683914 0.07422399614973026 132 -0.18072082286956165 -0.9835344346698535 0.0
 801  201 2192 96.148399 19.803216 0.3997743742333518 0.7114502663788931 9 -0.18057163372333535 -0.9835618359282173 0.0
 802  201 2192 96.154397 19.803216 1.3219480646981134 0.11293566790005806 9 -0.18060486216505808 -0.9835557349547306 0.0
 803  201 2191 96.148399 19.797216 -0.48160380456182694 0.6003211096187626 9 -0.18058625187580593 -0.9835591520765022 0.0
 804  201 2191 96.154397 19.797216 0.651282227701611 0.11920806703668138 9 -0.18061859533447874 -0.9835532131102006 0.0
 805  202 2191 96.163395 19.800216 1.1658449686235852 0.2312917779754352 36 -0.1806613075287771 -0.9835453685326329 0.0
 806  201 2190 96.148399 19.791215 -1.1316069761912029 0.6201666800618649 9 -0.18059961122580212 -0.9835566991409742 0.0
 807  201 2190 96.154397 19.791215 0.22602390249570212 0.22288595011591067 9 -0.18063264048927483 -0.9835506337702561 0.0
 808  201 2190 96.149398 19.785215 -1.447680190205574 0.5828297703907414 8 -0.18061926748885743 -0.9835530896762963 0.0
 809  201 2190 96.154397 19.786215 0.027299987773100536 0.2655974907248816 6 -0.18064416717447837 -0.9835485167828983 0.0
 810  202 2190 96.163395 19.789215 0.7755155801773072 0.1311844898704704 30 -0.18068679751770073 -0.9835406860942751 0.0
 811  204 2191 96.181392 19.795216 1.4300526398600955 0.09939852236901657 132 -0.1807715692319272 -0.9835251088596705 0.0
 812  208 2197 96.216971 19.851737 1.3870781557004255 0.1857703255888494 532 -0.1808370958370022 -0.9835130628360963 0.0
 813  212 2198 96.252283 19.863250 1.243209098931402 0.15246569986620648 128 -0.1810053295322908 -0.983482115079327 0.0
 814  214 2198 96.275606 19.864410 0.780933881059606 0.15145513560863783 141 -0.18113130856679474 -0.9834589208792 0.0
 815  212 2196 96.253377 19.841218 0.9638725844296542 0.20760882286706123 132 -0.18106187973639407 -0.9834717055951959 0.0
 816  214 2196 96.277288 19.841141 0.6627822889171484 0.07570207745678764 131 -0.181193734786581 -0.9834474213063402 0.0
 817  208 2192 96.217619 19.806893 1.2548589026007582 0.15547160853952205 544 -0.18094384248896958 -0.9834934294977914 0.0
 818  213 2192 96.265260 19.807337 0.5917938150234778 0.37097585353315504 549 -0.18120483028291148 -0.9834453769692251 0.0
 819  199 2189 96.130948 19.776942 -2.042225182056427 0.08373940612902708 22 -0.180537074042537 -0.9835681800953912 0.0
 820  200 2189 96.141400 19.777215 -2.202070148785909 0.09776624590029856 30 -0.18059373811918947 -0.9835577775362958 0.0
 821  199 2188 96.129857 19.765942 -2.091951167944706 0.05821779263335949 33 -0.18055650497378206 -0.9835646132876338 0.0
 822  200 2188 96.141400 19.766214 -2.1442817317114935 0.013591518725470002 36 -0.18061926752963492 -0.983553089668808 0.0
 823  199 2186 96.135401 19.749214 -2.0808479063438647 0.09102707597474291 132 -0.18062568061943798 -0.9835519119501344 0.0
 824  201 2189 96.150398 19.780215 -1.4641031970580418 0.6050342355206856 6 -0.1806365183566621 -0.9835499215779457 0.0
 825  201 2189 96.155826 19.780929 -0.086765498987266 0.21472773399097309 7 -0.1806644170328428 -0.9835447973621654 0.0
 826  201 2189 96.150398 19.775215 -1.8962973753611247 0.1143497642963988 9 -0.18064753679152581 -0.9835478978937194 0.0
 827  202 2189 96.156397 19.775215 -0.5407296336359448 0.42928523726217066 9 -0.18068052533396964 -0.9835418383399056 0.0
 828  202 2189 96.164395 19.778215 0.6568590433282011 0.2977108073225635 34 -0.180717678202504 -0.9835350124856238 0.0
 829  201 2188 96.150398 19.769214 -2.015738738907708 0.06618646238150662 9 -0.18066202381830038 -0.9835452369616132 0.0
 830  202 2188 96.156397 19.769214 -1.2624518341488309 0.5871697686534755 9 -0.18069434723899566 -0.9835392991008917 0.0
 831  201 2187 96.150398 19.763214 -2.0723086065716214 0.05333030703243125 9 -0.18067518757947662 -0.9835428188915422 0.0
 832  202 2187 96.156397 19.763214 -1.7970295084847345 0.24760863744552125 9 -0.180708667990229 -0.9835366680064334 0.0
 833  202 2188 96.162396 19.769214 0.05148472719722324 0.3018168568301304 9 -0.18072780635291782 -0.9835331514549279 0.0
 834  203 2188 96.168394 19.769214 0.932780941327413 0.206941816112682 9 -0.18076013055057735 -0.9835272112165165 0.0
 835  202 2187 96.162396 19.763214 -0.2042793913020028 0.5035980166644938 9 -0.18074106118059596 -0.9835307157396316 0.0
 836  203 2187 96.168394 19.763214 0.966639432642195 0.19135141386098647 9 -0.1807743010019049 -0.983524606757387 0.0
 837  204 2189 96.175687 19.778450 1.4290437487994923 0.1101382804043775 34 -0.18077896860188694 -0.9835237488292989 0.0
 838  205 2189 96.187390 19.778215 1.5478799508677588 0.03710131682605428 36 -0.18084370966797397 -0.9835118467377634 0.0
 839  204 2188 96.177393 19.766214 1.447620256079568 0.07189979043182297 36 -0.1808166555523183 -0.9835168209415 0.0
 840  205 2188 96.188777 19.766440 1.4998122415234965 0.06404986114108437 31 -0.18087858283098687 -0.9835054337791194 0.0
 841  201 2186 96.153398 19.755214 -2.035375090440114 0.0799181744899329 30 -0.18071045335079303 -0.983536339974152 0.0
 842  202 2187 96.162396 19.757214 -0.9898416913217969 0.6893882073898117 9 -0.18075492094698156 -0.9835281686629268 0.0
 843  203 2187 96.168109 19.757785 0.8517342635563442 0.2534368675039982 7 -0.18078515309687823 -0.9835226120530927 0.0
 844  202 2186 96.162396 19.752214 -1.606648047765096 0.40756226327385947 6 -0.18076701798339787 -0.9835259453666639 0.0
 845  203 2186 96.168644 19.752964 0.6564966570585966 0.38217090897144834 8 -0.18079925437856345 -0.9835200199366333 0.0
 846  201 2185 96.153398 19.744213 -2.103466752502653 0.0564034338861075 36 -0.18073587150407672 -0.9835316694197813 0.0
 847  202 2185 96.162396 19.747214 -1.8624309168921576 0.14434906727450844 9 -0.18077841826371907 -0.9835238499853818 0.0
 848  203 2185 96.168394 19.747214 0.04324609041213989 0.5759227760644716 9 -0.18081118977968552 -0.9835178257919145 0.0
 849  202 2185 96.162396 19.741213 -2.0101552142037287 0.07148757183328129 9 -0.18079232562356584 -0.9835212936157625 0.0
 850  203 2185 96.168394 19.741213 -0.7360904001527362 0.7542455521517434 9 -0.18082516032924698 -0.9835152573254277 0.0
 851  204 2186 96.177393 19.755214 1.36651797691981 0.05616459918277858 30 -0.18084201705998504 -0.9835121579653584 0.0
 852  205 2186 96.189663 19.755759 1.3989829583601519 0.023575165441562986 33 -0.18090806318284167 -0.9835000115279272 0.0
 853  203 2185 96.174393 19.747214 1.1948108010821872 0.14998981717659257 9 -0.1808438569934349 -0.9835118196482124 0.0
 854  204 2185 96.180392 19.747214 1.3699514203601413 0.011109762218568846 9 -0.18087684431048887 -0.9835057535125452 0.0
 855  203 2185 96.174393 19.741213 0.9863990346590678 0.1743684081355958 9 -0.1808580388736399 -0.9835092118403268 0.0
 856  204 2185 96.180392 19.741213 1.3297922213872273 0.051378267429155806 9 -0.1808906841823398 -0.9835032081168038 0.0
 857  205 2185 96.189390 19.744213 1.385128425227271 0.006278354533757046 36 -0.18093314121279594 -0.9834953982662402 0.0
 858  199 2182 96.130862 19.714181 -2.1743224540715493 0.4069999923311645 378 -0.18068202794029495 -0.9835415623039946 0.0
 859  201 2184 96.153398 19.732213 -2.193514949745602 0.07555254747442015 36 -0.18076360889397053 -0.9835265719336859 0.0
 860  202 2184 96.162396 19.735213 -2.1109472380744085 0.037036142893850814 9 -0.18080619804320855 -0.983518743466112 0.0
 861  203 2184 96.168394 19.735213 -1.3417004214392767 0.6462098927909289 9 -0.1808386262771639 -0.9835127814350906 0.0
 862  202 2184 96.162396 19.729213 -2.134062131245931 0.012471457015905229 9 -0.18081958327815897 -0.9835162826832675 0.0
 863  203 2183 96.168394 19.729213 -1.7580311430825128 0.2729197960077532 9 -0.1808527052470616 -0.9835101926288407 0.0
 864  201 2183 96.153398 19.721213 -2.3768858512242637 0.05182867493068416 30 -0.1807890219443839 -0.9835219008971753 0.0
 865  202 2183 96.162396 19.724213 -2.2070820728937783 0.0733380227404994 6 -0.18083132633294152 -0.9835141236488011 0.0
 866  203 2183 96.168394 19.724213 -1.945338209470113 0.12234173280442086 6 -0.180863609038449 -0.983508187523412 0.0
 867  202 2182 96.162396 19.719212 -2.349413686328464 0.011516774206857967 9 -0.18084321157433023 -0.9835119383248392 0.0
 868  203 2182 96.168394 19.719212 -2.0896155171924167 0.14242814706959453 9 -0.18087566239122502 -0.9835059708789448 0.0
 869  203 2184 96.174393 19.735213 0.6806784719228745 0.3456592701894803 9 -0.18087139944538227 -0.9835067548637728 0.0
 870  204 2184 96.180392 19.735213 1.2846612135569255 0.07855139512544052 9 -0.18090444625915553 -0.9835006768292883 0.0
 871  203 2183 96.174393 19.729213 0.16990057130654654 0.5719054016301814 9 -0.18088536783814585 -0.9835041859097798 0.0
 872  204 2184 96.180142 19.729463 1.182182438671589 0.13336572635989977 8 -0.18091627217871517 -0.9834985015041746 0.0
 873  205 2184 96.189390 19.733213 1.3817698041598 0.006935084542353418 30 -0.18095832680050894 -0.9834907645532622 0.0
 874  203 2183 96.174393 19.724213 -0.437170406182607 0.652326644480084 6 -0.18089733177155737 -0.9835019854367001 0.0
 875  204 2183 96.180678 19.724641 1.0953922186579024 0.16327837580712046 7 -0.1809301599576307 -0.9834959467215441 0.0
 876  203 2182 96.174393 19.719212 -0.9818414681487613 0.6774687980190198 9 -0.18090821871218196 -0.9834999829193619 0.0
 877  204 2182 96.180392 19.719212 0.826736761464013 0.25751553459419324 9 -0.18094142183274753 -0.9834938748488187 0.0
 878  205 2183 96.189390 19.722213 1.3684156040350597 0.04564563644974303 36 -0.18098362815758223 -0.983486108869321 0.0
 879  201 2181 96.153398 19.710212 -2.5810631778505115 0.05471898399822102 36 -0.18081428002895794 -0.9835172576714705 0.0
 880  202 2182 96.162396 19.713212 -2.4055316183302136 0.058993752555628394 9 -0.18085643726298664 -0.9835095063600247 0.0
 881  203 2182 96.168394 19.713212 -2.167651057243347 0.16352273642980505 9 -0.18088959114164355 -0.9835034091535265 0.0
 882  202 2181 96.162396 19.707212 -2.4974488152398004 0.07064835499227788 9 -0.18087043212743892 -0.9835069327574838 0.0
 883  203 2181 96.168394 19.707212 -2.2093250486585827 0.16908920783907308 9 -0.18090299083530628 -0.9835009445378489 0.0
 884  201 2180 96.153398 19.698212 -2.599706855085161 0.0931121429871502 36 -0.18084197187053383 -0.9835121662745088 0.0
 885  202 2180 96.162396 19.701212 -2.4471157126956515 0.08539682051394316 9 -0.18088414544041395 -0.9835044107314878 0.0
 886  203 2180 96.168394 19.701212 -2.129139290915595 0.15259350920078465 9 -0.18091722181055855 -0.9834983268172596 0.0
 887  202 2180 96.162396 19.695211 -2.3381898403167725 0.04531831368321069 9 -0.1808981914015833 -0.9835018273229775 0.0
 888  203 2180 96.168394 19.695211 -2.0242569976382785 0.10135542885406348 9 -0.1809312856793993 -0.9834957396259525 0.0
 889  203 2182 96.174393 19.713212 -1.3752326965332031 0.4750257074867923 9 -0.1809221273517587 -0.9834974244168178 0.0
 890  204 2182 96.180392 19.713212 0.5489735984139972 0.4341586864993211 9 -0.18095472624772324 -0.9834914270336125 0.0
 891  203 2181 96.174393 19.707212 -1.5262874099943373 0.3583193298619935 9 -0.180936407407724 -0.9834947973804365 0.0
 892  204 2181 96.180392 19.707212 0.4051345967584186 0.4480181972134978 9 -0.18096885647855895 -0.9834888270767709 0.0
 893  205 2181 96.189390 19.710212 1.3319859587483935 0.15652574254065404 36 -0.18101127471292217 -0.9834810208777814 0.0
 894  203 2180 96.174393 19.701212 -1.4859100182851155 0.30316059621887376 9 -0.1809497118318562 -0.9834923496336756 0.0
 895  204 2180 96.180392 19.701212 0.34436769700712627 0.3875768887396062 9 -0.1809829323810441 -0.983486236907644 0.0
 896  203 2180 96.174393 19.696211 -1.5326031843821208 0.20824452293084542 6 -0.1809616325876345 -0.9834901562960445 0.0
 897  204 2180 96.180392 19.696211 0.17529508968194327 0.38668985591240973 6 -0.18099394692853937 -0.9834842099267425 0.0
 898  205 2180 96.186391 19.701212 1.1348270906342401 0.16628772484610516 9 -0.1810153623205274 -0.9834802685381991 0.0
 899  205 2180 96.192389 19.701212 1.4093357854419284 0.04025381324013712 9 -0.18104815243409736 -0.9834742327586421 0.0
 900  205 2180 96.186391 19.696211 1.01335871219635 0.16160699127776626 6 -0.18102712528288464 -0.983478103422651 0.0
 901  205 2180 96.192389 19.696211 1.3517447113990784 0.01113851850086717 6 -0.181059628462907 -0.9834721200628281 0.0
 902  211 2184 96.242687 19.739187 1.032801260536923 0.23121930780001426 2145 -0.18123658598550188 -0.9834395252888304 0.0
 903  204 2214 96.179997 20.000839 1.2485200742880502 0.32838695007822066 420 -0.18028722650012968 -0.9836140076070953 0.0
 904  210 2215 96.237726 20.010443 0.8026773838875189 0.1525435128393803 2155 -0.1805856377710221 -0.9835592648289341 0.0
 905  203 2204 96.172365 19.915555 1.3170446834764997 0.275572719786619 849 -0.18044333447942865 -0.9835853816735713 0.0
 906  211 2205 96.239529 19.919989 1.0764278089477064 0.2512695502264888 2165 -0.18080441575821954 -0.9835190711126698 0.0
 907  211 2229 96.240112 20.138263 0.7165655048767248 0.18713559125109525 3823 -0.18030251297263003 -0.9836112056172167 0.0
 908  213 2248 96.255327 20.314412 0.574093374532944 0.16797684384122738 2148 -0.17997725799221148 -0.9836707714502881 0.0
 909  226 1890 96.425644 17.084322 -0.11019056435619277 0.33787531455843695 7903 -0.18781561279397915 -0.9822043044045481 0.0
 910  225 1910 96.422979 17.258753 0.02778504761617358 0.369797605704146 8487 -0.1874584081464416 -0.9822725412100259 0.0
 911  225 1929 96.420433 17.439252 -0.06175561484154311 0.37580162170371173 8491 -0.18708627213791715 -0.9823434871660406 0.0
 912  221 1955 96.370249 17.664552 -0.0780610638904549 0.46102574349893505 2126 -0.18638650500582443 -0.9824764988292156 0.0
 913  228 1957 96.440283 17.687870 0.15150382461433765 0.3262412040237749 512 -0.1866824355022364 -0.982420311412052 0.0
 914  233 1957 96.487675 17.688632 0.44236559098336237 0.3329474870130432 536 -0.1869135839472144 -0.982376359719638 0.0
 915  227 1953 96.429569 17.653812 0.1482494451903871 0.20446629580978545 140 -0.18669875877598266 -0.9824172094744205 0.0
 916  229 1953 96.453335 17.654127 0.15228040443940294 0.30623452909549387 144 -0.18681455737690889 -0.9823951960143482 0.0
 917  227 1951 96.429340 17.631126 -0.7858018822911562 0.4186454496344637 132 -0.1867435101564015 -0.9824087038572418 0.0
 918  229 1951 96.453335 17.631126 -0.407418942897383 0.31644857375274577 132 -0.1868609326490555 -0.9823863760504445 0.0
 919  233 1952 96.488328 17.643126 0.5156094752153512 0.18495937517328437 529 -0.18700809002041105 -0.9823583736432026 0.0
 920  218 1947 96.347623 17.596416 -0.11469997849364515 0.510770270155841 531 -0.18641502414221728 -0.9824710880092383 0.0
 921  223 1947 96.394749 17.596890 -0.100335916047258 0.30855058267134505 538 -0.1866438721042194 -0.9824276385596773 0.0
 922  218 1942 96.348357 17.551123 0.45395102688518046 0.22129090872730628 529 -0.1865109174834963 -0.982452888264605 0.0
 923  223 1942 96.395125 17.551822 0.23702996325130773 0.2988847769971966 535 -0.18673694642428545 -0.9824099515172541 0.0
 924  228 1947 96.441485 17.597689 -0.503578906158142 0.4715940524868706 535 -0.18687029903144875 -0.9823845944129503 0.0
 925  233 1947 96.489019 17.597923 0.11646303436549062 0.23938612386343444 521 -0.18710197690089053 -0.9823404960805487 0.0
 926  228 1942 96.442571 17.552481 -0.5750723727453312 0.48083166818299655 514 -0.18696650740269324 -0.9823662886671338 0.0
 927  233 1942 96.489328 17.553123 -0.292462443102799 0.2723037595087753 552 -0.18719299956480265 -0.9823231550329719 0.0
 928  226 1970 96.415410 17.800538 -0.14818034410555295 0.3828047351822278 8530 -0.18633097607919116 -0.982487031646411 0.0
 929  217 1998 96.329361 18.059143 -0.6766675927422263 0.3321037945480632 132 -0.18536837048573715 -0.9826691036271888 0.0
 930  219 1998 96.353012 18.058925 0.1566547757247463 0.1403625729908473 128 -0.18548723054476082 -0.9826466747029855 0.0
 931  217 1996 96.329132 18.036457 -0.7930809617840818 0.25028984060777193 140 -0.18541479855319587 -0.9826603444107621 0.0
 932  219 1996 96.353356 18.037142 0.3060190459769784 0.3053955753684592 132 -0.18553447347989976 -0.9826377558136754 0.0
 933  223 1997 96.388380 18.048594 0.16874617676122738 0.321443389140632 517 -0.1856859177890947 -0.98260914912025 0.0
 934  218 1992 96.341594 18.002818 0.22381258560070658 0.3718345977275248 544 -0.18554724006450074 -0.9826353452346636 0.0
 935  222 1993 96.377096 18.014704 0.532047155782254 0.4094003753218918 137 -0.1856998377908906 -0.9826065185232781 0.0
 936  224 1993 96.400541 18.014995 0.028402508607482523 0.2734124527273129 123 -0.1858164113578117 -0.9825844804748876 0.0
 937  222 1991 96.377603 17.991745 0.19761316885622285 0.41809654840503513 139 -0.18574993760857317 -0.9825970489872291 0.0
 938  224 1991 96.401346 17.992141 -0.4324113816126353 0.32813144923729637 144 -0.18586763525099584 -0.9825747921487721 0.0
 939  228 1997 96.435339 18.049143 0.033660573466424495 0.4464894961811908 552 -0.18592012101322997 -0.9825648622876894 0.0
 940  233 1997 96.482260 18.049477 -0.08847658261942223 0.3128609480251627 522 -0.18615467086906148 -0.9825204519569206 0.0
 941  228 1992 96.435806 18.004234 -0.5240864176950399 0.4109764244745325 518 -0.18601489078272634 -0.9825469252952199 0.0
 942  233 1992 96.483596 18.004653 -0.24229576023364507 0.3696857752999693 540 -0.18625305135299003 -0.9825018070526387 0.0
 943  221 1984 96.366353 17.935140 -0.30993222557096334 0.37897109153892705 2115 -0.18581114011475175 -0.9825854773042679 0.0
 944  230 1985 96.460193 17.936733 -0.32734030211008247 0.3506132705811374 2128 -0.18627496411470543 -0.9824976527931581 0.0
 945  218 2017 96.338394 18.228485 -0.08389662452592923 0.3235817998726001 514 -0.18505836171040618 -0.9827275323104877 0.0
 946  223 2017 96.385349 18.229151 -0.71698487188964 0.27665883414851017 552 -0.1852944581571833 -0.9826830433950897 0.0
 947  217 2013 96.327133 18.194463 0.14914219528436662 0.4494729213783717 140 -0.18507311830955112 -0.9827247533664648 0.0
 948  219 2013 96.350833 18.194911 0.5052209104455653 0.19044794143838178 126 -0.18519172089488284 -0.982702409945143 0.0
 949  217 2011 96.327597 18.171501 -0.7643586274455575 0.2973939729530576 136 -0.18512376660273722 -0.9827152135989425 0.0
 950  219 2011 96.351356 18.172148 -0.20086887603004774 0.23030612299113085 144 -0.18524212807676924 -0.9826929092985203 0.0
 951  223 2012 96.385897 18.184112 -0.2792817219313616 0.43892424947592834 517 -0.18539135426482325 -0.9826647677432294 0.0
 952  227 2018 96.421342 18.241151 -0.7651590540102033 0.25650264957982405 132 -0.18545153210778414 -0.9826534125717346 0.0
 953  229 2018 96.444337 18.241151 -0.2929392302762871 0.3546104866381842 121 -0.18556817412828516 -0.9826313921052464 0.0
 954  227 2016 96.421342 18.218150 -0.1559346760623157 0.3140060648687247 144 -0.18549950485404654 -0.9826443576894458 0.0
 955  229 2016 96.445188 18.218971 0.28193031001224444 0.08229978530932688 134 -0.18561856405391253 -0.9826218747201608 0.0
 956  233 2017 96.479863 18.230429 0.1167283301820626 0.1809367950421352 518 -0.18577039727402414 -0.9825931810757955 0.0
 957  228 2012 96.433599 18.184577 -0.4130739963935432 0.39733764893661755 538 -0.18563128166531037 -0.9826194722614112 0.0
 958  233 2012 96.480687 18.184926 0.20668345100803082 0.1806372500971534 537 -0.18586849410253997 -0.9825746296847145 0.0
 959  221 2004 96.363740 18.115775 -0.29600010028093304 0.3046942464622599 2142 -0.1854225770330563 -0.9826588766842848 0.0
 960  231 2005 96.458131 18.117300 0.01752954467485629 0.3403855648806443 2124 -0.18589414097457496 -0.9825697778536264 0.0
 961  220 2035 96.359345 18.387046 -0.7324248656331659 0.2841142488292981 2144 -0.1848298633874386 -0.9827705335428921 0.0
 962  231 2035 96.454195 18.388075 0.2254174321886389 0.2524392024955834 2136 -0.185312203574455 -0.9826796971579193 0.0
 963  220 2024 96.360566 18.296379 -0.11320078528581935 0.40019089388445556 2140 -0.18502758383607548 -0.9827333276223943 0.0
 964  228 2027 96.431221 18.320025 0.2737135464806117 0.2961612604428388 531 -0.18533725921236552 -0.9826749718740415 0.0
 965  233 2027 96.479034 18.320450 0.3923298224143571 0.19100310000356838 528 -0.18557977657779312 -0.9826292009325474 0.0
 966  227 2023 96.419777 18.286109 -0.38362550654489064 0.14592623349938574 138 -0.1853499176927902 -0.9826725843388914 0.0
 967  229 2023 96.443337 18.286153 0.10029607866373327 0.30872639686036857 144 -0.1854695307981406 -0.9826500155933026 0.0
 968  227 2021 96.420440 18.263070 -0.8709715367829214 0.31876890696668425 122 -0.18540126072248814 -0.9826628987208746 0.0
 969  229 2021 96.443421 18.263228 -0.6976770358799979 0.4047771374957126 131 -0.18551771927592917 -0.9826409190719962 0.0
 970  233 2022 96.479288 18.275193 0.27498604000263766 0.12453322869425851 551 -0.18567487476809022 -0.9826112358811363 0.0
 971  218 2057 96.332667 18.589125 -0.6324344807835383 0.3037039816092234 535 -0.18426236700235465 -0.9828770930826954 0.0
 972  222 2058 96.367353 18.601166 -0.17378827212660602 0.5956515777071523 132 -0.1844158004738905 -0.9828483161381385 0.0
 973  224 2058 96.391348 18.601166 0.46438363363797014 0.2180433254300763 132 -0.18453975579573156 -0.9828250498083836 0.0
 974  222 2056 96.368255 18.579247 -1.082850344112662 0.17642210163151975 122 -0.18446709208406442 -0.9828386907005896 0.0
 975  224 2056 96.391348 18.579165 0.41062477247958834 0.2811729869945655 132 -0.1845866238653236 -0.9828162484869699 0.0
 976  218 2052 96.333538 18.544380 -0.7932347961147551 0.19677719992785495 533 -0.18436266283521136 -0.9828582850809725 0.0
 977  222 2053 96.369353 18.556164 -0.5442564608787911 0.3848400634583131 144 -0.18452203728412472 -0.982828376552344 0.0
 978  224 2053 96.392124 18.556780 0.20100644725561143 0.09867569313829189 125 -0.18463814168646678 -0.9828065713224389 0.0
 979  222 2051 96.369353 18.533163 -0.6348512969685324 0.23682369025131333 132 -0.184571133188979 -0.9828191577260468 0.0
 980  224 2051 96.393576 18.533849 0.12388844112200396 0.19888270719433296 140 -0.18469430537063442 -0.982796018288464 0.0
 981  230 2055 96.451221 18.568838 0.3444826879116922 0.10121762941964348 2149 -0.18491745036262533 -0.9827540570007259 0.0
 982  218 2047 96.333915 18.499403 -0.7045274312730623 0.15257720860399226 539 -0.1844607649948554 -0.9828398781986376 0.0
 983  222 2048 96.369353 18.511162 -0.6197443019147172 0.20892289306222922 132 -0.18461791064479022 -0.9828103718770739 0.0
 984  224 2048 96.393348 18.511162 0.20560295795175162 0.1936878419459116 132 -0.18474128031231551 -0.9827871892472788 0.0
 985  222 2046 96.369092 18.488640 -0.4819379552550938 0.12193081066079127 138 -0.18466433641754193 -0.9828016498029848 0.0
 986  224 2046 96.393348 18.489161 0.1940117154947736 0.2066862073405191 132 -0.18478788725384726 -0.9827784270751263 0.0
 987  218 2042 96.334961 18.453935 -0.663569887249456 0.15602344707063082 519 -0.18456315267976278 -0.9828206564134204 0.0
 988  222 2043 96.369779 18.465822 -0.5700044995721649 0.14154954757312457 136 -0.1847162818660933 -0.9827918880483121 0.0
 989  224 2043 96.393348 18.466160 -0.13376513144208324 0.34326519850321846 144 -0.18483659855335485 -0.9827692668349098 0.0
 990  222 2041 96.370548 18.443013 -0.7500830934784277 0.19111396537027683 123 -0.18476859145429295 -0.9827820549908289 0.0
 991  224 2041 96.393517 18.443298 -0.2794596931109062 0.16138459814279843 130 -0.18488579244941994 -0.9827600133045454 0.0
 992  230 2044 96.452531 18.478203 0.25331298572873756 0.15680004835541692 2137 -0.18511489462685424 -0.9827168848591585 0.0
 993  216 2079 96.311222 18.786316 -1.1077988037041255 0.35055310152943514 35 -0.18372583677664306 -0.9829775261422422 0.0
 994  217 2079 96.323362 18.787174 0.35493700380126636 0.3185972161130958 30 -0.18378736592294 -0.982966023892539 0.0
 995  216 2078 96.311526 18.775367 -1.5168862323607168 0.20145685547864603 31 -0.18375122702044902 -0.9829727801767857 0.0
 996  217 2078 96.323362 18.776173 -0.21154558637903798 0.6456246738027626 36 -0.18381099847639948 -0.9829616049669025 0.0
 997  219 2079 96.335360 18.787174 0.9911042471726735 0.180737789494321 30 -0.18384987232050573 -0.9829543348740742 0.0
 998  220 2079 96.347357 18.787174 1.3642512877782187 0.07432770239026688 30 -0.18391243379417127 -0.9829426314368019 0.0
 999  219 2078 96.335360 18.776173 1.039111574490865 0.22028764432784692 36 -0.18387374679486687 -0.9829498691386135 0.0
1000  220 2078 96.347357 18.776173 1.4131143391132355 0.009657909326959414 36 -0.1839361722276138 -0.9829381895858221 0.0
1001  216 2076 96.311365 18.764173 -1.6848629315694172 0.023312101657833536 36 -0.18377450766305622 -0.9829684279432382 0.0
1002  217 2076 96.323362 18.764173 -1.1783766075968742 0.34302231327148447 36 -0.18383713736580617 -0.9829567167099199 0.0
1003  216 2075 96.312134 18.753326 -1.6680024953988881 0.02388801346372701 26 -0.18380212885891817 -0.9829632635184946 0.0
1004  217 2075 96.323362 18.753172 -1.3503174781799316 0.12332990614383511 30 -0.1838608952141353 -0.9829522731094612 0.0
1005  219 2076 96.335360 18.764173 0.4602116404308213 0.727151836029763 36 -0.18389954836904607 -0.9829450422631272 0.0
1006  220 2076 96.347357 18.764173 1.3546619017918904 0.08017086312944384 36 -0.18396213815224935 -0.9829333302551363 0.0
1007  219 2075 96.335360 18.753172 -0.8002546553810438 0.6022651025758718 30 -0.18392343397319924 -0.982940573196318 0.0
1008  220 2075 96.347357 18.753172 0.8594302366177241 0.3154370355726598 30 -0.18398577512527947 -0.9829289061532122 0.0
1009  223 2077 96.377549 18.770932 0.6859902256192305 0.3489070218028152 546 -0.1841049187220983 -0.9829065972422455 0.0
1010  217 2073 96.318885 18.735911 -1.6052742410397185 0.11674478491890723 138 -0.18387477145399014 -0.9829496774620473 0.0
1011  219 2074 96.335360 18.742172 -1.4200491706530254 0.18289170971695395 36 -0.18394703672936666 -0.9829361564610821 0.0
1012  220 2074 96.347357 18.742172 -0.1708267947865857 0.770009935569271 36 -0.18400945460994025 -0.9829244735045274 0.0
1013  219 2073 96.336553 18.730010 -1.6605155160350185 0.14837881890017462 31 -0.18397955634946375 -0.9829300701705358 0.0
1014  220 2073 96.347232 18.730796 -0.87551215197891 0.632886959930473 32 -0.18403327734589137 -0.9829200134442936 0.0
1015  217 2071 96.319363 18.713171 -1.6108228559746887 0.39127834885217183 132 -0.18392646526660178 -0.9829400059894468 0.0
1016  219 2071 96.337359 18.719171 -1.6571738004684449 0.138323346909022 30 -0.18400696779979978 -0.9829249390472923 0.0
1017  220 2071 96.348957 18.719571 -1.040889916817347 0.5065578670772 30 -0.1840666983953735 -0.9829137553935374 0.0
1018  219 2070 96.337359 18.708170 -1.9545049899154239 0.14529413640736455 36 -0.18403070474353697 -0.9829204951121923 0.0
1019  220 2070 96.349357 18.708170 -0.8752122217168411 0.7217454548211281 36 -0.18409316592837136 -0.9829087985456583 0.0
1020  222 2073 96.365353 18.737172 0.76768123922926 0.056426802710142096 132 -0.18411389855673072 -0.9829049152172563 0.0
1021  224 2073 96.389349 18.737172 0.6574309766292572 0.09847672040022425 132 -0.184238864906358 -0.9828814987871207 0.0
1022  221 2071 96.359649 18.720406 0.5433846199337173 0.11494891787603272 34 -0.18412043873842102 -0.9829036901135183 0.0
1023  222 2071 96.371352 18.720171 0.6451537112394968 0.06762253397539504 36 -0.18418172913206782 -0.982892207036927 0.0
1024  221 2070 96.360900 18.707898 0.5909102134632341 0.07039298672282861 33 -0.18415370350166763 -0.9828974582766098 0.0
1025  222 2070 96.371807 18.708443 0.6924070372725978 0.058396180817452445 33 -0.1842091639858936 -0.9828870656914854 0.0
1026  224 2071 96.389093 18.714733 0.7352822849350255 0.09635952308556307 137 -0.18428558931072778 -0.9828727392559007 0.0
1027  230 2074 96.448629 18.748979 0.4375725104438519 0.13883960892689892 2128 -0.18452243851537578 -0.9828283012227209 0.0
1028  217 2068 96.319363 18.691170 -1.7167229706590825 0.3409702080108997 132 -0.18397389038096862 -0.9829311306790985 0.0
1029  219 2069 96.337087 18.696624 -1.9248208024285056 0.18087699114316588 33 -0.18405421916857542 -0.9829160922511372 0.0
1030  220 2069 96.349357 18.697170 -0.6792499149839083 0.6361849119108476 30 -0.18411687049813266 -0.9829043585201838 0.0
1031  219 2068 96.337632 18.685715 -1.8342831387664333 0.21988423573499136 33 -0.18408048302670746 -0.9829111738955123 0.0
1032  220 2068 96.349357 18.686169 -0.8700301179455386 0.46356993338280617 36 -0.1841406269831671 -0.9828999081769446 0.0
1033  217 2066 96.319222 18.668324 -1.495499509321132 0.14852351808705308 142 -0.1840224817223672 -0.9829220346602985 0.0
1034  219 2066 96.337359 18.674169 -1.587625715467665 0.2668004753422147 36 -0.18410408439318196 -0.9829067535172133 0.0
1035  220 2066 96.349357 18.674169 -1.1034192227654986 0.21054925543105385 36 -0.1841662509841762 -0.9828951073224617 0.0
1036  219 2065 96.337359 18.663168 -1.3894924759864806 0.17549403733739352 30 -0.18412760333497685 -0.9829023479929822 0.0
1037  220 2065 96.349357 18.663168 -1.1888144751389822 0.08008088028623242 30 -0.18418999737594202 -0.982890657635248 0.0
1038  221 2069 96.361354 18.697170 0.6716879030068715 0.12767043812352127 30 -0.18417929921634318 -0.9828926623696896 0.0
1039  222 2069 96.372995 18.696956 0.8140615820884705 0.0506396080084286 28 -0.1842400001289834 -0.9828812859915851 0.0
1040  221 2068 96.361354 18.686169 0.6474116643269857 0.269980972434953 36 -0.18420280642540987 -0.9828882571813558 0.0
1041  222 2068 96.373352 18.686169 0.9471490846739875 0.035707317468275 36 -0.18426504592035278 -0.9828765908556223 0.0
1042  224 2068 96.390379 18.691954 0.8339697007949536 0.08808712781038182 130 -0.18434100398415926 -0.9828623475594699 0.0
1043  221 2066 96.361354 18.674169 0.5240312974072165 0.4845420749350803 36 -0.18422859307420764 -0.9828834241627529 0.0
1044  222 2066 96.373209 18.674312 0.9568604486329215 0.0403633795575072 35 -0.184289740124206 -0.9828719609821782 0.0
1045  221 2065 96.361354 18.663168 0.16185296227534612 0.6784397693730733 30 -0.18425189775444173 -0.9828790557204313 0.0
1046  222 2065 96.373513 18.663362 0.8204703273311738 0.035464712505874886 31 -0.18431477641026436 -0.9828672663166854 0.0
1047  224 2066 96.391264 18.669092 0.7084446808764042 0.09706049615047413 131 -0.18439448938473663 -0.9828523145847203 0.0
1048  217 2063 96.319512 18.645347 -1.3419729159839118 0.07250996379795693 134 -0.18407352281860867 -0.9829124773839975 0.0
1049  219 2064 96.337359 18.652168 -1.2933719522423215 0.10306605694539357 36 -0.18415113367603025 -0.9828979397505282 0.0
1050  220 2064 96.349357 18.652168 -1.1444144116507635 0.06365668341197474 36 -0.18421353782162075 -0.9828862459528276 0.0
1051  219 2063 96.337359 18.640168 -1.2115178803602855 0.06774890006065318 36 -0.184177028642963 -0.98289308783827 0.0
1052  220 2063 96.349357 18.640168 -0.8780886183182398 0.13603791396204656 36 -0.18423933162279915 -0.9828814113020881 0.0
1053  217 2061 96.320073 18.623360 -0.9551128349717586 0.281801018376072 124 -0.1841238108762617 -0.9829030584286543 0.0
1054  219 2061 96.343358 18.623167 -0.7784953119628357 0.2428764896756239 132 -0.18424454970567505 -0.9828804331676122 0.0
1055  221 2064 96.361354 18.652168 0.09540986497369078 0.7105887520392364 36 -0.18427583027375125 -0.9828745689949048 0.0
1056  222 2064 96.373352 18.652168 0.7949579209089279 0.0396025908649369 36 -0.18433788506381402 -0.9828629325242663 0.0
1057  221 2063 96.361354 18.640168 0.41804566606879234 0.5269548377979242 36 -0.18430138764516205 -0.9828697769857753 0.0
1058  222 2063 96.373352 18.641168 0.9063590506712595 0.075089153579836 30 -0.18436119277050023 -0.9828585608317396 0.0
1059  224 2063 96.391348 18.647168 0.6111610653725538 0.07517877575206919 132 -0.18444170152047112 -0.9828434558668199 0.0
1060  222 2061 96.367614 18.623689 0.6628083059753197 0.24621170749525154 138 -0.18436902365875718 -0.982857091908644 0.0
1061  224 2061 96.391348 18.624167 0.6380288774768511 0.10653125957744645 144 -0.18449078649644 -0.9828342432465024 0.0
1062  230 2065 96.449981 18.659301 0.405227420602478 0.09805343129644445 2131 -0.1847198482296926 -0.9827912177415911 0.0
1063  216 2099 96.309365 18.967181 0.7476609865824382 0.06314759961466526 30 -0.18332171594130323 -0.9830529733764789 0.0
1064  217 2099 96.321613 18.967556 0.9359433967620134 0.0460106715323652 32 -0.18338553204600228 -0.9830410706761974 0.0
1065  216 2098 96.309365 18.956181 0.7044257058037652 0.09111260130955316 36 -0.18334591400788555 -0.983048460563676 0.0
1066  217 2098 96.321363 18.956181 0.9451788796318902 0.036318109150756145 36 -0.18340900021599643 -0.9830366924178205 0.0
1067  219 2098 96.339282 18.962104 0.8454525508247055 0.142071924155729 143 -0.18349047118997242 -0.9830214885659835 0.0
1068  216 2096 96.309365 18.944180 0.6223864720927345 0.14054789208451215 36 -0.18337222754931207 -0.9830435525263382 0.0
1069  217 2096 96.321363 18.945180 0.959585436185201 0.024582972706045893 30 -0.18343316445669983 -0.9830321836935967 0.0
1070  216 2095 96.309365 18.933180 0.4641321072975794 0.1952907802931665 30 -0.18339611759125238 -0.98303909589215 0.0
1071  217 2095 96.321363 18.934180 0.9398672249582078 0.07249020850464195 36 -0.18345714781462058 -0.9830277081118947 0.0
1072  219 2096 96.339359 18.939180 0.743206801739606 0.14627615269149744 132 -0.18354076574577344 -0.9830120992691063 0.0
1073  223 2097 96.374531 18.951054 0.5942056779828027 0.1491219194777193 535 -0.1837001109847161 -0.9829823341363786 0.0
1074  216 2094 96.309365 18.922179 0.32420816603634095 0.16356605505271035 36 -0.18342030524003988 -0.9830345831280051 0.0
1075  217 2094 96.321363 18.922179 0.7644899702734418 0.07892081139127102 36 -0.1834834263170648 -0.9830228035335448 0.0
1076  216 2093 96.309204 18.910985 0.24547904657740746 0.18103461701387605 31 -0.18344386346608318 -0.9830301872051729 0.0
1077  217 2093 96.321363 18.911179 0.7002170622348786 0.04995474368636656 30 -0.1835072121440337 -0.9830183635574284 0.0
1078  219 2093 96.339359 18.917179 0.8310740739107132 0.13971859637856285 132 -0.1835887646628775 -0.9830031360527588 0.0
1079  216 2091 96.309508 18.900035 0.25465456417628696 0.19975830889691776 35 -0.18346927820295406 -0.9830254442056355 0.0
1080  217 2091 96.321363 18.900178 0.7187148332595825 0.0642100919958462 36 -0.18353105549603857 -0.9830139122456559 0.0
1081  216 2090 96.309365 18.888178 0.08172414762278397 0.4914874203936131 36 -0.18349447485619416 -0.9830207412345121 0.0
1082  217 2090 96.321363 18.888178 0.8799923376904594 0.16835277756794456 36 -0.1835574514975699 -0.983008983682101 0.0
1083  219 2091 96.339167 18.894412 1.224627492275644 0.20831760948196104 141 -0.18363722351028997 -0.9829940844895415 0.0
1084  223 2092 96.375351 18.906179 0.6897270448336547 0.31846178245990625 528 -0.18380168338459463 -0.9829633468166497 0.0
1085  231 2094 96.446098 18.929728 0.49424757817134596 0.17803043821391307 2144 -0.18412288411233663 -0.9829032320356643 0.0
1086  216 2089 96.310134 18.877331 -0.323388723226694 0.5301866124269656 26 -0.18352227907519886 -0.9830155507839359 0.0
1087  217 2089 96.321363 18.877177 0.8867365181446075 0.18700047203467368 30 -0.18358139103401197 -0.9830045131463117 0.0
1088  216 2088 96.311365 18.866177 -0.6694537902043926 0.6757982750819651 36 -0.18355283026960048 -0.9830098465936234 0.0
1089  217 2088 96.322556 18.866016 0.7994355424757926 0.14129559135486539 31 -0.1836118113113573 -0.9829988315084421 0.0
1090  219 2088 96.339642 18.871521 1.1487762069524223 0.12882681739793916 134 -0.18368944139076546 -0.9829843280142103 0.0
1091  216 2086 96.311365 18.854176 -1.5057635528759823 0.6276336348654382 36 -0.18357888068765532 -0.983004981963707 0.0
1092  217 2086 96.323362 18.854176 0.6230103582557704 0.23528339724903388 36 -0.1836417837874197 -0.9829932325542097 0.0
1093  216 2085 96.311365 18.843176 -1.519830991824468 0.44534169020780134 30 -0.18360311911505223 -0.9830004550615548 0.0
1094  217 2085 96.323362 18.843176 0.6293639687200387 0.288771917924712 30 -0.1836655966135795 -0.9829887835680414 0.0
1095  219 2086 96.340743 18.848952 0.9870723152160644 0.044790465327584246 125 -0.18374426925122347 -0.9829740807963016 0.0
1096  223 2087 96.375519 18.861316 0.7995458873410295 0.18958844108407566 548 -0.18389954591464486 -0.982945042722322 0.0
1097  216 2084 96.311365 18.832175 -1.2928439163499408 0.392466238172948 36 -0.1836269984194979 -0.9829959946263492 0.0
1098  217 2084 96.323362 18.832175 0.6343852801041471 0.33801315457674597 36 -0.18368970480714192 -0.9829842787897806 0.0
1099  216 2083 96.311365 18.820175 -1.1052244992719755 0.3995755477430007 36 -0.18365300981850566 -0.9829911352522992 0.0
1100  217 2083 96.323127 18.820469 0.47894148791537566 0.364298127478782 34 -0.18371373472158947 -0.9829797880295634 0.0
1101  219 2083 96.341358 18.827175 1.1564463449246956 0.065048760170432 132 -0.1837946008476629 -0.9829646711348523 0.0
1102  216 2081 96.311365 18.809175 -0.7023181157807509 0.4286657714100959 30 -0.18367699156204945 -0.9829866544214702 0.0
1103  217 2081 96.323612 18.809550 0.5010888508986682 0.2002784105036152 32 -0.1837401094893259 -0.9829748583584682 0.0
1104  216 2080 96.311365 18.798174 -0.5380170724044243 0.4323767287078151 36 -0.18370085581098858 -0.9829821949426707 0.0
1105  217 2080 96.323362 18.798174 0.5244312435388565 0.15755492591489587 36 -0.18376358801643491 -0.9829704694034943 0.0
1106  219 2081 96.341358 18.804174 1.0650798906054761 0.15114899369309842 144 -0.183844438317461 -0.9829553512239187 0.0
1107  223 2082 96.376478 18.815707 0.7734711577322672 0.342343708144942 519 -0.18400295998253005 -0.9829256893161697 0.0
1108  231 2084 96.447334 18.839194 0.4213720587154248 0.1602117806981988 2146 -0.18432328367868864 -0.982865670930624 0.0
1109  218 2117 96.323787 19.131428 0.8653223224506607 0.3004071394603671 542 -0.18303755970455168 -0.98310592091463 0.0
1110  223 2117 96.371113 19.131845 0.5331019673552087 0.057544000083143323 536 -0.18328816928475805 -0.9830592286328642 0.0
1111  218 2112 96.325099 19.085980 1.0552375131208478 0.25981643234163315 524 -0.18314444614840972 -0.9830860144692284 0.0
1112  223 2112 96.372382 19.087005 0.5724068496827827 0.09587544457770057 528 -0.183392898409784 -0.9830396964583163 0.0
1113  230 2114 96.443052 19.110209 0.4267992745667171 0.26971838738767967 2158 -0.18371765926692532 -0.9829790545446438 0.0
1114  220 2105 96.349561 19.019167 0.845389179814446 0.31101230334104235 2153 -0.1834202098817546 -0.9830346009205032 0.0
1115  228 2107 96.420670 19.041980 0.48617306154141415 0.11181659338496983 513 -0.18374664578999073 -0.9829736365543725 0.0
1116  233 2107 96.467670 19.043350 -0.03564723012694979 0.3524194307234467 544 -0.18399258453762113 -0.9829276315350821 0.0
1117  228 2102 96.421342 18.997183 0.6959834248367427 0.12197820711782524 552 -0.18384717697909966 -0.9829548390016785 0.0
1118  233 2102 96.468627 18.997478 0.50448413190409 0.11363965197406421 529 -0.18409629246456044 -0.9829082129582615 0.0
1119  218 2137 96.321096 19.311685 0.9153044884955441 0.2558676165689971 540 -0.1826246899843153 -0.9831827005232205 0.0
1120  223 2137 96.369208 19.312215 0.5534724658319705 0.08645695931938832 526 -0.18288164983900876 -0.9831349358822328 0.0
1121  218 2132 96.321803 19.266843 0.9001144096255302 0.12803494893539913 536 -0.18272790725730062 -0.983163522466821 0.0
1122  223 2132 96.369353 19.267194 0.6735959610753302 0.10655974547554155 552 -0.18298167345211988 -0.983116324338408 0.0
1123  230 2135 96.440280 19.291097 0.2429373699889173 0.3276408359338278 2136 -0.18330931835935219 -0.9830552852218586 0.0
1124  221 2124 96.346807 19.198959 0.648464935208372 0.22483309047169195 2135 -0.18301143896910532 -0.9831107837911541 0.0
1125  228 2127 96.417489 19.223032 0.4462804736256817 0.22715585360393267 548 -0.1833359689227787 -0.9830503153446145 0.0
1126  232 2128 96.453253 19.235102 0.6497888488316894 0.29245415018657384 133 -0.18350071670435203 -0.983019576086351 0.0
1127  234 2128 96.477330 19.235192 -0.10663888233742028 0.5017183296477322 132 -0.1836294710525014 -0.9829955327268677 0.0
1128  232 2126 96.453412 19.212114 0.6119881356200139 0.3201688029663482 143 -0.18355169955893727 -0.9830100577252634 0.0
1129  234 2126 96.477139 19.212425 -0.6736839819461742 0.39787556405291025 141 -0.18367786621428012 -0.9829864909870171 0.0
1130  228 2122 96.418149 19.177551 0.6056657691381914 0.08082290163087064 527 -0.18343879846655245 -0.983031132374325 0.0
1131  233 2122 96.465627 19.178458 0.4958518100389946 0.27371034641253666 527 -0.18368995038215438 -0.982984232899288 0.0
1132  221 2154 96.342400 19.470015 0.6529918286489163 0.151869274186692 2145 -0.18238715474128112 -0.9832267926502918 0.0
1133  231 2154 96.437619 19.471431 0.377234746218835 0.25447609432103246 2153 -0.1828992095866511 -0.9831316692755749 0.0
1134  221 2145 96.343903 19.379853 0.7112466699436397 0.1656028483848208 2151 -0.18259587469731126 -0.9831880524820894 0.0
1135  231 2144 96.438987 19.380984 0.22300247677581023 0.31058032512468803 2144 -0.18310535023455773 -0.9830932970555134 0.0
1136  220 2175 96.339316 19.650868 0.6569996367995378 0.2103510448369954 2164 -0.1819652849660563 -0.9833049552744164 0.0
1137  231 2174 96.434880 19.651713 0.1351324978291905 0.3807653400901095 2149 -0.18248530555528558 -0.9832085807479479 0.0
1138  218 2167 96.317324 19.582416 0.766025601358288 0.18646399473172315 531 -0.18199944004747104 -0.9832986340997363 0.0
1139  223 2167 96.364265 19.583248 0.22250618844838768 0.3029725785592317 541 -0.18225294593731414 -0.9832516787156635 0.0
1140  218 2162 96.317363 19.537205 0.9834214804181154 0.21496346277675257 552 -0.1821012050122557 -0.9832797929038736 0.0
1141  223 2162 96.365353 19.538205 0.533093583318546 0.166399555196117 528 -0.18235948336840258 -0.9832319252473494 0.0
1142  231 2164 96.436157 19.561677 0.2559696073016327 0.32503691021975506 2146 -0.18269200028150356 -0.9831701953543664 0.0
1143  218 2197 96.311879 19.853380 0.3885625374421258 0.2702398091168304 544 -0.1813565592859522 -0.9834174080236535 0.0
1144  223 2197 96.359359 19.854215 -0.2552817890730997 0.3954696504452157 528 -0.18161635824114225 -0.9833694618093574 0.0
1145  218 2192 96.313364 19.808217 0.6318056863365751 0.1646270507253063 528 -0.18146739810402193 -0.9833969612650613 0.0
1146  223 2192 96.361058 19.808955 0.5877472203821767 0.20174118734013358 543 -0.18172830743556678 -0.9833487795673538 0.0
1147  228 2197 96.407563 19.854936 0.25633510445509483 0.31958303905711183 545 -0.1818808928089787 -0.98332056870128 0.0
1148  233 2197 96.455293 19.855259 -0.4016399673995868 0.346452946679968 551 -0.18214404520624952 -0.9832718580310859 0.0
1149  228 2192 96.408001 19.809579 0.24779497096750225 0.29928484046359993 535 -0.18198545902577365 -0.9833012217541369 0.0
1150  232 2193 96.443337 19.821217 -0.19786709913927497 0.21557691430128176 132 -0.18215419188579637 -0.983269978377471 0.0
1151  234 2193 96.467415 19.821307 -0.4382917296169396 0.49855509664820974 133 -0.18228658784515303 -0.9832454423447745 0.0
1152  232 2191 96.443868 19.799372 0.43453918455634266 0.3637145909310717 128 -0.18220577719507147 -0.983260420619451 0.0
1153  234 2191 96.467416 19.799292 0.8084543306408948 0.35972177020028545 131 -0.1823356300775831 -0.9832363490047603 0.0
1154  220 2185 96.337658 19.741335 0.5601396930595304 0.21144711300844263 2147 -0.18175238504085475 -0.9833443295875361 0.0
1155  230 2184 96.433225 19.742263 0.5470327257814225 0.4162876371328947 2166 -0.18227474558288861 -0.9832476377407134 0.0
1156  225 2209 96.381862 19.967274 0.39374900116470063 0.3034166512119521 8615 -0.18148456970881705 -0.9833937924136016 0.0
1157  225 2229 96.378861 20.147799 0.41648817270738697 0.2667294021945952 8632 -0.18105692406215598 -0.9834726179457925 0.0
1158  226 2250 96.375912 20.328391 0.4472511163790001 0.23987264055104773 8652 -0.18062560557959864 -0.9835519257309211 0.0
1159  226 2269 96.373034 20.508743 0.383175647835059 0.3309345537152595 8618 -0.18019179961032447 -0.9836314936769728 0.0
1160  227 2289 96.382577 20.686123 0.3142387643336755 0.34906885403483096 7469 -0.17983325658202712 -0.983697107765954 0.0
1161  229 2309 96.398970 20.866154 0.3765167390734625 0.32867276326756417 5712 -0.17950603231066617 -0.9837568725879795 0.0
1162  231 2329 96.414009 21.046202 0.2542193295772573 0.38911476201837625 4089 -0.17916873907069508 -0.9838183587125304 0.0
1163  232 2348 96.426312 21.221768 0.2831396145441005 0.2948653606847686 2619 -0.17882428111485713 -0.9838810276063639 0.0
1164  246 1890 96.613760 17.085420 0.04762003598370728 0.2739440775097765 7957 -0.18870494551761888 -0.9820338301388566 0.0
1165  245 1910 96.610936 17.261033 0.044642792585614266 0.3104621442385035 8492 -0.18835417226775888 -0.9821011688157831 0.0
1166  238 1937 96.537578 17.508548 -0.37472666394256304 0.27486214986935914 538 -0.18751639624426103 -0.9822614728979069 0.0
1167  243 1937 96.584308 17.509121 -0.9364278000798816 0.5481050593901142 529 -0.18774256693867317 -0.9822182693064093 0.0
1168  238 1932 96.537699 17.463351 0.15944793426584364 0.25812489593924737 543 -0.18760620331878522 -0.9822443242270787 0.0
1169  243 1932 96.584791 17.463763 0.18162929971784467 0.15577838638425648 522 -0.1878338510461074 -0.9822008167382008 0.0
1170  248 1937 96.631050 17.509486 -0.9410169819990793 0.2854177278596505 543 -0.18796938023086374 -0.9821748887523164 0.0
1171  253 1937 96.678288 17.510121 -0.15070568530897613 0.3003078012488543 506 -0.18819823081724307 -0.9821310635130425 0.0
1172  248 1932 96.632126 17.464737 -0.41895646582009227 0.30241303531692804 524 -0.18806173717021066 -0.9821572089093084 0.0
1173  253 1932 96.679120 17.464980 -0.046825046603479525 0.1518602012102449 548 -0.1882895930703313 -0.982113552060763 0.0
1174  241 1924 96.562422 17.395737 0.07738915447642873 0.2285471759328902 2128 -0.1878587569238175 -0.9821960534674522 0.0
1175  251 1925 96.656293 17.397118 -0.15265056256812515 0.21366750023854023 2115 -0.1883099535452174 -0.9821096483569429 0.0
1176  240 1955 96.558271 17.667085 0.021298924465406373 0.22764551360117846 2117 -0.18730329556670477 -0.9823021304414705 0.0
1177  250 1954 96.652536 17.667713 -0.20232114688748498 0.37273541875569854 2135 -0.1877652113949249 -0.9822139407429622 0.0
1178  238 1947 96.536045 17.599267 0.2133123928002108 0.11445985927850785 535 -0.1873291503679198 -0.9822972001499513 0.0
1179  242 1948 96.571228 17.611035 0.2417205968185475 0.12703769391278813 133 -0.18747798709542024 -0.9822688045309437 0.0
1180  244 1948 96.595222 17.611048 0.09868103234481265 0.15560574202151173 131 -0.18759543463532083 -0.9822463809574383 0.0
1181  242 1946 96.571388 17.588047 -0.16613115167075937 0.31934385234018586 143 -0.18752421222659435 -0.982259980773316 0.0
1182  244 1946 96.595306 17.588124 -0.6147769536409113 0.29154918615557274 144 -0.18764095647697626 -0.982237685823755 0.0
1183  238 1942 96.536215 17.553398 0.04285771547180973 0.24288661850944132 523 -0.18742098702824223 -0.9822796819752302 0.0
1184  243 1942 96.583440 17.554231 -0.8608829375108084 0.3222617163559255 525 -0.18764968155224643 -0.9822360189961171 0.0
1185  248 1947 96.630208 17.600121 -0.1868641938588868 0.36064645413322255 508 -0.18778815506319163 -0.9822095544322313 0.0
1186  253 1947 96.677554 17.600594 0.03605481331860422 0.1977943716918445 539 -0.18801906332396273 -0.9821653790613777 0.0
1187  248 1942 96.630785 17.554840 -0.8673672222681205 0.440140600310619 538 -0.18787956668481542 -0.9821920730805793 0.0
1188  253 1942 96.677713 17.555363 -0.5912831300230373 0.4307795156469027 542 -0.1881077476964613 -0.982148397777324 0.0
1189  246 1969 96.604031 17.802827 0.0485173755438782 0.2722265965885596 8508 -0.18725919542884453 -0.9823105383367023 0.0
1190  245 1989 96.601348 17.983393 -0.001265235573210582 0.27699097230696756 8530 -0.18688522062235813 -0.982381755893773 0.0
1191  246 2010 96.599017 18.164202 0.011862300570280586 0.2754652173581423 8552 -0.18650894442473331 -0.9824532628321674 0.0
1192  246 2030 96.596606 18.344860 0.10351715823584137 0.22863698059344037 8529 -0.1861290300892463 -0.982525309678095 0.0
1193  245 2049 96.593943 18.525264 0.11362350861744938 0.2388699734963407 8542 -0.18574477400259423 -0.9825980251001551 0.0
1194  245 2069 96.591361 18.705845 0.18419261454595 0.2275092668657608 8568 -0.18535699762456456 -0.9826712489086099 0.0
1195  246 2090 96.589060 18.886571 0.2671706237203909 0.3447308244192085 8574 -0.18496680977936417 -0.9827447681265183 0.0
1196  246 2110 96.586304 19.067168 0.07624924917867458 0.40224632198613525 8572 -0.18457070654460273 -0.9828192378487643 0.0
1197  245 2129 96.583497 19.247623 0.14113404947946143 0.42066991632462103 8581 -0.18417107794935994 -0.9828942028758593 0.0
1198  237 2158 96.497092 19.506012 0.5460794113629254 0.3421474604311138 141 -0.18314553336434242 -0.9830858119252309 0.0
1199  239 2158 96.520003 19.506704 0.2683661610565402 0.3059231277157812 132 -0.18326837399881132 -0.9830629191927808 0.0
1200  237 2156 96.497326 19.483203 -0.48323265248627373 0.3305492925924673 132 -0.18319668166973435 -0.9830762817936348 0.0
1201  239 2156 96.521582 19.483724 -0.4657064772926379 0.23462396462286275 138 -0.18332710754396245 -0.9830519679241604 0.0
1202  243 2157 96.555696 19.495731 -0.2837728018365562 0.18315974553852807 531 -0.18348628585320625 -0.9830222697903622 0.0
1203  238 2152 96.509085 19.449858 0.29492848616705014 0.4164671084858127 536 -0.18333312204948352 -0.983050846273777 0.0
1204  243 2152 96.557552 19.450545 0.3353580184725683 0.29577711883768365 536 -0.18359435958681386 -0.9830020911106485 0.0
1205  250 2155 96.627869 19.474199 -0.025390989938035794 0.2565979011170621 2149 -0.18392469214024718 -0.9829403377729063 0.0
1206  238 2147 96.509818 19.405062 0.7036593540339665 0.2743579641021137 538 -0.18343471420810592 -0.9830318945097308 0.0
1207  242 2148 96.545061 19.416762 0.3510495378588238 0.28298893645023465 137 -0.18359994813975217 -0.9830010473255257 0.0
1208  244 2148 96.569311 19.417200 -0.26909982373542857 0.38445300951064426 132 -0.18373020759479014 -0.9829767091936489 0.0
1209  242 2146 96.545568 19.393803 0.27669755289022874 0.37849058495031 139 -0.18365224387663898 -0.9829912783535139 0.0
1210  244 2146 96.569311 19.394199 -1.0286565359371405 0.3785391506646698 144 -0.18377982909854051 -0.9829674330396259 0.0
1211  238 2142 96.510824 19.359235 0.08581687183791499 0.2982786961453522 539 -0.1835396410899351 -0.9830123092558801 0.0
1212  243 2142 96.558033 19.360361 -0.38457215768701836 0.4383311788094271 514 -0.1837918212168637 -0.9829651908657745 0.0
1213  251 2144 96.629422 19.383438 -0.19901660175492922 0.38421055983739816 2167 -0.18412779696399076 -0.9829023117203395 0.0
1214  240 2175 96.529803 19.653448 0.13171297046586775 0.3889494649984794 2138 -0.18300074827627497 -0.9831127738618411 0.0
1215  250 2175 96.625123 19.654875 -0.06455877477999496 0.43284168359153097 2172 -0.18351968991494427 -0.9830160341589158 0.0
1216  237 2168 96.495098 19.596522 -0.37551080850618224 0.2824188142477661 140 -0.18293595924432085 -0.9831248317560493 0.0
1217  239 2168 96.519321 19.597207 -0.16709644883645303 0.5612693522718769 132 -0.18306674652696825 -0.9831004863776798 0.0
1218  237 2166 96.495562 19.573559 -0.5057766648447689 0.22028252387669642 136 -0.18298900654188247 -0.9831149594451377 0.0
1219  239 2166 96.519321 19.574206 0.5404652808275487 0.5579607602335556 144 -0.18311719809871843 -0.9830910902660418 0.0
1220  243 2167 96.555136 19.585992 0.6008496467464413 0.42798729875941777 533 -0.18328692314445563 -0.9830594609708195 0.0
1221  238 2162 96.507455 19.540314 0.715712528867381 0.3580996783146098 525 -0.18312678185725637 -0.9830893050819975 0.0
1222  242 2163 96.543568 19.551810 1.008255729465176 0.41375517996456435 139 -0.18329838339111618 -0.9830573241913226 0.0
1223  244 2163 96.567312 19.552206 -0.23706618370488286 0.3918862893150305 144 -0.18342686482114579 -0.9830333591805952 0.0
1224  242 2161 96.543316 19.529205 0.0028000105398170876 0.6210288004237337 132 -0.18334627336698248 -0.9830483935404399 0.0
1225  244 2161 96.567312 19.529205 -0.6952787444672801 0.2458935960134046 132 -0.1834767845543998 -0.9830240432103268 0.0
1226  251 2164 96.626717 19.564193 -0.03978601693551819 0.34775168115799315 2147 -0.1837245852554532 -0.9829777600600695 0.0
1227  241 2194 96.527361 19.833724 0.336545224810136 0.505814389011 2168 -0.18259009603061144 -0.9831891256678605 0.0
1228  251 2194 96.622771 19.835043 -0.13219174185818205 0.33350676177931793 2142 -0.18311464408580547 -0.9830915659903349 0.0
1229  241 2184 96.528867 19.743228 0.334862563781624 0.38922015899567297 2149 -0.18279801190513134 -0.9831504904354834 0.0
1230  250 2185 96.623720 19.745408 -0.3101409641675223 0.40714479197000664 2141 -0.18331542937813516 -0.983054145686752 0.0
1231  240 2215 96.524318 20.014577 0.36726561484854936 0.4195770469006087 2156 -0.1821710590261864 -0.9832668535312669 0.0
1232  248 2217 96.595187 20.038096 0.9177498851118788 0.3455913352773253 531 -0.18251455367232247 -0.98320315179407 0.0
1233  253 2217 96.643560 20.038779 0.6435153013484315 0.24305648058478488 541 -0.18278296462516944 -0.9831532880699906 0.0
1234  248 2212 96.596604 19.993051 0.0760480511273735 0.3132920608202955 542 -0.18262210476029248 -0.9831831807211314 0.0
1235  253 2212 96.643686 19.993509 0.2067347159557554 0.4026652434297637 541 -0.18288323122022226 -0.9831346417141708 0.0
1236  240 2205 96.525635 19.924389 0.4579129165974973 0.37070333888032403 2156 -0.18237928509841864 -0.9832282524251373 0.0
1237  251 2204 96.621363 19.925287 0.04064543415386259 0.23292466498856076 2163 -0.18290910786108128 -0.9831298277752859 0.0
1238  246 2230 96.570152 20.150680 0.2803770486492867 0.33135033674315145 8648 -0.18212357812279667 -0.9832756491908815 0.0
1239  245 2250 96.567239 20.331233 0.2887015256232295 0.28159489234934976 8627 -0.18170197417656805 -0.9833536457350112 0.0
1240  245 2269 96.564334 20.511602 0.2543079051659844 0.19484499672449543 8654 -0.18127738502295113 -0.9834320056207448 0.0
1241  246 2290 96.561643 20.692267 0.08128865698842806 0.27132325929166295 8676 -0.1808503067737755 -0.9835106336689152 0.0
1242  245 2310 96.558570 20.872911 0.12669480884072415 0.27818455282850535 8671 -0.18041736088285595 -0.9835901462967516 0.0
1243  246 2330 96.555776 21.053390 0.18828437313336188 0.21187949872814657 8681 -0.1799826772110689 -0.9836697799078389 0.0
1244  245 2349 96.552666 21.233829 0.08663948552037541 0.2824464051905786 8692 -0.17954315674704874 -0.9837500977714334 0.0
1245  246 2370 96.549798 21.414489 0.019992230018433668 0.3281443879707125 8714 -0.17910157491457407 -0.9838305879891717 0.0
1246  247 2389 96.558152 21.591136 0.0006759769729689433 0.4308626933637442 7637 -0.17873297702174476 -0.9838976181112262 0.0
1247  249 2409 96.574949 21.771905 -0.12558165915277314 0.416477744077501 5858 -0.1784038240528137 -0.98395735454507 0.0
1248  251 2432 96.591077 21.978145 -0.010317719348196714 0.3048857860973791 1007 -0.1780070110578819 -0.9840292190856119 0.0
1249  251 2424 96.589765 21.911199 0.3387195363688611 0.2736547235393499 2181 -0.178160105674866 -0.9840015125729841 0.0
1250  261 1894 96.753940 17.127092 -0.16713408795216225 0.34446393779756806 2114 -0.18929278828956567 -0.9819206894151694 0.0
1251  268 1897 96.824140 17.150759 0.1804845378599094 0.11915206375996781 524 -0.18958373806076317 -0.9818645559663042 0.0
1252  272 1897 96.860834 17.151522 0.05431110036965364 0.15801729590938898 312 -0.1897577786032886 -0.9818309352732503 0.0
1253  267 1893 96.812469 17.116816 0.03896340164542198 0.2504611963375418 125 -0.1895910538926529 -0.9818631433575014 0.0
1254  269 1893 96.835512 17.117290 -0.36110417204078776 0.4594931366293736 129 -0.18970006239724585 -0.981842088284303 0.0
1255  267 1891 96.813337 17.094026 -0.17662658922738964 0.23957202210349177 143 -0.1896374957680363 -0.9818541746098697 0.0
1256  269 1891 96.836256 17.094103 -0.9780147329085704 0.987272794849346 132 -0.1897464698028295 -0.9818331208496505 0.0
1257  272 1893 96.859167 17.117181 -0.48998074301781547 0.4867478520556874 131 -0.18981319598980714 -0.9818202231712967 0.0
1258  272 1891 96.858015 17.094536 -1.4344543612848117 1.1912897611597761 127 -0.18984935069862527 -0.9818132327684885 0.0
1259  258 1887 96.731110 17.058963 -0.3164170393720269 0.23788943426543402 548 -0.18931193366601862 -0.9819169984126117 0.0
1260  263 1887 96.777836 17.059668 -0.24298739646976356 0.3530412791844925 523 -0.18953244688006285 -0.9818744581562635 0.0
1261  258 1882 96.731277 17.018100 0.3181205094033093 0.2579276269516624 432 -0.18938922738503652 -0.981902093159241 0.0
1262  263 1882 96.778574 17.018549 0.19304678785913396 0.24556252732268857 424 -0.18961238132953742 -0.9818590249351188 0.0
1263  267 1888 96.813260 17.071102 0.040991679285511826 0.1646153790565813 132 -0.18967959000923287 -0.981846043498638 0.0
1264  269 1888 96.833256 17.071102 -1.3067064471542835 0.800407106649879 88 -0.18977471194431772 -0.9818276624267883 0.0
1265  267 1886 96.813260 17.049101 0.11390710952268406 0.10453570307096177 132 -0.1897203001363065 -0.98183817796834 0.0
1266  269 1886 96.832856 17.050001 -1.3212669622153044 1.21342513412993 80 -0.1898116664473048 -0.9818205188732291 0.0
1267  267 1883 96.816816 17.019500 0.2485982185703213 0.18979675880568947 295 -0.18979183210571837 -0.9818243531640244 0.0
1268  264 1909 96.789203 17.262735 -0.06414313478089265 0.3954241649223296 7613 -0.18920704618858847 -0.9819372147304477 0.0
1269  265 1930 96.796357 17.444098 -0.08779130984874242 0.36502028294291256 8477 -0.18889944412179643 -0.98199643584408 0.0
1270  266 1950 96.794819 17.624512 0.0019289304404274414 0.3188032584790614 8512 -0.18854826326333782 -0.9820639248136442 0.0
1271  266 1970 96.792459 17.805138 0.031438993145272084 0.2557170060783955 8516 -0.18818909854646915 -0.9821328134159185 0.0
1272  266 1989 96.790302 17.985558 0.04268833135176294 0.26381138520046454 8495 -0.18782775371361626 -0.9822019827585857 0.0
1273  261 2015 96.740276 18.211152 0.21425564279581638 0.28281552356498046 2115 -0.18713048278329933 -0.9823350662647086 0.0
1274  270 2014 96.834469 18.211862 -0.28985231634531 0.39693178826993863 2137 -0.18760779237297723 -0.9822440207203798 0.0
1275  260 2005 96.741177 18.120994 -0.11563370365520764 0.2755557486614361 2142 -0.18731402785281745 -0.9823000839710613 0.0
1276  271 2004 96.836193 18.121612 0.11913196006354607 0.23565510082867538 2140 -0.18779329474300452 -0.9822085717654714 0.0
1277  265 2029 96.785645 18.346914 0.14177448295490885 0.30816365258684164 8548 -0.18709145806444075 -0.9823424994976658 0.0
1278  265 2049 96.783199 18.527568 0.09854777419174458 0.38249172020027683 8554 -0.18671750119697217 -0.9824136474758272 0.0
1279  266 2070 96.781081 18.708290 -0.15576443640403084 0.3980768473486983 8572 -0.18634123326704127 -0.9824850862911447 0.0
1280  266 2090 96.778814 18.888974 -0.03230770595795259 0.3931588503104028 8567 -0.18596112457395209 -0.9825571027412051 0.0
1281  265 2110 96.776147 19.069508 -0.014537727824714618 0.34691582691927514 8576 -0.18557559537713342 -0.9826299905867022 0.0
1282  265 2130 96.773662 19.250158 0.02453858938928634 0.3455448140667687 8598 -0.18518694775717692 -0.9827033094379914 0.0
1283  266 2150 96.771475 19.430792 -0.19264519719963674 0.3366254095605689 8592 -0.18479651480003811 -0.9827768048329993 0.0
1284  261 2174 96.720940 19.655401 0.011080371176087579 0.4664846319214616 2150 -0.18404397312789322 -0.9829180108001375 0.0
1285  268 2177 96.791265 19.679211 0.2664152565817146 0.2998693406693522 552 -0.18437920405519823 -0.9828551821667176 0.0
1286  273 2177 96.839033 19.679910 0.1605373112815563 0.39888324757339483 535 -0.18464043568668614 -0.9828061403498813 0.0
1287  268 2172 96.792730 19.633977 -0.43022129856512065 0.1528750245872216 516 -0.18448341411299557 -0.9828356271102574 0.0
1288  273 2172 96.839907 19.635165 -0.14967261186548483 0.23704123893997112 535 -0.18473976878053805 -0.9827874733791194 0.0
1289  260 2164 96.721822 19.565529 0.21147608225952227 0.4414421778077988 2143 -0.1842407715988815 -0.9828811413801004 0.0
1290  270 2165 96.817068 19.566999 -0.10400447755577326 0.35302976851489265 2166 -0.18475813598554888 -0.9827840206205763 0.0
1291  260 2195 96.717795 19.836767 -0.19460366394883194 0.4046354343585436 2152 -0.18363658526272855 -0.9829942037230152 0.0
1292  271 2194 96.813480 19.837444 0.1480107356897946 0.24729249548099957 2163 -0.18416503256618752 -0.9828953356181396 0.0
1293  258 2187 96.695435 19.768388 -0.22994942257278844 0.2130550939008185 532 -0.1836605711735807 -0.9829897225282642 0.0
1294  263 2187 96.743275 19.769215 -0.7560481111033132 0.3330982923001833 552 -0.18392277327377804 -0.9829406968232023 0.0
1295  258 2182 96.695285 19.723213 -0.18115527128827744 0.3043029358758362 552 -0.18375718861100404 -0.9829716657329345 0.0
1296  263 2182 96.743036 19.723870 0.392643131885622 0.39926164255212804 536 -0.18401841360579116 -0.9829227962836187 0.0
1297  268 2187 96.790810 19.769271 -0.19330595201916165 0.34800188322268494 540 -0.18418506477664695 -0.9828915819729165 0.0
1298  273 2187 96.838209 19.770236 0.21558256348598626 0.08689991015986433 517 -0.18444475599102447 -0.9828428826559266 0.0
1299  268 2182 96.791467 19.724472 0.36552389358843534 0.32305201962125446 534 -0.18428404835802345 -0.9828730281785016 0.0
1300  273 2182 96.839255 19.725213 0.420979172942917 0.26829344083347023 552 -0.18454592173426604 -0.9828238920433559 0.0
1301  266 2210 96.763953 19.972624 0.024877612968900075 0.3524933381214485 8637 -0.18359946348154463 -0.9830011378474031 0.0
1302  266 2230 96.761332 20.153151 0.13317879673025698 0.23683904517145965 8619 -0.18319278555650723 -0.983077007827997 0.0
1303  265 2249 96.758519 20.333570 0.18804405240519304 0.22332761466568304 8647 -0.18278201552485382 -0.9831534645215223 0.0
1304  266 2270 96.756147 20.514299 0.15095427699517666 0.1758044840532597 8672 -0.18236971368517305 -0.9832300277810824 0.0
1305  266 2290 96.753577 20.694997 0.10864382901615385 0.16094510753379065 8662 -0.18195268228845732 -0.9833072873766551 0.0
1306  265 2309 96.750606 20.875435 0.13612839131894197 0.15968038086398853 8669 -0.18153038644115785 -0.983385335867138 0.0
1307  266 2329 96.748097 21.055943 0.0825343161852245 0.2057328048559667 8686 -0.1811073797008667 -0.9834633277442968 0.0
1308  266 2350 96.745362 21.236672 0.08589304597108992 0.23462082098372608 8715 -0.18067887015766682 -0.9835421424008983 0.0
1309  265 2370 96.742546 21.417230 -0.08243723396766328 0.3406283628484435 8694 -0.18024688076203743 -0.9836214017474181 0.0
1310  265 2389 96.739676 21.597626 0.06083194079371609 0.3330985564302815 8713 -0.1798117204578336 -0.9837010446197533 0.0
1311  266 2410 96.737053 21.778286 -0.03665391906562812 0.3449719198755086 8749 -0.17937368020397074 -0.9837810136661937 0.0
1312  265 2427 96.734204 21.934596 -0.08636555357366506 0.30492477148033126 6371 -0.1789886927126068 -0.9838511309547965 0.0
1313  291 1912 97.038269 17.289663 0.12600873633905307 0.30135455297951697 3086 -0.19035823055966242 -0.9817146958552645 0.0
1314  286 1930 96.986801 17.448376 -0.21245060873555374 0.4265449292215961 8262 -0.18981883254007018 -0.9818191334523506 0.0
1315  281 1955 96.935655 17.671236 0.013598875875169255 0.45974693355729424 2127 -0.18915346153128906 -0.9819475383088097 0.0
1316  291 1955 97.030074 17.672208 -0.11700853642882617 0.39885521105633504 2139 -0.18961815144531927 -0.9818579106176515 0.0
1317  280 1945 96.936235 17.581125 -0.10166547012033192 0.37579542811606476 2115 -0.18932512705214233 -0.9819144546581897 0.0
1318  290 1944 97.030455 17.581407 -0.478881651827707 0.4449768989969357 2130 -0.1897877413314546 -0.9818251439234508 0.0
1319  281 1974 96.933737 17.851555 0.16673811759108823 0.442152794426651 2146 -0.1888034770077369 -0.9820148914704853 0.0
1320  291 1975 97.028012 17.853289 -0.062028037996264614 0.383173492152207 2124 -0.18927097368024937 -0.9819248945424136 0.0
1321  280 1964 96.934235 17.761133 0.2941214648650048 0.4794435519424639 2115 -0.18897709331756388 -0.9819814958548072 0.0
1322  288 1967 97.005179 17.785092 0.1548489676196865 0.38894584714927716 551 -0.1892846721690137 -0.9819222539905433 0.0
1323  293 1967 97.052165 17.785174 -0.5093842711861966 0.2689526566261121 530 -0.18951838294614057 -0.9818771728304309 0.0
1324  288 1962 97.005002 17.739413 -0.029727276441974378 0.342364436468781 545 -0.189369130253328 -0.9819059692796954 0.0
1325  293 1962 97.052446 17.739964 -0.03128741528481653 0.3516769529707067 511 -0.18960358791085297 -0.9818607230413748 0.0
1326  285 1990 96.978759 17.987923 -0.11191769846299983 0.40500045236941823 8529 -0.1887701599220254 -0.9820212964712186 0.0
1327  286 2010 96.977118 18.168592 -0.033386204124753315 0.34589046460532136 8540 -0.18841693128223458 -0.9820891303777808 0.0
1328  286 2030 96.974856 18.349250 -0.06292197053583778 0.3826096867676316 8546 -0.1880567737151121 -0.9821581592899705 0.0
1329  278 2057 96.901440 18.596924 0.4479189194097515 0.21212189557055885 546 -0.18719205950825094 -0.9823233341711167 0.0
1330  283 2057 96.948232 18.597166 -0.1397019166337407 0.3512253834192056 529 -0.18743441299984673 -0.9822771201770929 0.0
1331  278 2052 96.901127 18.551285 0.09289866683153072 0.20380691434351372 549 -0.18728079614633394 -0.9823064203163875 0.0
1332  283 2052 96.949145 18.552088 -0.33304199545215746 0.2359219370884909 526 -0.18752808046440855 -0.9822592422763627 0.0
1333  291 2054 97.019657 18.575400 -0.34503149612171347 0.39358355255768135 2140 -0.18784872486303703 -0.9821979721865297 0.0
1334  281 2045 96.926091 18.484142 -0.23409051681829982 0.2635470131198458 2139 -0.1875423319371057 -0.9822565213484675 0.0
1335  288 2047 96.996927 18.506957 0.06722273449968855 0.5016293116012015 545 -0.1878637546767829 -0.9821950975639929 0.0
1336  293 2047 97.043771 18.508232 -0.7214853385347844 0.2689259146516968 516 -0.1881045064094388 -0.9821490185651368 0.0
1337  288 2042 96.997222 18.462161 0.2763032891477148 0.38572924704496797 528 -0.18795255121926072 -0.98217810935195 0.0
1338  293 2042 97.044728 18.462802 0.06516956407750879 0.3387743095061365 535 -0.1881972758567539 -0.9821312465043035 0.0
1339  286 2070 96.970756 18.710519 -0.05694176447074871 0.3527841084761388 8565 -0.18732842482721213 -0.9822973385140344 0.0
1340  281 2094 96.920565 18.935216 -0.18424734211881247 0.4197646649639183 2131 -0.18661654329147118 -0.9824328301568217 0.0
1341  288 2097 96.991223 18.959181 0.4299360727351429 0.388305253887164 552 -0.18694296311696987 -0.982370769384476 0.0
1342  293 2097 97.039133 18.959261 0.18531677158041435 0.4971856232276426 550 -0.18719790177016202 -0.9823222208485609 0.0
1343  288 2092 96.991347 18.914117 -0.3810978802221437 0.30192523518595615 527 -0.18703338423970484 -0.9823535581346682 0.0
1344  293 2092 97.039296 18.914266 0.4778615239445331 0.44486117048529333 530 -0.18728722699013858 -0.9823051942275091 0.0
1345  281 2085 96.921589 18.845395 -0.09719361415056428 0.35937977378725355 2144 -0.18680205640009953 -0.9823975731467856 0.0
1346  290 2085 97.016190 18.846508 0.09701992580427218 0.3708777412169371 2135 -0.18729847528743113 -0.9823030495498848 0.0
1347  285 2110 96.966057 19.071731 -0.10736780997260219 0.3625027584441701 8581 -0.18658374720423973 -0.9824390593208437 0.0
1348  286 2130 96.963995 19.252402 0.0742775723741119 0.4039772855770334 8597 -0.1862072703029812 -0.9825104846699156 0.0
1349  278 2157 96.888993 19.499818 -0.5826942348779913 0.2799839681463267 537 -0.18529153806052104 -0.9826835940032613 0.0
1350  283 2157 96.937353 19.500334 0.08954541112266468 0.32246930928048895 531 -0.18555442977176312 -0.9826339876027472 0.0
1351  278 2152 96.889974 19.455078 -0.22596038719008965 0.1541176234608223 532 -0.1853896852984378 -0.9826650826120497 0.0
1352  283 2152 96.937235 19.455202 0.09835359728152769 0.39402053314430363 552 -0.18564663236162307 -0.9826165721647424 0.0
1353  290 2155 97.008715 19.478748 0.2800814826731968 0.20025917936058632 2158 -0.1859882898215837 -0.9825519609920091 0.0
1354  281 2144 96.914822 19.386970 -0.0803973239814773 0.30082836068677815 2141 -0.18566551199728515 -0.9826130050303558 0.0
1355  290 2145 97.009723 19.388652 0.047163911319894496 0.261822976949075 2148 -0.18617722550385013 -0.9825161783419593 0.0
1356  285 2170 96.959369 19.613620 0.14613259560720815 0.25229429843018814 8604 -0.18544087626400332 -0.982655423538912 0.0
1357  285 2189 96.956413 19.793379 0.09327969367414252 0.3366033230914775 8536 -0.1850508453938516 -0.982728947685485 0.0
1358  286 2209 96.955017 19.974782 0.07457243465513567 0.36117222187584136 8623 -0.18466280792514814 -0.9828019369991086 0.0
1359  285 2229 96.952420 20.155363 0.15490369982659616 0.2562631195335525 8641 -0.18426598460735658 -0.9828764148745667 0.0
1360  285 2250 96.950078 20.336071 0.07642155132160046 0.2977373919406821 8656 -0.1838668876852363 -0.9829511522008327 0.0
1361  286 2270 96.947979 20.516754 0.1750571924184515 0.3110448072595753 8658 -0.1834656421664798 -0.9830261228189417 0.0
1362  286 2290 96.945420 20.697323 0.05792502686596302 0.25147901946834744 8665 -0.1830586792949301 -0.9831019885722925 0.0
1363  285 2309 96.942616 20.877833 0.023171633698911353 0.2363141519193051 8655 -0.18264698421829556 -0.9831785591417064 0.0
1364  286 2330 96.940485 21.058474 0.10034963790800737 0.18163889991866064 8695 -0.182235288127766 -0.9832549515568128 0.0
1365  286 2349 96.938054 21.239040 -0.01845604087214087 0.25015516529245446 8688 -0.1818185911720453 -0.9833320903459891 0.0
1366  285 2369 96.935302 21.419554 0.16786388719802223 0.28667249183982724 8713 -0.1813968156042368 -0.9834099833175595 0.0
1367  286 2390 96.932853 21.600320 0.0770869485584511 0.2590653959520673 8737 -0.18097283610006276 -0.9834880947901199 0.0
1368  286 2410 96.930384 21.780927 0.04148827332448379 0.3364708666722219 8714 -0.18054517814629578 -0.9835666925268068 0.0
1369  285 2427 96.927718 21.935636 -0.053948694371062214 0.270090658520267 6255 -0.18017314742821028 -0.983634910394 0.0
1370  307 1891 97.190750 17.095566 0.02357078817141765 0.3787115971358523 6928 -0.19143739026723078 -0.9815048270934137 0.0
1371  306 1909 97.175246 17.266914 0.03361085581638232 0.38341035073942453 8503 -0.1910620245432189 -0.9815779657151267 0.0
1372  301 1935 97.126001 17.492607 -0.037485423676435564 0.3020157008138121 2133 -0.1904186743058845 -0.9817029736511902 0.0
1373  308 1937 97.196036 17.515289 -0.17899436749872707 0.2876336536563727 525 -0.19072196155500926 -0.981644097104755 0.0
1374  313 1937 97.243171 17.516121 -0.3511705052418013 0.31510428004549035 528 -0.19095230985324155 -0.9815993150780575 0.0
1375  308 1932 97.196743 17.470071 0.1882361576520983 0.2020189512852353 519 -0.19080606075921216 -0.981627753874936 0.0
1376  312 1933 97.231174 17.482119 0.42262887116521597 0.16603746114130716 144 -0.19095368412495423 -0.9815990477374695 0.0
1377  314 1933 97.255169 17.482119 -0.3909002210065309 0.5195042068499724 144 -0.19107152316037737 -0.9815761167821747 0.0
1378  312 1931 97.231978 17.459265 -0.05060397985020304 0.31037146838052626 123 -0.19099803322802747 -0.9815904193211267 0.0
1379  314 1931 97.255169 17.459118 -0.8133360272781416 0.26878901788693127 132 -0.191112051987992 -0.9815682266582079 0.0
1380  300 1924 97.126320 17.401823 -0.14482875713500723 0.4009194827708775 2134 -0.19058393317540556 -0.9816709043337246 0.0
1381  308 1927 97.197181 17.425117 0.4584668988456437 0.22828810424632248 552 -0.19088830348266925 -0.9816117641886268 0.0
1382  313 1927 97.243929 17.425498 -0.39887652062596035 0.3395543809635682 520 -0.1911163280064326 -0.9815673941046217 0.0
1383  308 1922 97.197181 17.380116 0.2773450883458171 0.1345430295830364 528 -0.19096821116372406 -0.9815962216333798 0.0
1384  313 1922 97.244689 17.380329 -0.40149697845876786 0.34982093621302074 521 -0.19119956812490885 -0.9815511831528951 0.0
1385  301 1955 97.124196 17.673129 0.022502263799204048 0.4356928249607581 2115 -0.19008234655762038 -0.9817681505972522 0.0
1386  308 1957 97.194181 17.696129 -0.19737079907429547 0.3183153350567369 506 -0.1903876536785803 -0.9817089901425804 0.0
1387  313 1957 97.241286 17.697008 -0.1646703882567001 0.36247948219573173 549 -0.19062030194755925 -0.9816638429143765 0.0
1388  308 1952 97.195139 17.651087 -0.012394113547275157 0.3038816149038107 551 -0.19047374317798083 -0.981692290465688 0.0
1389  313 1952 97.242084 17.651210 0.48302746255000056 0.28468439793963446 529 -0.19070635485177345 -0.9816471291758304 0.0
1390  300 1945 97.124362 17.582896 -0.28421547337036046 0.4247484902926564 2128 -0.1902472566508064 -0.9817362076122294 0.0
1391  308 1947 97.195181 17.606125 0.1277309428463041 0.33235106503528045 528 -0.19055496118499696 -0.9816765285814796 0.0
1392  313 1947 97.242215 17.606170 0.504013071406111 0.24782840344920307 507 -0.19078740066469133 -0.9816313807879262 0.0
1393  308 1942 97.195605 17.561363 0.21739944792954025 0.34215576784638135 542 -0.19063738157717805 -0.9816605262234993 0.0
1394  312 1943 97.230982 17.572357 0.34936250357868825 0.3600341013399643 141 -0.19079228718509636 -0.9816304310435164 0.0
1395  314 1943 97.254999 17.572985 -0.012202460433428104 0.44205223925930165 130 -0.19090964568697155 -0.981607613654089 0.0
1396  312 1941 97.231373 17.549389 -0.577510426055502 0.24830131676995745 135 -0.19083498919990574 -0.981622130403075 0.0
1397  314 1941 97.255169 17.550122 -0.5276039927266538 0.1690365849412265 144 -0.19095111419520724 -0.9815995476708457 0.0
1398  306 1969 97.169704 17.808790 -0.04736584560165578 0.3907531837621189 8527 -0.19006095429742292 -0.9817722921592119 0.0
1399  300 1995 97.120005 18.034651 -0.000686175065852464 0.31917197326975244 2132 -0.18939441117115574 -0.981901093296637 0.0
1400  310 1994 97.214222 18.035104 -0.022463627806286177 0.3866564321253319 2117 -0.18987076893319355 -0.9818090909666287 0.0
1401  300 1984 97.121040 17.943834 -0.021617465509211724 0.45647259011093666 2151 -0.18956862583030482 -0.9818674737971566 0.0
1402  311 1985 97.215749 17.945372 0.33404682263917 0.3157093849152203 2134 -0.1900429420920922 -0.981775778964312 0.0
1403  298 2017 97.094202 18.237151 0.04868223434331737 0.23098042267267146 529 -0.18888303781724386 -0.9819995916623029 0.0
1404  303 2017 97.140990 18.237893 -0.5000466465084964 0.15121636616482492 534 -0.18912099712421798 -0.9819537914009709 0.0
1405  298 2012 97.095202 18.192149 0.1551463670788728 0.10934072912717638 528 -0.18897297330731885 -0.9819822887198075 0.0
1406  303 2012 97.142364 18.192939 0.19333313964307308 0.19086186828239873 524 -0.1892121174267294 -0.9819362375525682 0.0
1407  310 2014 97.212663 18.215503 -0.27942416564577477 0.36655026930595846 2147 -0.18952950789293987 -0.981875025468038 0.0
1408  300 2005 97.119049 18.125041 0.20215025119960225 0.481233819000804 2141 -0.1892206718801849 -0.9819345891316852 0.0
1409  311 2004 97.213965 18.125429 0.03621198261317432 0.33146530689126363 2132 -0.1897029529409797 -0.9818415298027847 0.0
1410  301 2034 97.116371 18.395376 -0.17371989280423697 0.3692268777736122 2125 -0.18869670516310305 -0.9820354135470822 0.0
1411  310 2035 97.210547 18.396752 0.21022442487334939 0.38977116013444263 2146 -0.1891806345048391 -0.9819423035638838 0.0
1412  301 2024 97.117263 18.305195 -0.3942575875827908 0.29156314277561957 2143 -0.18887241473654687 -0.9820016349027052 0.0
1413  311 2025 97.211894 18.306592 0.05189973157874056 0.45711117308774657 2140 -0.18935600680226947 -0.9819085001607324 0.0
1414  300 2055 97.114022 18.576631 -0.22280177171647855 0.4059752482055622 2132 -0.18833817142212536 -0.9821042374337717 0.0
1415  310 2054 97.208894 18.576973 0.08976438844730035 0.38426134951022345 2147 -0.18883259874366476 -0.9820092920393951 0.0
1416  298 2047 97.091321 18.508292 0.473927080126132 0.4159881520260504 531 -0.18835133808601168 -0.9821017123705715 0.0
1417  303 2047 97.139025 18.509024 0.19402325700587816 0.24847958368786693 548 -0.18859775495235534 -0.9820544215199742 0.0
1418  298 2042 97.091584 18.463393 -0.5654406824027416 0.39018093259846665 543 -0.1884387998177449 -0.98208493457707 0.0
1419  303 2042 97.138934 18.463567 -0.04688937793317426 0.18290556520145937 542 -0.18868386209223262 -0.9820378812377655 0.0
1420  311 2045 97.210087 18.487240 0.1681862649837014 0.38430096556063786 2119 -0.18900825229360937 -0.981975498963653 0.0
1421  298 2077 97.088339 18.779061 0.3867911207874803 0.29080920331363264 532 -0.18781150524914011 -0.9822050898341202 0.0
1422  303 2077 97.135099 18.779990 -0.1947945307422065 0.18076626483645358 532 -0.18805647843217038 -0.9821582158286366 0.0
1423  298 2072 97.089203 18.734172 0.3909168561821747 0.22135858205927478 528 -0.1879034331621011 -0.9821875074576625 0.0
1424  303 2072 97.136388 18.734919 -0.2985054894455532 0.4047627838706687 523 -0.18815049113919535 -0.982140210297939 0.0
1425  311 2074 97.207193 18.757634 -0.06430559520592946 0.40023528591002305 2171 -0.1884800093354114 -0.98207702655185 0.0
1426  300 2065 97.113251 18.667188 0.024846873081985563 0.404293364480421 2156 -0.1881594899093293 -0.9821384863434794 0.0
1427  308 2067 97.184136 18.690211 0.1610377657592767 0.2150624127944891 507 -0.18848756187177146 -0.9820755770406039 0.0
1428  312 2068 97.219176 18.701170 -0.2566372856892871 0.1532958394680031 132 -0.1886508227000164 -0.9820442286855551 0.0
1429  314 2068 97.243426 18.701608 -0.2476326863750489 0.09141735315351573 137 -0.18877770093100513 -0.9820198468621723 0.0
1430  312 2066 97.219176 18.679169 0.4066397807927746 0.3244370398461256 132 -0.18869273343482781 -0.982036176700682 0.0
1431  314 2066 97.243171 18.679169 0.548625010997057 0.39558050177266874 132 -0.18881889209547517 -0.9820119276199436 0.0
1432  308 2062 97.184888 18.644963 0.17333343057730877 0.3624740537352487 545 -0.18857785095687432 -0.9820582437556782 0.0
1433  313 2062 97.231860 18.645377 0.8636767560087922 0.3097811985562041 536 -0.18882336016464396 -0.9820110684998072 0.0
1434  298 2097 97.086251 18.960140 -0.42574897107963966 0.2801942338501195 507 -0.18744635184146866 -0.9822748419771955 0.0
1435  303 2097 97.133476 18.960565 0.08324003030554714 0.5101156956962336 535 -0.18769695187847568 -0.9822269871346081 0.0
1436  298 2092 97.087203 18.915179 0.2623270857012898 0.34101003075339686 552 -0.18753972069593464 -0.9822570199093976 0.0
1437  303 2092 97.134239 18.915138 0.01627213375396886 0.3326344099714634 530 -0.18778962355738157 -0.9822092736704214 0.0
1438  310 2095 97.205039 18.939012 -0.300231050793597 0.36649143282389196 2168 -0.18812010758659922 -0.9821460304463926 0.0
1439  298 2087 97.086945 18.869583 0.19195874421633918 0.36128052696202173 542 -0.18762757674384314 -0.9822402417154539 0.0
1440  303 2087 97.135193 18.870178 0.35092771263567335 0.39128963550007745 528 -0.18788210300966568 -0.982191587913817 0.0
1441  298 2082 97.087682 18.824767 -0.5710294416513273 0.29241542052635366 533 -0.18771892533024354 -0.9822227879014305 0.0
1442  303 2082 97.135193 18.825176 -0.07860754868960466 0.3935620925790137 552 -0.1879694984280264 -0.9821748661316457 0.0
1443  310 2085 97.206067 18.848474 -0.076392272602606 0.4354891884494045 2132 -0.18830005158662425 -0.9821115469092473 0.0
1444  305 2110 97.156004 19.073738 0.11457609933498585 0.3432160483943081 8583 -0.1875962383188908 -0.982246227464683 0.0
1445  306 2130 97.154256 19.254366 -0.08862968949554229 0.3882585190510956 8592 -0.18723082183355644 -0.9823159468091369 0.0
1446  306 2150 97.152207 19.435026 -0.0435012151467149 0.3532181037106488 8605 -0.18686045607019341 -0.9823864667009818 0.0
1447  305 2170 97.149927 19.615711 0.03375226662855138 0.3010847575166835 8614 -0.18648557143613928 -0.9824576996726814 0.0
1448  306 2189 97.148255 19.796202 0.039337084558716644 0.2558904154015563 8604 -0.1861106994098302 -0.9825287820543395 0.0
1449  306 2210 97.146021 19.977040 0.11345199226999074 0.3506079223171672 8633 -0.18572855541257288 -0.9826010908320624 0.0
1450  305 2230 97.143706 20.157676 0.05647601660198739 0.30944822644264564 8640 -0.18534286101632075 -0.982673915330149 0.0
1451  305 2250 97.141645 20.338301 -0.02314046852238095 0.29080309063434945 8651 -0.18495504455353534 -0.9827469824396307 0.0
1452  306 2270 97.139658 20.518936 0.036773112775883805 0.29051404383864865 8655 -0.1845642456278292 -0.9828204511688949 0.0
1453  306 2290 97.137290 20.699495 0.005437752068192334 0.2640950935295001 8667 -0.1841678898155493 -0.982894800251221 0.0
1454  305 2310 97.134867 20.880156 0.08864162901384691 0.28486153866591896 8688 -0.18376742533522195 -0.9829697520196966 0.0
1455  306 2330 97.133152 21.060827 0.09482154514836638 0.22519217897061344 8645 -0.1833681958452142 -0.9830443045725209 0.0
1456  305 2350 97.130533 21.241402 0.022598266308148235 0.3194042690457606 8697 -0.1829601218128445 -0.9831203353741744 0.0
1457  300 2375 97.079159 21.466624 0.024188331501243415 0.3297274685216561 2176 -0.1821563472938817 -0.9832695790781645 0.0
1458  310 2374 97.175767 21.467113 0.05651636521477218 0.422509099453968 2180 -0.18273742659042977 -0.9831617531836291 0.0
1459  301 2365 97.080930 21.376352 0.0211803731448962 0.26024982258776347 2188 -0.18236697828833467 -0.9832305351391311 0.0
1460  308 2367 97.153190 21.399283 -0.5195470390422945 0.3860820824982495 552 -0.18275018373520177 -0.9831593819644656 0.0
1461  313 2367 97.201180 21.400283 -0.49650637038531853 0.3878687858289715 528 -0.18303642286382035 -0.9831061325743099 0.0
1462  307 2363 97.141192 21.365281 -0.03164641609923406 0.48173926930074507 132 -0.18275275714569286 -0.9831589036140839 0.0
1463  309 2363 97.165187 21.365281 -0.781272136352279 0.17110956566661648 132 -0.18289677190408501 -0.9831321227724508 0.0
1464  307 2361 97.141192 21.343280 0.49791140086723096 0.22407701496195281 132 -0.18280102301888715 -0.9831499305717558 0.0
1465  309 2361 97.165187 21.343280 0.11192869174886834 0.34265571890876856 132 -0.18294486905663326 -0.9831231738118327 0.0
1466  313 2362 97.201180 21.355281 -0.4289767260906165 0.3032234270798739 552 -0.18313449887540345 -0.9830878675488041 0.0
1467  298 2397 97.053120 21.669370 -0.19754100258761365 0.42066892107242165 554 -0.18154592186284912 -0.9833824679416286 0.0
1468  303 2397 97.100962 21.669951 -0.31569275169619426 0.46450607029017055 536 -0.1818355431651969 -0.9833289557629317 0.0
1469  298 2392 97.053211 21.624292 0.26985295797049097 0.15814908732712504 528 -0.18164769156585847 -0.9833636744098263 0.0
1470  302 2393 97.089438 21.635645 -0.1574366045294001 0.4116567338250884 136 -0.18184212924538815 -0.983327737853206 0.0
1471  304 2393 97.113198 21.636292 -0.9515912967423598 0.1168662295260423 144 -0.18198496858963237 -0.9833013125219707 0.0
1472  302 2391 97.089203 21.613291 -0.3764151289043101 0.4158107406738604 132 -0.1818906320995812 -0.98331876721357 0.0
1473  304 2391 97.113198 21.613291 -0.9667816839434884 0.15517974522062594 132 -0.1820360808561285 -0.9832918515204634 0.0
1474  308 2397 97.149309 21.670424 -0.16452413464136942 0.3393930348477153 531 -0.18212852571931137 -0.9832747327778287 0.0
1475  313 2397 97.197181 21.671294 -0.44481686657240643 0.2725402369656937 552 -0.18241792922437547 -0.9832210835297882 0.0
1476  308 2392 97.149326 21.625184 -0.6955415705571304 0.3414469794535928 555 -0.18222899532841022 -0.9832561178358356 0.0
1477  312 2393 97.185183 21.637292 -0.5091899154764233 0.13461961900562816 132 -0.18241988879561252 -0.9832207199666799 0.0
1478  314 2393 97.209467 21.637115 -0.35321911123615723 0.139816518323448 135 -0.18256804974299498 -0.9831932196740575 0.0
1479  312 2391 97.186102 21.614365 -1.0546614743719165 0.20123822215684425 149 -0.18247622042127556 -0.9832102669219672 0.0
1480  314 2391 97.210889 21.615469 -0.5208196034861936 0.30190500529576636 135 -0.18262422504464695 -0.9831827868849424 0.0
1481  300 2385 97.078173 21.557173 0.012026081588034216 0.37921278056182095 2190 -0.18194899654723123 -0.9833079693846967 0.0
1482  308 2387 97.150771 21.580508 -0.8504908400096929 0.23584248239176903 537 -0.18233669457122845 -0.9832361515998274 0.0
1483  312 2388 97.187265 21.591381 -1.360422879233396 0.19923045551040777 133 -0.1825340074739233 -0.983199540335282 0.0
1484  314 2388 97.211178 21.592290 0.07629979099147022 0.533092971097703 144 -0.1826771759692753 -0.9831729498821101 0.0
1485  312 2386 97.187183 21.569290 -0.9160861214905074 0.192313988164182 132 -0.18258210018506402 -0.9831906105593214 0.0
1486  314 2386 97.211178 21.569290 -0.44701116904616356 0.3616827666502256 132 -0.18272752209262952 -0.9831635940523263 0.0
1487  308 2382 97.151190 21.535289 -0.18724610059913518 0.35139435918776274 552 -0.1824391742876824 -0.9832171416758501 0.0
1488  313 2382 97.199180 21.535289 -0.05737217550125459 0.29700127124339726 552 -0.18272945293458043 -0.9831632351904891 0.0
1489  305 2409 97.123593 21.783062 -0.20515587043499867 0.3685940420567718 8736 -0.1817204917483252 -0.983350223917576 0.0
1490  305 2427 97.121313 21.936795 -0.09068874127455766 0.3244693364307241 6143 -0.18136112662753384 -0.9834165657280701 0.0
1491  321 1895 97.317605 17.133041 0.06119363649631301 0.39439919652263516 2118 -0.19198214591617438 -0.9813984184058077 0.0
1492  328 1897 97.387441 17.156074 0.2949439256628316 0.1876343252512442 523 -0.19227954458626748 -0.9813401941904232 0.0
1493  333 1897 97.434687 17.155874 -0.22368622914992245 0.22218216935983365 518 -0.192508065733204 -0.9812953911170991 0.0
1494  328 1892 97.388336 17.110852 0.20306615935314454 0.2951811886082099 523 -0.19236030781059493 -0.9813243663432664 0.0
1495  332 1893 97.423134 17.122104 0.2764017294264502 0.34389322177667997 144 -0.19250910125036053 -0.9812951879713763 0.0
1496  334 1893 97.446937 17.122338 -0.126761636861884 0.34635212721470027 141 -0.1926233663249531 -0.9812727647018655 0.0
1497  332 1891 97.423134 17.099103 0.581138249148022 0.14290870281171209 132 -0.19254777980656224 -0.9812875992753417 0.0
1498  334 1891 97.447329 17.099370 0.4395864184255953 0.10067224828998567 135 -0.19266460295030857 -0.9812646690725187 0.0
1499  321 1885 97.318219 17.044040 0.006855748660555763 0.3398767836378912 2065 -0.19213699231538048 -0.9813681145136107 0.0
1500  327 1888 97.377143 17.077103 0.22650284771666382 0.26838794422554574 132 -0.19236369866073272 -0.9813237016589188 0.0
1501  329 1888 97.400138 17.077103 0.7674037745176268 0.1706902834629084 121 -0.19247427768315176 -0.981302018967835 0.0
1502  327 1886 97.377143 17.054102 0.10950635138174726 0.2912905546476245 144 -0.19240221634796295 -0.9813161504552912 0.0
1503  329 1886 97.400138 17.054102 0.10044430653479966 0.329976374044237 132 -0.19251252419948864 -0.9812945164558605 0.0
1504  333 1887 97.434929 17.065844 0.843645037601838 0.4228222161598922 534 -0.19266011131266988 -0.9812655509641566 0.0
1505  328 1882 97.389095 17.021061 -0.005230735231998189 0.30240943587254293 503 -0.19251524711276455 -0.9812939822648008 0.0
1506  333 1882 97.436262 17.021929 0.5017048079090052 0.26177793883752243 502 -0.19273973873776812 -0.9812499136872812 0.0
1507  317 1918 97.280163 17.347114 -0.6752853314738628 0.2009648165076824 121 -0.19143070722574584 -0.981506130562133 0.0
1508  319 1918 97.303159 17.347114 -0.24090839092704383 0.20469235671541897 132 -0.19154276202087436 -0.9814842690116917 0.0
1509  317 1916 97.280342 17.323993 -0.7324191251797463 0.23472693345107873 134 -0.19147201276821457 -0.9814980735215372 0.0
1510  319 1916 97.303328 17.325251 0.3432471931553804 0.31739073732180845 130 -0.19158157693682334 -0.9814766932425855 0.0
1511  323 1917 97.339151 17.336114 0.38888904168693855 0.25683735332855395 528 -0.19173720592704457 -0.9814463020783614 0.0
1512  318 1912 97.292416 17.290645 0.5490572397960314 0.30828047766981304 518 -0.19158862998019258 -0.9814753164814248 0.0
1513  323 1912 97.339151 17.291112 0.27592818892520404 0.2782257577567916 552 -0.19181480930383424 -0.9814311381506773 0.0
1514  328 1917 97.386393 17.336559 0.15399602092369352 0.31990527032788907 516 -0.1919669182706941 -0.9814013971304771 0.0
1515  333 1917 97.433132 17.337114 -0.5179192462288167 0.38740239085339306 552 -0.1921945573732938 -0.9813568423953051 0.0
1516  328 1912 97.386277 17.290999 0.3244385180462684 0.36790694879395935 532 -0.19204424194925948 -0.9813862690776421 0.0
1517  333 1912 97.432994 17.291673 0.03922040596410466 0.49826405964512266 538 -0.19227075042907787 -0.9813419172385531 0.0
1518  320 1905 97.316156 17.223110 -0.03550465720448088 0.3577979108381468 2115 -0.19182048888663272 -0.9814300280933396 0.0
1519  328 1907 97.387141 17.246110 -0.11278358095494861 0.36487026294378383 528 -0.1921252037335241 -0.9813704224656212 0.0
1520  332 1908 97.422134 17.257110 -0.4236535223062373 0.34125721934018527 121 -0.19227638461381694 -0.9813408133364472 0.0
1521  334 1908 97.445206 17.258033 0.6143378193353439 0.30527446421243654 143 -0.19238699515151783 -0.9813191346838039 0.0
1522  332 1906 97.422134 17.235109 -0.689481938673445 0.1072957762600293 121 -0.1923136611295676 -0.9813335089269815 0.0
1523  334 1906 97.445129 17.235109 0.18502389972634387 0.46099000539824286 132 -0.19242532407946164 -0.981311619544431 0.0
1524  328 1902 97.387141 17.201108 0.7255240952650058 0.374458738935486 552 -0.19220178873547633 -0.9813554261361594 0.0
1525  333 1902 97.434131 17.201108 0.09383940165739203 0.3654468781037584 529 -0.19242923216963803 -0.9813108531992315 0.0
1526  318 1937 97.290337 17.516346 -0.31885952263370654 0.2697677368135075 511 -0.19118401527346243 -0.9815542126158475 0.0
1527  323 1937 97.337151 17.517121 0.11279797870530814 0.48111720785400697 552 -0.19141327933564634 -0.9815095294972809 0.0
1528  318 1932 97.290951 17.470955 -0.2562814042707684 0.5950990436832092 547 -0.19126681851171307 -0.9815380808386436 0.0
1529  323 1932 97.337711 17.471582 -0.1141103128893778 0.29413573251087727 527 -0.19149546072250984 -0.9814934989711719 0.0
1530  330 1935 97.408137 17.495122 0.34943368106235 0.297052843401882 2115 -0.19180127287604753 -0.9814337836671041 0.0
1531  320 1924 97.314688 17.403193 0.022328075023255962 0.3549055165091362 2128 -0.1915016053907204 -0.9814923000883791 0.0
1532  330 1925 97.408606 17.404782 -0.07575645411652182 0.28002869753003157 2136 -0.19195888827867244 -0.9814029678021235 0.0
1533  318 1957 97.288737 17.696889 -0.31451930340750633 0.6381333799507771 542 -0.19085663583353013 -0.9816179218811703 0.0
1534  323 1957 97.335707 17.697370 -0.29212050602973505 0.47426810791218826 539 -0.19108952191415626 -0.9815726130117014 0.0
1535  318 1952 97.289161 17.652127 0.2135520702806499 0.5897665172332408 528 -0.19093823948586847 -0.9816020521076946 0.0
1536  323 1952 97.336152 17.652127 0.22307467896108452 0.29123488034745026 506 -0.19117152278736912 -0.9815566457801397 0.0
1537  330 1954 97.406183 17.675089 0.09308618729970171 0.32282077056350167 2117 -0.19147955033311756 -0.981496603052821 0.0
1538  320 1945 97.313097 17.584788 0.15616762940750178 0.39369667985636364 2146 -0.19117580548932944 -0.981555811655917 0.0
1539  331 1945 97.407866 17.585312 -0.18829034928969784 0.43990533954460403 2127 -0.19164399805398505 -0.9814645067499304 0.0
1540  326 1969 97.358603 17.810643 -0.07396241850321111 0.3982517024833973 8538 -0.19100360302172154 -0.9815893355333078 0.0
1541  320 1994 97.308784 18.035902 -0.22090293991226664 0.34604817395696374 2158 -0.19034886047644134 -0.981716512703805 0.0
1542  331 1995 97.403688 18.037379 0.15630956576478425 0.3950440996805493 2135 -0.1908285362208159 -0.9816233848904684 0.0
1543  318 1987 97.286162 17.968140 -0.25733032098901365 0.3978807474307557 506 -0.19035703905213605 -0.9817149268923763 0.0
1544  322 1988 97.321238 17.979230 -0.056704150078664146 0.3311194923687309 133 -0.19051447191723175 -0.9816843871581631 0.0
1545  324 1988 97.345150 17.980140 0.24262367345444444 0.24602367767037772 144 -0.19063383006144316 -0.9816612159172353 0.0
1546  322 1986 97.321155 17.957139 -0.5891669860222575 0.23543552750026359 132 -0.19055385282381998 -0.9816767437267718 0.0
1547  324 1986 97.345150 17.957139 0.4646222342200803 0.3527438543565816 132 -0.1906750949793472 -0.9816532015710114 0.0
1548  318 1982 97.286431 17.922947 -0.36925688273508417 0.32059231392042015 535 -0.1904399664706515 -0.9816988434192317 0.0
1549  323 1982 97.333405 17.923325 -0.09234624310318149 0.3878620514788349 546 -0.1906762623204984 -0.9816529748274002 0.0
1550  328 1987 97.380412 17.968949 0.3197054451174825 0.28059630425412796 535 -0.19083227844174525 -0.9816226573916945 0.0
1551  333 1987 97.427386 17.969327 -0.13215205766219687 0.2402152044245995 546 -0.1910696589402703 -0.9815764796654658 0.0
1552  328 1982 97.380904 17.923795 -0.2273934570405243 0.30416308931217856 536 -0.19091501661745675 -0.9816065690641828 0.0
1553  333 1982 97.428133 17.924138 -0.4018980522783613 0.4187990104454201 506 -0.19115322516343292 -0.9815602093145472 0.0
1554  318 2017 97.283163 18.239151 -0.09126371945308494 0.41020231839150795 552 -0.18984686062312653 -0.9818137142612865 0.0
1555  323 2017 97.330851 18.239243 -0.6030523540547994 0.26533004954075834 544 -0.1900918421443054 -0.9817663120876498 0.0
1556  318 2012 97.283743 18.194377 0.1276525441267826 0.27657592412494514 515 -0.18993222539313045 -0.981797203987266 0.0
1557  322 2013 97.319155 18.205149 -0.27796603643307183 0.34625470812528275 132 -0.1900936110303716 -0.9817659695902246 0.0
1558  324 2013 97.343406 18.205587 -0.8159341216087341 0.2001101124998483 137 -0.19021744689142953 -0.9817419838725989 0.0
1559  322 2011 97.319155 18.183149 0.19431931573446048 0.1007520906419438 132 -0.19013384823453935 -0.9817581778399022 0.0
1560  324 2011 97.343150 18.183149 0.13835787490913362 0.21148209514096666 132 -0.19025721234312723 -0.9817342782807486 0.0
1561  328 2017 97.378002 18.240263 -0.5835442620060591 0.2765498476091265 509 -0.19033268785561658 -0.9817196483383922 0.0
1562  332 2018 97.413136 18.251151 0.24564520268221246 0.14392598540298382 132 -0.19049338356068052 -0.9816884795186319 0.0
1563  334 2018 97.437280 18.251331 0.6469797351911887 0.2447189118821445 134 -0.19061740845548897 -0.9816644047706493 0.0
1564  332 2016 97.413136 18.229150 0.01013756755062125 0.15996109667808506 132 -0.1905331647735747 -0.9816807592702251 0.0
1565  334 2016 97.437131 18.229150 0.8402662804406701 0.34393958625778814 132 -0.1906561856521703 -0.9816568743061728 0.0
1566  328 2012 97.378278 18.195037 -0.6040198272164155 0.2242048341156369 532 -0.19041595318391139 -0.9817035014570655 0.0
1567  332 2013 97.412884 18.206545 -0.277766759916068 0.12000961979616083 139 -0.1905726028757892 -0.9816731039572933 0.0
1568  334 2013 97.437131 18.207150 0.534369680720071 0.3466253182911796 132 -0.19069566833170057 -0.9816492052049582 0.0
1569  332 2011 97.413643 18.183775 -0.4338363006488601 0.2972880716354764 134 -0.19061745303726838 -0.9816643961138577 0.0
1570  334 2011 97.437131 18.184149 0.41541207227338517 0.29459436348195295 144 -0.1907367673328125 -0.9816412203995045 0.0
1571  318 2007 97.284163 18.149147 0.007668642390568675 0.1515778547015239 529 -0.19001747586517792 -0.98178070813488 0.0
1572  323 2007 97.331153 18.149148 -0.084741887393529 0.45890596580500503 552 -0.19025736487662095 -0.9817342487201943 0.0
1573  318 2002 97.284828 18.103434 -0.13692100117819697 0.1946021673845499 541 -0.19010452647682907 -0.98176385603312 0.0
1574  323 2002 97.332058 18.104224 -0.5865200910768582 0.33869965565036186 508 -0.19034348443764704 -0.9817175550697539 0.0
1575  328 2007 97.378907 18.149471 -0.37057376432451694 0.2836787567893911 544 -0.19050128581769774 -0.9816869460789442 0.0
1576  333 2007 97.426133 18.150148 -0.39105590009553864 0.26995145280609123 506 -0.19074162084249635 -0.9816402773309465 0.0
1577  328 2002 97.379381 18.104489 -0.3620071419577267 0.33174719760397836 536 -0.19058468164188655 -0.9816707590243589 0.0
1578  333 2002 97.426446 18.104937 0.16672568424229525 0.3519495996960351 536 -0.1908240377634206 -0.9816242593842436 0.0
1579  318 2037 97.281028 18.419986 -0.20262455047087224 0.27321513910272754 532 -0.18950218114175288 -0.9818802999055019 0.0
1580  323 2037 97.329153 18.420159 0.43156884076553537 0.28525148513593385 528 -0.1897515616565009 -0.9818321367977925 0.0
1581  318 2032 97.282308 18.374989 -0.48576250622669853 0.3149141415366331 525 -0.1895921123177334 -0.9818629389822696 0.0
1582  323 2032 97.329153 18.375157 -0.3199236242039858 0.34367847922359546 552 -0.1898342575603474 -0.981816151148733 0.0
1583  330 2035 97.399960 18.398560 -0.07006977539710195 0.3461141471101843 2135 -0.19015864179340478 -0.9817533758288217 0.0
1584  320 2024 97.306158 18.307156 -0.006329236460528193 0.2844556524574203 2115 -0.18984066302388689 -0.9818149126299982 0.0
1585  327 2028 97.365146 18.341155 0.1570557821683134 0.15610297728634331 132 -0.19008257583315827 -0.9817681062066702 0.0
1586  329 2028 97.389141 18.341155 -0.1857384622209903 0.6261080854978374 132 -0.1902065936830599 -0.9817440866740614 0.0
1587  327 2026 97.365146 18.319154 -0.3154163739897988 0.09000110103766501 132 -0.19012286758140257 -0.9817603043628441 0.0
1588  329 2026 97.389141 18.319154 -1.1921308638923096 0.31141852422863014 132 -0.19024642595794564 -0.9817363685889546 0.0
1589  332 2028 97.413136 18.342155 -0.9620470967557695 0.16659139640683146 144 -0.1903290989475462 -0.9817203441376853 0.0
1590  334 2028 97.436131 18.342155 -0.5100806745361876 0.2434545492918107 132 -0.1904484367036309 -0.9816972002390265 0.0
1591  332 2026 97.413136 18.319154 -1.1976892577879357 0.20147748543720645 132 -0.19037081832255587 -0.981712254956207 0.0
1592  334 2026 97.436787 18.318935 -0.2578851136204321 0.3940775956993467 128 -0.1904936042262321 -0.9816884366991901 0.0
1593  328 2022 97.377143 18.285153 -0.2451685946063557 0.5406454266300847 552 -0.19024669724096246 -0.9817363160181586 0.0
1594  332 2023 97.413136 18.297153 -0.8926704807037656 0.38878325387166607 132 -0.19041047202932407 -0.9817045645924083 0.0
1595  334 2023 97.437131 18.297153 0.44488179881238576 0.45985688305131905 132 -0.1905346351559515 -0.981680473884445 0.0
1596  332 2021 97.413136 18.274152 0.10405864300102824 0.2415469278338603 144 -0.19045183133408983 -0.9816965416774632 0.0
1597  334 2021 97.436990 18.274307 0.6066979058611561 0.1414563830286706 142 -0.19057474308589387 -0.9816726884750057 0.0
1598  325 2049 97.351438 18.533365 -0.06951102550364148 0.34860471743729443 8563 -0.18965886825838846 -0.9818500464383283 0.0
1599  326 2069 97.349779 18.713998 0.07786142078540767 0.31850018347936054 8557 -0.18931466272367325 -0.9819164722509862 0.0
1600  326 2089 97.348315 18.894773 -0.010347844402524342 0.28350446477757946 8582 -0.18896764944597236 -0.9819833132303543 0.0
1601  325 2110 97.346012 19.075529 -0.047388441741372814 0.2975759969784625 8587 -0.18861248682810391 -0.9820515922356209 0.0
1602  325 2129 97.344310 19.256065 -0.012696962127223908 0.3038867580126669 8581 -0.1882576289137709 -0.9821196796499726 0.0
1603  326 2149 97.342751 19.436635 -0.046029144102284085 0.31570635173326467 8609 -0.18789963524910838 -0.9821882340331979 0.0
1604  325 2169 97.340629 19.617392 0.05922896472378843 0.3231086965734674 8618 -0.1875349092287324 -0.9822579385378216 0.0
1605  326 2189 97.338901 19.798055 0.015676670107942034 0.37397780255748175 8608 -0.18716912715522419 -0.9823277038951673 0.0
1606  326 2209 97.337223 19.978694 -0.0035781947643651318 0.2630385363040376 8640 -0.186800205069872 -0.982397925173834 0.0
1607  325 2230 97.335040 20.159492 0.0866412109814698 0.26475697806114296 8648 -0.1864241468735009 -0.9824693570094121 0.0
1608  325 2250 97.333111 20.340162 0.10340176031221365 0.22230092147831942 8647 -0.18604646343309872 -0.9825409474642961 0.0
1609  326 2270 97.331457 20.520810 -0.005030751331502341 0.34751617917238736 8666 -0.18566716623779872 -0.9826126924588474 0.0
1610  325 2290 97.329178 20.701467 -0.08797049925156633 0.3014551964220439 8670 -0.18528058088195798 -0.9826856599890141 0.0
1611  325 2309 97.327065 20.882006 -0.07324358418866402 0.29208443749433377 8676 -0.1848921284335722 -0.982758821300172 0.0
1612  326 2329 97.325433 21.062626 0.04041233589348367 0.32102304187962005 8696 -0.18450274147249665 -0.982831999066541 0.0
1613  325 2349 97.323173 21.243307 0.035560012084529836 0.33741608893188685 8705 -0.1841062522313168 -0.9829063474661962 0.0
1614  325 2370 97.320924 21.423964 -0.1307199758168137 0.3632128243948746 8715 -0.18370640653295114 -0.9829811576010753 0.0
1615  326 2390 97.319285 21.604610 -0.09783350669551284 0.38102389573287093 8724 -0.18330638603496285 -0.9830558320048771 0.0
1616  326 2410 97.317028 21.785236 0.14776211066556166 0.44228493722213297 8736 -0.18289961194223014 -0.9831315944223243 0.0
1617  325 2426 97.314836 21.937900 -0.10469300711127051 0.4236411832868992 6038 -0.18255150828256328 -0.9831962910954054 0.0
1618  338 1894 97.478998 17.133887 -0.20432015904884843 0.4326713888967593 918 -0.1927588623406935 -0.9812461571843843 0.0
1619  338 1885 97.479122 17.044101 0.018682766434821217 0.2892500982617238 880 -0.19290849780748462 -0.981216750506054 0.0
1620  338 1917 97.478122 17.337114 -0.3668032746692622 0.3538295522803348 483 -0.19241423082248324 -0.981313794755272 0.0
1621  338 1912 97.478122 17.292112 0.32867633341710806 0.2657003747463202 462 -0.1924898912477208 -0.9812989563672432 0.0
1622  338 1905 97.478014 17.224485 0.49697796447836406 0.24499649844748966 958 -0.19260281986848404 -0.98127679773788 0.0
1623  338 1930 97.477326 17.450806 0.003814155303325536 0.38431404440484895 1961 -0.19221771093860962 -0.9813523075845499 0.0
1624  338 1950 97.476667 17.631963 -0.10161939459915814 0.3679529614457924 2042 -0.19190494319935775 -0.9814135177261679 0.0
1625  338 1975 97.475735 17.857588 -0.1266831440705905 0.3890927129832571 1052 -0.19150999113544692 -0.9814906638859593 0.0
1626  338 1967 97.476123 17.789133 -0.2735472310031632 0.443394588533101 529 -0.19163101381870698 -0.9814670420053924 0.0
1627  338 1962 97.475974 17.743950 -0.8799567573575997 0.5081888485891793 510 -0.19170864787811062 -0.9814518808014718 0.0
1628  338 1994 97.475123 18.037143 0.1975067201587889 0.3840392653919629 1080 -0.1911920687388924 -0.981552643953111 0.0
1629  338 1984 97.475123 17.947139 -0.061725488396499446 0.3773494009119734 1080 -0.1913502973360706 -0.9815218101037784 0.0
1630  338 2015 97.474036 18.218347 0.25372260303509026 0.38738976761363314 1145 -0.19086550989784284 -0.9816161964492215 0.0
1631  338 2004 97.474362 18.127588 -0.10511800474118199 0.2662750646369648 1123 -0.19102837326313782 -0.9815845152652111 0.0
1632  338 2035 97.473123 18.399158 0.14628361876512694 0.3046323778708224 1170 -0.19053732876562993 -0.9816799510771616 0.0
1633  338 2027 97.471419 18.331361 0.08917381566940645 0.27311393504892584 545 -0.19065035945378536 -0.9816580058452854 0.0
1634  338 2022 97.472123 18.286153 0.6273408617544551 0.2047260965316167 506 -0.19073498803939776 -0.981641566121571 0.0
1635  338 2050 97.472681 18.535000 -0.18983963994953676 0.31424740068191365 2379 -0.19028939151318217 -0.9817280415051527 0.0
1636  338 2077 97.467208 18.783250 -0.25418737703087657 0.3512617742370465 550 -0.1898072778962711 -0.9818213672851125 0.0
1637  341 2077 97.495119 18.783173 -0.5100745257476101 0.16837500725249044 92 -0.1899553885910994 -0.9817927226992491 0.0
1638  338 2072 97.467882 18.737553 0.06313501499736539 0.3182012077112525 520 -0.1898949713101854 -0.9818044101913088 0.0
1639  341 2072 97.495119 18.738172 0.20245912044563077 0.20027513783287706 88 -0.19003787535476527 -0.9817767597222123 0.0
1640  338 2064 97.472272 18.669656 0.28506064947530724 0.24365230574241942 1228 -0.19004241876869105 -0.9817758802642004 0.0
1641  338 2090 97.471101 18.896249 0.09788193150211501 0.3096025546215073 2522 -0.18961926663305526 -0.9818576952499493 0.0
1642  339 2109 97.470124 19.076187 0.025755585904208178 0.3558149622366731 2610 -0.1892792762477526 -0.9819232941442662 0.0
1643  339 2130 97.469274 19.257591 -0.16524038535291782 0.39662972549356645 2716 -0.18893329936071684 -0.9819899227551542 0.0
1644  339 2150 97.468440 19.438842 0.11014115524082588 0.3481807062619746 2761 -0.188584545913787 -0.9820569581457538 0.0
1645  339 2170 97.467606 19.618953 0.09568191207604058 0.3502157259945701 2838 -0.18823432508650598 -0.9821241463578968 0.0
1646  339 2195 97.466192 19.845114 -0.15612765886629074 0.26672296509298177 1486 -0.1877883151432285 -0.9822095238265957 0.0
1647  339 2184 97.467261 19.753907 0.15963937280929252 0.272056489051264 1460 -0.18797193369645215 -0.9821744000646814 0.0
1648  339 2215 97.465584 20.025560 0.3223475207376551 0.3827706923570093 1509 -0.18743088016803972 -0.9822777942921411 0.0
1649  339 2205 97.466125 19.935222 -0.1988016257445118 0.3229834821062392 1485 -0.18761142233369307 -0.9822433273939452 0.0
1650  339 2230 97.464997 20.160667 -0.07849456749216017 0.30872565087234144 3077 -0.18716046417831383 -0.9823293544675117 0.0
1651  339 2250 97.464028 20.341484 -0.015507661019144591 0.2784166394777138 3188 -0.1867948309770559 -0.9823989470272518 0.0
1652  339 2270 97.463126 20.522247 -0.07830588604858214 0.2935973876854495 3240 -0.18642597316618084 -0.9824690104675274 0.0
1653  339 2289 97.462178 20.702390 0.0415616889244616 0.30082857817054676 3331 -0.18605505711131967 -0.9825393201919725 0.0
1654  339 2310 97.461192 20.883555 0.029292566567449656 0.256734629316154 3446 -0.1856783968582689 -0.9826105703380883 0.0
1655  340 2330 97.460268 21.064556 0.07709445621608443 0.3263535578101892 3497 -0.18529871103315237 -0.9826822414643771 0.0
1656  340 2350 97.459344 21.244690 -0.14314439578109678 0.37330987933242493 3584 -0.18491805772912306 -0.982753942716939 0.0
1657  340 2370 97.458383 21.425647 -0.17519255766135525 0.35136676398942585 3703 -0.18453184567631725 -0.9828265350158653 0.0
1658  340 2390 97.457340 21.606606 -0.3091357347065901 0.39978958601482706 3761 -0.18414205432434816 -0.9828996407717366 0.0
1659  340 2410 97.456400 21.786723 -0.28623833824021766 0.31690649072830174 3845 -0.18375101980734385 -0.9829728189119784 0.0
1660  340 2426 97.455525 21.938649 -0.21672903485299866 0.2816256777065226 2703 -0.183418962074608 -0.9830348337426673 0.0
