Number xind yind east north data err wgt Elos Nlos Ulos
********************************************************
   0  151 1893 95.725656 17.102963 -0.04237994790867256 0.005197362507748241 6111 0.700561527128254 -0.1314872157283229 0.7013734089682486
   1  150 1905 95.718497 17.209761 -0.04623158072956475 0.006381022661188884 29442 0.7023960165621747 -0.13164064756278565 0.6995073808237049
   2  153 1925 95.740143 17.386723 -0.04144858207355547 0.0032042902564015873 24976 0.7032560110200633 -0.1315940173743226 0.6986515566113305
   3  155 1944 95.750845 17.562888 -0.020457223012099877 0.009604375542527315 15120 0.7048035056408111 -0.13163286006506233 0.6970830715112187
   4  157 1966 95.772036 17.757218 -0.008562054546635963 0.005589600644992894 6960 0.7058990746104937 -0.13159166464849503 0.6959814151678811
   5  171 1892 95.910497 17.089323 -0.024474463917545496 0.004570579452691884 12833 0.6880512074506413 -0.12978950299724828 0.7139609378932729
   6  170 1906 95.903206 17.217110 -0.029023069218949732 0.007598352479407925 35643 0.690262425150212 -0.12999234636747792 0.7117863263027927
   7  170 1925 95.898167 17.393818 -0.04136907260086483 0.003675765049605314 35033 0.6929554224938342 -0.13020639322749436 0.709125572518069
   8  170 1945 95.899952 17.574305 -0.037531106241831334 0.005607136222114653 32237 0.6952214226916807 -0.13035132011811215 0.706877434053472
   9  170 1966 95.889404 17.756821 -0.037601154684258474 0.009169605750217278 35554 0.6983060427938907 -0.13059801998051446 0.7037846458787702
  10  169 1985 95.882662 17.935056 -0.018118360388826214 0.010992226680794633 35687 0.7010499753183819 -0.13079684570068537 0.7010143488266466
  11  171 2005 95.894575 18.115078 -0.004130877148501833 0.0053221118307234284 30623 0.702597189060165 -0.1308304245174977 0.6994573539146802
  12  172 2024 95.906861 18.288431 -0.002414106625880013 0.011390166062207472 19439 0.7040555945607905 -0.1308653589159864 0.6979827917674203
  13  175 2045 95.923096 18.471677 -0.02191648892787461 0.00913635015077251 12810 0.7053999219697316 -0.13087191400391643 0.6966229196703537
  14  177 2064 95.942466 18.647342 -0.034263881338402365 0.00540029047775932 6261 0.7063819215457533 -0.13083348637004194 0.695634372179516
  15  190 1890 96.093608 17.075059 -0.01545133055134717 0.00523558746758798 22627 0.6751001455108515 -0.12798252124843126 0.7265399285559754
  16  189 1905 96.079850 17.209526 -0.01494753137533727 0.0050322252051333265 31190 0.6779719150024277 -0.12828826445844113 0.7238067446979076
  17  189 1925 96.076592 17.396459 -0.019691755111259656 0.012443314090155007 27117 0.6808204297239944 -0.12853573151026443 0.7210839813749552
  18  190 1946 96.081546 17.586369 -0.020652130648050254 0.008103289708632569 28199 0.6831117950401742 -0.12869476130358595 0.7188852021637421
  19  190 1965 96.079904 17.759349 -0.026554038685186892 0.0120613144788849 31453 0.6856040979719137 -0.12889239324990878 0.7164731480009766
  20  189 1985 96.070831 17.937319 -0.010534532956449058 0.012988511049333623 29795 0.6886594472411569 -0.12915547903780902 0.713489332758394
  21  190 2005 96.071087 18.119480 0.006210667460182147 0.005678685186770275 28765 0.6911094943402035 -0.1293261551427945 0.7110853763288978
  22  190 2025 96.072065 18.298519 -0.009147767648067998 0.00897082550669326 20601 0.6934257983030342 -0.1294829840268923 0.7087981511652603
  23  189 2045 96.059786 18.478652 -0.01776450573888229 0.0070255287631324935 21611 0.6965823842185712 -0.12973500374512842 0.7056499208528422
  24  189 2066 96.060064 18.662598 -0.028361798468319033 0.011486478778987157 21463 0.6989460715928921 -0.129875619205818 0.7032828112081008
  25  189 2085 96.049491 18.840134 -0.06252331813092966 0.013423398771009527 20848 0.7018689695446398 -0.13008394305278476 0.7003271502306512
  26  187 2111 96.028264 19.070105 -0.06355410511033577 0.010827464377623133 2850 0.7061325736853331 -0.130409693992536 0.6959670251479597
  27  192 2113 96.078200 19.092245 -0.06436347662068374 0.0055787705474836 1787 0.7031832703835034 -0.13002311816778286 0.6990187958808315
  28  197 2113 96.124158 19.092470 -0.09846368863296658 0.013576522549229919 1605 0.7002094878018196 -0.12965172497280036 0.702066309833972
  29  192 2108 96.078889 19.047484 -0.08254144698513834 0.012834621900328618 1463 0.7025794714820617 -0.12998899216114826 0.6996320091082997
  30  197 2108 96.124480 19.049546 -0.09838363330734001 0.010457199858260898 1109 0.6996400993137811 -0.12961909474190886 0.7026397524411
  31  185 2100 96.017822 18.975255 -0.07061220094679636 0.006829907066498537 2903 0.7056208829834768 -0.13043452403220715 0.6964811587100616
  32  195 2101 96.105659 18.981238 -0.09376630384962745 0.01075492050530899 5270 0.6999924299498392 -0.1297243312967354 0.7022693186253649
  33  189 2134 96.047251 19.282405 0.08068416103206832 0.0018079671436869566 145 0.7075022211502038 -0.13037626353920148 0.6945809074348969
  34  189 2132 96.044546 19.259069 0.04511338622640755 0.008378953589209382 295 0.7073870030671459 -0.13038443279688824 0.6946967162553136
  35  188 2128 96.041626 19.224482 0.017329085483995678 0.013525404731776745 837 0.7071605955710911 -0.13039028479492729 0.6949260865031889
  36  191 2134 96.062536 19.282823 0.07267812745183962 0.0036104655845991614 585 0.7065352611690017 -0.1302582231923446 0.6955866013773008
  37  193 2134 96.086024 19.283557 0.05610767975691464 0.005725345288048591 616 0.7050427487539512 -0.13007496322971562 0.6971335785703204
  38  190 2132 96.056748 19.265759 0.04887446368645344 0.014495258480553594 168 0.7066855334052724 -0.13029220273660924 0.6954275654457105
  39  191 2133 96.065764 19.268933 0.06576405819959757 0.0077618977958855105 41 0.7061548997384595 -0.13022526922873867 0.6959789054487706
  40  192 2133 96.072004 19.268808 0.06482326265337855 0.003982647240602999 43 0.705760353094576 -0.13017634478993312 0.6963881412380253
  41  191 2132 96.066250 19.263358 0.032111982924534994 0.0015109899865572943 34 0.7060659215953389 -0.13021954168839944 0.6960702445329694
  42  192 2132 96.072083 19.263333 0.0320252352911565 0.010297597767041925 36 0.7056987578934489 -0.13017378072489144 0.6964510391401763
  43  190 2131 96.056398 19.254660 0.036779752242883657 0.0021336838702456524 131 0.7065779596497841 -0.13029024499912167 0.6955372304882155
  44  191 2131 96.069227 19.255258 0.02843921376126153 0.0018614554307251196 105 0.705776817289993 -0.13019131408192863 0.6963686566134554
  45  192 2133 96.077814 19.269013 0.060827580623720824 0.002611615555157262 38 0.7053848712490182 -0.130130079381256 0.6967771134683127
  46  193 2133 96.083529 19.269205 0.05410382704752864 0.001692457288512557 33 0.7050298057122594 -0.1300858653415605 0.6971446339861415
  47  192 2132 96.077722 19.263444 0.03131752535700798 0.01306456112923268 30 0.7053330794324845 -0.13013163420376817 0.6968292508482586
  48  193 2132 96.084007 19.263627 0.03413054834613029 0.013949626744383579 34 0.7049300074062484 -0.13008008365203505 0.6972466253021998
  49  194 2132 96.092646 19.266899 0.04438054583234979 0.012693873798540296 140 0.704419752691136 -0.13001357328098 0.6977745214474874
  50  193 2131 96.080885 19.254992 0.022520785202613528 0.002133624309421021 161 0.7050243972201106 -0.13009932847882516 0.697147591298843
  51  194 2131 96.091905 19.256141 0.013124519832884875 0.004181076131565001 107 0.7043395935161908 -0.1300145366016585 0.6978552552483237
  52  196 2134 96.109696 19.284166 0.03805033921994067 0.006142494197015653 555 0.7035388718231006 -0.12988998657039255 0.6986856569463996
  53  198 2135 96.127603 19.289317 0.015254559026637233 0.007357372910138762 94 0.7024685392437848 -0.12975484065428144 0.6997868480469501
  54  199 2135 96.139420 19.290205 -0.009995882097322517 0.006345459081835406 138 0.7017146488707269 -0.12965982200310072 0.7005604057598152
  55  198 2134 96.128399 19.278133 0.020188140270816123 0.007349983050557842 139 0.7022753796657862 -0.12974093044058727 0.6999832727170604
  56  199 2134 96.140466 19.278791 -0.005861801518743751 0.0077346571392788626 122 0.7014994427790469 -0.12964332660218653 0.7007789520584972
  57  195 2132 96.104206 19.266837 0.04262894762785367 0.005732268933508648 159 0.7036762230329787 -0.12992343245113247 0.6985411046160116
  58  196 2132 96.116305 19.267077 0.03465343858222015 0.002113487579854687 131 0.7028936630096649 -0.1298261648991204 0.699346598911042
  59  195 2131 96.104990 19.255104 0.008190208247267745 0.006021677444690933 144 0.7034844534756329 -0.1299097799235494 0.6987367693189653
  60  196 2131 96.113627 19.258429 0.013360288569506688 0.014020939038512602 39 0.7029664234464845 -0.12984102239126205 0.6992707032410621
  61  197 2132 96.118352 19.259886 0.029863442717628044 0.003631496886097081 11 0.7026715342980174 -0.12980592516541098 0.699573539150261
  62  197 2132 96.121181 19.260000 0.027017488066727918 0.0066034754007907055 12 0.7024913019857969 -0.12978334128434804 0.6997587119567503
  63  197 2131 96.118264 19.257083 -0.0021340789325121376 0.0045635616269895955 9 0.7026427685598704 -0.12980533289362534 0.6996025409780151
  64  197 2131 96.121181 19.257083 -0.008845180893937746 0.0017209750535138802 9 0.7024548822742395 -0.12978188732410756 0.6997955416346101
  65  196 2131 96.113889 19.252917 -0.0015148431899606727 0.0034283656243568107 42 0.7028761865936759 -0.12983709032588706 0.6993621353027625
  66  197 2131 96.119722 19.252917 -0.010667693113819474 0.003361238620523565 42 0.7024966023845155 -0.12979104577477762 0.6997519618228315
  67  198 2132 96.128108 19.267200 0.0250081104116843 0.004739804592027498 136 0.7021451548263044 -0.12973419845327522 0.7001151471762566
  68  199 2132 96.140320 19.267145 -0.0005987960006873323 0.007830001376477233 121 0.7013589081619714 -0.1296354712043104 0.700921055859705
  69  197 2132 96.123903 19.260167 0.027237590029835702 0.002121354009449414 10 0.7023172990195337 -0.1297631185613678 0.6999371004305568
  70  198 2132 96.127431 19.260417 0.022400226976190294 0.0016797496240740276 7 0.7020884683641518 -0.1297331512804811 0.7001721874288603
  71  197 2131 96.124097 19.257083 -0.009815292432904243 0.007982028783424636 9 0.7022673339025441 -0.12975833574679668 0.6999881184974744
  72  197 2131 96.126285 19.257083 -0.013425498851574957 0.006391652336827375 4 0.7021257584916218 -0.12973874720500744 0.7001337563182052
  73  198 2131 96.131446 19.258922 0.013411265647257952 0.007766128037878417 34 0.7018188308037382 -0.12969985426664415 0.7004486251913734
  74  197 2131 96.125556 19.252917 -0.015517938549497299 0.0015142858131688161 42 0.7021201344899184 -0.12974375980237074 0.7001384674021301
  75  198 2131 96.130700 19.252778 -0.013103367455187254 0.006060344141033821 24 0.7017846588947685 -0.12970207290115796 0.7004824514754785
  76  199 2131 96.140391 19.256242 -0.0061883986583360145 0.010942929023768548 104 0.7012069195988473 -0.1296275383878412 0.70107457320759
  77  192 2128 96.075695 19.225308 0.007846237709373554 0.013896509974135 2002 0.7049901129793632 -0.13012293476341172 0.6971778556795258
  78  196 2129 96.111394 19.238691 -0.005755586136445468 0.011234063504573316 590 0.7028578012797995 -0.1298475953546681 0.6993786622143517
  79  198 2129 96.134096 19.238690 -0.02031629432078449 0.010902719848188103 544 0.7013906559129061 -0.12966526244894844 0.7008837760371608
  80  196 2127 96.110902 19.215997 -0.02546734765445154 0.005932421886382295 641 0.7026035161778851 -0.12983643066979753 0.6996361914062187
  81  198 2127 96.133722 19.216878 -0.04546987965289089 0.011008951762642473 450 0.7011515168112304 -0.12965623297894885 0.7011246763044496
  82  188 2123 96.038350 19.180751 -0.013469977326967418 0.014217290584057157 998 0.7068226747983037 -0.13038869193283462 0.695270088100312
  83  188 2118 96.035400 19.136086 -0.054721615982137775 0.004804283584352725 1234 0.7064644209040936 -0.13038717336986794 0.6956343917729052
  84  192 2123 96.077095 19.181850 -0.0278767109297147 0.01390115038430226 2107 0.704351403289269 -0.13008383900265347 0.6978304203133948
  85  196 2124 96.111432 19.194058 -0.0401856024004519 0.01122853790409518 550 0.7023002779014724 -0.12981945139211912 0.6999437332384395
  86  198 2125 96.128287 19.199451 -0.03518252694501286 0.007492342445436115 113 0.7012822312744714 -0.12968847672089528 0.70098796787428
  87  199 2125 96.141241 19.199620 -0.05775972033540408 0.00747091775583817 90 0.7004544382554125 -0.12958629286051568 0.7018340064651777
  88  198 2124 96.129112 19.187405 -0.050151262542988996 0.010653242058232445 101 0.7010796271649884 -0.12967344331304567 0.7011933788004128
  89  199 2124 96.140797 19.187263 -0.07138004465193688 0.013023621347861529 79 0.700319747909622 -0.1295810847053261 0.7019693676894987
  90  196 2122 96.111912 19.170713 -0.05504305236574959 0.01330689197267807 433 0.7019687986042071 -0.12979930465565004 0.7002799056784907
  91  198 2122 96.135029 19.171507 -0.07267933739645266 0.01027699607694033 409 0.7004872151299691 -0.1296147356826689 0.7017960399812556
  92  192 2118 96.076391 19.137244 -0.06027081604499689 0.01008879635672365 1831 0.7038500963613357 -0.1300639184382266 0.6983397589802781
  93  196 2119 96.112510 19.149534 -0.07231095631371488 0.010303796937512445 455 0.701671761985408 -0.12978163585182276 0.7005808057804024
  94  198 2119 96.135923 19.150000 -0.09230647143637034 0.011764650381339727 282 0.7001647631308957 -0.12960021089237378 0.7021204240061025
  95  196 2117 96.113153 19.124895 -0.08497072991284298 0.006803471861271385 409 0.7013249404675286 -0.1297607390003195 0.7009318643722143
  96  198 2117 96.136762 19.126401 -0.11234773180882136 0.00953262850458183 375 0.6998179092922145 -0.12957370987879413 0.702471029681737
  97  194 2153 96.085821 19.452495 -0.00443123521107681 0.009951678428286287 754 0.7071852840058852 -0.13018514256630667 0.694939423792107
  98  196 2154 96.107339 19.464190 -0.039555581670600116 0.014734028241960026 582 0.7059552804893736 -0.1300245465491024 0.6962189018145587
  99  198 2155 96.124862 19.470118 -0.07420564717773734 0.007627567618474807 145 0.7049267372375059 -0.12989482115425943 0.6972844688970115
 100  199 2155 96.136250 19.470417 -0.09875042106096561 0.009158404915191928 156 0.7041936091281539 -0.1298038268180529 0.69804178055934
 101  198 2154 96.124636 19.459079 -0.06293268000879207 0.006185251123863107 119 0.7048172085383759 -0.12988972636197751 0.697396129566104
 102  199 2154 96.136704 19.459141 -0.08727759102036833 0.009044567542415297 179 0.7040292984068182 -0.12979549997371007 0.6982090483310697
 103  196 2152 96.108346 19.442079 -0.026386423800069253 0.011006134536260048 522 0.7056254964341468 -0.13000449561284688 0.6965568820293955
 104  198 2152 96.131614 19.442082 -0.06133329699168334 0.011567698522707212 555 0.7041612671124701 -0.12982844957944992 0.6980698271508066
 105  193 2148 96.080924 19.404717 0.034114005550748186 0.014311170587009016 1389 0.7068904620328608 -0.13019266376528152 0.6952379053163521
 106  196 2149 96.108150 19.419676 -0.016543614795158205 0.008720702485870355 387 0.7053734921394128 -0.12999576325218284 0.6968137040296581
 107  198 2149 96.131042 19.420011 -0.03173310676543617 0.013138890969881861 405 0.7039423685243228 -0.12982450267394866 0.6982913004626566
 108  196 2147 96.107802 19.395059 0.001639074364910675 0.013273239742032778 452 0.7050745005053841 -0.12998237579508187 0.6971187350227714
 109  198 2147 96.133147 19.396227 -0.038253541540759 0.009362071588102197 396 0.7035027095767246 -0.12979032742466945 0.6987405874322771
 110  193 2143 96.077862 19.361917 0.05214403000797412 0.005399933090594574 1806 0.7065519782209646 -0.1301921841706444 0.6955819845661032
 111  196 2144 96.107246 19.374083 0.014969319603450543 0.01444515453450908 541 0.7048352366622784 -0.1299708000966196 0.6973628039130525
 112  198 2144 96.132334 19.375283 -0.03269471773151426 0.011162685762209974 318 0.703288230589401 -0.12978383079864772 0.6989576682300993
 113  196 2142 96.108524 19.350545 0.02187822953613254 0.013125447068199536 396 0.7044671378477011 -0.12994924930121413 0.697738664758317
 114  198 2142 96.132117 19.349916 -0.02414898549662078 0.014141549284855177 333 0.70297163352953 -0.1297678403971764 0.6992790502020471
 115  192 2138 96.072942 19.316750 0.06167082104812464 0.008433849001661236 2296 0.7062961447146373 -0.13020069420612793 0.6958401649728783
 116  196 2139 96.108921 19.328548 0.027728258507596346 0.011947292440350867 531 0.7041577073311414 -0.12993152783920664 0.698054239496846
 117  198 2139 96.131661 19.329049 -0.015446279498992598 0.014013006472481574 441 0.7027243753644585 -0.12975735633829089 0.6995294709622529
 118  196 2137 96.110416 19.306822 0.032984922540176216 0.009000309336108814 513 0.7037885645962558 -0.12990315183089357 0.6984316913542381
 119  198 2137 96.126790 19.312683 0.0022528532503565657 0.007220248723340844 100 0.702811918195678 -0.12978009849974795 0.6994372978870281
 120  199 2137 96.138893 19.312083 -0.022565633126280526 0.009109149539374162 110 0.7020428286670158 -0.12968621215026507 0.7002266440912767
 121  198 2136 96.127159 19.301159 0.008776064283554251 0.007380236693408948 147 0.702642473493779 -0.12976622270028154 0.6996100927578482
 122  199 2136 96.138703 19.301275 -0.01506552131754826 0.008237398940273847 132 0.7019070107953621 -0.12967636846400915 0.7003646105124857
 123  198 2175 96.121807 19.650677 -0.0810244170480345 0.010599570048994145 163 0.7073134672351439 -0.13001414387198945 0.6948409756635202
 124  199 2175 96.132855 19.651514 -0.1217568103224039 0.01485717789955013 120 0.7066254332724122 -0.12992954120805666 0.6955564760492418
 125  198 2174 96.121067 19.639772 -0.07662141279433854 0.011905214017578915 128 0.7072259696953935 -0.1300108432120296 0.6949306500908614
 126  199 2174 96.134291 19.639028 -0.11020086788468891 0.011689146571396795 99 0.70637944071785 -0.12991431248272242 0.6958091384447885
 127  197 2172 96.112414 19.621030 -0.06838248629422708 0.011174304033694918 174 0.7075430460309501 -0.1300674193582272 0.6945972246091514
 128  198 2172 96.127864 19.622520 -0.09305975740279654 0.011336803682417622 556 0.706583669651855 -0.12995128017756033 0.6955948408100303
 129  197 2168 96.120762 19.586057 -0.08011539623496523 0.013611053599946096 1594 0.7065838424538803 -0.1299862462728216 0.6955881319883278
 130  196 2164 96.106504 19.554099 -0.07388897593374606 0.010641858236486373 540 0.7070970785697671 -0.13007790925734375 0.695049249335138
 131  198 2165 96.122138 19.560519 -0.0843246537905473 0.008775452912765378 130 0.7061828371566109 -0.12996087084796146 0.6959999802829588
 132  199 2165 96.135083 19.560726 -0.06963980113139409 0.009756362426945263 167 0.7053658923957689 -0.1298617793346736 0.696846379134421
 133  198 2164 96.123712 19.549648 -0.09846396478159088 0.008754168278830535 154 0.7059484553434471 -0.12994434842936825 0.6962407950626479
 134  199 2164 96.132224 19.552212 -0.08286941357147999 0.007984564712136433 39 0.705439389758781 -0.12987864598783158 0.6967688316027966
 135  199 2164 96.138232 19.551538 -0.08040100221450512 0.008851835155967016 26 0.7050469513820746 -0.12983788865385093 0.6971735214541303
 136  199 2163 96.132361 19.546250 -0.10479932686402685 0.0076221296020088465 42 0.7053556313474488 -0.1298778207358628 0.6968537759152524
 137  199 2163 96.138206 19.546189 -0.11025521104655615 0.008847160696168201 41 0.7049840826662702 -0.12983058300960168 0.6972384548363526
 138  195 2162 96.099439 19.537354 -0.07875097505748271 0.007613174360621553 160 0.7073381064018751 -0.13012288911947165 0.6947955360816672
 139  196 2162 96.111338 19.537686 -0.1004018140189788 0.007905867489177308 170 0.7065880049304232 -0.1300320810928906 0.6955753368076648
 140  195 2161 96.099762 19.526271 -0.07632797112527454 0.009345901627861393 162 0.707186424727824 -0.13011400019307048 0.6949515865399799
 141  196 2161 96.111912 19.526402 -0.10845805558602552 0.013607473397135377 148 0.706417834160549 -0.13002337958456206 0.6957497857285533
 142  198 2162 96.123561 19.537949 -0.11057777789893089 0.013139804993190604 154 0.7058129649811558 -0.12993624159501782 0.6963796605190813
 143  199 2162 96.135262 19.537938 -0.115777999354947 0.01424268002857979 155 0.7050699144006326 -0.129846994510235 0.6971486023967512
 144  198 2161 96.123804 19.526889 -0.13689503538077824 0.009567674783986905 146 0.7056632812704628 -0.129929217894497 0.696532649488829
 145  199 2161 96.135388 19.526756 -0.13973932425302962 0.009319464588328495 163 0.7049243422448095 -0.12983945866990565 0.6972972011151548
 146  194 2158 96.089343 19.494019 -0.03886419673903522 0.010030468553414515 487 0.7074691751048071 -0.130179873675157 0.6946513994561904
 147  195 2160 96.100159 19.514992 -0.06652426344669418 0.006914681097189722 151 0.7070279864075079 -0.13010627855400936 0.6951142227845517
 148  196 2160 96.111936 19.514968 -0.10113968744784772 0.01204784210344737 167 0.7062747738807911 -0.13001564232424176 0.6958964553226668
 149  195 2159 96.100393 19.503761 -0.05881902666174268 0.004570573867786764 152 0.7068815701829034 -0.13009885661160156 0.6952645059573421
 150  196 2159 96.112050 19.503795 -0.087624739830357 0.012690677463846093 148 0.7061309983837107 -0.13000715161949175 0.6960439308329684
 151  198 2159 96.129113 19.508946 -0.12793237785391484 0.010372226998461149 558 0.7051087593132783 -0.12987919918820198 0.69710331455095
 152  195 2157 96.100063 19.492140 -0.05036470821114625 0.007077199566640785 147 0.7067664275968585 -0.1300978226025303 0.6953817465076685
 153  196 2157 96.112179 19.492353 -0.07858770991511205 0.010246734296118623 170 0.7059834387010234 -0.13000144456022963 0.6961946629299395
 154  195 2156 96.100305 19.480882 -0.04006213064025516 0.008087901441604097 163 0.706613406553935 -0.1300903667252711 0.6955386331207835
 155  196 2156 96.112489 19.481278 -0.0709330345193545 0.00805768490249671 150 0.7058301854028337 -0.1299932362857075 0.6963515691762097
 156  198 2157 96.124188 19.492775 -0.10182938018911764 0.008023464665135472 171 0.7052309642988815 -0.12991127709679307 0.6969737061590987
 157  199 2157 96.135785 19.492707 -0.13494411384244617 0.010801061465856304 139 0.7044853871266582 -0.12982006421951758 0.6977442871504165
 158  198 2156 96.124836 19.481537 -0.09001642509133785 0.007321529677387551 154 0.7050574646122406 -0.1298988567538902 0.6971515320277158
 159  199 2156 96.136250 19.481667 -0.11724183619731948 0.01312264807818128 168 0.7043246886501214 -0.12980969136158058 0.6979084302302992
 160  209 1888 96.273283 17.059039 0.0034096036340408834 0.006460387955289832 23233 0.6617994064314224 -0.12607586679768798 0.7390036680952459
 161  209 1904 96.268902 17.211020 0.0026891747226614163 0.0057172694525426705 31183 0.6643677547583682 -0.1263412735241401 0.7366500994648838
 162  209 1926 96.266497 17.404078 -0.002830732318098011 0.002781658874122825 24645 0.6673741431581656 -0.12662868613030454 0.7338780068191287
 163  210 1945 96.269893 17.579410 -0.008308470727326715 0.006638391749807693 30184 0.669661733827552 -0.12681655072073006 0.7317586519545726
 164  208 1965 96.249304 17.756879 -0.01266152467648579 0.007695265890996657 27283 0.6736928403391298 -0.12724723933886548 0.727973967224401
 165  208 1986 96.251721 17.945159 -0.014264256138503096 0.009993047046667784 17000 0.6762125054673507 -0.12744754561222918 0.7255989047448921
 166  209 2005 96.257841 18.123243 0.011955825002441047 0.009319808486819 20811 0.6782785804392879 -0.12758865998351973 0.7236430758052441
 167  205 2031 96.209333 18.350815 -0.03788827548790008 0.01222543668217713 4609 0.6847975147834877 -0.12829214606179035 0.7173517191763181
 168  212 2033 96.281392 18.369308 -0.0658082628471846 0.0057290341300847624 1371 0.680052044428076 -0.12763721481980173 0.7219681144359756
 169  217 2033 96.325145 18.371825 -0.0661643994691309 0.014180797720716272 1194 0.6770416623271838 -0.1272269041414761 0.7248640578314113
 170  212 2028 96.281008 18.328169 -0.046739274300024156 0.01093308581838043 1098 0.6795098804196583 -0.12759704178118336 0.7224855135853954
 171  217 2028 96.330191 18.327119 -0.043106657024144734 0.011503310866099297 908 0.6760618654812517 -0.12712926087689883 0.7257950847662881
 172  205 2020 96.213030 18.257508 -0.0009928780200935104 0.009911248415722298 4355 0.6832522872968558 -0.1281612441826382 0.7188469985978748
 173  213 2020 96.295257 18.256162 0.0007140162637870721 0.012622241974243489 4228 0.6775463263049522 -0.1273901333556222 0.7243636722215576
 174  205 2051 96.208607 18.534501 -0.021747668276169703 0.010732818494358072 5721 0.6873144134272938 -0.1284725972609772 0.7149081681223917
 175  214 2051 96.292741 18.531084 -0.04061259454270426 0.010743101463485803 4566 0.681505340730733 -0.12770226916546826 0.7205849020104973
 176  205 2040 96.209804 18.434820 -0.044112426047650595 0.008328770157144907 5485 0.6858962164050051 -0.12836822621167612 0.7162876369312586
 177  214 2040 96.298317 18.439870 -0.0638161276926371 0.011822372344736515 5717 0.679859196628946 -0.12755439800121593 0.7221643499298421
 178  204 2071 96.199562 18.713853 -0.028265016614256185 0.012294695918853848 5246 0.6903235745687603 -0.12871620468626913 0.7119589180885171
 179  211 2074 96.261923 18.745427 -0.07708106455378258 0.012163565960089311 313 0.6865256112561874 -0.1281923854401172 0.7157159334571858
 180  213 2074 96.282842 18.745698 -0.09786238396769442 0.00815096960055603 317 0.6851303573102652 -0.12800851450759781 0.7170845234039475
 181  211 2072 96.262737 18.722074 -0.0671324740401239 0.007482397249420919 263 0.6861551082102768 -0.12816427691631013 0.7160761730426888
 182  213 2072 96.285056 18.722933 -0.08473700316125653 0.011816187079798333 251 0.6846552606184507 -0.1279646435177994 0.7175459735214489
 183  215 2073 96.306133 18.736368 -0.10016089659470778 0.008792425080860639 325 0.683447243694325 -0.12779735987974264 0.7187264430187591
 184  211 2069 96.263771 18.698597 -0.052515471917822173 0.013022458740630398 152 0.6857778556045705 -0.1281327276385622 0.7164431148879155
 185  213 2069 96.285538 18.699770 -0.07793738947195165 0.008105475615808762 170 0.6843098155446867 -0.12793943953409365 0.7178799176470246
 186  211 2067 96.263943 18.678694 -0.03675374223922308 0.009670653445651538 208 0.6855301637470255 -0.12811927250937974 0.7166825284633662
 187  213 2067 96.285824 18.676286 -0.05470666603144744 0.012903582247422886 184 0.6839948225248204 -0.12791614293710757 0.7181841986115631
 188  216 2069 96.307343 18.698530 -0.08462456495515884 0.012053519136849286 189 0.6828334166582245 -0.1277438376571018 0.7193191482474881
 189  215 2067 96.303731 18.682583 -0.07100681327283383 0.012117887754436183 60 0.6828709316651158 -0.12776094521843323 0.7192804957481532
 190  216 2067 96.314214 18.682247 -0.10672250550751593 0.007448099355619847 51 0.6821664719412766 -0.12767300686975702 0.7199642406925684
 191  215 2066 96.304931 18.671828 -0.05506378664605079 0.010938229574903747 62 0.6826287224845302 -0.1277394859270484 0.7195141770488136
 192  216 2066 96.313173 18.674511 -0.08730586553397386 0.0069937417769991685 23 0.6821223573651899 -0.12767365312567566 0.7200059221146038
 193  217 2067 96.318396 18.675125 -0.10958334244787693 0.005757791551129836 20 0.6817608597063237 -0.12762181927391011 0.720357412273735
 194  216 2066 96.311824 18.669205 -0.06877569888125766 0.004521307601998733 11 0.6821239867958305 -0.12768354380599856 0.7200026244944551
 195  204 2060 96.201963 18.613898 -0.003400768294317364 0.0048875002416044035 5277 0.6888203940100932 -0.1286036655845445 0.7134336423200118
 196  212 2063 96.277044 18.643752 -0.017405343915507836 0.011028264015365967 991 0.6841515666413314 -0.12796425080667867 0.7180263117586272
 197  215 2065 96.305871 18.661411 -0.06153405385632669 0.013371525591131781 31 0.6824187321384005 -0.12772242349967544 0.7197163723036926
 198  216 2065 96.315216 18.659540 -0.08200249977801975 0.014319922796093232 19 0.6817611999875927 -0.12763398829051015 0.7203549341987847
 199  215 2064 96.303600 18.648048 -0.050100401403349745 0.013787492184860264 57 0.68237967797545 -0.1277222503213525 0.7197534312936416
 200  216 2064 96.315742 18.649317 -0.09497608527541161 0.011081866500182832 50 0.6815772116750696 -0.12762106091600342 0.7205313104479992
 201  215 2062 96.306994 18.636392 -0.053067701936858454 0.012869768201997984 41 0.6819908461203091 -0.12768199926132015 0.7201290112700202
 202  216 2062 96.313458 18.636964 -0.07022295924169676 0.01043965240598051 35 0.6815560824905913 -0.12762386747196638 0.7205507996467537
 203  215 2061 96.304092 18.626897 -0.026172254009750383 0.01297588429668391 58 0.6820518344319888 -0.12770240221478787 0.7200676298907843
 204  217 2061 96.318351 18.626812 -0.0733465100436107 0.011305862699897095 46 0.6810639597218645 -0.12756618672749032 0.7210261789781157
 205  212 2058 96.273258 18.595299 -0.018298406029125826 0.007662479973475968 1197 0.6837219637067918 -0.12794583243991153 0.7184386823565296
 206  216 2059 96.309596 18.609302 -0.03226731799574744 0.013057041699308799 234 0.6814239960417127 -0.12763003899105652 0.7206746219797706
 207  218 2059 96.328384 18.607865 -0.0704147861695584 0.011542950428915788 81 0.6801259564281984 -0.12745460886103838 0.721930748806773
 208  216 2057 96.310545 18.586454 -0.03960123567841947 0.009365604689281251 200 0.6810677407980887 -0.12760096258780898 0.7210164538974487
 209  202 2093 96.174584 18.913102 -0.12522795186337468 0.014084451829816979 1606 0.6945778265705028 -0.1290965773854886 0.70773986502383
 210  206 2094 96.210736 18.924130 -0.15922226071357726 0.009667129853853674 325 0.692336018519344 -0.12880002629474105 0.7099868947292313
 211  208 2094 96.235234 18.925183 -0.14049941651961384 0.009693310992414418 221 0.6906909924945206 -0.12858666237235175 0.71162590112142
 212  206 2092 96.211335 18.901387 -0.12901113426666166 0.010647715306816187 311 0.6919788241297872 -0.12877242501390293 0.710340037948021
 213  208 2092 96.234072 18.901318 -0.12083510294252513 0.01016791868257666 196 0.6904458245819075 -0.12857450955488478 0.7118659696952304
 214  202 2088 96.176264 18.866531 -0.11023690142569928 0.009980951579059965 1432 0.6938541041479056 -0.12904063308738029 0.7084595945920384
 215  207 2088 96.223462 18.867973 -0.1047020618810338 0.01198946645225223 997 0.6907405864312004 -0.12863960509636913 0.7115681936802204
 216  212 2093 96.269307 18.912010 -0.1312065573736207 0.011700132637754952 1293 0.6881932350645065 -0.12827146292334202 0.7140983846858602
 217  218 2095 96.325736 18.931733 0.22204299449920653 0.006398019770287175 50 0.6846101189415786 -0.12778551641150485 0.7176209632098567
 218  219 2095 96.336144 18.931933 0.24385961049929597 0.008644749227323199 133 0.6838991104876718 -0.12769276331974427 0.7183150874581009
 219  219 2094 96.335877 18.920585 0.21744138603248903 0.012480344977065773 124 0.6837643834086051 -0.1276829081548413 0.7184450869391288
 220  218 2092 96.329989 18.904599 0.2097643529996276 0.01019227185726223 160 0.6839522498667778 -0.12772118965246237 0.7182594361482014
 221  211 2089 96.260892 18.878496 -0.12484332198829201 0.008155822646635018 361 0.6883228436064607 -0.12831660317174112 0.7139653439208249
 222  213 2089 96.283276 18.878738 -0.140398579204611 0.014250261610745494 406 0.6868018781677564 -0.1281176659198733 0.7154642156142306
 223  211 2087 96.258938 18.855923 -0.10706106364129266 0.013043209118550385 349 0.6881833408918409 -0.1283148578090328 0.7141001236412103
 224  213 2087 96.282699 18.857854 -0.129920861256097 0.011125408386770749 466 0.6865675779647847 -0.1281029333265571 0.7156916929521405
 225  215 2090 96.296063 18.884533 -0.16839150000702252 0.006830141906783337 33 0.6860061737762746 -0.12800814369879374 0.7162467763889936
 226  215 2089 96.297133 18.875347 -0.14930782901744047 0.007331918594943877 48 0.6858088124825287 -0.12799043054817855 0.7164389174307856
 227  218 2089 96.327830 18.878713 0.20475223369044132 0.013434387670738622 271 0.6837493887638193 -0.12771647457713664 0.7184533913112884
 228  218 2087 96.332709 18.858493 0.20876213139609287 0.010914523490784768 285 0.6831379567018041 -0.12765212990413233 0.7190462195465759
 229  202 2083 96.178646 18.823733 -0.08939321009210902 0.011900862463795823 1224 0.6931436454875067 -0.12898511963375311 0.7091648085130536
 230  206 2084 96.213773 18.834869 -0.1045821685005318 0.00989297125784607 286 0.6909396333092076 -0.12868962899045946 0.7113658710627293
 231  208 2084 96.236444 18.831643 -0.10494518287955447 0.010341185552892516 282 0.6893930844067278 -0.12849279472531028 0.7129002573122397
 232  206 2082 96.212894 18.811066 -0.0785261459668966 0.00850584971527316 366 0.6906821817988774 -0.12867709561717328 0.7116181060154887
 233  208 2082 96.237103 18.811467 -0.08545131066542429 0.01148843496939347 384 0.6890602793263649 -0.12846549303251353 0.7132268563049102
 234  202 2078 96.179909 18.776682 -0.0549445433372801 0.009384667129532783 1210 0.6924580888206713 -0.1289396400508653 0.7098424927055133
 235  206 2079 96.212234 18.788876 -0.06132622768017028 0.006724766399719482 278 0.6904473376849202 -0.12866816620713767 0.7118475798151583
 236  208 2079 96.237181 18.788475 -0.08192905593231055 0.011975948967834127 448 0.6887568651254116 -0.12844681115894063 0.7135232283855341
 237  206 2077 96.213944 18.764925 -0.04122335346080519 0.008101913297842498 239 0.6900185402292708 -0.12863079801394878 0.7122699852879953
 238  208 2077 96.237410 18.766498 -0.056011114219956575 0.01065629278330725 376 0.6884540692846965 -0.1284269465121625 0.7138189643704518
 239  210 2085 96.254317 18.840144 -0.09680227051178614 0.011809800141667172 150 0.688302299781991 -0.1283449104011962 0.713980061408532
 240  211 2085 96.265403 18.839857 -0.11967332041138536 0.010165294232400203 143 0.6875306695856207 -0.12824210970090782 0.7147415894423721
 241  210 2084 96.255237 18.828636 -0.11136224247853864 0.010219835559037752 88 0.6880895149993104 -0.12832366797115 0.714188949498971
 242  211 2084 96.266218 18.829115 -0.13190090910277583 0.010237500290571801 176 0.687342153749679 -0.12822731252360225 0.7149255345850553
 243  213 2084 96.283083 18.835984 -0.13694256865899032 0.009507754374868614 301 0.6862569959841744 -0.12807701558121629 0.7159941435113737
 244  211 2082 96.261244 18.813006 -0.09992600218565376 0.013052638043611382 432 0.6874696073927159 -0.12825753021421005 0.7147975551543639
 245  212 2082 96.276713 18.817897 -0.13193566220648148 0.007015333714098437 85 0.6864776498399277 -0.12812479874023958 0.7157740371220673
 246  214 2083 96.290660 18.819911 -0.14263190116201127 0.0042458035751884995 28 0.6855214268407933 -0.12799368586412965 0.716713324643178
 247  213 2081 96.278063 18.806493 -0.10811630032793448 0.013986591482502246 137 0.6862242650025294 -0.12810039162723696 0.7160213319354995
 248  214 2081 96.289450 18.805331 -0.1326404101191423 0.005473239770370531 39 0.685421215158318 -0.12799767373461352 0.7168084495382445
 249  215 2084 96.302636 18.835148 -0.13636935756613427 0.01003768557182761 208 0.6848984665921007 -0.12789768107116306 0.7173257792916745
 250  219 2084 96.337788 18.835657 0.18281792639582245 0.012265922505634755 270 0.6824774104888239 -0.12757861637797496 0.7196862377561147
 251  216 2082 96.305805 18.812324 -0.12614577763220844 0.009241273150633004 170 0.6843699881778846 -0.1278491422283942 0.7178386421145535
 252  219 2082 96.338909 18.818856 0.18473553367085377 0.012737309896960008 118 0.6821736995061325 -0.12755089035689063 0.7199790372443363
 253  219 2081 96.340042 18.807696 0.21215791075394072 0.006943880999025076 87 0.6819421376404328 -0.12752747114575075 0.72020251666706
 254  211 2079 96.262558 18.791168 -0.086495943189481 0.010876207038273687 293 0.6870939154226836 -0.12822678838404825 0.7151642064098556
 255  213 2080 96.277988 18.795297 -0.0982653414041309 0.011174907149549924 118 0.6860891255908237 -0.12809133855185018 0.7161524423850096
 256  214 2080 96.289497 18.794792 -0.13528811056166887 0.012528729865003363 40 0.6852793221135419 -0.1279866435703064 0.7169460717175398
 257  213 2079 96.278791 18.784080 -0.09735628775080794 0.010312659089584836 159 0.6859268578251814 -0.12808269984735843 0.7163094078077469
 258  214 2079 96.290013 18.783923 -0.13013855594396592 0.008409501337682035 125 0.6851132854078414 -0.1279711422428933 0.7171075044306277
 259  211 2077 96.261510 18.766068 -0.08863757289176845 0.011500588411947238 339 0.6868365994949452 -0.1282152229651794 0.715413406495999
 260  213 2077 96.285390 18.767253 -0.11384451166504905 0.01305197083573643 525 0.6852641319892412 -0.128011069062379 0.7169562299098451
 261  215 2079 96.303821 18.791769 -0.12728330717896516 0.014265133925366158 106 0.6842415807861492 -0.1278496746980641 0.7179609458757982
 262  219 2079 96.341237 18.792700 0.21918071325247487 0.005852117681786982 96 0.6816545648028128 -0.12750397608839023 0.7204788618447727
 263  215 2077 96.303511 18.766772 -0.11108059048502132 0.013797737390549989 198 0.6839873910718058 -0.12784268210294855 0.7182043563551456
 264  202 2113 96.174820 19.092458 -0.14229117743039535 0.012353621721887562 885 0.6969090195135164 -0.1292374856477704 0.7054186635071059
 265  206 2113 96.214888 19.091709 -0.1656643518635086 0.008599271567056851 717 0.6942346887508242 -0.1288975773262007 0.7081127110103889
 266  201 2109 96.160919 19.058973 -0.12637211343380794 0.00639461975523146 191 0.6973905441355418 -0.12932831977038878 0.7049259639534502
 267  204 2109 96.189200 19.059924 -0.15044606249657036 0.012205524486768168 213 0.6955444787561694 -0.12909244397705888 0.706790647207388
 268  201 2107 96.160323 19.037374 -0.11722109540520857 0.009778992392611718 192 0.6971459557080235 -0.12931487241032422 0.7051703200032231
 269  203 2107 96.185106 19.037765 -0.14368934301715908 0.00735990572680525 165 0.6955295189573779 -0.12910982672096094 0.7068021936178482
 270  207 2108 96.220435 19.046322 -0.16370602285533228 0.01207999931348986 1106 0.6932652034989445 -0.12881230076198263 0.709077392665971
 271  216 2114 96.303805 19.107287 0.26226036365215594 0.009658353809261581 520 0.6884724957158753 -0.1281439499556589 0.713852051010933
 272  217 2115 96.318451 19.112487 0.2442675398197025 0.013042514448120492 64 0.6875436842044443 -0.12802009375894588 0.7147688702682357
 273  219 2115 96.334236 19.111998 0.24202413948214785 0.006296291445261334 49 0.6864616946559836 -0.12787845685165738 0.7158333898633634
 274  218 2114 96.320126 19.099754 0.2725976923788626 0.00976181294547996 127 0.6872599469618804 -0.12799232092130441 0.7150466635731764
 275  219 2114 96.332792 19.099905 0.2552198886871338 0.010728700078321636 70 0.6863972912316455 -0.12787999787592758 0.7158948698888074
 276  216 2112 96.310516 19.087777 0.28863559617018847 0.01426210400282961 161 0.6877587926881502 -0.12806752944455055 0.7145533926741284
 277  218 2112 96.320727 19.089187 0.30134615682541055 0.013150059680524186 141 0.6870776998210519 -0.12797839180662599 0.7152242764610288
 278  219 2112 96.333043 19.089210 0.2803771749034628 0.0118057068003805 143 0.6862360215773233 -0.12786872878499375 0.7160514722341105
 279  218 2111 96.321551 19.077917 0.3134478474878202 0.008623067407368469 157 0.6868735834476049 -0.12796179395341253 0.7154232730699153
 280  219 2111 96.332540 19.078358 0.30735561942708667 0.00841148620996353 138 0.6861266564002514 -0.12786279895992206 0.7161573263041758
 281  215 2110 96.294751 19.068064 0.2591739998144262 0.00840432282543627 17 0.6885598220479753 -0.1281891084682674 0.7137597102186221
 282  215 2110 96.299389 19.067917 0.2676177740097046 0.011713596013332387 10 0.6882415320757486 -0.128150122198778 0.7140736234496164
 283  215 2110 96.295051 19.063818 0.25474802263685176 0.009601098572766927 37 0.688483295781965 -0.12818302668822862 0.7138346188706794
 284  215 2110 96.298903 19.064833 0.25874085277318953 0.013225243010649089 10 0.6882335028135498 -0.12814999784843686 0.7140813844768937
 285  216 2110 96.301528 19.064167 0.28570038825273514 0.0017111428001293971 4 0.6880484000869899 -0.12811997688886595 0.7142651263079629
 286  215 2109 96.298819 19.062202 0.2674530105931418 0.007873382039806118 7 0.6882049920980007 -0.12814856690370938 0.7141091188690397
 287  216 2109 96.302135 19.062188 0.2942708991467953 0.005414049129322253 8 0.6879783348711329 -0.12811939270898715 0.7143327179681914
 288  216 2110 96.306097 19.067750 0.31271077195803326 0.0053068297615128926 15 0.6877854322099136 -0.12808906120505587 0.7145238915805613
 289  217 2110 96.311898 19.068750 0.31695715089639026 0.001699216751060969 6 0.6874087330006394 -0.1280391788453415 0.7148952388113005
 290  216 2110 96.304736 19.065417 0.30089384913444517 0.009724723676410307 5 0.6878461087116229 -0.12809558082955236 0.7144643118464478
 291  216 2110 96.308431 19.065250 0.32356372475624084 0.0010158164688734894 5 0.6875930157457916 -0.12806580449969832 0.7147132252977084
 292  216 2109 96.304809 19.062188 0.3040858767926693 0.008092343456736309 8 0.6877977529160286 -0.12809487207109804 0.7145109900013789
 293  216 2109 96.307847 19.062500 0.3270478621125221 0.012386866893219146 12 0.6875960646199574 -0.12806617835562403 0.7147102251126206
 294  217 2109 96.312403 19.063202 0.3486868952001844 0.01384417631595165 35 0.6872956297860037 -0.12802734944267372 0.7150060944297915
 295  215 2109 96.295960 19.058371 0.2809878059408881 0.007659052505919889 22 0.6883482347143571 -0.12816976813549363 0.7139672389554874
 296  215 2109 96.300826 19.057824 0.2941924719898789 0.010225394096799612 27 0.6880095903619043 -0.12812590067133536 0.7143014469726375
 297  215 2108 96.295433 19.052212 0.2786195117693681 0.005834752592228591 13 0.6883035568127082 -0.1281680015772154 0.7140106281076478
 298  216 2108 96.302338 19.053750 0.3079541060659621 0.008867478440282683 9 0.6878511187666917 -0.12810555986723907 0.7144576991974485
 299  215 2108 96.299178 19.050694 0.2872111474474271 0.009819160715209115 12 0.6880283417076544 -0.12813307189241038 0.7142820989598085
 300  216 2108 96.302792 19.051250 0.32425270080566404 0.007711047190968871 10 0.6877878191008167 -0.12810118546927077 0.7145194204343993
 301  216 2109 96.310237 19.055621 0.34598494056732426 0.014497918369716783 155 0.6873405412483163 -0.12803972987564097 0.7149607037661891
 302  217 2110 96.319294 19.069772 0.3162609790602038 0.0030523527512643558 31 0.6869243704127526 -0.12797447588280408 0.7153722407639015
 303  218 2110 96.324861 19.069583 0.3197848662024453 0.007706183135075572 42 0.6865374891620789 -0.1279235740346966 0.7157526354692786
 304  217 2109 96.319514 19.063212 0.3492184146758049 0.012180452350284813 31 0.6868141895273764 -0.12796545588911384 0.7154796371406698
 305  218 2110 96.324795 19.064065 0.3380915361481744 0.009674192347992846 37 0.6864675631771027 -0.12792038269140868 0.7158202710162473
 306  219 2110 96.333229 19.067067 0.31629466518615057 0.00919695674242387 103 0.68593052021635 -0.12784785284325717 0.716347854020026
 307  218 2109 96.321832 19.055306 0.3550704151194617 0.00691618303134506 151 0.686547068118596 -0.12793738799413495 0.7157409782952197
 308  219 2109 96.333723 19.055836 0.3272036188137457 0.010618501120570572 161 0.6857441096785871 -0.12783141176291585 0.7165292361151929
 309  215 2107 96.298981 19.043948 0.29461221988238984 0.014969293704939256 126 0.6879496365743474 -0.12812888383482604 0.7143586540838327
 310  216 2107 96.310304 19.044154 0.32808872325691635 0.014491388993884573 167 0.6871810315744843 -0.1280297240346657 0.715115808528825
 311  215 2106 96.299350 19.032327 0.2892424459379863 0.012688283660620817 123 0.6877726840681548 -0.12811640889087433 0.7145312595139504
 312  216 2106 96.310558 19.032677 0.3055151095896056 0.005615568674199445 132 0.687010551334777 -0.12801586668668527 0.7152820703968069
 313  218 2107 96.321944 19.044167 0.3340380041017419 0.011632798999337808 168 0.686388793202848 -0.12792504497750729 0.7158949695542223
 314  219 2107 96.333474 19.044316 0.3097325874826847 0.010896875690968569 156 0.6856036904752807 -0.1278233839379453 0.7166650278375025
 315  218 2106 96.321944 19.032917 0.2930327055928035 0.012257862346511567 156 0.6862363206699099 -0.12791483325301192 0.7160429509654282
 316  219 2106 96.333854 19.033105 0.28307151954088894 0.011766198249706443 168 0.6854259633853681 -0.12780958292750627 0.7168374705811192
 317  202 2103 96.173423 19.002252 -0.12763154713048352 0.011687311507289846 1112 0.6958170755464169 -0.12917728908006687 0.7065067765874271
 318  207 2103 96.225072 19.003082 -0.14985859329734785 0.014084495557735107 938 0.6923986211600831 -0.12873883765623848 0.7099369416325202
 319  202 2098 96.173902 18.954564 -0.14075462493789914 0.014195799915376407 962 0.6951827839297564 -0.12913825045066957 0.7071380411194222
 320  207 2098 96.223260 18.956414 -0.15749400601784388 0.010521123825331331 750 0.6919182968465794 -0.12871778103043857 0.710408898688304
 321  210 2105 96.250698 19.020523 -0.17659819809565866 0.00689649910296937 133 0.6908934672323703 -0.1285301408994336 0.7114395405204896
 322  211 2105 96.258937 19.018600 -0.15997376999793908 0.010594651203095017 39 0.6903132363306252 -0.12845716066615495 0.7120157256833083
 323  210 2104 96.251613 19.009119 -0.18385839541401483 0.009251484604058682 113 0.6906824891362747 -0.1285117227365929 0.7116476911504687
 324  211 2104 96.262347 19.009533 -0.15297645315527916 0.010881809961164954 100 0.6899632363715384 -0.12841750973537172 0.7123620397305561
 325  211 2102 96.256166 18.993348 -0.16727354490791846 0.013074410108830965 342 0.6901739223175664 -0.12846018919697394 0.712150220630636
 326  215 2105 96.299114 19.020589 0.2848258812365861 0.01274527056026032 116 0.6876346069444402 -0.12810920711034635 0.714665431083611
 327  216 2105 96.307420 19.024522 0.299647496240895 0.003914700063880975 41 0.6871204724508431 -0.12803724696403 0.7151726502941804
 328  217 2105 96.313194 19.024583 0.3207932838371822 0.01088208400429143 42 0.6867218679655688 -0.1279852459880498 0.7155647090705761
 329  216 2105 96.307361 19.018750 0.30297939763182685 0.008658568162968054 42 0.6870453899635679 -0.12803291051824944 0.7152455564028586
 330  217 2105 96.313194 19.018750 0.3454663462582089 0.0074835189763661015 42 0.6866443666995563 -0.12798107385044374 0.715639824503816
 331  215 2104 96.295683 19.012917 0.2891141314332078 0.008183254086728996 41 0.687763460738736 -0.12812916204321448 0.7145378505767074
 332  215 2104 96.301587 19.012937 0.30448625000511725 0.01302165886526395 41 0.6873593421622968 -0.1280771458315265 0.7149359268199246
 333  215 2103 96.295347 19.007321 0.2765411521707262 0.012462221590906162 35 0.6877085932410016 -0.12812825077626694 0.7145908214744272
 334  215 2103 96.301665 19.007233 0.2983113764188228 0.010227396187653484 39 0.6872789851293798 -0.12807289658784066 0.715013936758669
 335  216 2104 96.307361 19.012917 0.31579844369774773 0.012488000527997705 42 0.6869644359681961 -0.12802650515095673 0.7153244562390764
 336  217 2104 96.313194 19.012917 0.35338227663721355 0.010842436092701045 42 0.686567031655784 -0.12797526295413988 0.7157150572086524
 337  216 2103 96.307361 19.007083 0.3041397439582007 0.009367040523123885 42 0.6868865965783302 -0.12802218512025557 0.7153999745303836
 338  217 2103 96.313386 19.007639 0.3378691546844714 0.014437023962682847 33 0.6864814542899088 -0.12796979397291874 0.715798117311397
 339  217 2105 96.319028 19.024583 0.30096744142827536 0.01131269930567116 42 0.6863215646099144 -0.1279335767518494 0.7159578967305813
 340  218 2105 96.324861 19.024583 0.27464901762349264 0.006664090554315046 42 0.6859240871241717 -0.12788236216389903 0.7163478541534504
 341  217 2105 96.319028 19.018750 0.32597750425338745 0.012232469211937791 42 0.6862429662558733 -0.1279290968218587 0.7160340337237358
 342  218 2105 96.325088 19.018639 0.29043004314104715 0.011387545215405727 45 0.6858284659036028 -0.12787441903451935 0.716440819825961
 343  219 2105 96.334097 19.021869 0.26295732310840064 0.006504166577362588 175 0.6852572849462047 -0.12779635950887674 0.7170010766550031
 344  217 2104 96.319243 19.012820 0.33983977242957714 0.009634934274592579 43 0.6861502898721574 -0.12792082119811 0.7161243210590991
 345  218 2104 96.325418 19.013262 0.3055434517744111 0.011911518883536705 41 0.685732405063703 -0.1278652173087659 0.7165344059067448
 346  217 2103 96.319585 19.007551 0.3426522052869564 0.009892989240307785 41 0.6860560915012976 -0.12791127814954745 0.7162162691785996
 347  218 2103 96.325893 19.007856 0.3097669387735972 0.008777709902082785 41 0.6856262076581229 -0.12785531460874724 0.7166377898901498
 348  219 2104 96.334627 19.010668 0.2729913810124764 0.010991715503505186 156 0.6850679102550047 -0.1277811925770475 0.7171847217854187
 349  215 2103 96.295937 19.000347 0.24451623111963272 0.007443544472165069 12 0.6875706071185899 -0.128114236367734 0.7147261032496898
 350  215 2103 96.301722 19.002417 0.2745217323303223 0.011594694229976976 10 0.6872120640994059 -0.1280689733209877 0.7150789585974
 351  215 2102 96.296262 18.996042 0.23955383772651354 0.002799749997025726 12 0.6874895887282721 -0.1281139018939077 0.7148040945124403
 352  215 2102 96.301732 18.996277 0.26637258308549083 0.01037633240756342 31 0.6871272133068511 -0.12806257273080604 0.7151616392108346
 353  216 2103 96.307847 19.001667 0.294569722811381 0.009762951714180122 30 0.6867838268594082 -0.1280147699746618 0.7154999607496013
 354  217 2103 96.313623 19.002328 0.3315425296040142 0.012145509124814156 34 0.6863974912304515 -0.12795905303528968 0.7158805520328474
 355  216 2102 96.308016 18.996250 0.2803639231816582 0.012812712550645379 46 0.6867001289146198 -0.12800643832628114 0.7155817805783379
 356  217 2102 96.313938 18.996201 0.306542282595354 0.014820095107206959 34 0.6862920100390427 -0.1279527139916444 0.7159828070133688
 357  215 2101 96.299676 18.987536 0.2415150529865561 0.006123671861509349 116 0.6871450070107104 -0.12807142351922288 0.7151429576091837
 358  216 2101 96.308333 18.990417 0.25433825027374996 0.010695108109216485 42 0.6865972154088532 -0.12799673787297566 0.7156822611233883
 359  217 2101 96.314131 18.990396 0.2818784045010078 0.009588417472128833 41 0.6862006132724894 -0.12794533233684405 0.7160717214620851
 360  216 2101 96.308198 18.984537 0.2465612246758408 0.010125747647291277 36 0.6865288550969763 -0.1279946392218902 0.7157482123272771
 361  217 2101 96.312587 18.986354 0.25411200523376465 0.0071305284423816805 8 0.6862535198065469 -0.12795512458625144 0.7160192683477465
 362  217 2101 96.315625 18.986250 0.2762767838107215 0.004897648370954295 9 0.6860467566249722 -0.1279300188731513 0.7162218636675869
 363  217 2101 96.312708 18.983333 0.23972522219022116 0.007252727707840277 12 0.6862010540320446 -0.12795275938051154 0.7160699720084791
 364  217 2101 96.315528 18.983583 0.26166497766971586 0.008604487483754532 10 0.6860125516735052 -0.12792820841230315 0.7162549493293744
 365  218 2102 96.321696 18.999498 0.32758831954377843 0.014224610532214724 127 0.6858037632096304 -0.1278873783638744 0.7164621530986299
 366  219 2103 96.333611 19.000556 0.27709018010081665 0.009325451586380708 66 0.6849994347689831 -0.12778114907092242 0.7172501323166754
 367  217 2101 96.321078 18.988007 0.2948769136615422 0.013024531394119509 92 0.6856944787104049 -0.12788276981404342 0.7165675676799463
 368  219 2101 96.336947 18.988118 0.26856332811815986 0.005482543415555569 29 0.6846045682548213 -0.12773927612546787 0.7176344908514161
 369  212 2098 96.266247 18.957904 -0.14350687305132548 0.014191319321065064 750 0.6890170183220238 -0.1283397606306087 0.7132912829299866
 370  216 2099 96.307496 18.970127 0.21848539145369278 0.012380942674489588 437 0.6863778771085588 -0.12798580566748624 0.7158945755930775
 371  217 2100 96.319177 18.979006 0.2623732021221748 0.00873229264591506 26 0.6857000832202282 -0.12788861670525703 0.7165611610944234
 372  218 2100 96.326319 18.978799 0.28611356896512646 0.0028429421521964627 17 0.6852079475444951 -0.12782564775912347 0.717043005960466
 373  217 2100 96.319465 18.973208 0.2551350437104702 0.011878828931465541 20 0.6856010810062818 -0.12788250602860932 0.7166569767851706
 374  219 2100 96.334259 18.975000 0.27217586906183333 0.009183359789856923 42 0.6846130357273703 -0.12775165112978012 0.7176242101168057
 375  217 2099 96.320000 18.967917 0.2511553842396963 0.01420844443840664 42 0.6854938012490999 -0.1278717402275197 0.7167615129875804
 376  218 2099 96.325104 18.967417 0.2759584948420525 0.004513809152881674 20 0.685137306612933 -0.1278270425601574 0.7171102553146896
 377  217 2098 96.318542 18.963750 0.23216006656487784 0.00711829357238387 9 0.6855374191545904 -0.12788132855606035 0.7167180845671471
 378  217 2098 96.321458 18.963750 0.2562640557686488 0.004716630471365779 9 0.6853368898771108 -0.12785546675272155 0.7169144488675149
 379  217 2098 96.318542 18.960750 0.22243361473083495 0.009669016412154218 10 0.6854953742798813 -0.12787921378848316 0.7167586752329719
 380  217 2098 96.321458 18.961250 0.2533268845743603 0.005185439547675552 9 0.6853026943870532 -0.1278542262923644 0.716947357819963
 381  218 2098 96.324375 18.962340 0.26762541899314296 0.0032455979412153646 13 0.6851186725263605 -0.12782707217573783 0.7171280528432119
 382  219 2099 96.334383 18.964910 0.2643439346084408 0.01042898104367391 51 0.6844678520452998 -0.12773957020909663 0.7177648373383088
 383  216 2097 96.308719 18.948907 0.2113360310422963 0.0075264175956507254 377 0.6860090925188768 -0.12795562768913027 0.7162533646162564
 384  217 2098 96.320172 18.956716 0.2340028605916921 0.011845040642804425 34 0.6853298345134881 -0.12785879509014408 0.7169205998182864
 385  218 2098 96.325880 18.957083 0.2633020560587606 0.003956983365844233 31 0.6849437010576367 -0.1278083527733122 0.7172985092294833
 386  217 2097 96.320355 18.951182 0.23389191120057493 0.006310292850816931 37 0.6852419307671199 -0.12785248892250442 0.7170057443248767
 387  218 2097 96.325572 18.951058 0.25103828941400236 0.011042937874895553 26 0.6848830697857359 -0.12780589010409152 0.7173568394987029
 388  219 2097 96.335146 18.954555 0.2525458037853241 0.010814139140615148 89 0.6842741253758992 -0.12772443330058927 0.717952220192327
 389  218 2096 96.323629 18.943319 0.22789119787771125 0.010884797673251803 116 0.6849114440087513 -0.12781564401759196 0.7173280107525534
 390  219 2096 96.334705 18.942250 0.2508932571858168 0.009042942695058115 80 0.6841375437220205 -0.12771375524885353 0.7180842694212404
 391  201 2134 96.157922 19.284571 -0.04249434456005132 0.01229405517742982 532 0.700457466840751 -0.12950990277676017 0.7018450842100359
 392  203 2135 96.175126 19.290461 -0.0731864416432616 0.006254870451584262 152 0.699394650420874 -0.12937254340166754 0.7029294900460836
 393  203 2135 96.183191 19.293822 -0.0825043239671251 0.0024610091512917835 23 0.6989080734962326 -0.1293072595921547 0.7034252891519835
 394  204 2135 96.189894 19.293554 -0.11834940818302772 0.006788358454796443 34 0.6984684652686967 -0.1292581863403608 0.7038708150571327
 395  203 2135 96.183613 19.287849 -0.09466417073398023 0.004834446924368081 37 0.6988135020056545 -0.12930362350705557 0.7035199090022533
 396  204 2135 96.189610 19.288301 -0.11527737573935436 0.01092709914636465 26 0.6984289406982965 -0.1292536509050791 0.7039108668878207
 397  203 2134 96.175157 19.279141 -0.06840385761065984 0.007191329917804538 162 0.6992602054499478 -0.12936577837652768 0.7030644781662148
 398  204 2134 96.186985 19.279806 -0.10328099483580101 0.010832270406044444 127 0.698498383365987 -0.1292697669211684 0.7038389984898885
 399  200 2132 96.151911 19.267482 -0.02462725858811451 0.006607117755911925 115 0.7006167163486188 -0.12954484881847303 0.7016796626078583
 400  201 2132 96.164064 19.267570 -0.04819621706362998 0.007174920013577887 101 0.6998337064746366 -0.12944696781725715 0.7024786586116978
 401  200 2131 96.152164 19.256511 -0.029146562556199955 0.009675654381008467 99 0.7004590257082443 -0.12953484670639445 0.7018389251050472
 402  201 2131 96.164419 19.256323 -0.05274040660445105 0.011095133088491506 114 0.6996636031004208 -0.12943555832856346 0.702650182335926
 403  203 2132 96.181882 19.262077 -0.08441808398347347 0.012189853282422534 480 0.6985989691900383 -0.12929857331981268 0.703733869572921
 404  205 2135 96.199301 19.291329 -0.14649603977089837 0.01239458758822717 105 0.6978274261860641 -0.1291767856184072 0.7045212852141726
 405  206 2135 96.209268 19.291153 -0.15697533481342849 0.011825425124672957 86 0.6971677708561939 -0.12909607833948047 0.705188841259398
 406  205 2134 96.200270 19.279082 -0.12238164997197748 0.008208156068284437 123 0.6976122065569169 -0.1291585362376009 0.7047377397158107
 407  206 2134 96.208138 19.280000 -0.14116999650230774 0.008017197804978197 52 0.6970999966751539 -0.12909229578975392 0.7052565304931468
 408  205 2132 96.200624 19.263637 -0.12343582381679433 0.014985955750003605 317 0.6973866156871881 -0.12914373611845742 0.7049636896193564
 409  200 2130 96.152782 19.245675 -0.038371607727181595 0.0080488027323186 113 0.7002799253875035 -0.12952149053151632 0.7020200920128759
 410  201 2130 96.164952 19.245104 -0.07146726203534533 0.010119925702796828 136 0.6994777315739871 -0.12942241638024615 0.7028376349985872
 411  200 2129 96.152791 19.234039 -0.04710835171863437 0.006302513958556022 72 0.7001245671834851 -0.12951279722615083 0.7021766343170326
 412  201 2129 96.165149 19.234015 -0.06010047329026599 0.008525134907772066 129 0.6993181494676881 -0.1294109094864983 0.7029985365069868
 413  203 2129 96.181273 19.238804 -0.09307145945993918 0.012817563816237458 560 0.6983339754739816 -0.1292857652342531 0.7039991829586865
 414  201 2127 96.160827 19.218203 -0.07911410996698598 0.01333214689688813 227 0.6994006783057386 -0.12943603236446174 0.7029118043618408
 415  203 2127 96.176334 19.222565 -0.09634364894535168 0.007897752396734927 166 0.6984434769614872 -0.12931319034467031 0.7038855079434663
 416  204 2127 96.188330 19.222937 -0.10933177311111379 0.008412439813495853 162 0.6976608401237363 -0.1292144324534512 0.7046793473655767
 417  203 2126 96.177288 19.211601 -0.10852229600322658 0.00806274890076289 145 0.6982371913130164 -0.12929751246820856 0.7040930179577437
 418  204 2126 96.188782 19.211689 -0.13086388924878514 0.011824723061286933 167 0.6974854766109747 -0.12920273756772419 0.7048550649046705
 419  206 2128 96.206451 19.224497 -0.13412564474503527 0.012758509275879674 973 0.6964958270468754 -0.12906624105695094 0.7058579661133805
 420  211 2135 96.258226 19.290413 0.2660018242895603 0.013670772214716879 204 0.6939270829118186 -0.12869052341539255 0.708451799902129
 421  213 2134 96.276696 19.286210 0.28661567519108455 0.01181534486147962 600 0.6926418688807195 -0.12853049187314794 0.7097373839190597
 422  212 2132 96.260271 19.263637 0.23919864971848095 0.011839374497530652 170 0.6934434304451371 -0.12864641748050742 0.708933218323074
 423  213 2132 96.271286 19.269722 0.2839146534150297 0.014133322027130333 132 0.6927883241362754 -0.12855744712099693 0.7095895438422012
 424  214 2132 96.282587 19.269554 0.27854748449381994 0.009154002365026894 169 0.6920306558586917 -0.12846211436454427 0.7103457302784185
 425  213 2131 96.271065 19.257083 0.25566598400473595 0.013970450144961183 96 0.6926361819597329 -0.12854941222139557 0.7097395071839933
 426  214 2131 96.280355 19.260903 0.2864415902230475 0.007113595204802279 36 0.692065851286422 -0.12847303207229166 0.7103094660169974
 427  214 2131 96.285972 19.261250 0.28742532644953045 0.008531513274373131 42 0.691696136589631 -0.12842497423216254 0.7106781835827288
 428  214 2131 96.280198 19.255478 0.25921401635902686 0.009499174484229917 41 0.6920045208801652 -0.12846957892821287 0.7103698405559044
 429  214 2131 96.285972 19.255417 0.25703543956790653 0.008647205962993745 42 0.6916172594221465 -0.12842036896531692 0.7107557775383969
 430  216 2134 96.299179 19.285972 0.27514234490883654 0.008274661983562462 585 0.6911344040072459 -0.1283394255633843 0.7112399225603198
 431  218 2135 96.318478 19.292264 0.2662826519655554 0.012137647675066402 152 0.689924122819934 -0.12817837999480539 0.7124429855455466
 432  219 2135 96.329982 19.293627 0.2295814697132554 0.013899001420228164 129 0.6891688345018285 -0.1280802553513628 0.7131912546719296
 433  218 2134 96.317903 19.281005 0.2532147951684632 0.010268642021405957 143 0.6898134590802228 -0.1281754704228362 0.7125506581666052
 434  219 2134 96.329541 19.280279 0.22596356789927838 0.01003251386950462 121 0.6890206431920521 -0.12807626430119678 0.7133351412750256
 435  216 2132 96.300618 19.263913 0.2856203205162479 0.009398733916173654 620 0.690749049110618 -0.12830339862299647 0.7116206777873769
 436  218 2132 96.323430 19.264123 0.2552533080296191 0.011735471017684171 601 0.6892192529497444 -0.12810852376834508 0.7131374534416851
 437  213 2128 96.274665 19.232582 0.23561545066223852 0.013056006919018365 1052 0.6920743855167915 -0.12849952465665265 0.7102963586240392
 438  215 2130 96.294941 19.246757 0.250836456383484 0.01261050577977253 138 0.6909034774604558 -0.12833726403819906 0.7114646382584583
 439  216 2130 96.306654 19.247012 0.2650587421619088 0.009432104263844467 163 0.6901217579192876 -0.12823723674462503 0.7122409496501133
 440  215 2129 96.291903 19.238833 0.22364954613149166 0.006810112307547397 40 0.6910029388658497 -0.12835719446346733 0.7113644418357065
 441  215 2129 96.297639 19.238750 0.2400643609109379 0.004785490042366335 42 0.6906180841439273 -0.12830794415958977 0.7117469587703982
 442  215 2128 96.292036 19.232785 0.2080967767458213 0.0036047589948672585 38 0.6909150707600219 -0.12835227789881187 0.7114506713433195
 443  215 2128 96.297935 19.232808 0.23941008973380792 0.012706837784352007 46 0.690519699848223 -0.1283007669111551 0.7118437028811377
 444  216 2129 96.307006 19.235927 0.2534467572911402 0.004619401021468481 178 0.6899523600121912 -0.1282252884255921 0.712407198392732
 445  218 2129 96.324667 19.242126 0.2560997618890858 0.008979297759755351 659 0.6888438647668793 -0.12807797884192632 0.7135055439930348
 446  215 2128 96.292032 19.226972 0.21604375143845875 0.009717473178945706 45 0.690838653427621 -0.12834761319538715 0.7115257164132289
 447  215 2128 96.298315 19.227192 0.2373819966679034 0.010252275002937749 46 0.6904205936836082 -0.12829361730227867 0.7119411152455452
 448  215 2127 96.292315 19.221647 0.24450206011533737 0.010997355999187297 42 0.690750236145612 -0.12833880426048389 0.7116131410996921
 449  215 2127 96.298611 19.221667 0.25182974255747265 0.004420329078273956 36 0.690328054535668 -0.12828549645860488 0.712032308620451
 450  216 2127 96.307361 19.224583 0.26841866358732563 0.00800255107983939 156 0.6897783315710626 -0.1282133699512626 0.7125778449129484
 451  215 2126 96.295726 19.213301 0.2568285330505428 0.007426435758364021 167 0.6904104365530551 -0.12830374554428298 0.7119491400219033
 452  216 2126 96.307361 19.213333 0.27388351162274677 0.007623553796737802 168 0.6896283067735705 -0.12820335591395343 0.7127248403339247
 453  218 2127 96.319107 19.224902 0.2554700435111017 0.005551242066104855 165 0.6889905156823528 -0.12811230389250503 0.7133577692091956
 454  219 2127 96.330694 19.225000 0.23817529458375203 0.008503891790242041 168 0.6882089183035396 -0.1280104497168808 0.7141301068648163
 455  218 2126 96.318948 19.213432 0.2678619572610566 0.00987998276172231 165 0.6888495151232442 -0.12810199697464758 0.7134957770621904
 456  219 2126 96.330929 19.213642 0.23547745560422356 0.0092193095860666 162 0.6880423678582953 -0.12799812243073247 0.7142927835881849
 457  201 2124 96.159474 19.193776 -0.09981399986583725 0.012933637788472185 253 0.6992024567308356 -0.129434484310004 0.7031092651736053
 458  203 2124 96.182618 19.192966 -0.12697658026784392 0.012795005377770558 337 0.6976494181415176 -0.12924032830345134 0.7046859065617944
 459  201 2122 96.158896 19.171738 -0.11244269007496897 0.009969623243145717 227 0.698954861032934 -0.1294234040677171 0.7033574373801391
 460  203 2122 96.183115 19.173720 -0.13669885607194324 0.01348890796056975 331 0.6973819189865192 -0.12922391220736926 0.7049536435713358
 461  207 2123 96.215870 19.184195 -0.1498806732145505 0.010081714627158804 1228 0.6953542251803552 -0.1289580218182658 0.7070023551110334
 462  201 2119 96.160480 19.149194 -0.1210278682410717 0.010568379988672508 244 0.6985784806209935 -0.12939706506504062 0.7037361053447648
 463  203 2120 96.178004 19.154789 -0.1253711800364887 0.006244369053902558 85 0.6974838424485562 -0.1292536868158424 0.7048473408956792
 464  204 2120 96.190673 19.154880 -0.15742282552851572 0.01040480135053743 90 0.6966534634775777 -0.1291475673468296 0.7056875070972217
 465  202 2119 96.176413 19.142782 -0.12789284317074595 0.005478848040768331 37 0.6974487731802929 -0.12925954933820677 0.70488096703925
 466  204 2119 96.190786 19.144257 -0.15486623130846713 0.009568041883706944 69 0.6965201862095791 -0.1291413702980659 0.7058201872149245
 467  201 2117 96.160395 19.127542 -0.1257164055854082 0.008220637316782721 200 0.6983263053196274 -0.12938671722871997 0.7039882447196217
 468  203 2117 96.183052 19.126871 -0.14601235872848445 0.010150540492280789 227 0.696821190755225 -0.1291958551343763 0.7055130467472361
 469  206 2118 96.214259 19.141964 -0.16058160138510066 0.00822740528100106 659 0.6949355053803327 -0.12894291711369268 0.7074166858987658
 470  213 2123 96.278544 19.188338 0.23507099837769527 0.010311402743214012 592 0.6912342630370389 -0.12842968581788242 0.7111265776248006
 471  215 2125 96.292778 19.204583 0.23597056170304617 0.01231385366921019 42 0.6904937612440564 -0.12832084213689307 0.7118652450824626
 472  215 2125 96.298611 19.204583 0.2776077709027699 0.009226565695465521 42 0.6901017245987789 -0.12827069236990496 0.7122543360238226
 473  215 2125 96.292778 19.198750 0.23662476312546504 0.010311564585037817 42 0.6904162461372824 -0.1283149459845627 0.71194148755827
 474  215 2125 96.298583 19.200172 0.2698170165805256 0.009759780405765956 17 0.6900452871301408 -0.12826624382589505 0.7123098149009863
 475  216 2125 96.307430 19.202336 0.27153116842390784 0.0058657938101093505 142 0.6894783629485343 -0.12819241163029865 0.7128718626977903
 476  215 2123 96.295797 19.188377 0.2488793942489122 0.011449602095884926 38 0.69007718270759 -0.12828140505672236 0.7122761845120392
 477  216 2124 96.308290 19.191345 0.2638847229441976 0.010693966224636196 123 0.6892746375057938 -0.1281764846075676 0.7130717094969501
 478  218 2125 96.319409 19.202094 0.2785633990339413 0.006935589222774943 157 0.6886672269867037 -0.12808815630747453 0.7136742076663525
 479  219 2125 96.331428 19.202724 0.24349678269011438 0.012765397948813274 173 0.6878630226116035 -0.12798419075751302 0.7144679902135386
 480  218 2124 96.319579 19.190889 0.27619276361333 0.011716802092302083 180 0.688506061354908 -0.12807808565459053 0.7138314979409407
 481  219 2124 96.331660 19.191181 0.23913255066443712 0.012028189303055157 156 0.6876928561578285 -0.1279734172169665 0.7146337104246485
 482  216 2122 96.302614 19.175950 0.24838399219382656 0.010924025408072344 183 0.6894542436656511 -0.1282120401475951 0.7128916598282072
 483  218 2123 96.321067 19.181337 0.2568390678558777 0.0036348992900700214 67 0.688278285733209 -0.12805652295706635 0.7140549897005842
 484  219 2123 96.328809 19.182856 0.24500604300964168 0.007168121992292516 41 0.6877750444393514 -0.1279890978016913 0.7145518029438854
 485  219 2123 96.334583 19.182917 0.2133268891345887 0.009661498782411258 42 0.6873841306176305 -0.1279376187560047 0.7149370760298333
 486  219 2122 96.329266 19.177437 0.24445564457864472 0.007178727571286268 33 0.6876715265481642 -0.12797958319817343 0.7146531311477894
 487  219 2122 96.334324 19.177556 0.21567789713541666 0.010270630386179974 30 0.6873300835016969 -0.12793510389109503 0.7149894862904804
 488  218 2121 96.320014 19.168618 0.25050535886594566 0.007702700137778758 101 0.6881812489702227 -0.12805359377693667 0.7141490360468155
 489  219 2121 96.328329 19.169806 0.2564216951529185 0.0020711411082048586 15 0.6876329765714446 -0.12798098262248966 0.7146899730781714
 490  219 2121 96.334718 19.171505 0.22247337798277536 0.01224571651016099 36 0.6872231831510577 -0.12792744740026327 0.7150936055799832
 491  218 2121 96.328069 19.165375 0.2585237205028534 0.004137906889175833 20 0.68759146424586 -0.1279817127421286 0.7147297807562139
 492  219 2121 96.335069 19.166576 0.2471899467965831 0.007915140463701379 23 0.6871326089883213 -0.1279212779283421 0.7151817421593496
 493  214 2118 96.283730 19.143994 0.23582886676596976 0.00964539012146992 461 0.6903117454259238 -0.1283500028678628 0.7120364954767656
 494  217 2118 96.313228 19.136204 0.2330609565110583 0.011678344427660718 1520 0.6882127065472786 -0.1280856427072075 0.7141129733306565
 495  200 2155 96.148304 19.470547 -0.13404184321359713 0.011879503440248143 147 0.7034150778342617 -0.12970834993009397 0.6988440256837227
 496  201 2155 96.160574 19.470917 -0.153464266192168 0.007680423427339186 160 0.7026429716548698 -0.12961730063526453 0.6996371986680249
 497  200 2154 96.147961 19.459146 -0.11616826620135275 0.011302390064643557 143 0.7032969515887522 -0.12970556868586636 0.6989634206007096
 498  202 2154 96.161780 19.460329 -0.14267359165331492 0.01284558106341594 104 0.7024387530627253 -0.12960091726359352 0.6998452689274386
 499  203 2154 96.172865 19.464670 -0.1398909828871831 0.008919329374949887 348 0.7017707841495844 -0.1295139119261114 0.700531164996728
 500  201 2152 96.154141 19.441865 -0.10371476375376401 0.012859182133245354 552 0.7026990806986587 -0.12964918266959877 0.6995749362422621
 501  203 2152 96.174297 19.443252 -0.11302880275758502 0.010346618980065697 363 0.701401606505346 -0.12948787791892186 0.7009056112371865
 502  208 2154 96.227181 19.466694 0.2227328327776742 0.014399883956943046 548 0.6982501746533111 -0.12907674466808997 0.7041206484562921
 503  209 2152 96.230571 19.444508 0.19076890037173316 0.012532245302088086 399 0.6977451446037402 -0.12903253591374503 0.7046292059356991
 504  200 2150 96.149042 19.425344 -0.07133069029390413 0.009377080677276923 149 0.7028184992386988 -0.12967733973330586 0.6994497442186651
 505  201 2150 96.161208 19.425331 -0.09180912232562287 0.0086958464186864 146 0.7020305894144029 -0.12958100485470914 0.7002583913865723
 506  200 2149 96.149801 19.414186 -0.057891097236302945 0.01090989065813928 153 0.7026287469857255 -0.12966503235541796 0.6996426397051124
 507  201 2149 96.161187 19.413858 -0.08126231075144139 0.005778288087715314 147 0.7018830625074217 -0.1295742459344079 0.7004075109218435
 508  203 2149 96.175149 19.419950 -0.09698132483001372 0.007027063455678265 402 0.7010614812224699 -0.129466574917547 0.7012497454725212
 509  200 2147 96.150041 19.402962 -0.05281697027385235 0.013102544675848687 146 0.7024699516801481 -0.1296554227759646 0.6998038570422974
 510  201 2147 96.160903 19.403080 -0.08049407962681655 0.010399734674176504 133 0.701764371398815 -0.12956595107619184 0.7005279661490669
 511  200 2146 96.150553 19.392117 -0.0642294645370022 0.0075499967318141134 123 0.7023042185804504 -0.12964541391836565 0.699972036022896
 512  201 2146 96.161402 19.391667 -0.09594225924876001 0.010638501276207267 162 0.7015866725260116 -0.12955756307701605 0.700707484463684
 513  203 2147 96.173361 19.403169 -0.09977058806505643 0.009062752147285521 152 0.7009595645531155 -0.12946973357822664 0.7013510368914341
 514  204 2147 96.183120 19.402795 -0.10904608710298261 0.008901429583876502 103 0.7003282208883376 -0.12939060029936336 0.7019960509729
 515  203 2146 96.173102 19.391667 -0.12919928680492354 0.013155152404992187 158 0.7008265106882946 -0.12946359642841096 0.7014851239451134
 516  204 2146 96.182356 19.394038 -0.13466463753810295 0.009296389294962617 26 0.7002640845283954 -0.1293934693801962 0.7020595003284013
 517  204 2146 96.188750 19.395231 -0.10641551514466603 0.007065165251586111 18 0.6998679661653203 -0.12934383747110906 0.702463523354676
 518  204 2146 96.182131 19.390032 -0.13929104804992676 0.00852986815880568 13 0.7002230211238409 -0.12939254277029402 0.7021006270924692
 519  204 2146 96.189386 19.389167 -0.11547815771057056 0.009869530540611 26 0.6997457075728046 -0.129333086250162 0.7025872881958817
 520  208 2150 96.224383 19.427462 0.21142616687398968 0.005063499233779644 33 0.6979357090108833 -0.12907151799290084 0.7044333107757496
 521  209 2150 96.232891 19.426862 0.19066184459181576 0.01069445158764981 154 0.6973692360569902 -0.1290015259270082 0.7050069183417942
 522  208 2149 96.225321 19.415032 0.22563736198040155 0.005721318135410866 26 0.6977096784159073 -0.12904972879796098 0.7046611754183311
 523  209 2149 96.233525 19.415543 0.22301963359868826 0.011518592483104715 119 0.6971772549983482 -0.12898738564486367 0.7051993544080081
 524  209 2147 96.233058 19.399230 0.23575841098901176 0.008010834020316195 243 0.6969967436149198 -0.1289797172848443 0.7053791689008965
 525  211 2154 96.249349 19.466464 0.2389183442409222 0.012584894849358038 650 0.6967920141351407 -0.1288951606658609 0.7055968584074164
 526  213 2155 96.267357 19.472484 0.2333385343543994 0.009003045336369735 156 0.6956824507943349 -0.12874999971881992 0.7067173163501738
 527  214 2155 96.279386 19.471228 0.21411013207604399 0.009567535573231962 113 0.6948727989186956 -0.1286486297135491 0.7075318532728574
 528  213 2154 96.267350 19.461023 0.2529624238171998 0.010426674561218 136 0.6955348893086465 -0.12874407805045968 0.7068636220101768
 529  214 2154 96.277108 19.462083 0.22541340583182395 0.01026150154528858 47 0.6949034783805891 -0.1286627159940585 0.7074991598917911
 530  210 2152 96.244069 19.449438 0.20736727621406317 0.009783336779194313 160 0.6969220608823364 -0.12892525477407168 0.705462911666487
 531  211 2152 96.255799 19.449605 0.24340560590067217 0.013452559264619716 155 0.6961506878881887 -0.12882913020751152 0.7062416547916002
 532  210 2151 96.241352 19.440987 0.19895411753340772 0.012376477717956266 38 0.6969892541370238 -0.1289414293158661 0.7053935691679482
 533  210 2151 96.247083 19.441250 0.22407021763778867 0.006866548009067139 42 0.6966147810610407 -0.1288953043591873 0.7057718096675659
 534  210 2151 96.241250 19.435417 0.20236948238951818 0.010248448327045424 42 0.6969259029292503 -0.1289396817215094 0.7054564793832466
 535  210 2151 96.247083 19.435417 0.23664888810543788 0.007903711330048099 42 0.6965444235962023 -0.1288906623186023 0.7058420950355017
 536  211 2151 96.255830 19.438366 0.2517381926139672 0.007900562674312333 167 0.6960040522479228 -0.1288197404542338 0.7063878776732897
 537  213 2152 96.270890 19.444554 0.24133915926820487 0.013954580590421628 372 0.6950870247929052 -0.12870046208496802 0.7073119672560778
 538  216 2154 96.299506 19.467516 0.19318877771575615 0.014697560349557732 378 0.6934942772191302 -0.12848103970070143 0.7089134713783786
 539  218 2154 96.320986 19.467522 0.1546178981433251 0.011667898997252903 652 0.6920746341490753 -0.12830207662837048 0.7103318083123346
 540  215 2152 96.292542 19.449614 0.22307871358797832 0.007133502261095486 136 0.6937220036676874 -0.1285254177700445 0.7086825795899915
 541  216 2152 96.301953 19.450432 0.2044748737077628 0.00729237106976555 112 0.6931078961164884 -0.1284474878865296 0.7092973193214641
 542  215 2151 96.292391 19.439282 0.2273047068926293 0.01104328058947302 127 0.6935973518685323 -0.12851910169169953 0.7088057237221761
 543  216 2151 96.303032 19.438784 0.1948460204489279 0.009676016327446501 149 0.6928839085343206 -0.12843024942293657 0.7095192459175196
 544  218 2152 96.321470 19.444780 0.16015107434481693 0.010635202096959263 671 0.6917407622976469 -0.12827915922819558 0.7106610831356798
 545  210 2150 96.244087 19.426765 0.2239066344318968 0.013744546534594946 165 0.6966301937088607 -0.1289113986778109 0.7057536570957927
 546  211 2150 96.256105 19.426976 0.25798203782435575 0.008039787906449433 163 0.6958384937335323 -0.12881079989320918 0.706552594269896
 547  210 2149 96.244439 19.415422 0.22373224722176063 0.0059500420214397345 164 0.6964576975503262 -0.12889878963956466 0.7059261842093361
 548  211 2149 96.256484 19.415939 0.23360021900659228 0.008831399230503146 177 0.6956700877268354 -0.1287969696614059 0.7067209276993119
 549  213 2149 96.269652 19.420767 0.25074250071688936 0.010930970409574886 324 0.694860138565419 -0.1286933702892772 0.7075361505085334
 550  211 2147 96.250927 19.398550 0.23551181894512357 0.012220779953936606 629 0.6958100231190105 -0.12883127438269917 0.7065768991893605
 551  213 2147 96.268543 19.404534 0.2458755319055758 0.006071616044531882 152 0.6947244157312146 -0.1286894316824226 0.7076701324488532
 552  214 2147 96.278629 19.403794 0.22597166190021917 0.01021347458714265 76 0.6940452198074865 -0.1286047614427675 0.7083516416276783
 553  213 2146 96.268693 19.393342 0.22442546261729096 0.011928962920516175 139 0.6945693964274655 -0.12868019656109647 0.7078239615606298
 554  214 2146 96.278681 19.392939 0.20905353959682768 0.013919085272768195 113 0.6938999514872111 -0.12859615454214782 0.7084955090634084
 555  215 2150 96.292891 19.427146 0.23655543347498528 0.008918895077189905 133 0.6934060068901361 -0.1285024390271376 0.7089959328323071
 556  216 2150 96.303385 19.427720 0.19653627952063304 0.013241742261225419 161 0.6927155302800665 -0.12841683509285776 0.7096860648015711
 557  215 2149 96.292175 19.416526 0.23186075582470692 0.010234943288875687 142 0.693314028357333 -0.1285028270539604 0.7090858068824021
 558  216 2149 96.303758 19.416583 0.19617780808246496 0.010799230998268367 165 0.6925447295785458 -0.1284062722984117 0.7098546518600868
 559  218 2149 96.321805 19.422316 0.16050964753222036 0.009015584411839677 664 0.6914244151051225 -0.12825782928477053 0.7109727191838643
 560  216 2147 96.301083 19.400113 0.2018299076804205 0.014772362431678388 304 0.6925074933870938 -0.12841278501985745 0.7098898000719323
 561  218 2147 96.322360 19.399462 0.17040782890851308 0.011611746352095805 637 0.6910906751009486 -0.12823644603699152 0.7113009860082558
 562  200 2145 96.151885 19.380378 -0.05970836387470711 0.003807615825721046 86 0.7020729470183397 -0.12962860490768477 0.7002071135418941
 563  201 2145 96.161412 19.380597 -0.08686322529814136 0.012024226884981047 134 0.7014443597041239 -0.1295507166269385 0.7008512124985719
 564  200 2144 96.151756 19.369535 -0.059090765867976174 0.00555255309464821 69 0.7019540848825478 -0.12961968041387317 0.7003279240228182
 565  201 2144 96.162154 19.369386 -0.08479214205562724 0.013697403100012145 173 0.7012609782815402 -0.12953688962117094 0.7010372561903467
 566  203 2144 96.179583 19.376040 -0.12392394692955278 0.01155932678396884 477 0.7002102648018346 -0.12940081251520405 0.7021118249869815
 567  200 2142 96.150440 19.357801 -0.05621834388597215 0.0060740680087811175 94 0.7018846255174821 -0.12962664609664923 0.7003962486221054
 568  201 2142 96.162260 19.357846 -0.08089380496194665 0.010869229873857043 142 0.7011052044304932 -0.1295279247352291 0.7011947012308787
 569  200 2141 96.151144 19.347025 -0.05525251690091358 0.007072262219204503 72 0.7016909269326799 -0.12961243731279515 0.7005929339881992
 570  201 2141 96.162590 19.346711 -0.08221971817118556 0.01021780520565169 152 0.7009369254111674 -0.1295185486395589 0.7013646499171753
 571  203 2142 96.180092 19.352062 -0.12300146441294314 0.008648461758041895 584 0.6998724886479728 -0.12938318857045059 0.7024517706925055
 572  205 2144 96.198671 19.371820 -0.11511187081664337 0.0128395579599834 193 0.6989155020679068 -0.12924345771651488 0.7034296337279552
 573  209 2145 96.230355 19.383946 0.24277406229692347 0.004116630050021283 17 0.696979364642485 -0.12899500385885204 0.7053935456481103
 574  209 2145 96.237750 19.384750 0.2594088509678841 0.005995985129142064 20 0.696500894582422 -0.12893149894299763 0.7058775902564111
 575  209 2145 96.230121 19.378838 0.24020711214918838 0.008420161270437817 19 0.6969351738616654 -0.12898821439983937 0.7054384480451511
 576  209 2145 96.236413 19.378688 0.2752835899591446 0.004154251705917101 40 0.6965149807524823 -0.12893703571888224 0.7058626795683398
 577  209 2144 96.230854 19.373024 0.23766263406122884 0.008533414191335163 31 0.6968071622139639 -0.12897683544828895 0.7055669738622038
 578  209 2144 96.236267 19.373021 0.26772947013378146 0.013053837878010895 40 0.6964504146066787 -0.1289347013841146 0.7059268112015399
 579  209 2143 96.231625 19.366639 0.24976852734883626 0.0038370297951081005 15 0.6966729573001228 -0.1289614586135942 0.7057022975440531
 580  209 2143 96.236359 19.367500 0.2577198361977935 0.006384729510769904 32 0.696373073907136 -0.1289289126917621 0.7060041624588671
 581  206 2142 96.202219 19.351821 -0.13291130373740143 0.010438321856311059 441 0.6984226416628746 -0.12919979550233937 0.7039270036408645
 582  209 2142 96.235986 19.357596 0.2580928386021883 0.008395221862916974 117 0.6962673665792155 -0.12892549589212995 0.7061090360176768
 583  201 2139 96.157787 19.328432 -0.0665357946256413 0.013239126389139553 518 0.7010122332466956 -0.1295441098947886 0.7012846586301795
 584  203 2140 96.174185 19.335379 -0.1057199974145208 0.007220533103995125 133 0.7000386057618736 -0.12941684073506116 0.7022800237634045
 585  204 2140 96.186191 19.335349 -0.1281797594445593 0.011465550060861241 136 0.6992583959489869 -0.1293220964727742 0.7030743140370982
 586  203 2139 96.174839 19.324159 -0.09075192623077684 0.005923224487035966 157 0.6998477982316677 -0.1294015113401432 0.7024729946219809
 587  204 2139 96.183913 19.327188 -0.11446313578635454 0.007502815543100068 40 0.6993030932000123 -0.12933454394704227 0.7030275667304275
 588  204 2139 96.189722 19.327083 -0.14023385374318986 0.007153577046592646 42 0.6989213326627078 -0.1292883332325853 0.7034155938269528
 589  204 2138 96.183951 19.321122 -0.10461667371101868 0.007331076161643987 39 0.6992178182399693 -0.1293270496340585 0.7031137581420854
 590  204 2138 96.189722 19.321667 -0.12737209163606167 0.006397141758129596 36 0.6988510700824877 -0.129281475298235 0.7034866608467241
 591  201 2137 96.157700 19.307030 -0.05601712012207074 0.013041168061021638 604 0.7007487754390956 -0.12953024454274056 0.7015504753539163
 592  203 2137 96.175187 19.312867 -0.0948676054446113 0.011031794391338319 151 0.6996829499194301 -0.12939458175258725 0.7026384645072579
 593  204 2137 96.186796 19.313260 -0.11931156381672504 0.007849056056815653 153 0.6989288588744127 -0.1292991881542939 0.7034061203708365
 594  203 2136 96.175380 19.301413 -0.08416007660657356 0.009217694008248116 159 0.6995234206016754 -0.1293824413039362 0.7027995218495563
 595  204 2136 96.186635 19.301578 -0.11440453184768558 0.012599347097951833 160 0.6987884312329167 -0.1292910168709197 0.7035471280102867
 596  206 2139 96.204162 19.330596 -0.14377288352661638 0.008833185468111317 511 0.6980215549473351 -0.1291691883459806 0.704330341253978
 597  206 2137 96.203370 19.307336 -0.14673033438607777 0.012135998379259065 491 0.6977692385675519 -0.12915990363581453 0.7045820101319973
 598  210 2145 96.245165 19.381699 0.2526776211525866 0.013609494304860775 167 0.6959749231479632 -0.1288671597730848 0.7064079285237426
 599  211 2145 96.256684 19.381818 0.22399630369618534 0.00810402800169373 160 0.6952236547642464 -0.12877294313599377 0.7071644780193205
 600  210 2144 96.242235 19.372849 0.2697631056244309 0.010363442311247728 37 0.6960511504192918 -0.12888430138351217 0.7063296913317919
 601  210 2144 96.248056 19.373333 0.22963317442271444 0.00844448176618827 36 0.6956734054900631 -0.12883417564910338 0.7067108801190726
 602  210 2143 96.242288 19.367579 0.27426190311844284 0.00919168954212817 37 0.6959804280024267 -0.12888373287694616 0.7063994813398882
 603  210 2144 96.246597 19.369375 0.24030162766575813 0.012667146356688858 4 0.6957203980872388 -0.12883673326086442 0.7066641520892387
 604  211 2144 96.249730 19.369491 0.22500709030363295 0.006461689668494975 9 0.6955141047673825 -0.1288164448106066 0.7068708889295007
 605  210 2143 96.246597 19.366250 0.25043971174293095 0.00689226348160261 9 0.6956819592891355 -0.1288478127828515 0.7066999735819331
 606  211 2143 96.249514 19.366146 0.25679024308919907 0.0084559497143051 8 0.6954864874399416 -0.1288278748569843 0.7068959785203799
 607  211 2144 96.257069 19.370502 0.230977713882205 0.009709981655546396 166 0.6950425054038432 -0.12875988885970824 0.7073448993968814
 608  213 2144 96.273512 19.376369 0.21301903276665868 0.012530085369877765 461 0.6940273957846056 -0.12862723896166967 0.7083650240501262
 609  210 2142 96.245347 19.358885 0.28282796466572685 0.010635183566464087 161 0.6956665481782911 -0.12884838403976903 0.706715039939042
 610  211 2142 96.257336 19.359317 0.25796061762741634 0.00886063251284332 175 0.6948812125636604 -0.12874853160126587 0.7075054176729496
 611  210 2141 96.246007 19.348158 0.29537636082747887 0.012485038012101116 145 0.6954848185279178 -0.12883589308050944 0.7068961591714421
 612  211 2141 96.258034 19.348098 0.27322495679714176 0.011051483276683196 152 0.6946887283790518 -0.12873431710080327 0.7076970017342773
 613  213 2142 96.269481 19.359230 0.2382144250653007 0.006991925286562401 132 0.6940726292474617 -0.12864424956296963 0.7083176140573492
 614  214 2142 96.280011 19.359717 0.22225238978862763 0.008320233851454955 125 0.6933788219339692 -0.1285599895542171 0.7090120862011315
 615  213 2141 96.269444 19.348333 0.257589492680771 0.010606714426987424 168 0.6939319765636083 -0.12863933141287745 0.7084563037451015
 616  214 2141 96.278170 19.351188 0.22722401097416878 0.010665378975639513 40 0.6933896725964844 -0.12856647881116012 0.7090002979284562
 617  214 2141 96.284028 19.351250 0.20391860072101867 0.007319547266765686 42 0.6930002270843689 -0.12852112048056533 0.7093891786963156
 618  214 2141 96.278194 19.345417 0.21947017241091954 0.009681186672522919 42 0.6933122627557794 -0.1285601158456659 0.7090771487829868
 619  214 2141 96.284028 19.345417 0.1913642812342871 0.007589855382332297 42 0.6929243345356633 -0.12851229129460004 0.7094649093468401
 620  216 2144 96.301226 19.376563 0.2146333554663609 0.010561953735608967 485 0.6921906306851697 -0.12839409068399316 0.7102021460606112
 621  218 2144 96.322454 19.377045 0.17872232594006818 0.009891146641484742 671 0.6907868708580113 -0.1282159530586314 0.7115997248674738
 622  216 2142 96.298152 19.353241 0.2042492549969918 0.010534334948404087 288 0.6920881235368292 -0.12840170471083978 0.7103006627384074
 623  218 2142 96.323570 19.354806 0.18065506008395268 0.009461539369564297 606 0.690418300433213 -0.12818797391109965 0.7119623682270579
 624  210 2140 96.246810 19.337171 0.29582315186659497 0.0124297714175171 114 0.6952897183645984 -0.12882054764173956 0.7070908527493194
 625  211 2140 96.255685 19.339402 0.28964762065721594 0.006868185338000019 23 0.694734421881889 -0.1287466440380603 0.7076499026364482
 626  212 2140 96.260757 19.339605 0.26414049741549367 0.0063439267558302445 39 0.6944003211025577 -0.12870928402615528 0.707984543798902
 627  211 2139 96.254971 19.333212 0.2896721641863546 0.009708193390916607 31 0.6946967328715189 -0.12874755721647158 0.7076867356736516
 628  212 2140 96.261243 19.333858 0.2627115672634494 0.009374964114132436 31 0.6942903126949417 -0.12869890186287203 0.7080943117673314
 629  210 2139 96.243465 19.327824 0.2849684953689575 0.012899030808053533 36 0.6953935238489093 -0.12884212172840598 0.7069848333999244
 630  210 2139 96.248925 19.327697 0.30864470020720836 0.008176348132138099 38 0.6950267424031906 -0.1287981585623098 0.70735342064301
 631  210 2138 96.243640 19.322431 0.2729232497513294 0.00968423687743726 24 0.695306698414414 -0.12884228159574687 0.7070701956759663
 632  210 2138 96.249028 19.322500 0.2814343836572435 0.00806961623860548 36 0.6949531219571069 -0.12879066223545124 0.7074271153999007
 633  211 2139 96.257778 19.325417 0.2797321057281433 0.013140303221097148 156 0.6944090366838354 -0.1287220525397466 0.7079736739185876
 634  213 2140 96.269362 19.336973 0.2552749893200473 0.01091814836478403 159 0.6937911700230763 -0.12863285824137594 0.70859537126534
 635  214 2140 96.281428 19.337006 0.21079333302397166 0.014992551122063765 161 0.6929862072074066 -0.128529920923397 0.7094012799873699
 636  213 2139 96.269708 19.325627 0.2567186845576062 0.006347776683200308 170 0.6936194327274102 -0.12862023091683975 0.7087657714236801
 637  214 2139 96.278620 19.328698 0.24066361288229624 0.0077898916160669615 48 0.69306620678017 -0.12854785397662116 0.7093198730173518
 638  214 2139 96.284921 19.328808 0.2165795294351356 0.008687897855929699 43 0.6926484331925136 -0.12848996021327314 0.7097383166494166
 639  214 2138 96.279012 19.323011 0.2628761035474864 0.009660258906225641 44 0.6929675204888132 -0.1285382693363583 0.7094180212424829
 640  214 2138 96.283542 19.324583 0.2459266202317344 0.011506834269055178 9 0.6926856403779593 -0.12849877219213698 0.709700408030945
 641  214 2138 96.286580 19.324688 0.23115466721355915 0.013771990355436697 8 0.6924856372539436 -0.12847415363299944 0.7099000169356838
 642  214 2138 96.283453 19.321780 0.26723758469928394 0.003821139461676579 11 0.6926571119784123 -0.1285020783010391 0.7097276527640999
 643  214 2138 96.286653 19.322083 0.2567111313343048 0.0022153588953540727 5 0.6924458042583932 -0.12848559945147495 0.7099367992283131
 644  211 2137 96.253923 19.308258 0.26171987177711903 0.014920120139524411 505 0.694445129294378 -0.12873994446750142 0.7079350175671629
 645  213 2137 96.269662 19.314425 0.2815476160473619 0.011874680446455212 163 0.6934795050583296 -0.12861363296347053 0.7089038788721586
 646  214 2137 96.282539 19.314518 0.2985117605421692 0.013729436892942993 128 0.6926223102723552 -0.1285057954999141 0.7097609427377076
 647  212 2137 96.266042 19.307083 0.2816920247342851 0.001277682110344152 9 0.6936239526437121 -0.12864443571134423 0.7087569551541792
 648  213 2137 96.268958 19.307083 0.2714337905248006 0.00722813001372118 9 0.6934294830666023 -0.12861231723440295 0.7089530477186637
 649  212 2136 96.266042 19.304583 0.28827067878511214 0.003616325179445189 9 0.6935942452191426 -0.12862911510330496 0.7087888075771432
 650  212 2136 96.268958 19.304583 0.24746711386574638 0.008014553461901663 9 0.6933998809725674 -0.12861166918642356 0.7089821179806381
 651  213 2137 96.271963 19.307386 0.2879013419151306 0.004568838353149275 11 0.6932324011333277 -0.12858771920345274 0.709150221383999
 652  213 2137 96.274792 19.307500 0.2993159343798955 0.0044292776322443625 12 0.693045946502967 -0.12856425323800566 0.7093366963756778
 653  213 2136 96.271875 19.304583 0.2535385274224811 0.0045039798316929384 9 0.693204356681788 -0.12858680031837513 0.7091778018672543
 654  213 2136 96.274792 19.304583 0.27464142110612655 0.009374522895183725 9 0.6930125062498781 -0.12855498990206476 0.7093710458938555
 655  212 2136 96.265953 19.301780 0.29279075969349255 0.0073599040680849956 11 0.6935622695822059 -0.12864165639804737 0.7088178203538242
 656  212 2136 96.268958 19.301667 0.2557448322574298 0.010911978933503373 12 0.6933624438022983 -0.12860726962180846 0.7090195284510351
 657  212 2136 96.265880 19.298472 0.2781351258357366 0.0043738285555315745 6 0.6935205819946445 -0.1286363174222719 0.7088595772011872
 658  213 2136 96.269080 19.298646 0.26940813660621643 0.003713566364867802 8 0.693309989473217 -0.12860901945346295 0.7090705032730289
 659  213 2136 96.273333 19.300417 0.26081134449867976 0.006851072126926937 42 0.6930528197743766 -0.12857420802621905 0.7093281765397564
 660  214 2136 96.282083 19.303420 0.2962403166584852 0.010389793077398892 164 0.6925096695522358 -0.12849913364345045 0.7098720520132736
 661  215 2140 96.290528 19.340184 0.18146095823409947 0.005949660801983857 43 0.6924232191999421 -0.12845589946176564 0.7099642014962851
 662  215 2140 96.296348 19.340503 0.1952961066673542 0.007884904882674754 29 0.692039961971025 -0.12840627573742625 0.7103467599605043
 663  215 2140 96.290603 19.334781 0.1774618962877675 0.007689978129023582 38 0.6923476966249218 -0.12844699743674057 0.7100394607538731
 664  216 2140 96.297062 19.334401 0.21185851097106934 0.0121797652602404 32 0.6919122028017608 -0.12839368937989343 0.71047347884452
 665  216 2140 96.303530 19.338030 0.20610474277350863 0.007336669086311265 59 0.6915288604483468 -0.12834317827988198 0.7108557264002515
 666  215 2139 96.290817 19.329009 0.20720303110007582 0.011292414430322407 29 0.692257386629449 -0.12844290462663616 0.7101282496197702
 667  215 2139 96.296667 19.328750 0.23285833178531556 0.00650482854679451 42 0.6918641691196793 -0.12839298137388064 0.7105203824115549
 668  215 2138 96.291125 19.323056 0.24748129049936932 0.01348970513820797 30 0.6921611058723086 -0.12843469990601186 0.7102235784439119
 669  215 2138 96.296542 19.323321 0.250843100462641 0.009726128625683478 35 0.6918015463800327 -0.1283911481060429 0.7105816867287024
 670  216 2139 96.302270 19.328838 0.21773203501575872 0.006264478095569685 38 0.6914920276710348 -0.12834784683118053 0.710890713036259
 671  217 2139 96.307685 19.328843 0.2065370124247339 0.004420326607219773 18 0.6911301884898257 -0.12830033556683246 0.7112510713183189
 672  216 2139 96.301458 19.325060 0.23205915093421936 0.005080754534747307 7 0.6914941804597282 -0.12835429326036527 0.7108874550812956
 673  217 2138 96.309225 19.323056 0.2440209643294414 0.006965104900145562 24 0.6909501246450638 -0.12828945850179668 0.711427958468239
 674  218 2139 96.324119 19.331827 0.18852987201365087 0.014295461399298362 599 0.6900705723260475 -0.1281645687841965 0.7123036210198304
 675  215 2138 96.289618 19.318125 0.28238917887210846 0.0128411939711819 4 0.6921977927221515 -0.12844725557534017 0.7101855520114054
 676  215 2138 96.292431 19.318512 0.2699621490069798 0.0013898366661512344 7 0.6920119157849638 -0.12842615581742403 0.7103704884872281
 677  215 2138 96.289375 19.316250 0.3055136965380775 0.002650687764047418 9 0.692188368492485 -0.12844123136598554 0.7101958269441613
 678  215 2137 96.292097 19.315750 0.2935536503791809 0.010559814757542236 5 0.6919975140842596 -0.12842826221829964 0.7103841369039661
 679  215 2138 96.295347 19.317321 0.2819152538265501 0.00745813011931734 14 0.6918019217120772 -0.12840008306770626 0.7105797068476436
 680  215 2137 96.290532 19.312679 0.30829361223039176 0.006398450071084452 21 0.6920629240519008 -0.12843252735715854 0.7103196428857824
 681  215 2137 96.296979 19.312857 0.28009223086493357 0.005766965366009123 28 0.6916358312425032 -0.12837442344597988 0.7107460055085808
 682  217 2137 96.307383 19.315902 0.26617013162641384 0.00793439072761611 67 0.6909805857790157 -0.12829292253107782 0.7113977481725138
 683  215 2136 96.293731 19.303120 0.2886089715910585 0.012381963864982746 152 0.6917237585267524 -0.12839774283718616 0.7106562189441101
 684  216 2136 96.304267 19.301585 0.27091050620486096 0.008292663020557514 82 0.6909987733277109 -0.12830962672551205 0.7113770694569502
 685  218 2137 96.318619 19.316098 0.22936151176691055 0.011904177563817364 126 0.6902299366419049 -0.12819778830943662 0.7121432170819861
 686  219 2137 96.329562 19.315365 0.1959304872506894 0.01100392985799351 161 0.6894868055717078 -0.12810341019883947 0.7128796961885995
 687  218 2136 96.321296 19.306778 0.2317439908782641 0.008275431029006351 30 0.6899279642760098 -0.12816432674904452 0.712441793734004
 688  217 2136 96.315787 19.299722 0.269891416033109 0.006171063956151658 6 0.6902029512432627 -0.12820385187579295 0.7121682795935944
 689  218 2136 96.321159 19.301165 0.2538440838838235 0.009571978699256809 39 0.6898619623877111 -0.12816364286355608 0.7125058269926774
 690  219 2136 96.326918 19.306891 0.21202922478700295 0.007589792185445763 39 0.6895506188340343 -0.12811953473820456 0.7128150734124988
 691  219 2136 96.332639 19.307083 0.19381523238761084 0.0038016209932921386 42 0.6891722411924772 -0.12806879415753583 0.7131900209150241
 692  219 2136 96.326806 19.301250 0.22904013771386372 0.011841326056310905 42 0.6894831845676896 -0.1281155458606329 0.7128810174967695
 693  219 2136 96.332639 19.301250 0.2023045491604578 0.004931349600037763 42 0.6890923062233313 -0.12806400033492205 0.7132681160139066
 694  201 2173 96.154987 19.636085 -0.13642462842353356 0.011466661626774604 1116 0.7050301049735104 -0.12975267793701917 0.6972064211187481
 695  206 2174 96.202578 19.645796 0.2878821574099895 0.011792871904093264 433 0.7021086272686369 -0.12939035663677034 0.7002154033755326
 696  208 2175 96.217610 19.652692 0.2638972582725378 0.006029686068729143 130 0.7012286549736694 -0.129275637792376 0.7011178095849463
 697  209 2175 96.225792 19.655292 0.24389757141470908 0.0065942722745305025 40 0.7007333991689723 -0.12921183715515 0.7016245466259636
 698  209 2175 96.231503 19.655354 0.21589642725884914 0.009634077759407125 40 0.7003647597809649 -0.12917251442445893 0.7019997612351547
 699  209 2175 96.225694 19.649583 0.2550420431154115 0.0069154494076492075 42 0.7006669090712828 -0.12921050010941584 0.7016911921878237
 700  209 2175 96.231528 19.649583 0.22028908275422596 0.010012211004461969 42 0.7002900246842146 -0.12916552815683316 0.702075599678374
 701  208 2174 96.216944 19.641100 0.2620528487281667 0.005271934773381047 144 0.7011240600999291 -0.1292760963905106 0.701222320844839
 702  209 2174 96.228536 19.641064 0.24994492725185727 0.011131798532530842 161 0.700375108254199 -0.12918296972548368 0.701987512759895
 703  206 2172 96.202543 19.623632 0.2932790961004634 0.009948059434360638 466 0.7018332463208193 -0.12937592744570733 0.7004940854542193
 704  208 2172 96.216365 19.628823 0.26578453183174133 0.012158127234420026 125 0.7010063036930512 -0.12927184549282925 0.7013408245250549
 705  209 2173 96.230961 19.630984 0.24666445743706492 0.008189135359478588 72 0.7000903682754368 -0.12915654924433478 0.7022763430696344
 706  208 2171 96.217016 19.618296 0.2862041730147142 0.009285299824443292 169 0.7008319079257537 -0.1292588770755075 0.7015174834103043
 707  208 2172 96.223912 19.623194 0.27658479412396747 0.009055009414636198 3 0.7004502378751519 -0.12919198063081558 0.7019108892169506
 708  208 2172 96.225208 19.623333 0.25659893453121185 0.004561468958854675 2 0.7003621727016512 -0.12921153272314154 0.7019951615644933
 709  208 2171 96.223264 19.621667 0.29403750598430634 0.0007120519876480103 2 0.7004661686481162 -0.1292315329678222 0.7018877100122323
 710  209 2172 96.227153 19.622917 0.25256666872236466 0.0020520592796863884 9 0.7002345990197799 -0.12918456474327086 0.702127377736903
 711  208 2171 96.223958 19.619464 0.288477965763637 0.0029443767287106078 7 0.7003919694241187 -0.12923259385208147 0.7019615558223024
 712  209 2171 96.227736 19.619972 0.24892921050389608 0.007691000325050987 15 0.7001598999112849 -0.12917784840699922 0.7022031031241304
 713  209 2171 96.232273 19.621361 0.23766940070523157 0.0056672787532265675 45 0.69988527813562 -0.12913990964237979 0.7024837942519271
 714  209 2171 96.226375 19.615583 0.262473268310229 0.01140994985187061 45 0.700192316481746 -0.12918509420303362 0.7021694463416076
 715  209 2171 96.232403 19.615542 0.22798709496855735 0.004703977516454916 40 0.6998009738909138 -0.12913557885332722 0.702568572607361
 716  200 2170 96.145968 19.605252 -0.13994718282609372 0.012738077570303189 111 0.7052211968438877 -0.1298036290131363 0.6970036451964184
 717  201 2170 96.158100 19.605876 -0.13498461002419734 0.004923042017524011 116 0.7044558368950895 -0.1297101751163872 0.6977945573990351
 718  200 2169 96.146267 19.594504 -0.1145453090867857 0.013747372864403981 137 0.7050681286267277 -0.12979717253904458 0.6971596861520851
 719  201 2169 96.158308 19.594570 -0.1459125301144162 0.008461141906623042 122 0.7043025295510338 -0.12969969407799675 0.6979512420105644
 720  202 2169 96.167683 19.601554 -0.1379973953338088 0.011201844058939621 148 0.7037911871011759 -0.12963296939241645 0.6984792467963685
 721  200 2168 96.142914 19.586438 -0.09592894200355775 0.007865583189456585 31 0.7051817798791509 -0.1298145194521037 0.6970414965164501
 722  200 2168 96.149410 19.586101 -0.12531996199062892 0.011085416500974351 28 0.7047639965290353 -0.1297608618458874 0.6974738905001637
 723  200 2167 96.143284 19.579779 -0.10737849246053134 0.0094165255426255 34 0.7050735462346419 -0.12981195014303054 0.697151455567705
 724  200 2167 96.149774 19.580609 -0.13269281425537208 0.006109622093747333 39 0.7046710083438144 -0.12976118996040983 0.697567777050926
 725  201 2167 96.157413 19.584154 -0.15123221646879137 0.009195233328228134 97 0.704228279720849 -0.1297068667977467 0.6980248267410873
 726  200 2166 96.146679 19.572154 -0.12564698911525987 0.012081170178000535 154 0.7047679250478653 -0.12978160771438063 0.6974660609110648
 727  201 2166 96.158466 19.572204 -0.1387159428523697 0.007516249448339094 131 0.7040159548179847 -0.12968847991802093 0.6982423888151409
 728  202 2167 96.169133 19.576153 -0.15643520090315077 0.008600701071650327 180 0.7033810317385478 -0.1296075336541969 0.6988969962809201
 729  206 2170 96.197294 19.607147 0.2820496421593886 0.011820824143064637 52 0.7019691178788553 -0.12940569698329288 0.7003524278052086
 730  206 2170 96.205219 19.606732 0.29331222086785785 0.009662497501008355 166 0.7014491430192763 -0.12934561372619532 0.7008843071201671
 731  206 2169 96.198449 19.596885 0.25774690083095003 0.004204348429460469 21 0.7017668572629221 -0.12938814346652924 0.7005583390250996
 732  206 2169 96.205729 19.595548 0.2691900470943162 0.012934805000232752 165 0.7012766040518303 -0.12933323584345455 0.7010592262539548
 733  208 2170 96.217530 19.606914 0.25993079250785195 0.013018295452414489 157 0.7006554985375815 -0.12924864467553493 0.7016955609226772
 734  209 2170 96.229611 19.607121 0.2344462249878865 0.013062377377955585 157 0.6998748642223369 -0.12915238230942933 0.702491876517846
 735  208 2169 96.217879 19.595865 0.2515073566747135 0.013020451250841102 169 0.7004933920221035 -0.1292376548367894 0.7018594134908034
 736  209 2169 96.229583 19.595833 0.23398249826970555 0.005167230872628231 168 0.6997334308387789 -0.1291440000039763 0.7026342953696216
 737  206 2167 96.205350 19.580351 0.24901319092901303 0.013065919887695905 291 0.7011092358687513 -0.12932845674847504 0.7012274878059142
 738  208 2167 96.217855 19.584510 0.2351176487871363 0.006660986705736572 158 0.7003528172307019 -0.12922923518677565 0.7020012365872728
 739  209 2167 96.229583 19.584583 0.24156639084984094 0.008044485121283607 156 0.6995921083083264 -0.12913636729595518 0.7027764087064354
 740  207 2166 96.215108 19.576204 0.23072077540887725 0.013333402883356221 36 0.7004265922705841 -0.12924890792165533 0.7019240048903272
 741  208 2166 96.220833 19.576250 0.25505842978046056 0.01077049992659209 42 0.7000557102443907 -0.1292050310761612 0.702301973867958
 742  207 2166 96.215339 19.570492 0.2649128414464719 0.011568747494709328 33 0.7003358322408658 -0.12924216013918083 0.7020158019033846
 743  208 2166 96.220833 19.570417 0.2766836356549036 0.010534372775035062 42 0.699983350418822 -0.12919771346900225 0.7023754408938444
 744  209 2166 96.226702 19.576270 0.265819705114132 0.011770149066468635 41 0.6996738334159719 -0.12915451223847485 0.7026917096433118
 745  209 2166 96.232500 19.576250 0.2668214997365361 0.0076381861813281235 42 0.6992953881414944 -0.12910764864600277 0.7030769340443028
 746  209 2166 96.226702 19.570376 0.2950584946609125 0.0063829736746562745 41 0.6996000036892948 -0.12915181008188942 0.702765711165898
 747  209 2166 96.232903 19.570399 0.2764043300709826 0.011556038080699915 47 0.6991975163173437 -0.1291026048356831 0.7031751919687579
 748  210 2175 96.240278 19.652500 0.1819534388681253 0.012135923527528266 168 0.699760385510133 -0.12909761842140613 0.7026159746181629
 749  211 2175 96.252287 19.652623 0.14873634786768394 0.006896411080999705 176 0.6989830566028109 -0.12900198444172237 0.7034068343372057
 750  210 2174 96.237361 19.643750 0.20339500371898925 0.008086224576743744 42 0.699838322444887 -0.12911288367836435 0.7025355405285797
 751  210 2174 96.243307 19.644006 0.18019481003284454 0.006974450867771571 39 0.6994553440660359 -0.1290689499861034 0.7029249090812959
 752  210 2173 96.237361 19.638333 0.21705721980995601 0.010939026218331378 36 0.6997690662886592 -0.1291108307542328 0.7026049012406972
 753  210 2173 96.243741 19.638698 0.18810355849564075 0.008307974431068128 48 0.6993590984906387 -0.1290637692326487 0.703021617612021
 754  211 2174 96.252564 19.641697 0.1535384196276758 0.011267183930180665 153 0.6988246537683032 -0.12899308462962805 0.7035658372912551
 755  213 2174 96.269049 19.646715 0.12751811639835461 0.008750712400775967 427 0.6978156304241401 -0.12886377793505757 0.704590287097448
 756  210 2173 96.237847 19.632917 0.22157457105967462 0.008811900480135417 49 0.6996691982813068 -0.12910432120339826 0.7027055480234968
 757  210 2173 96.244167 19.632917 0.19461698830127716 0.007252909746543355 42 0.6992605650981014 -0.1290511138702385 0.7031219468253956
 758  210 2172 96.237883 19.627762 0.23223640190230477 0.00666692825535154 27 0.6996010222127601 -0.12909920421654172 0.70277436292847
 759  210 2172 96.244167 19.627083 0.2119403967545146 0.008363327376113118 42 0.6991841049433265 -0.12904858943485084 0.7031984420911885
 760  211 2173 96.249813 19.632938 0.1736721308567585 0.005327643176489538 39 0.698892602151713 -0.12900422919921292 0.7034962967253803
 761  212 2173 96.256736 19.632917 0.14545684467468942 0.0052485193152239035 28 0.6984421626435432 -0.1289485450730755 0.7039537045611362
 762  211 2172 96.250000 19.627083 0.1854472135504087 0.008766544872142713 42 0.6988048426326727 -0.12900076440262895 0.7035841063417103
 763  212 2172 96.254905 19.626818 0.16332282600077716 0.007727584040553344 22 0.6984819660981268 -0.12896304709013282 0.7039115537629166
 764  210 2171 96.239975 19.618491 0.2191791667971971 0.007961076840699022 106 0.6993483872156899 -0.12907656375346693 0.7030299239637035
 765  211 2171 96.252043 19.619028 0.18487512637619619 0.01434349030826138 108 0.6985691615650683 -0.12897891212524623 0.703822112992527
 766  213 2172 96.270196 19.624994 0.12693957093325878 0.011139679104565292 556 0.6974617827741617 -0.12883885859469013 0.7049451113991114
 767  217 2173 96.310428 19.637182 0.10955490621416457 0.010280040100413425 1989 0.6950247909141827 -0.1285288598347751 0.7074043201764246
 768  211 2169 96.247209 19.601262 0.1969876860623765 0.014869600217902963 553 0.6986561174157162 -0.12900727901164732 0.7037305958672025
 769  213 2169 96.271682 19.603907 0.15009488606495977 0.010122712412822208 277 0.6970939858480386 -0.12881142323640513 0.705313825285104
 770  210 2168 96.238446 19.587724 0.22552432731176034 0.008627109720006907 39 0.6990524946622398 -0.12906977157042368 0.7033253896833652
 771  210 2168 96.244321 19.587822 0.19790479811755093 0.007341662147999304 44 0.6986723687668239 -0.12902171992104536 0.7037118138203808
 772  210 2167 96.238190 19.582549 0.23939714186331806 0.010764560775170594 34 0.6990038637646082 -0.12906723733410533 0.7033741868231238
 773  210 2167 96.244463 19.582327 0.20401737602745615 0.013087732509738388 41 0.6985910560487633 -0.1290164843197657 0.7037934947002858
 774  211 2167 96.253921 19.585200 0.17767899126717537 0.006860310005899287 165 0.6980132406477938 -0.128942082031478 0.7043801923405802
 775  210 2166 96.238571 19.575940 0.2647130773511044 0.01068624381227469 43 0.698894195453479 -0.129063722005263 0.7034838016781784
 776  210 2167 96.244167 19.577917 0.2139007473985354 0.0028854815231361373 6 0.6985560820071727 -0.12900984881856892 0.7038294247888464
 777  211 2167 96.246840 19.577708 0.18924829736351967 0.010090139286039114 4 0.6983784239627613 -0.1289827379046882 0.704010674823827
 778  210 2166 96.243403 19.575060 0.23636414962155478 0.010682180828175172 7 0.6985700695379568 -0.12901012829701786 0.7038154905531147
 779  211 2166 96.247245 19.574583 0.200103888909022 0.012094456637834075 3 0.6983080026656981 -0.12900199837434362 0.7040769970880096
 780  210 2166 96.239128 19.570579 0.26573510940481976 0.00470686411224307 41 0.6987932155325367 -0.1290482472912442 0.7035869468635384
 781  210 2166 96.244935 19.570524 0.2537601441144943 0.014263872863854348 31 0.698412494870813 -0.1290041955916211 0.7039729430369361
 782  211 2166 96.251488 19.576477 0.18732513532494055 0.005885174163744534 33 0.6980587871551958 -0.12895430311593986 0.704332817198872
 783  212 2166 96.256635 19.576565 0.1832443846238626 0.011667769790413946 37 0.697725400961272 -0.1289154793950846 0.7046701810249728
 784  211 2166 96.250972 19.570833 0.22229738533496857 0.011395455286517697 36 0.6980208459906634 -0.1289565299634344 0.7043700106778172
 785  212 2166 96.256780 19.571031 0.20092696774947016 0.0043604461426709346 38 0.697644058760093 -0.1289114277092908 0.7047514534094244
 786  213 2167 96.269223 19.578618 0.15514164943408534 0.01426452478666872 441 0.696928581245661 -0.12881323605259046 0.7054769329046625
 787  217 2168 96.309173 19.591894 0.11390764787554031 0.012505012270727265 2181 0.6944815045981387 -0.1284978528764069 0.7079433180539659
 788  200 2165 96.147397 19.561157 -0.10678843195204968 0.013634992609120603 143 0.7045841926971481 -0.1297675518373205 0.6976542825006211
 789  201 2165 96.158541 19.560504 -0.128394284187571 0.013071559127836712 152 0.7038641757382356 -0.12968078300480435 0.6983968188870815
 790  200 2164 96.147066 19.549468 -0.09531490911582582 0.009290090158310244 152 0.7044612594302412 -0.12976482123810823 0.6977789228193987
 791  201 2164 96.158651 19.549552 -0.10793250827652634 0.012754459894533405 157 0.7037235772408438 -0.12967455903430028 0.6985396449555387
 792  202 2164 96.168927 19.556103 -0.14492410894666538 0.011249748892657282 244 0.703147337636092 -0.12959748503602295 0.6991339738902792
 793  200 2162 96.147058 19.538556 -0.11601654069978486 0.014538169502385127 159 0.7043324246162229 -0.1297584661416632 0.69791014901547
 794  201 2163 96.154236 19.542500 -0.10637867326537769 0.013102409554229264 12 0.7039235179942548 -0.12970540683285214 0.6983324339116121
 795  201 2163 96.156667 19.543333 -0.09298521652817726 0.004002968978199749 4 0.7037760811704107 -0.12968626588444176 0.6984845739265609
 796  201 2163 96.158125 19.543333 -0.12198396399617195 0.012333106249570847 2 0.7036773173491925 -0.12969846540333305 0.6985818070349844
 797  201 2163 96.156667 19.541667 -0.12195077538490295 0.00015318155375625915 4 0.7037552656923359 -0.12968500719490816 0.6985057801616007
 798  201 2163 96.158125 19.541667 -0.1346793919801712 0.000392034649848938 2 0.7036642369447315 -0.12964854941303322 0.6986042479688233
 799  201 2163 96.154236 19.539583 -0.12474087956878874 0.005476503445105008 9 0.7038882684861807 -0.12970611893885267 0.6983678315883018
 800  201 2163 96.157153 19.539583 -0.13140967984994253 0.003416820118129429 9 0.7036977197737333 -0.12968222963371281 0.6985642694144021
 801  202 2163 96.161776 19.541398 -0.1377394656340281 0.0068678157791629895 45 0.703425137659355 -0.12964360466414848 0.6988459139743206
 802  201 2162 96.156181 19.535417 -0.1389940117998999 0.007770484930809332 49 0.7037116675552799 -0.12968753665419333 0.6985492336143061
 803  202 2162 96.162208 19.535298 -0.1553208189351218 0.005711900970028204 35 0.7033236881553793 -0.1296389081100812 0.698948884528433
 804  200 2161 96.147285 19.526779 -0.1667127832324205 0.010025966232223111 167 0.7041709315237646 -0.129750163309213 0.6980746337736289
 805  201 2161 96.159543 19.527115 -0.16417133978977325 0.009578583854707307 157 0.70339657705068 -0.1296560682725327 0.6988723483966833
 806  206 2165 96.206020 19.560811 0.2602113758975809 0.008740313644882609 110 0.7008143476222963 -0.12930780826235183 0.7015260087046823
 807  206 2164 96.203522 19.552986 0.23705874010920525 0.008555298629063398 36 0.7008753045743269 -0.129325882973149 0.7014617761724867
 808  207 2164 96.209358 19.553295 0.2598827919273665 0.012275226280206348 33 0.7005023973859019 -0.12927878928802966 0.7018428498580186
 809  206 2163 96.203742 19.547983 0.22827921509742738 0.002344621207763686 25 0.7007993617737676 -0.12931656269068317 0.7015393653611653
 810  206 2164 96.207222 19.550000 0.23658378049731255 0.003604023721423437 4 0.7005967797117563 -0.12929575050059233 0.7017455102528306
 811  207 2164 96.208681 19.550000 0.27150480449199677 0.009876921772956848 2 0.7005054103400323 -0.12926748321495166 0.7018419251281695
 812  206 2163 96.207222 19.548333 0.23979489877820015 0.012818423893800042 4 0.7005787369349119 -0.12927825150434952 0.7017667468914881
 813  207 2163 96.208681 19.548333 0.2771937996149063 0.0009878724813461304 2 0.7004787486760221 -0.12929895336563504 0.7018627382272302
 814  207 2163 96.210625 19.549167 0.26891010502974194 0.003883875694524656 12 0.7003677462332625 -0.1292591658309901 0.7019808317075453
 815  206 2163 96.207222 19.546667 0.24254769459366798 0.014925516283580761 4 0.7005579661105525 -0.12927699083922706 0.7017877141690358
 816  207 2163 96.208681 19.546667 0.26939670741558075 0.002160117030143738 2 0.7004645887793712 -0.12926502167488524 0.7018831199263436
 817  206 2163 96.207222 19.545417 0.24335315823554993 0.01466149091720581 2 0.7005390224505954 -0.12929650941851997 0.7018030284033767
 818  207 2163 96.208681 19.545417 0.2621501088142395 0.0 1 0.700447069616892 -0.12926801410919198 0.7019000521394586
 819  207 2163 96.210625 19.546250 0.26343095633718705 0.0033478606705575017 9 0.7003306502912816 -0.12926133059726877 0.7020174418593988
 820  208 2165 96.218491 19.562052 0.290570238774473 0.0072625645755163715 132 0.7000236961528401 -0.1292094555606204 0.7023330701442474
 821  209 2165 96.230365 19.562184 0.2964527793700182 0.010852476411561625 158 0.6992607415706544 -0.12911756681433736 0.7031095712888593
 822  208 2164 96.217397 19.550388 0.2699187101218207 0.010395289555142257 116 0.6999449304901717 -0.12921073133847452 0.702411333328332
 823  209 2164 96.230697 19.551018 0.27058654552019096 0.011799214509047425 158 0.6990931484690186 -0.12910349685576208 0.7032787902839733
 824  206 2163 96.203495 19.542257 0.22085607051849365 0.0041118008382989985 24 0.7007445768220155 -0.12931686593678365 0.7015940323569051
 825  207 2163 96.209695 19.542011 0.24416176100140033 0.011103864914760017 46 0.7003392392805011 -0.12926807397432255 0.7020076317070763
 826  206 2162 96.204427 19.536146 0.20753257162868977 0.004106283082275475 8 0.7006090511936247 -0.12929888668888645 0.7017326807884775
 827  207 2162 96.210151 19.536413 0.2186872693823605 0.008245522198614885 41 0.7002381884892639 -0.1292605153197922 0.7021098194446049
 828  207 2161 96.209419 19.528850 0.2092851710319519 0.0039398146767438275 50 0.7001923013919346 -0.12926200128868798 0.7021553076736723
 829  207 2163 96.215893 19.542141 0.24443082615386608 0.008196417939269087 43 0.6999366585705997 -0.12922064855916202 0.702417751751031
 830  208 2163 96.221746 19.542022 0.25213349337984875 0.007375320094640205 41 0.699555673571854 -0.12917036882543811 0.7028064281087146
 831  207 2162 96.215997 19.536333 0.22191366665065287 0.009891571058973182 40 0.6998584077454834 -0.12921323218199376 0.7024970816573113
 832  208 2162 96.221708 19.536375 0.22499082759022712 0.011260221126126256 40 0.6994861469442427 -0.12916631668281225 0.7028763709698118
 833  209 2162 96.230185 19.539365 0.24538720209920217 0.009439227441626697 126 0.6989741472057879 -0.129101662443772 0.7033973999754306
 834  208 2161 96.219494 19.527567 0.20303283791050655 0.004930715103544534 131 0.6995198932710288 -0.129178622857505 0.7028405240982672
 835  209 2161 96.230576 19.528351 0.2283182566215892 0.013527971458589657 167 0.6988070824442397 -0.1290908112480569 0.7035653658169141
 836  201 2158 96.156023 19.497580 -0.15321021525497563 0.014681949881986314 1438 0.703257786380629 -0.1296656146400687 0.6990102390344728
 837  208 2160 96.218980 19.516578 0.20135313335693245 0.007992644589782381 165 0.6994155514243876 -0.12917626024313586 0.7029447917264323
 838  209 2160 96.230613 19.516861 0.22362440694933353 0.011092308502328391 161 0.6986607955027674 -0.12908270366095978 0.7037121204320821
 839  208 2159 96.219382 19.505609 0.2002413775637853 0.011834431954979728 139 0.699253052545947 -0.1291658754883571 0.7031083452175072
 840  209 2159 96.231190 19.505798 0.23380937204185853 0.006434605433230229 177 0.698485096142587 -0.1290707770050933 0.7038887021326472
 841  208 2157 96.219729 19.494007 0.2122114586793346 0.006721528029372035 162 0.6990858750102505 -0.1291551938245591 0.7032765283082416
 842  209 2157 96.231423 19.494333 0.2445045294571508 0.010363497885257998 163 0.6983272220183112 -0.12906066794138196 0.7040471823526548
 843  208 2156 96.220355 19.483210 0.2147172287805006 0.007774343888631312 128 0.6989097444408829 -0.12914245118313034 0.7034539049774281
 844  209 2156 96.231633 19.483098 0.2279851588403216 0.01346122460700919 161 0.6981698359860404 -0.1290502169951974 0.7042051701121753
 845  210 2165 96.242328 19.562265 0.26505989780337175 0.0063643524981100204 161 0.6984808051702907 -0.12901816418664308 0.7039026055631353
 846  211 2165 96.252484 19.563054 0.23294182231120014 0.013819625871138363 109 0.6978240384098339 -0.12893834929620285 0.7045683171262821
 847  210 2164 96.242225 19.550851 0.26217755309478963 0.008018965859295709 167 0.6983406168982317 -0.12901188317379575 0.7040428373260735
 848  211 2164 96.250937 19.553689 0.2378497730667998 0.008658995089964218 41 0.6978052166178829 -0.12894292254859158 0.7045861213403919
 849  212 2164 96.256358 19.553517 0.2132707244157791 0.010701089769976458 25 0.6974461783443624 -0.12889933030538617 0.7049494953254926
 850  211 2163 96.250972 19.548333 0.23653984690705934 0.011317098107184788 36 0.6977342997721867 -0.12894149791251902 0.7046566093051935
 851  212 2163 96.256108 19.547989 0.21107771215231522 0.0062869150888166655 23 0.6973919676407194 -0.1288954296995721 0.7050038380553458
 852  213 2165 96.266698 19.563779 0.18504473083374792 0.011611686055420357 114 0.6969020558303207 -0.1288236465011518 0.7055012350673944
 853  214 2165 96.277156 19.562814 0.14614142375449612 0.012575406326990246 146 0.6962047865610353 -0.1287388489371111 0.7062047889556193
 854  212 2164 96.262604 19.554077 0.1987269531403269 0.004038780109966234 28 0.6970452017826032 -0.12884767108289283 0.7053554170263138
 855  213 2164 96.270281 19.554317 0.17118142008781434 0.003442934847576455 25 0.6965457374128385 -0.12878580250186045 0.7058599384906024
 856  212 2163 96.262261 19.549120 0.20320677591694725 0.0066338684526455645 18 0.6970040167357197 -0.1288448902636733 0.705396622409843
 857  213 2163 96.270382 19.548839 0.1706198507121631 0.0038963681554285475 28 0.6964683524368461 -0.12878232075187462 0.7059369291343713
 858  214 2164 96.277756 19.551442 0.15307967864966893 0.010654524665897114 143 0.6960190205718725 -0.1287230229529929 0.7063907603897538
 859  210 2162 96.242546 19.540189 0.2546461286644141 0.0061982901180166776 132 0.6981825904805713 -0.12900231144464416 0.7042013021798369
 860  211 2163 96.251008 19.542978 0.24387828097110842 0.011342816205914973 41 0.6976645865816036 -0.12893505424319443 0.7047268097761179
 861  212 2163 96.257032 19.542824 0.20961713194847106 0.009517835305465464 45 0.6972660164924738 -0.12888502970702187 0.7051303080723005
 862  211 2162 96.251181 19.537024 0.24605506552117212 0.004676824629156284 42 0.6975804678368142 -0.12893068205583103 0.7048108754248827
 863  212 2162 96.257416 19.537172 0.2196204459413569 0.01362384581443593 47 0.6971715658571976 -0.12887864798903917 0.7052248590717294
 864  210 2161 96.242342 19.528117 0.2588312879756645 0.006789924576216557 162 0.6980377684029894 -0.12899706807341185 0.704345817274042
 865  211 2161 96.251884 19.530911 0.2541437349282205 0.01117061938209524 32 0.6974534356404862 -0.1289210778390808 0.70493833829782
 866  212 2161 96.257790 19.531165 0.22629070855104005 0.012569906007829302 39 0.6970728852146609 -0.1288741572969099 0.7053232197223621
 867  211 2161 96.251806 19.526161 0.26270758573498043 0.010333512825132335 28 0.6973957214661676 -0.12892090081780347 0.7049954673705425
 868  212 2161 96.257778 19.525833 0.2341724323729674 0.007612647274357954 36 0.6970009674429691 -0.12886727475546983 0.7053955463997935
 869  213 2162 96.267192 19.538903 0.17764814694722494 0.01290657724271197 60 0.696549136571947 -0.12880201335573094 0.7058536262543286
 870  214 2162 96.277527 19.539968 0.16212843440391206 0.006976717928985788 91 0.695885906709785 -0.12871595138714928 0.7065231834138224
 871  213 2161 96.265679 19.527795 0.19905073683370245 0.012832344910059565 110 0.6965071813381161 -0.1288065149852424 0.7058942045673623
 872  214 2161 96.278263 19.529062 0.16255865434062816 0.007624233575802128 107 0.695696575354554 -0.1287012812504791 0.7067122860432176
 873  217 2163 96.310170 19.545470 0.13431293345289813 0.013829365943248262 1836 0.693807752962657 -0.1284530269171672 0.7086117567502859
 874  210 2160 96.242805 19.517433 0.2631286017539847 0.012206325796116909 131 0.6978724180618404 -0.12898238367584466 0.7045123368755278
 875  211 2160 96.255482 19.516460 0.25657774822983315 0.008300605181993539 123 0.6970297213246341 -0.12888016945751948 0.7053647776226878
 876  210 2159 96.243186 19.505866 0.239164962115402 0.012216764765606063 167 0.6977023145531778 -0.12897310371889611 0.7046824950176168
 877  211 2159 96.254782 19.505932 0.2327158768971761 0.009526941005963763 165 0.696940751101592 -0.12887761023766514 0.7054531529686271
 878  213 2160 96.266656 19.517605 0.22749484600099318 0.013703011844417001 163 0.6963110488746753 -0.128791672762034 0.706090382488111
 879  214 2160 96.275278 19.520417 0.18393379982028688 0.014452279181274057 42 0.6957810684228185 -0.12872313207308345 0.706625119914157
 880  214 2160 96.281263 19.519948 0.17478209361433983 0.009145911676859991 32 0.6953815265586656 -0.12867126099061726 0.7070277498910664
 881  214 2160 96.275278 19.514583 0.20833754823321388 0.006400727906395519 42 0.6957053223896504 -0.12871499795474506 0.7067011770898803
 882  214 2160 96.281134 19.514603 0.1868206716719128 0.00619794101544775 42 0.6953198681192648 -0.12866786245283357 0.7070890058333723
 883  213 2159 96.266625 19.506654 0.21849884012570747 0.009481803305246013 130 0.6961715014962779 -0.12878381422127308 0.7062294030264094
 884  214 2159 96.279437 19.506601 0.18538679065448896 0.006781705663441666 140 0.695327578084879 -0.12867769136957177 0.7070796354714323
 885  211 2157 96.249247 19.488684 0.24696789037475816 0.01194410270340555 659 0.6970859238723038 -0.12891208444832045 0.7053034022477743
 886  213 2157 96.266537 19.495073 0.21517725523674128 0.006661935621341144 165 0.6960290922777751 -0.12877495956846452 0.7063713700958703
 887  214 2157 96.278968 19.495952 0.18891822333846772 0.009187150164240218 98 0.6952203655876368 -0.1286754313463606 0.7071854612759093
 888  213 2156 96.266406 19.483854 0.22847583948168904 0.012986581816317413 128 0.6958929219823177 -0.12876829488681138 0.706506735542454
 889  214 2156 96.279577 19.484131 0.19782750816770303 0.00833076483014658 129 0.6950274354366262 -0.12865712140489277 0.7073784058777827
 890  216 2159 96.296083 19.513472 0.15595779574217916 0.01105115287458157 357 0.6943196504648356 -0.12854491275891206 0.7080935166926697
 891  218 2159 96.321552 19.512402 0.13301418948375032 0.006720521317139054 562 0.6926229297952553 -0.12833378571857879 0.7097914599126808
 892  216 2157 96.296921 19.491256 0.176793443525366 0.009525852075968991 406 0.6939758728009872 -0.1285201771009651 0.7084349314143428
 893  218 2157 96.320708 19.491182 0.14296665170065812 0.0111270259262487 573 0.6924029194063821 -0.12832401963257462 0.7100078472685056
 894  204 2194 96.177895 19.827693 0.35234582550683113 0.01422548357833974 212 0.7059763405529244 -0.12969147335759879 0.6962596701790479
 895  201 2192 96.149957 19.803474 -0.14492088290724423 0.009432327483488762 202 0.7074384112751336 -0.12988751861756728 0.6947374516750093
 896  204 2192 96.180382 19.804780 0.34861963634849874 0.014738485543246397 93 0.7055304710582423 -0.12966010571787265 0.6967173109616014
 897  206 2194 96.196423 19.827544 0.3589285427717854 0.01344878851435712 556 0.7047833376091857 -0.1295477464255772 0.6974939630021976
 898  208 2194 96.216574 19.827533 0.322341614803731 0.014929258890723463 302 0.7034987834295678 -0.12939399442775384 0.6988180420675674
 899  205 2192 96.190575 19.809537 0.38307656108082594 0.012653938716543045 143 0.7049303531483008 -0.12958266624380918 0.6973388916583941
 900  206 2193 96.199106 19.813025 0.37615693522536237 0.009103445044545785 46 0.7044285460449804 -0.1295184228559468 0.697857723076748
 901  207 2193 96.205011 19.813374 0.34662939560028816 0.008684514839260919 31 0.7040571266619652 -0.12947368197934808 0.6982407379057799
 902  206 2192 96.199444 19.807083 0.38824269814150675 0.010826563678824749 42 0.704331773691522 -0.1295154628381174 0.697955942344775
 903  207 2192 96.204689 19.806206 0.35715074288217646 0.011087272605576865 19 0.7039864392733326 -0.12947783659382409 0.698311236591706
 904  205 2191 96.190683 19.798082 0.3738693572182692 0.01458722518531138 131 0.7047799003973481 -0.1295773844617978 0.6974919307289108
 905  206 2191 96.199218 19.801000 0.38243652184804283 0.008061026463227757 30 0.7042702007584881 -0.12951274167335292 0.6980185771652858
 906  207 2191 96.205673 19.801250 0.35040133353322744 0.009219000359711236 32 0.7038623635170687 -0.1294624977128062 0.6984391418800405
 907  206 2191 96.200242 19.795783 0.3764893090724945 0.002975991610141558 25 0.7041399615759124 -0.1294993338323547 0.6981524454220933
 908  207 2191 96.205249 19.795735 0.3562002874472562 0.009978430852036237 34 0.7038204401145237 -0.1294596862700051 0.6984819093633493
 909  208 2192 96.213244 19.809760 0.3129423614810495 0.014674079275581188 85 0.7034881193455994 -0.12940803110813934 0.6988261782620243
 910  209 2192 96.227681 19.809631 0.2786553374358586 0.006193624900948334 35 0.7025634370183976 -0.1292937441615178 0.6997769249450799
 911  207 2191 96.210903 19.801679 0.32544526883534025 0.007854499635454126 35 0.7035343707174181 -0.12942170731147773 0.6987770824059908
 912  208 2191 96.217292 19.801577 0.29816988855600357 0.005767028193846884 28 0.7031267548329553 -0.12936874398433357 0.6991970356902216
 913  207 2191 96.211170 19.796189 0.3255135758620937 0.007695927719627872 41 0.7034475536935254 -0.1294184172989045 0.6988650888880066
 914  208 2191 96.217097 19.796155 0.2953997373580933 0.009517784482826685 35 0.7030689693228153 -0.12937397626896727 0.6992541731299935
 915  209 2191 96.223449 19.799372 0.2722474563689459 0.01189681511675118 63 0.7027042077039423 -0.12932367323642363 0.6996300336719499
 916  201 2189 96.148445 19.780349 -0.14585887330659428 0.008518113730484446 322 0.7072430687336447 -0.12988760545477168 0.6949362932510021
 917  204 2189 96.181522 19.781305 0.3260797438652892 0.012065705306612705 76 0.7051722953819838 -0.1296388288907102 0.6970837882704987
 918  201 2187 96.147108 19.758167 -0.13107641910022427 0.008834666830627173 253 0.7070513199304415 -0.1298833010853974 0.695132188208675
 919  205 2190 96.191029 19.787083 0.34655644432872745 0.012168560908224345 141 0.7046243448176248 -0.1295658148695979 0.6976512254038618
 920  206 2190 96.202378 19.788047 0.35143712953645356 0.011476340651041864 147 0.7039065754054763 -0.1294807076590907 0.6983912080238666
 921  205 2189 96.191104 19.776268 0.31274412776068816 0.007951080541103597 139 0.7044882597985679 -0.12956075851825183 0.6977895826523643
 922  206 2188 96.201399 19.774532 0.31009498846774197 0.008660199181156925 98 0.7038006356943902 -0.12947921987414054 0.6984982439612544
 923  207 2190 96.210924 19.790545 0.32819128265747655 0.008464261449497494 39 0.7033927985646741 -0.12941518052335702 0.6989207980719009
 924  208 2190 96.216765 19.790439 0.29628058875861923 0.010527313155183122 38 0.7030192140098089 -0.12936950077430368 0.6993050242937184
 925  207 2190 96.210659 19.784756 0.32493340969085693 0.005692971329794122 29 0.7033365819708248 -0.12941515074175808 0.6989773753277607
 926  208 2190 96.218182 19.784924 0.2851511090993881 0.009536882688319535 22 0.702858741014767 -0.1293571356428048 0.6994685994649266
 927  209 2190 96.224248 19.786964 0.2609257013315246 0.009728050998384892 84 0.7024971917359025 -0.12930913857343637 0.6998405834792424
 928  208 2189 96.214846 19.775570 0.28833571259389845 0.012404178156214044 114 0.702954356025689 -0.12937757811374348 0.6993687265140835
 929  209 2189 96.226341 19.775975 0.2630612673690018 0.006832137627651865 103 0.7022241699023016 -0.12928687410653594 0.7001186466512545
 930  206 2187 96.196988 19.758689 0.2919156550369326 0.012696787985988578 601 0.703893004047474 -0.12950398711914662 0.6984005699978104
 931  208 2187 96.220400 19.759686 0.2737349005350204 0.011740984028830533 481 0.7024007860590014 -0.1293234079971265 0.6999347054459478
 932  210 2195 96.238310 19.830853 0.28196432654346737 0.011631044475423463 84 0.7021495815976442 -0.12922851178364606 0.7002042250689703
 933  211 2195 96.248426 19.833115 0.26153708071935744 0.005821158119476867 42 0.7015283350515862 -0.12915581629514766 0.7008400461138643
 934  210 2194 96.238589 19.821250 0.2890262477099895 0.010637665881217308 80 0.7020104500859945 -0.12921836709155815 0.7003455872469326
 935  211 2194 96.246700 19.820943 0.26268629677462996 0.00829777220277688 57 0.701485829493839 -0.12915622568572904 0.7008825153946683
 936  214 2194 96.271406 19.828557 0.23468835460219736 0.008995874862192 311 0.6999952965565578 -0.12896920919607296 0.7024055295041721
 937  211 2192 96.244210 19.804937 0.2575576264598516 0.013815102151090854 358 0.7014422115641425 -0.12916633370588396 0.7009243055230607
 938  213 2192 96.267186 19.805742 0.2208916219904667 0.00969240037638512 254 0.6999712590221515 -0.12898617286090022 0.7024263689196485
 939  216 2194 96.291264 19.828055 0.20277574434316248 0.012389128910024205 665 0.6987222459462247 -0.12881598709865708 0.7036999818727169
 940  218 2194 96.314924 19.828906 0.15206324110505026 0.01341271881052865 649 0.6972216647340371 -0.1286332112597291 0.7052201409393436
 941  216 2192 96.292145 19.805417 0.18810982267995707 0.013825253476390591 617 0.6983650285618114 -0.12879220586885712 0.7040588431298156
 942  218 2192 96.314901 19.806071 0.14545918702593844 0.011302243649637745 614 0.6969606570413726 -0.12862346085180298 0.705479870623509
 943  211 2189 96.244205 19.780742 0.2338032338826322 0.010067905546918804 449 0.701135339683451 -0.12915129299740088 0.7012340400779695
 944  214 2189 96.272154 19.782637 0.20695766598963347 0.007911694389925663 244 0.6993535319303703 -0.12893308322613178 0.7030511342899034
 945  210 2187 96.239242 19.764925 0.2508669649479819 0.009227768708993854 122 0.701255399761664 -0.12917903661953475 0.7011088651580137
 946  211 2187 96.249775 19.765691 0.22353854835433448 0.008404248823231283 149 0.7005849355768554 -0.1290972955792731 0.7017938702474474
 947  210 2186 96.237862 19.754111 0.24173549840699382 0.010033653443637831 134 0.7012069146735761 -0.1291839017435039 0.701156460673571
 948  211 2186 96.250996 19.755143 0.2109794233177529 0.00849558173389531 122 0.7003722288335046 -0.12908176986044928 0.7020090012018957
 949  213 2187 96.269396 19.758575 0.20113399493791817 0.010161774009839543 489 0.6992242088456092 -0.12893768966038463 0.7031789089195396
 950  216 2189 96.293069 19.782930 0.16993226126538521 0.012920701062010322 573 0.6980066194570287 -0.12876797805668494 0.7044186021261533
 951  218 2189 96.315687 19.783541 0.13852241169379917 0.008706165220179902 662 0.6966012875004424 -0.1285982702984572 0.7058393097079328
 952  216 2187 96.292889 19.759678 0.15726218088931843 0.013461358663771673 591 0.6977107845868409 -0.1287513190907968 0.7047146648847282
 953  218 2187 96.316367 19.761587 0.12998817299752413 0.008837091362252239 588 0.6962090187848969 -0.12856534678524778 0.7062322236832301
 954  201 2184 96.149088 19.735266 -0.12709255450694212 0.007909764090615327 464 0.706642444414725 -0.129855644730623 0.6955529938711906
 955  200 2182 96.147629 19.715295 -0.12845162227749823 0.007632155999313829 260 0.7064856171445552 -0.12985592490507566 0.6957122332796256
 956  206 2184 96.197787 19.736017 0.26603415481299975 0.014917300080128698 551 0.7035564963469052 -0.12948497920442423 0.6987430834065529
 957  208 2185 96.214380 19.742230 0.2852620539319424 0.0061290064778540205 131 0.7025699620027434 -0.12935954238967462 0.6997582134453283
 958  209 2185 96.226952 19.742180 0.2603067226948277 0.01118744816642444 155 0.701759043131625 -0.12926105832080567 0.7005896260898897
 959  208 2184 96.215056 19.731122 0.2831390864956073 0.008161952847491851 156 0.7023853885870458 -0.12934818262485825 0.6999455789924464
 960  209 2184 96.227229 19.731321 0.2540705396370454 0.009448744952746696 165 0.7016041238060663 -0.129251967577356 0.70074644653805
 961  206 2182 96.201453 19.713093 0.28985004874102793 0.011727793797808181 369 0.703030398431115 -0.12944105696711797 0.6992805385916463
 962  208 2182 96.215518 19.719970 0.27642478106430224 0.010074607446035964 181 0.702215001895962 -0.12933584663337824 0.700118796982256
 963  209 2182 96.227639 19.720000 0.24889507162429036 0.006606364272449552 168 0.7014348665089091 -0.12924081211526142 0.7009179270994691
 964  208 2181 96.215828 19.708601 0.26721829065570124 0.008282772998941434 162 0.702050605090356 -0.12932750297952345 0.700285188237868
 965  209 2181 96.227718 19.708777 0.24614802782052483 0.006826906973168198 153 0.7012879223302773 -0.12923421488928893 0.7010661649913168
 966  201 2177 96.154248 19.672879 -0.1366156608966941 0.013715515098524641 880 0.705534328828591 -0.1297803228088431 0.6966910209382794
 967  206 2179 96.200501 19.691240 0.28191829533696927 0.010695777308006374 477 0.7028151444916884 -0.12943487469242757 0.6994980242191415
 968  208 2180 96.216078 19.697332 0.2622509826414333 0.0041998305899983825 161 0.7018917309187785 -0.12931792254427907 0.70044619563295
 969  209 2180 96.227703 19.697505 0.23807336488761097 0.007769604854656263 166 0.7011450535845223 -0.12922737370406873 0.7012103106197929
 970  208 2179 96.215946 19.685891 0.2593096275221218 0.010092970716669083 165 0.7017554852397394 -0.12931140952795075 0.700583898117729
 971  209 2179 96.227873 19.686142 0.2292271512158123 0.012179710989831758 162 0.7009898054260765 -0.1292179074926971 0.7013672540630338
 972  206 2177 96.201882 19.668905 0.28713774890357013 0.010034141313178415 413 0.7024445252492542 -0.12940988062941164 0.6998748257673163
 973  208 2177 96.216308 19.674610 0.2478390323538934 0.01032373413364633 155 0.7015889374814481 -0.1293015946220301 0.7007524958441838
 974  209 2177 96.228218 19.675087 0.2308175168973578 0.01115541971771109 177 0.7008273375834578 -0.12920710779340616 0.7015315860254229
 975  208 2176 96.216610 19.663316 0.2563067985152056 0.008927841723903462 167 0.7014268769294794 -0.1292913067551719 0.7009166101031542
 976  209 2176 96.225694 19.666250 0.2470766944544656 0.00637250179711644 42 0.7008780523407959 -0.12922290521463467 0.7014780085753666
 977  209 2176 96.231528 19.666250 0.22676800652628853 0.013017287849670883 42 0.7005017277665696 -0.12917652669585297 0.7018623471499567
 978  209 2176 96.225592 19.660680 0.24057586020544955 0.006737960573492764 38 0.7008146898572113 -0.12921828909889047 0.7015421614149047
 979  209 2176 96.231528 19.660833 0.2128723296854231 0.009574463679120232 36 0.7004330828114662 -0.12917059254581106 0.7019319443682485
 980  210 2185 96.238852 19.742681 0.23518584556877614 0.009141176263573659 120 0.7009989716373978 -0.12916748280611628 0.7013673810128628
 981  211 2185 96.250972 19.742986 0.2061578846048741 0.009973594698143285 84 0.700219759370791 -0.1290760654289833 0.7021621307932266
 982  210 2184 96.239364 19.731601 0.22900938844106283 0.009029169324418685 166 0.7008252108846599 -0.1291558810753127 0.7015431434859382
 983  211 2184 96.250385 19.731406 0.20202036895271805 0.007793439677092002 144 0.7001105675505521 -0.12907123325165648 0.7022718917562772
 984  213 2184 96.269744 19.738890 0.17380375971671622 0.011759897352194773 506 0.698950654321554 -0.12892075839365744 0.7034539223564511
 985  210 2182 96.239198 19.720201 0.2238704185059041 0.008903787591689456 162 0.7006916934659639 -0.12915015894387405 0.701677552122463
 986  211 2182 96.250944 19.720433 0.19584075856593347 0.006786254624960968 155 0.6999342556276066 -0.12905833748143677 0.7024499863517374
 987  210 2181 96.239416 19.708714 0.21848069555567998 0.010018987193291506 137 0.7005320864306217 -0.12914074094600347 0.7018386316733194
 988  211 2181 96.251533 19.709268 0.18740154000429007 0.008550156387951983 169 0.6997543366998349 -0.12904657314449644 0.7026313757792462
 989  213 2182 96.263286 19.720905 0.16745225563170804 0.011012886717454666 157 0.6991412841684851 -0.12896031038057904 0.7032572097872772
 990  214 2182 96.275102 19.720424 0.1409251616031182 0.0060070877792946795 119 0.6983671273932631 -0.128868263197648 0.7040428439497866
 991  213 2181 96.263718 19.708864 0.1557990520611986 0.0077743105432705704 154 0.6989584496164506 -0.12894863463646794 0.7034410674215421
 992  214 2181 96.274074 19.709640 0.13436356808954072 0.0058779184256850464 103 0.6982954822736278 -0.1288674021166839 0.7041140618592548
 993  217 2183 96.308203 19.727433 0.13008489503602216 0.01207351809702577 1971 0.696303596590644 -0.12860692576838761 0.7061314042154888
 994  210 2180 96.239533 19.697396 0.21150248131655544 0.008745797577144216 173 0.7003799698429358 -0.12913320152919683 0.7019918191158842
 995  211 2180 96.251778 19.698105 0.18278988782436617 0.008257232845732411 155 0.6995969431675095 -0.1290357425153761 0.7027900783763114
 996  210 2179 96.240076 19.686402 0.20047116715733598 0.0062499702126619155 164 0.7002046867130102 -0.1291196729663715 0.7021691439804177
 997  211 2179 96.251924 19.686634 0.177078937698981 0.00767305121691943 167 0.6994400438554568 -0.12902766358550266 0.7029477129069723
 998  213 2179 96.268146 19.692245 0.1445630137242523 0.012450304041663285 561 0.6984580787504084 -0.12890219904466552 0.70394640087846
 999  210 2177 96.240278 19.675000 0.1954571521353154 0.009191733642960762 168 0.7000465168368444 -0.12911272376329858 0.7023281133679784
1000  211 2177 96.251871 19.675285 0.17146828317944007 0.0065541753707806915 158 0.6992989046944575 -0.12901876790648176 0.7030897520381202
1001  210 2176 96.240234 19.663701 0.18907158009030603 0.012256547677460178 154 0.6999062137945771 -0.12910454980015176 0.7024694350024348
1002  211 2176 96.252024 19.664068 0.16333474580085638 0.008347183292559174 165 0.6991459546563353 -0.12901178542314276 0.7032431253198389
1003  213 2177 96.267335 19.671230 0.139351308848081 0.011832205356515416 445 0.6982415208121109 -0.12889470862869518 0.7041625754763698
1004  217 2178 96.308571 19.681005 0.1160616936938494 0.010415765861411274 2236 0.6956985793272354 -0.12857350751423735 0.7067335706527268
1005  205 2215 96.188523 20.012680 0.16607612740556035 0.007711854906815495 109 0.7075973396090154 -0.1297200096926285 0.6946068845495185
1006  206 2215 96.198472 20.012917 0.14885497551697952 0.004490759012576291 156 0.7069733307678572 -0.12964547564890302 0.6952558954994713
1007  205 2214 96.187543 20.001780 0.19657624330553974 0.012621644175302238 143 0.7075276945080152 -0.12972025369688162 0.6946777794668472
1008  206 2214 96.198472 20.001667 0.1736370109553848 0.01013092729111791 168 0.7068355998685295 -0.12963769764708005 0.6953973699312217
1009  208 2215 96.210020 20.013048 0.14124031449263952 0.006698667676053131 159 0.7062413018755441 -0.1295603684624953 0.6960153263032353
1010  209 2215 96.222324 20.013303 0.11867517051775811 0.004008299075686255 181 0.7054644376641137 -0.12946375913113867 0.696820681569434
1011  208 2214 96.210444 20.001861 0.1556780655370202 0.013647445965654039 172 0.7060794847933878 -0.12954903798938414 0.6961815911886274
1012  209 2214 96.222698 20.002141 0.12483577925381781 0.005149748919960319 158 0.705299875372906 -0.12945813866341807 0.6969882898103572
1013  205 2212 96.186708 19.990271 0.22037677420303226 0.010487244988892195 160 0.7074364697884343 -0.12972084847958293 0.6947705683770828
1014  206 2212 96.198772 19.990293 0.19030174429034008 0.008293232687749617 162 0.7066728354909273 -0.12963063690813023 0.6955640887466843
1015  205 2211 96.183991 19.981820 0.24877610724223287 0.007965339538905264 38 0.7075036893811733 -0.12973873390203014 0.6946987767640924
1016  205 2211 96.189758 19.982144 0.2180915445816226 0.010172029607167118 41 0.7071417482815074 -0.12968949246708322 0.6950763867237927
1017  205 2211 96.183889 19.976250 0.24659149064904168 0.010100099465985874 42 0.707442460641904 -0.12973110039757366 0.6947625540215612
1018  205 2211 96.189949 19.976139 0.21953450938065847 0.00679748850210275 45 0.7070543392617231 -0.129689302205689 0.6951653373295951
1019  206 2211 96.199056 19.979244 0.20216988584848755 0.010553057392430704 179 0.7065184321530558 -0.12962170826165254 0.6957225867939886
1020  208 2212 96.210980 19.990794 0.15319601271082373 0.012640148261284128 170 0.7059053861379011 -0.12953775195735265 0.6963602204601697
1021  209 2212 96.222746 19.990866 0.12371271032237721 0.005473840826350916 167 0.705157451925932 -0.12945050294445307 0.6971338001278916
1022  208 2211 96.211016 19.979248 0.15880020562468505 0.014057508072709184 164 0.7057597935216857 -0.12953202239090372 0.6965088434639938
1023  209 2211 96.222743 19.979551 0.12985231049599186 0.0053086338441684 155 0.705015385019848 -0.1294425257948704 0.6972789537919237
1024  204 2208 96.176873 19.947099 0.2550267730716759 0.012922221668147455 493 0.7075232287204023 -0.1297648017025644 0.6946740077620233
1025  205 2210 96.187193 19.967622 0.22940800874755624 0.008820961626075664 178 0.7071236883175129 -0.12969866484761675 0.6950930482726628
1026  206 2210 96.199444 19.967917 0.2035486978980211 0.009838376793253735 156 0.7063497714190015 -0.1296064626412575 0.6958966627725303
1027  205 2209 96.187999 19.956794 0.2411967556492812 0.007466585365714909 147 0.7069375308177412 -0.12968700447740147 0.6952845521015073
1028  206 2209 96.199444 19.956667 0.21645579238732657 0.012792538864746773 168 0.7062153321906576 -0.1295999233298189 0.6960343126971144
1029  208 2210 96.211194 19.968027 0.16565594789367052 0.010213829541717623 159 0.7056082346700472 -0.12951993940695353 0.696664628398657
1030  209 2210 96.222925 19.968236 0.15013368159186008 0.008687383590381313 172 0.7048620931212382 -0.1294336948259427 0.6974355513769367
1031  208 2209 96.211111 19.956667 0.18826295736999737 0.010129032400871506 168 0.7054722777987124 -0.12951217944097723 0.6968037461394311
1032  209 2209 96.223164 19.957098 0.17052903143038234 0.009358443068720206 166 0.7047089737429765 -0.1294204749746568 0.6975927199902929
1033  205 2207 96.187970 19.945095 0.2608815600641635 0.010104137150673634 119 0.7067937267687986 -0.12968004257358437 0.6954320343199515
1034  206 2207 96.199701 19.945597 0.2336501652324522 0.008164839607018111 148 0.706056443678921 -0.12959264831600253 0.6961968427405567
1035  205 2206 96.187739 19.933701 0.28037136538248314 0.00912677677392993 152 0.7066692347881194 -0.12967720458741352 0.6955590666610333
1036  206 2206 96.199886 19.933943 0.25725340869040847 0.007103330785107981 173 0.7058995956679504 -0.12958504364399412 0.696357291409811
1037  208 2207 96.211597 19.945417 0.21699312734886034 0.011055588283422419 169 0.7053000141280518 -0.12950227817292645 0.6969799495100214
1038  209 2207 96.223643 19.945727 0.19156569896674738 0.009011602148547775 164 0.70453438787037 -0.12941242770284112 0.6977705352507942
1039  208 2206 96.211876 19.934335 0.23946872065987504 0.007959149349628028 171 0.7051418625497898 -0.12949484526047142 0.697141333397167
1040  209 2206 96.223692 19.934463 0.2155038146477825 0.010641685098765088 159 0.7043899619108136 -0.12940448652507844 0.6979178034886796
1041  212 2213 96.253588 19.998413 0.09701040957055426 0.009105287456401661 2314 0.7032911567546817 -0.12922060097968358 0.699059071261586
1042  217 2213 96.297280 19.996869 0.07149532122069563 0.01444938960333469 2257 0.7005625868156385 -0.12890067021954185 0.7018523200582397
1043  211 2209 96.243678 19.963978 0.1289586627791668 0.012302879185901429 406 0.7034864991633343 -0.12927212202990834 0.6988529630478794
1044  213 2209 96.265284 19.962922 0.10745808060310746 0.011935210681481833 657 0.7021072971611632 -0.12910879801941652 0.7002687066741077
1045  210 2208 96.233980 19.947380 0.1685631775193744 0.010151606877252448 45 0.7038957418310969 -0.12933371625799173 0.6984293625492466
1046  211 2207 96.247437 19.945853 0.156509250503819 0.007584975683935593 147 0.7030201897211488 -0.12923073147365946 0.6993297011333232
1047  210 2206 96.236783 19.934929 0.19538021115761883 0.009542593331805732 53 0.7035610512528231 -0.1293009338047375 0.6987725779373752
1048  211 2206 96.247692 19.934826 0.17674266610826764 0.007968802821602589 175 0.7028664637165175 -0.12922138095306426 0.6994859318722717
1049  213 2207 96.265347 19.940644 0.142703391858805 0.013564131260869616 663 0.7018274510986785 -0.12909325517617481 0.700552039717501
1050  216 2209 96.288054 19.964711 0.08104013063997592 0.01161239605614445 530 0.700804134521845 -0.12896047556640144 0.7016001430863418
1051  218 2209 96.311916 19.964683 0.06678097373511217 0.006697741013717883 395 0.69939194640224 -0.1287996245555153 0.7030373830900064
1052  216 2207 96.287729 19.940645 0.1126715090785007 0.011003847095843122 486 0.7005133056440619 -0.12894173552204433 0.7018939645389412
1053  218 2207 96.314866 19.940448 0.08854048313691437 0.009058755955882345 346 0.6989147416339977 -0.12875854416720486 0.7035193111995036
1054  203 2205 96.168819 19.922583 0.2968574225902557 0.010521825349654977 25 0.7077313056900352 -0.12981223869308986 0.6944531529424905
1055  204 2205 96.173254 19.925376 0.28389482672621563 0.009130064345673088 41 0.707486415392677 -0.12978000040141316 0.6947086609008338
1056  204 2205 96.179028 19.925417 0.28575460541815983 0.007459525701767163 42 0.7071225332625006 -0.12973603913191553 0.6950872485542989
1057  204 2205 96.173302 19.919954 0.3197277850574917 0.010007960433575882 36 0.7074141455103247 -0.12977836078491428 0.6947825586497388
1058  204 2205 96.179028 19.919583 0.3181229176975432 0.01066897767534841 42 0.7070475731293293 -0.12973602477538979 0.695163501061013
1059  203 2203 96.168050 19.909306 0.32461117145915824 0.004770272399625008 48 0.7076195963739854 -0.12980706041552714 0.6945679476435679
1060  204 2204 96.176111 19.910833 0.3422169766078393 0.009766562252954657 144 0.7071251511626506 -0.12975336799372522 0.6950813506975162
1061  204 2202 96.175793 19.894368 0.3364203621415382 0.008987119071123392 376 0.7069424807052906 -0.12974490320533066 0.6952687171637232
1062  205 2205 96.187960 19.922392 0.3073932173624204 0.011841825449273475 173 0.7065148406249167 -0.12966759486966553 0.6957176832720762
1063  206 2205 96.200007 19.922957 0.2828371165376721 0.013154182859261353 165 0.705753245359387 -0.12957762721817154 0.696506995793439
1064  205 2204 96.188252 19.911255 0.3411734207661566 0.009368542131483509 167 0.7063594183665296 -0.12966017852839956 0.6958768642431515
1065  206 2204 96.200799 19.911511 0.31345280567804973 0.013085619637382043 150 0.7055612217477891 -0.1295637728773289 0.6967040915076924
1066  207 2205 96.209069 19.925542 0.24244850240647792 0.008646588832378536 40 0.705209949990142 -0.1295097289496454 0.6970696927440547
1067  208 2205 96.215000 19.925833 0.22064640331599447 0.0065785046191316416 36 0.7048352721105665 -0.12946856389053907 0.6974561851134056
1068  207 2205 96.209269 19.920154 0.25633077872426885 0.009823507385542033 38 0.7051287615104955 -0.12950703672330577 0.6971523198913011
1069  208 2205 96.215000 19.920417 0.23060892132066546 0.01006099862373517 42 0.7047677968302795 -0.12946125995713162 0.6975257233402262
1070  209 2205 96.223698 19.923691 0.21126934568932715 0.010750101632035327 141 0.7042550176290715 -0.12939538027266723 0.6980556608955821
1071  207 2204 96.209167 19.914583 0.27572176711899893 0.00843834986915233 42 0.7050667518477466 -0.1295002253927935 0.6972162986205097
1072  208 2204 96.215036 19.914624 0.2534544224419245 0.008938613671576749 41 0.7046926659968512 -0.1294582984441437 0.6976021756375171
1073  207 2203 96.209167 19.908750 0.2921111385027568 0.00656591419618127 42 0.7049936181078128 -0.12949900030758266 0.6972904755886117
1074  208 2203 96.215000 19.908750 0.26668315664643333 0.007787904316261296 42 0.7046210568547391 -0.1294540731011299 0.697675289224463
1075  209 2204 96.222949 19.911467 0.22900397781754883 0.013589110700790113 142 0.7041481761717933 -0.12939713327572408 0.6981631098059836
1076  206 2202 96.194094 19.894733 0.338610610493228 0.009048429077842465 585 0.7057794541745636 -0.12960541030867137 0.6964752685370644
1077  208 2202 96.212389 19.901037 0.2950339090916537 0.01359525869490757 129 0.7046902607910058 -0.12946917862559223 0.6976025860992193
1078  209 2202 96.224335 19.900512 0.2543157070518254 0.014209882594617706 167 0.7039216059662519 -0.1293788541093212 0.6983949346632261
1079  207 2201 96.209421 19.891369 0.3213869631290436 0.014887097662083692 21 0.7047578114261885 -0.1294890006828685 0.6975306630793524
1080  208 2201 96.215686 19.892426 0.29363711441264434 0.0073835770901657495 34 0.7043716622959513 -0.1294409612756505 0.6979295085454361
1081  207 2201 96.209371 19.885724 0.33548444823214885 0.009171197484499221 38 0.7046912111407062 -0.12948657948785336 0.6975983964098401
1082  208 2201 96.216064 19.886070 0.2992032854943662 0.009887117999770625 37 0.7042682327158549 -0.1294333546558181 0.6980352878542944
1083  209 2201 96.224606 19.889266 0.2684649360691843 0.01022937504897774 163 0.7037631701600676 -0.12936845557944643 0.6985565138392459
1084  204 2198 96.174629 19.862879 0.3433888993210124 0.014985814198114043 763 0.7066310936332749 -0.12973710797033533 0.6955866447295661
1085  206 2199 96.195004 19.871971 0.34365739681195284 0.014632189135514898 667 0.7054371117817925 -0.1295862611624349 0.6968255751900213
1086  208 2200 96.212881 19.878037 0.32368181111677635 0.014731573336823203 159 0.7043717646426855 -0.12945109591219137 0.6979275255649987
1087  209 2200 96.224100 19.877929 0.27766544722458897 0.012060667116876292 136 0.7036528410912163 -0.1293667770730792 0.6986679584852762
1088  208 2199 96.213056 19.866667 0.3092626838811806 0.012035530755109438 168 0.7042180515551035 -0.12944604923765196 0.6980835596120974
1089  209 2199 96.224592 19.866646 0.2857111786923757 0.010288825640491864 164 0.7034805183100964 -0.12935602961907222 0.698843457406126
1090  205 2197 96.189654 19.855159 0.3790720825845545 0.007837951323885255 165 0.7055669628931607 -0.12961563979341773 0.6966886297297123
1091  206 2197 96.201389 19.855000 0.34441733981172246 0.013299036335046106 168 0.7048158555922757 -0.12952548429824232 0.6974652382900772
1092  205 2196 96.190145 19.843188 0.3627173956753551 0.010270928990234214 138 0.7053829259662785 -0.12960559920659712 0.6968768301569156
1093  206 2196 96.201398 19.843782 0.3574622627227537 0.009107990422692787 155 0.7046726285876028 -0.12951884033238437 0.6976111786076773
1094  208 2197 96.212950 19.855236 0.3106338013403164 0.01044661250041969 161 0.704079777254275 -0.12943959230379098 0.6982242184325883
1095  209 2197 96.223110 19.856077 0.2877080307738616 0.008191586782965457 101 0.7034409657919363 -0.12936204961545814 0.6988821558496079
1096  208 2196 96.213068 19.843995 0.32831113785505295 0.009961086391598439 160 0.7039296347449089 -0.12943074129091575 0.6983772279626413
1097  209 2196 96.226155 19.842675 0.3080752703704332 0.007943511885491103 38 0.7030782133873303 -0.1293290878752966 0.6992531822519104
1098  211 2204 96.245700 19.918342 0.1996134385153964 0.009690109235588927 429 0.7027850706324781 -0.12922722521712868 0.699566629248983
1099  213 2204 96.265832 19.917857 0.1646465772619614 0.01352676371119938 650 0.701496493103615 -0.1290719217440709 0.7008873726788224
1100  211 2202 96.243645 19.895668 0.23420244749325617 0.014882706416803556 517 0.7026320792752084 -0.12922875705938688 0.6997200079476671
1101  213 2202 96.259926 19.901099 0.19449757241433666 0.007972033232851176 155 0.7016596832265154 -0.12910578444422233 0.7007177644084015
1102  214 2202 96.272047 19.901345 0.16865988849084587 0.00718700690082186 158 0.700890004256463 -0.12901519125190025 0.7015042996016567
1103  213 2201 96.260298 19.889832 0.20564936666653075 0.009198977274763043 174 0.7015023813290248 -0.12909770940777968 0.7008767298286995
1104  214 2201 96.272361 19.890000 0.17980639849390304 0.007396742955196489 168 0.7007285757497919 -0.12900544563663005 0.7016673414972102
1105  216 2204 96.288951 19.918402 0.1336567001008406 0.00666995493032024 615 0.700072379686029 -0.1289030692625509 0.7023408445587048
1106  218 2204 96.312955 19.916877 0.12102282346936953 0.011598390470908096 363 0.6985868286793254 -0.12872975813782925 0.7038501915646104
1107  216 2202 96.289752 19.896938 0.15478404089182365 0.010292090299180027 595 0.6997004744014378 -0.1288745918958467 0.7027165756448911
1108  218 2202 96.312115 19.896789 0.13588127982376258 0.01116095126995519 546 0.6982817044172729 -0.12870501127138123 0.7041574265387974
1109  211 2199 96.246220 19.873914 0.25266636761202327 0.011274501470582602 345 0.7021950294835435 -0.1291957658961468 0.7001646910856855
1110  213 2200 96.260586 19.878534 0.2125696160911042 0.010313754360887018 162 0.7013531424030294 -0.12909132481185537 0.7010272459039777
1111  214 2200 96.272292 19.878701 0.1866180436177687 0.007200651536163967 154 0.7005933778284364 -0.12899865382586306 0.7018035809641162
1112  213 2199 96.260859 19.867349 0.2234921439550817 0.009705109730942572 160 0.701181056173829 -0.12908039230139107 0.7012013824760136
1113  214 2199 96.272854 19.868178 0.19478599716277017 0.007321153569480286 137 0.700419641817963 -0.12898727181423897 0.701979065973848
1114  211 2197 96.244676 19.849737 0.2700976639986038 0.010212032232381154 255 0.7019808871133504 -0.12919074280256768 0.7003803153299459
1115  213 2197 96.265588 19.849706 0.2336858193422186 0.014174608695847697 435 0.7006425917067362 -0.12902832045130253 0.7017489944474333
1116  216 2199 96.292995 19.871144 0.17621457727070441 0.008644451942157502 228 0.6991538039916915 -0.1288309760320689 0.7032684679257075
1117  218 2199 96.313353 19.872964 0.14905023714044102 0.011080880320699158 578 0.6979052334238715 -0.12867848729536008 0.7045354015710988
1118  216 2197 96.291379 19.849679 0.19348079249586747 0.012430323639588202 552 0.6989921126067579 -0.1288304083962411 0.7034292803018647
1119  218 2197 96.314585 19.851211 0.15371435506399286 0.010506322664984307 645 0.6975155587442372 -0.12864927189570832 0.7049265281931294
1120  209 2233 96.220439 20.172770 0.20850509497189615 0.009191357226816643 518 0.7075603311360877 -0.12956621158817208 0.6946732862412941
1121  209 2228 96.216996 20.130167 0.1813785238219453 0.014048038593186615 999 0.7072489868151632 -0.12956879662196466 0.6949897823643605
1122  211 2234 96.237158 20.188798 0.18997953237917506 0.011408837496401633 657 0.7067086138108745 -0.12945237645129673 0.6955609372273749
1123  213 2234 96.261128 20.188705 0.15415826575121 0.009885010602736406 672 0.7051977636121831 -0.12927529972077995 0.6971255346625009
1124  211 2232 96.237462 20.166083 0.17479744803419286 0.010299666463209903 662 0.7064050854957297 -0.12943742352263532 0.6958719771463661
1125  213 2232 96.261390 20.166464 0.14622548138495625 0.011346794909591626 656 0.7048994460859683 -0.12926104984964043 0.6974298186193817
1126  216 2234 96.284881 20.189502 0.12743993382900953 0.00884531777305361 656 0.7037071259664075 -0.12909918565689538 0.6986627806938231
1127  218 2234 96.308913 20.189571 0.09460033610195456 0.009085860977603704 668 0.7021825345385327 -0.12891968833952197 0.7002281072246977
1128  216 2232 96.285367 20.166770 0.1133004251995607 0.008908752036902248 669 0.7033854861536634 -0.12908201180319073 0.6989897653737254
1129  218 2232 96.309250 20.167130 0.08697047863962463 0.007208565794200237 651 0.7018710813167648 -0.1289013368393311 0.7005436678553798
1130  211 2229 96.237779 20.143535 0.16004665766342457 0.011699273901515685 674 0.7061032106683351 -0.12942235681658323 0.6961810895448898
1131  213 2229 96.262043 20.143471 0.12742439291949542 0.008521839809335359 636 0.7045695416000323 -0.1292419474684606 0.6977666372535162
1132  211 2227 96.238327 20.120914 0.14277490902186177 0.010636744862270404 648 0.7057868639038428 -0.12940604734640773 0.6965048295962907
1133  213 2227 96.261951 20.121145 0.11581769223396594 0.007645839108667855 650 0.7042934723899994 -0.1292286835924754 0.6980477434142977
1134  217 2228 96.298221 20.132775 0.08905980198704652 0.014954312909877279 2584 0.7021435723443703 -0.1289643027782024 0.7002589609740228
1135  208 2224 96.216155 20.099905 0.1593679525623364 0.01169867190552623 448 0.7069289424621173 -0.12955923690943838 0.6953171035152497
1136  207 2221 96.199638 20.070728 0.1863574606131732 0.0094600254480785 123 0.7076091741043657 -0.129664802124878 0.6946051366159436
1137  208 2222 96.216280 20.075162 0.14348700012698884 0.014545501755372597 524 0.7066140700750726 -0.1295452518022642 0.6956396938842896
1138  206 2219 96.198262 20.052751 0.19449300397230956 0.0092616448733095 257 0.7074767603246833 -0.12966789426645065 0.6947394265456621
1139  208 2220 96.209488 20.058246 0.15238457488811621 0.011146314018600823 177 0.7068341855151988 -0.12958556005841612 0.6954085251213218
1140  209 2220 96.221254 20.058187 0.12929084086538972 0.005613527366551147 148 0.7060891319937349 -0.12949975837168087 0.6961809752226862
1141  208 2219 96.209831 20.047185 0.15126931603725363 0.01077359729875263 164 0.7066765361608556 -0.12957619227238082 0.6955704735221916
1142  209 2219 96.221903 20.047229 0.12445146893151104 0.0064539501324095095 160 0.7059120075071905 -0.12948790843073119 0.696362778462062
1143  206 2217 96.190055 20.034518 0.19668743171189962 0.005653438409004929 38 0.7077691036140582 -0.1297211468801622 0.6944316525198487
1144  206 2217 96.197859 20.035237 0.18838550218569686 0.010347482666349876 153 0.7072857639986232 -0.12966096674622002 0.6949351637004128
1145  205 2216 96.189356 20.023935 0.17175639595514464 0.005890590018228913 81 0.7076823803923973 -0.12971681255072143 0.694520839877272
1146  206 2216 96.198741 20.024566 0.15945837547729066 0.008613524491680716 143 0.7070969538726748 -0.1296477118928689 0.6951297494892071
1147  208 2217 96.210401 20.036075 0.16452735956562192 0.009115676847856162 152 0.7065023918367612 -0.12956871535910666 0.6957487465523213
1148  209 2217 96.221743 20.035831 0.13171046442049414 0.012613165931799087 163 0.7057796692044996 -0.1294820831531808 0.6964979889991786
1149  208 2216 96.210029 20.025088 0.1469148055915415 0.011918178203395009 137 0.7063898680519396 -0.12956211220120206 0.6958642205168523
1150  209 2216 96.221870 20.024461 0.12077324454983075 0.007193160526532018 150 0.705630172380623 -0.12947519516259823 0.6966507257325577
1151  211 2224 96.239788 20.099063 0.1280846647588777 0.00959654119286556 588 0.7054234236922615 -0.12938335764326622 0.6968771341285657
1152  213 2224 96.263229 20.098904 0.10436825087956535 0.006961201032638831 596 0.703933685495022 -0.1292068934445709 0.6984145939997236
1153  211 2222 96.239152 20.074897 0.11478769651917499 0.006144863269283978 439 0.7051626411720016 -0.12937337495297663 0.6971428686780088
1154  213 2222 96.263643 20.075792 0.09399420030528519 0.008136556788059643 591 0.7036413483976458 -0.12919451146826266 0.6987114075436437
1155  217 2223 96.298921 20.088107 0.07820354857028698 0.01221981175153995 2603 0.7015591411724555 -0.12893621049097534 0.700849645117691
1156  212 2218 96.252948 20.041852 0.08947906723002079 0.00995786916028414 2398 0.7038874943710728 -0.12925360470283453 0.6984525044262756
1157  217 2218 96.296303 20.044670 0.06335764316532652 0.011412321116947196 2192 0.7012552261670209 -0.12894274610746403 0.7011525340464131
1158  213 2253 96.259800 20.356439 0.1490476789204752 0.009370170776822518 1043 0.707388067912856 -0.12937605983998138 0.6948841317189494
1159  216 2254 96.281752 20.369705 0.11587160483225067 0.009597422667880433 670 0.7062208214846976 -0.1292306907315993 0.6960973925209838
1160  218 2254 96.304929 20.371552 0.07424824508980304 0.012117455366237623 538 0.7049469650634144 -0.1290919505458075 0.6974131091054714
1161  216 2252 96.282333 20.346742 0.11932110483244014 0.010970768989753908 634 0.7058917144830414 -0.12921350951340843 0.6964343159145883
1162  218 2252 96.302984 20.346884 0.09244201966538662 0.010240372078859111 410 0.7047610638811233 -0.12909237843892513 0.6976008892383442
1163  213 2248 96.255952 20.311813 0.16114406945395382 0.011333806366600063 1638 0.7070845847573117 -0.1293810534511562 0.6951920116100653
1164  217 2248 96.294373 20.313279 0.1127985599728075 0.014730145336986323 2586 0.7047331250233292 -0.12910914735408038 0.6976260105273849
1165  211 2244 96.241350 20.278098 0.18125247101285563 0.006904570992980176 335 0.7075600434268263 -0.12946494823739363 0.6946924586633403
1166  213 2244 96.259385 20.279307 0.15336605568934125 0.009917737626918808 671 0.7064854490464272 -0.12934145598160257 0.6958082336752183
1167  211 2242 96.239863 20.255728 0.19456049137278997 0.00809879599921248 452 0.7073729049868153 -0.12946374387309906 0.6948832364598204
1168  213 2242 96.259913 20.256452 0.16490046824033167 0.008334774305148984 662 0.7061306325258849 -0.1293195223957764 0.6961723859331983
1169  216 2244 96.283424 20.279544 0.12815471659386587 0.008999416840608628 668 0.7049659148926896 -0.12916452014175495 0.6973805170608535
1170  218 2244 96.307357 20.279873 0.10096781534644274 0.007070886314043734 650 0.7034340751474203 -0.1289830529140564 0.6989591361320512
1171  216 2242 96.283549 20.257051 0.13693801600555455 0.010836560079103634 644 0.7046495565618246 -0.1291455049326526 0.6977036913998049
1172  218 2242 96.307826 20.257149 0.10226893787538367 0.009168931493629968 672 0.7031099229486188 -0.12896392757973682 0.6992887398166767
1173  211 2239 96.237616 20.233312 0.2016746860959501 0.009566218444794801 577 0.7072362203012957 -0.12946858598020802 0.6950214485454549
1174  213 2239 96.260253 20.233915 0.16512703041879348 0.011599041375283739 679 0.7058231585101309 -0.12930418183583153 0.6964869686293841
1175  211 2237 96.236653 20.211583 0.20386805018102092 0.012850547910552257 635 0.7070249268728673 -0.12946906318777865 0.6952363011650757
1176  213 2237 96.260552 20.210836 0.15936995539171941 0.011696657486634168 580 0.7055138101961681 -0.12929123571990297 0.696802726737278
1177  216 2239 96.284314 20.234608 0.13448876353920017 0.009875345762348534 585 0.7043108162690552 -0.12912486064957246 0.6980494570219545
1178  218 2239 96.308172 20.234553 0.1030515706416492 0.008204857212111156 656 0.7028003623410527 -0.12894749020538063 0.699602884115709
1179  216 2237 96.284741 20.211813 0.13197173267377146 0.0073594070992292464 660 0.7039994993089619 -0.12911299207635663 0.6983656207530706
1180  218 2237 96.308452 20.212008 0.1013777948095711 0.008164950617958152 654 0.7025034555398061 -0.1289345092256296 0.6999034128259254
1181  218 2270 96.296207 20.512016 0.0515435981035924 0.014466096325578553 3836 0.7072544009906574 -0.1292348313501474 0.6950464521492397
1182  216 2264 96.280588 20.459871 0.0863646398261776 0.009775086236048338 635 0.7074449314512969 -0.12929357389493362 0.6948415939718527
1183  218 2264 96.304063 20.460495 0.06162358613849043 0.007008031975438837 669 0.7059900632778254 -0.12912556910349424 0.6963509301757776
1184  216 2262 96.280618 20.437533 0.09449615820365793 0.009094981134579698 680 0.7071306884854479 -0.12927551746275742 0.6951647502476178
1185  218 2262 96.304543 20.437896 0.07055621178677449 0.008420428913589725 650 0.705631742171168 -0.12910074912570574 0.6967186239908216
1186  214 2258 96.263640 20.399749 0.13012790897457333 0.006288537777106782 572 0.7076919365573242 -0.1293718561468085 0.6945754428201977
1187  216 2259 96.281051 20.414992 0.10616948551964724 0.009004600946499065 657 0.7068041091680347 -0.12925550479489747 0.6955005145529347
1188  218 2259 96.304931 20.415447 0.07548562689905017 0.008064622572705004 671 0.7053402659436298 -0.12908771210952127 0.6970161202016055
1189  216 2257 96.281534 20.392142 0.10870094232006555 0.009384182191285688 673 0.7065616728162705 -0.12925389737737217 0.6957471038529972
1190  218 2257 96.305414 20.393063 0.073925489177533 0.007722826495873541 614 0.7051456068250522 -0.12909421663654125 0.6972118447117251
1191  231 1888 96.473403 17.068904 0.00819374025985797 0.013835394381136318 25847 0.6467430474688088 -0.12384278275679948 0.752586470586477
1192  230 1905 96.463530 17.222655 0.003049201968733829 0.012070880685950476 36002 0.6498907581347141 -0.12420861444200612 0.7498094575220318
1193  231 1926 96.470109 17.404121 -0.0002529749885757517 0.013310069330248439 32655 0.6521700238369508 -0.12441820896236319 0.747792998955666
1194  225 1950 96.410846 17.626833 -0.02112994915549979 0.004841856551293963 5134 0.6600400163948733 -0.12540623488084882 0.740689174357547
1195  235 1950 96.502644 17.629748 0.0027473363499699133 0.012301415920138037 9670 0.6531515903500601 -0.12440259924758894 0.7469384133405049
1196  224 1940 96.405058 17.535491 -0.016434391680955167 0.0033301337537996584 6220 0.6590907844028042 -0.1253346905364619 0.7415460560635636
1197  232 1943 96.480106 17.563459 -0.009062097829781079 0.008359570377010676 2249 0.6538627182916582 -0.12455396179818763 0.7462907317048895
1198  237 1943 96.529462 17.562607 0.018545099131625265 0.003406021593700124 2137 0.650065781753141 -0.12399684427225405 0.7496927784127309
1199  232 1938 96.480932 17.516322 -0.008506641651655647 0.008697012962858125 2137 0.6530756696871471 -0.12447150298177712 0.7469933163075434
1200  237 1938 96.526397 17.517509 0.018810160820375472 0.003786293832404555 2428 0.6496048905705913 -0.12395986460184134 0.7500982856363979
1201  232 1966 96.475161 17.766371 0.0008554644595091347 0.013858471758235581 23029 0.657290554814997 -0.12490646928988434 0.7432143031996414
1202  224 1991 96.400120 17.991049 -0.010128351891700683 0.0075043474553366865 4786 0.6662243911478114 -0.12601524427679694 0.7350273592524207
1203  235 1990 96.504292 17.990502 0.027996242935500893 0.012138501330972086 8634 0.658462354055963 -0.12490928595084488 0.7421758542113384
1204  225 1980 96.409841 17.899658 -0.01100050506522025 0.006864316316302799 5420 0.6641558123049045 -0.12579227887907143 0.7369351121747575
1205  235 1981 96.505082 17.901087 0.017955783075540865 0.010784464560309766 8458 0.6570655533846462 -0.1247740781183381 0.7434354632280111
1206  222 2013 96.375019 18.191258 0.00021630910954230172 0.014655389290653572 529 0.6709638492742881 -0.1265327665571395 0.7306141060467057
1207  222 2008 96.374772 18.145736 0.00035894597011009084 0.005310756701889537 970 0.6703193442565538 -0.12647472699765594 0.7312155086883292
1208  230 2015 96.453270 18.210851 0.09625756305078385 0.011356681391080137 142 0.6654792819044404 -0.12574953593240884 0.7357474971542439
1209  231 2015 96.461857 18.213622 0.12027910695626186 0.01215791591742952 39 0.6648934871076018 -0.1256699429941153 0.7362905107562838
1210  232 2015 96.467840 18.213643 0.14479989004440796 0.011971309030861806 39 0.6644547907471863 -0.12559988713421605 0.7366983774958277
1211  231 2015 96.462017 18.207917 0.10388889461755753 0.00771780150084098 40 0.6647952179812874 -0.1256547586861881 0.7363818301456986
1212  232 2015 96.467778 18.207917 0.11886195696535565 0.008469455532439255 42 0.6643734820909494 -0.12559618656889918 0.7367723354019865
1213  230 2014 96.453166 18.199578 0.07393502227721675 0.005405165308151385 155 0.6653229731248902 -0.12573484191996825 0.7358913581226627
1214  231 2014 96.464919 18.199653 0.08748805590651253 0.00954005486577871 143 0.6644607356134048 -0.12561507693685225 0.7366904256702687
1215  233 2015 96.476420 18.211034 0.14810800759328735 0.012931963133109011 162 0.6637839652369766 -0.12551051272044636 0.7373180851511286
1216  234 2015 96.488194 18.211250 0.14017547628818414 0.007778634514017995 156 0.6629189328436729 -0.12538821043510412 0.7381167151347328
1217  233 2014 96.476649 18.199830 0.10483723981796127 0.012803211702752278 152 0.6636016036895153 -0.1254915741079649 0.7374854414892599
1218  234 2014 96.489110 18.199957 0.10983359344400369 0.012447188510003714 154 0.6626849109799459 -0.1253641583579605 0.7383309126392457
1219  231 2012 96.459654 18.183380 0.05737329948124086 0.011888822843025703 543 0.6646134478667071 -0.12564680386550475 0.7365472460019868
1220  233 2012 96.483604 18.183124 0.07927474227858289 0.009634139881833224 614 0.6628468110537836 -0.1253988996074437 0.7381796671902253
1221  237 2013 96.518223 18.194673 0.0983762715815217 0.012625113982250441 2606 0.6604502983888592 -0.1250504351069853 0.7403835438727826
1222  231 2009 96.461209 18.160910 0.04508480122994359 0.009822290384179696 328 0.6641762842366346 -0.1256025451481663 0.7369490240918433
1223  233 2010 96.477318 18.165979 0.054304692149162295 0.006467744090432285 160 0.6630628032342485 -0.12544164063286645 0.7379783965418466
1224  234 2010 96.489421 18.166295 0.07745384222187963 0.010432202868333663 147 0.6621693214641701 -0.12531528129325303 0.7388016445474885
1225  233 2009 96.478359 18.154910 0.03682706888020039 0.00720503419935319 125 0.6628209209825787 -0.12541667702225026 0.7381998942241206
1226  234 2009 96.489400 18.155150 0.060111216281851135 0.014960571856979275 150 0.6620074258791514 -0.12529940347806254 0.738949407990088
1227  231 2007 96.463912 18.136610 0.021221332271923122 0.011471933909223835 294 0.663622222981568 -0.1255384952912389 0.7374589014752033
1228  233 2007 96.483228 18.137960 0.04810293709947599 0.010409786837358478 506 0.6622144462651486 -0.125339333214076 0.7387571175340333
1229  237 2008 96.519049 18.149628 0.07833833228810928 0.00804109159784053 2622 0.6597218564594253 -0.12497868232111062 0.7410448036893642
1230  223 2000 96.390724 18.073308 -0.002275592135095823 0.008373791102168534 4001 0.6681119124346727 -0.12621929313665614 0.733277002573357
1231  233 2003 96.479363 18.104147 0.035033318237056056 0.013192076608894505 1649 0.6620029423576843 -0.12533164316696335 0.7389479572546617
1232  237 2003 96.519641 18.104273 0.07430011380814522 0.01278225495864774 2592 0.6590079833130233 -0.12490540625668901 0.7416920637417886
1233  233 1998 96.482987 18.058171 0.038812924748008674 0.008997653042074753 1394 0.6610547160442326 -0.12523047789424105 0.7398134831172374
1234  237 1998 96.520506 18.059379 0.05299101258006581 0.007326987722427466 2555 0.6582759320159103 -0.12483303242832168 0.7423540336950654
1235  221 2033 96.360949 18.369457 -0.04132566500645969 0.007581277455450825 449 0.6745325638053363 -0.12688913665567034 0.727258528561184
1236  227 2034 96.416575 18.383770 0.12241940870440218 0.009304891940065464 169 0.670626192394855 -0.12633233585613182 0.7309587204426201
1237  228 2035 96.427318 18.390774 0.1241867631471076 0.011913104385134553 147 0.6699511501035765 -0.12623354250802196 0.7315945251440654
1238  229 2035 96.437736 18.389537 0.08919955235388544 0.010670194540730172 90 0.6691814290005134 -0.12612854573703888 0.7323167381885316
1239  228 2034 96.427869 18.380357 0.10633301708075377 0.0061086963960642 111 0.6697621797612207 -0.12621855005278396 0.7317701143009813
1240  229 2034 96.438611 18.380000 0.07303813958008375 0.014129846144174103 168 0.6689811275749177 -0.1261085664734921 0.7325031606830051
1241  226 2032 96.416489 18.362651 0.12871130979780493 0.009583577756694045 232 0.6703331581167715 -0.12630945142463065 0.731231413172331
1242  228 2032 96.426826 18.367843 0.12468061800356264 0.006184534457519032 135 0.6696593782332909 -0.12621184966335589 0.7318653470063715
1243  229 2033 96.435503 18.371376 0.09059610059767058 0.00986620134202768 33 0.6690815898398816 -0.12612696680389135 0.7324082293244573
1244  229 2033 96.442102 18.372273 0.07159361852840944 0.005870318666877649 22 0.6686171985888026 -0.12606226729409498 0.7328433301299356
1245  228 2032 96.435046 18.365389 0.11917480702201526 0.007248460747554491 30 0.6690271267782676 -0.1261344316538147 0.732456694137056
1246  229 2032 96.442089 18.364840 0.08347460340995055 0.010316156209584228 13 0.6685142132614186 -0.12603939641815023 0.7329412099329761
1247  228 2031 96.426304 18.356938 0.12207303026860411 0.007491911280121116 132 0.6695413990410494 -0.12620359871452985 0.7319747035531051
1248  229 2031 96.439140 18.357722 0.11167876384680785 0.0064453274584857214 158 0.6686223054133058 -0.12607616989055903 0.7328362791848687
1249  221 2028 96.365666 18.328902 -0.0276831297127036 0.0123291431701052 493 0.673600738641189 -0.12679187448887072 0.7281386306642734
1250  231 2034 96.456903 18.384848 0.03658597819668283 0.010633016778555365 601 0.667725578790673 -0.12593028135497908 0.7336784824884239
1251  233 2034 96.480120 18.386357 0.031668158158165476 0.005633095518443988 663 0.6660585450291573 -0.12569676252209228 0.7352321663835899
1252  231 2032 96.457271 18.363586 0.07085471581251096 0.01317113393941451 626 0.6673915995836656 -0.12589981765998723 0.7339875262688993
1253  233 2032 96.480422 18.363750 0.058489569625493364 0.012337695074938511 647 0.6657069756691987 -0.1256646275936292 0.7355559964524275
1254  237 2033 96.515888 18.374933 0.04683379251481424 0.005938861121804 2616 0.6632697724359554 -0.12531481832922378 0.7378139367617487
1255  230 2030 96.451195 18.346093 0.09848483926897882 0.011359263901322915 149 0.6675803076483073 -0.12593893695008623 0.7338091829624876
1256  231 2030 96.463094 18.346391 0.11473195602160853 0.009534610722798225 148 0.6667188340122067 -0.1258193405668468 0.7346124760121675
1257  230 2029 96.451441 18.335211 0.12480429248719276 0.009983426422741108 158 0.6674044952118254 -0.1259228973209757 0.7339718412182714
1258  231 2029 96.459953 18.337782 0.10903095357841061 0.00958921564823381 31 0.6668226868558216 -0.12584422217876076 0.7345139454350785
1259  232 2029 96.465893 18.337917 0.14254622415798465 0.01077570829328674 41 0.6663923167930297 -0.12578225244445548 0.7349150325644574
1260  231 2028 96.459696 18.332188 0.12839329079724848 0.010991061856475406 32 0.6667603199175078 -0.12583631640504883 0.734571914285532
1261  232 2028 96.465552 18.331952 0.14270800195242228 0.005357892746253236 19 0.6663305384527846 -0.12577806464021532 0.7349717627096868
1262  233 2030 96.474583 18.346667 0.10693488141433113 0.012819846555261485 168 0.665884834424035 -0.12570178449080927 0.7353886378370974
1263  234 2030 96.486250 18.346667 0.08025558301735491 0.007433894853351501 168 0.6650329638038825 -0.12558443273242323 0.7361791271895036
1264  233 2029 96.474511 18.335190 0.12838200033630853 0.013367642201840028 162 0.6657239258412532 -0.125686741226673 0.7355368771464345
1265  234 2029 96.486666 18.335362 0.09262048301404108 0.0068113296012550385 167 0.6648369982054614 -0.1255649496617778 0.7363594293777914
1266  231 2027 96.460353 18.318916 0.15989073614279428 0.011630746172986149 432 0.6665207451996745 -0.1258117915506586 0.734793501145243
1267  232 2028 96.471736 18.326679 0.14588285386562347 0.007113694886909652 35 0.6658027262977946 -0.12570793956615298 0.735461925312559
1268  233 2028 96.478706 18.327454 0.11079756060132274 0.007781048964326758 27 0.6653048565566823 -0.12563829635364593 0.7359242259441157
1269  232 2027 96.472029 18.321161 0.1474859413314373 0.008405634246174031 47 0.6657006693700528 -0.12569678932507813 0.7355562085616779
1270  233 2027 96.478413 18.321169 0.11872875599599467 0.007748008079648529 41 0.6652342201563519 -0.12563249509688693 0.7359890681991825
1271  234 2027 96.487225 18.324463 0.10271059360894018 0.003787518941301357 159 0.6646374296303541 -0.1255436691093 0.7365431924068886
1272  232 2027 96.470792 18.317083 0.15242142975330353 0.0050205526811580095 10 0.6657306315081423 -0.1257117041227794 0.7355265418177083
1273  233 2027 96.474097 18.317083 0.14538274043136173 0.0018067574341230853 9 0.6654918044671948 -0.12566455839561208 0.735750689398408
1274  232 2026 96.471181 18.313750 0.18536441690391964 0.008300151210009097 9 0.6656548572322116 -0.12569699211436428 0.7355976326882555
1275  233 2026 96.474097 18.314167 0.16811137894789377 0.012328757739134017 12 0.6654490149850479 -0.12566091836121238 0.7357900121991642
1276  233 2026 96.478472 18.315417 0.14069047605707533 0.013452621797966862 42 0.6651457211817048 -0.12562381469986644 0.7360705311136451
1277  232 2026 96.472639 18.309583 0.19557874365931466 0.007758426108761784 42 0.6654881317680196 -0.1256735780050317 0.735752470785742
1278  233 2026 96.478472 18.309583 0.17353595615852446 0.008769323453070172 42 0.6650609004282101 -0.12561324249094422 0.7361489740755804
1279  234 2026 96.484306 18.315417 0.12227666573155493 0.008879867538386035 42 0.6647185465569966 -0.12556354869834005 0.7364665974105232
1280  234 2026 96.489299 18.315720 0.11354254897345196 0.005191176442164252 22 0.6643585935388014 -0.12550964624580785 0.7368005075258822
1281  234 2026 96.484306 18.310000 0.1488528967731529 0.008464357295170965 36 0.6646391195397549 -0.12555683432159692 0.736539423339008
1282  234 2026 96.489685 18.309917 0.12595240473747255 0.0077324644864571745 30 0.6642446410394466 -0.12550206227247634 0.736904531954942
1283  237 2028 96.516587 18.330358 0.07291334094915282 0.011402162236201574 2587 0.662563601798322 -0.12524837699604344 0.7384594217909957
1284  231 2025 96.461488 18.303624 0.1525952432191733 0.011306235829850826 33 0.6662177369934705 -0.12578209831388168 0.7350733233215963
1285  232 2025 96.465347 18.305417 0.1659837845298979 0.010888939645879583 9 0.6659621907615166 -0.12573988279057838 0.7353120714036543
1286  232 2025 96.468264 18.305417 0.19470028082529703 0.013324487732035154 9 0.6657463792811699 -0.1257189006974229 0.7355110580279838
1287  232 2025 96.465347 18.302667 0.17040461897850037 0.006003427255946555 10 0.6659210043651166 -0.125748482547646 0.7353479007125261
1288  232 2025 96.468264 18.302917 0.1919771134853363 0.010666704910504544 9 0.665710420985792 -0.1257134374311521 0.7355445377678794
1289  231 2025 96.460405 18.299792 0.1600912051896254 0.007149354040420041 12 0.6662422863765737 -0.12579015600709648 0.7350496938951991
1290  232 2025 96.466819 18.298631 0.17756127885409764 0.013785812186894366 35 0.6657541935722389 -0.12572786176936207 0.7355024530998397
1291  231 2024 96.463208 18.292917 0.1536035269498825 0.005590467222932983 5 0.665934964557177 -0.12576659402640938 0.7353321608682893
1292  232 2024 96.466806 18.292917 0.1801986105385281 0.014808428141424185 42 0.6656745771846059 -0.1257131043677359 0.7355770338178884
1293  232 2023 96.467292 18.287628 0.18199084068720156 0.013118652754945215 26 0.6655618683937211 -0.12570360650751086 0.7356806390352159
1294  233 2025 96.475556 18.301250 0.1926303146741329 0.008573948025633826 156 0.6651531203962435 -0.12563381797492404 0.7360621374640758
1295  234 2025 96.487222 18.301667 0.15791773046588614 0.01320176533771316 168 0.6643038608322875 -0.12551618136595122 0.7368487420757577
1296  233 2024 96.475602 18.289965 0.17241240580038852 0.008290436800821154 166 0.6649868444920582 -0.1256202267022738 0.736214680168607
1297  234 2024 96.487113 18.290266 0.14979839166626335 0.009000477682192903 160 0.6641468187171846 -0.12550275138886757 0.7369925797331118
1298  232 2022 96.465990 18.271860 0.17123797958291423 0.014113051259520852 127 0.6654310774744504 -0.12569709339957488 0.7358000556143567
1299  233 2022 96.481716 18.272918 0.16302758462175174 0.011154740243753116 648 0.6642918314045106 -0.12553571585568316 0.7368562592350304
1300  235 2025 96.498865 18.301601 0.11558614550046174 0.012431423198829786 166 0.6634481506463072 -0.1253938348747837 0.737640113862709
1301  236 2025 96.510524 18.301699 0.09086225181818008 0.006093145041166131 167 0.6625908582260633 -0.1252743097803711 0.738430566745649
1302  235 2024 96.498889 18.290417 0.13141202468138474 0.012006410159097763 156 0.6632828548299712 -0.12538068317571024 0.7377909858320278
1303  236 2024 96.510930 18.290361 0.104026473834213 0.00562369202261505 166 0.6623946616745092 -0.1252546717250295 0.7386098966275549
1304  238 2024 96.528706 18.296243 0.08657744798616798 0.006283872757561822 658 0.6611666586806322 -0.12507684581059494 0.7397394352683659
1305  236 2022 96.505338 18.273822 0.12580269716927653 0.013975240054821956 662 0.6625655541257764 -0.12529129592476426 0.7384503894314743
1306  238 2022 96.529023 18.273759 0.096510430702931 0.007472562228436365 647 0.6608131422990091 -0.12504423321714342 0.7400607614946534
1307  231 2020 96.456097 18.253655 0.16049941096987044 0.005364400290699401 35 0.6658949141275653 -0.1257732518522968 0.7353672908537211
1308  231 2020 96.462648 18.256732 0.18145569962890526 0.014550935954517678 76 0.6654582640460092 -0.12571465693950812 0.7357724674404811
1309  230 2019 96.452818 18.245464 0.16457489414035148 0.005811291488496846 53 0.6660147208259621 -0.12579994912979842 0.735254217561556
1310  231 2019 96.461155 18.247266 0.18653165781870484 0.011515565312159923 32 0.6654308119158249 -0.12571288156372437 0.7357975985024626
1311  232 2019 96.467246 18.247645 0.2090742480616237 0.011941817321563113 43 0.6649901536786732 -0.12565090527806316 0.7362064557671427
1312  231 2018 96.461993 18.242375 0.18832646124064922 0.012630668885826599 40 0.6652988380531851 -0.12570215629703593 0.7359187618123059
1313  232 2018 96.467778 18.242083 0.21341145783662796 0.008065231481879438 42 0.6648697228397688 -0.12563694922253638 0.7363176003879189
1314  233 2019 96.482482 18.250347 0.16909319383212817 0.014107439535374718 641 0.6639081560914672 -0.12549832626843604 0.737208335804099
1315  230 2017 96.452301 18.233378 0.14051966570519112 0.01257302992672678 74 0.6658812639194122 -0.12579063088845457 0.7353766786768334
1316  231 2017 96.465585 18.233226 0.19041540093355244 0.014142758917504395 143 0.6649030679852695 -0.12565223866496847 0.7362848803977017
1317  230 2016 96.453163 18.221647 0.12197273591112706 0.010909252393192306 124 0.6656480646359421 -0.12576401703810777 0.7355923232775496
1318  231 2016 96.465468 18.222526 0.16832642026443398 0.014944518068785434 113 0.6647568795650369 -0.125639167457983 0.7364190998822747
1319  233 2017 96.482428 18.227956 0.16738833424560032 0.011013131778191463 644 0.6635870364832691 -0.1254695177263136 0.7375023017814105
1320  236 2019 96.505623 18.251162 0.13636098595256088 0.011824799691426214 652 0.6622141220279951 -0.12525855792584578 0.7387711081607273
1321  238 2019 96.529139 18.251170 0.10740766464661386 0.010228000689128868 654 0.6604721067640629 -0.12501237211429114 0.7403705173796418
1322  236 2017 96.505788 18.228395 0.13657074339360945 0.014272515811491283 661 0.6618692851150536 -0.12522637108241982 0.7390855196841675
1323  238 2017 96.529666 18.228950 0.10341624569113857 0.007702987322788983 658 0.6601057367882605 -0.12497642402853958 0.7407032534667757
1324  227 2053 96.418876 18.554307 0.15468439075142837 0.011835207187882273 2580 0.6728799281314812 -0.12651133290000746 0.7288535415058612
1325  226 2049 96.407378 18.520919 0.1543356925485626 0.009237550129761147 630 0.6732301454690524 -0.12658519206898222 0.7285172340999061
1326  228 2049 96.430925 18.521176 0.12839875837228903 0.0057451479031340605 643 0.6715500899604898 -0.12635479773120067 0.7301061167832833
1327  226 2047 96.410584 18.499715 0.13636884151233566 0.011632604412185554 360 0.6727020324593013 -0.1265289399010215 0.7290146794767913
1328  228 2047 96.425346 18.504070 0.11798762157559395 0.014344193913823322 146 0.6717077307321853 -0.12638919452006792 0.7299551328562506
1329  229 2047 96.436482 18.504376 0.12101793242907673 0.008405878367371354 161 0.6709138000372983 -0.12627977722390313 0.7307038324682534
1330  228 2046 96.424937 18.491784 0.0982765591781558 0.0050773740829743235 131 0.6715629036774432 -0.12637850314089663 0.7300902275391635
1331  229 2046 96.437122 18.492503 0.09315067515620645 0.0078016000152987056 159 0.6706994888208249 -0.12626052675453836 0.7309038754030182
1332  232 2053 96.465794 18.555238 0.12105637306426133 0.012103268066327772 2629 0.6695274090617431 -0.1260501250606254 0.7320139441890913
1333  237 2053 96.513050 18.555920 0.09629121132488949 0.00833146857433326 2636 0.6661119879192313 -0.12557743004286248 0.7352041407759615
1334  232 2048 96.466577 18.510219 0.09757468858913565 0.011603201683096741 2590 0.6688274477788231 -0.1259881853670834 0.7326641947342419
1335  237 2048 96.513761 18.510672 0.07713297236237172 0.006537813940866923 2635 0.6654055814073538 -0.1255128999636859 0.735854553682076
1336  227 2044 96.416305 18.474649 0.126210994111455 0.009663750774010996 115 0.6719381936770031 -0.126445113738294 0.7297333054546682
1337  228 2045 96.425486 18.481084 0.11658469832832029 0.009107438378391593 161 0.6713723657831548 -0.12636062158914452 0.7302685394937499
1338  229 2045 96.437613 18.481709 0.07434692055343868 0.013009958270113703 167 0.6705132545315758 -0.12624311167452387 0.7310777333855873
1339  228 2044 96.425874 18.470065 0.10957084817900545 0.008441953986677938 168 0.6711873391283679 -0.1263458635117019 0.7304411533910611
1340  229 2044 96.434859 18.472767 0.09374418969337757 0.008624087400556313 39 0.670582963605721 -0.12625710499889436 0.7310113763540663
1341  229 2044 96.440556 18.472917 0.06490841188601085 0.00857187645920976 42 0.6701729232226161 -0.12620138584142138 0.7313969258829013
1342  229 2043 96.434722 18.467083 0.09417732538921493 0.00968410316428662 42 0.6705101857878973 -0.1262518042541812 0.7310790468049562
1343  229 2043 96.440443 18.467276 0.06956587951534833 0.005453921947909553 39 0.6700997803495636 -0.12619738227238778 0.7314646300970834
1344  228 2042 96.426287 18.458364 0.1214928046144821 0.01060756388037742 108 0.6709917456505153 -0.12632744148340108 0.7306240173968633
1345  229 2042 96.437849 18.458917 0.09221327833590968 0.014595634452636291 155 0.6701674448989298 -0.1262117763168235 0.7314001526637742
1346  228 2041 96.426264 18.448449 0.1265116325364663 0.006895966740537921 130 0.6708513861412867 -0.12631418184108964 0.7307551882663103
1347  229 2041 96.437598 18.447545 0.09825401784605291 0.011812915000186282 166 0.6700233663750298 -0.1262016610591749 0.7315338879760648
1348  228 2040 96.428741 18.438025 0.11204024242318195 0.011937670722373483 23 0.6705264553250815 -0.1262723432466317 0.731060577544834
1349  229 2040 96.438153 18.437314 0.07840174468500273 0.010312502766100637 105 0.6698374012326331 -0.1261834340014086 0.7317073164138274
1350  228 2039 96.428592 18.425864 0.10944113571469377 0.008119399448427326 41 0.6703611947529823 -0.12626499893107074 0.731213387879551
1351  229 2039 96.438188 18.425029 0.07125360516502577 0.011719728270361057 170 0.6696582741961175 -0.12616628685916173 0.7318742131410625
1352  228 2037 96.427445 18.412365 0.123757480772642 0.00587946920819723 65 0.670251965084341 -0.12625944060774985 0.731314472000929
1353  229 2038 96.435611 18.416291 0.09490925782337421 0.012035385410551581 41 0.6697189739250407 -0.12618346730647353 0.7318157066798353
1354  229 2038 96.441542 18.416726 0.06297718871917043 0.00969559497253812 35 0.6692979728510348 -0.12612388487039505 0.7322110277800349
1355  229 2037 96.435678 18.410790 0.10462027556937316 0.01381431890116428 29 0.6696358060479503 -0.1261746868687729 0.7318933225901701
1356  229 2037 96.439745 18.412639 0.07862254045903683 0.010364418880961757 6 0.6693678213342956 -0.12613949513833453 0.7321444854182979
1357  229 2037 96.443351 18.412708 0.04697021655738354 0.004094814081610322 8 0.669108161399998 -0.12610335900943795 0.7323880195596123
1358  229 2037 96.439421 18.410139 0.08719065288702647 0.0006663321683373227 3 0.6693546388493481 -0.12614666073881928 0.7321553028117082
1359  229 2037 96.442986 18.410000 0.0436239130795002 0.0003820061683654785 2 0.6691003816908938 -0.12608147546636517 0.732398894568612
1360  228 2036 96.425655 18.401712 0.13641723812274312 0.011947767846046184 92 0.6702280219508666 -0.1262639560196187 0.7313356356708625
1361  229 2036 96.435892 18.405509 0.10785324926729556 0.006277394501099313 27 0.6695439829694187 -0.12616874443517723 0.731978348584914
1362  229 2037 96.440285 18.406343 0.08310470398929384 0.012606685033841662 9 0.6692410800971563 -0.1261165457200146 0.7322642921828451
1363  229 2037 96.443074 18.406553 0.04366819492795251 0.0027891896916138917 11 0.6690396147812625 -0.1261024509673705 0.7324507940560663
1364  229 2036 96.440069 18.403750 0.08389409300353792 0.012974633761980402 9 0.6692170174127408 -0.12612587295825028 0.7322846767314708
1365  229 2036 96.442743 18.404375 0.05565704870969057 0.009658977501169747 4 0.6690343273957955 -0.12609121752018934 0.7324575575624378
1366  229 2036 96.436638 18.400907 0.09584598155582652 0.0063221295882054775 17 0.6694241672364026 -0.12615399989750126 0.7320904675173077
1367  229 2036 96.440335 18.399508 0.08309401537884366 0.006765579610763162 22 0.6691367717384518 -0.1261203557965427 0.7323589533563418
1368  232 2043 96.467317 18.465393 0.06241440269766716 0.010562584535775407 2545 0.6681310216811339 -0.12592552994113498 0.733310097282431
1369  237 2043 96.513548 18.466057 0.058522845071578074 0.006432161357401022 2495 0.6647733989263567 -0.1254578227726662 0.7364351042590523
1370  232 2038 96.465595 18.418263 0.028217146873997734 0.007987868134511569 2049 0.6675767510576567 -0.12588427378033606 0.7338217978924454
1371  237 2038 96.514902 18.421317 0.041117255862387854 0.0056223836293225445 1681 0.6640214180888854 -0.12538585136744082 0.7371254605534174
1372  221 2075 96.360182 18.748032 0.23966515532829477 0.013926199404427575 318 0.6797267869428848 -0.12728460953919288 0.7223365720263355
1373  222 2075 96.370653 18.754521 0.22746860682964326 0.011351960790127857 40 0.679082477590725 -0.1271930052846923 0.7229584552627424
1374  223 2075 96.376999 18.754495 0.21998789969910967 0.008465167093751823 47 0.6786372454486714 -0.12713151139744844 0.7233872185072391
1375  222 2075 96.371223 18.748983 0.24870578286259673 0.010234115380165602 43 0.6789666972372027 -0.1271803438695111 0.7230694186425239
1376  223 2075 96.377361 18.748750 0.2272081052263578 0.01155816012173992 42 0.6785307498346318 -0.12712907977127533 0.7234875386662585
1377  224 2075 96.383693 18.751464 0.2070258916952671 0.007357678721100121 78 0.6781249935920438 -0.12706909487179294 0.723878400143459
1378  222 2074 96.371771 18.742616 0.27164584481053883 0.00984033299650193 36 0.6788411747141269 -0.1271683678105382 0.7231893705946929
1379  223 2074 96.377361 18.742917 0.241604293740931 0.009511724641612769 42 0.6784519539280501 -0.12711645290755325 0.7235636486249243
1380  222 2073 96.371278 18.737151 0.28036125286205393 0.007666481330318073 37 0.678800080976049 -0.12716942696876013 0.7232277559049751
1381  223 2073 96.377739 18.737639 0.24961184130774605 0.010632962010735027 27 0.6783517384154866 -0.12711227170974962 0.7236583374559253
1382  224 2074 96.383625 18.740440 0.22118634304830007 0.008575020070618389 70 0.6779770427609337 -0.12705661770241453 0.7240191609254285
1383  221 2073 96.360833 18.730917 0.24062556475400926 0.0016855026452544275 10 0.6794491644890271 -0.127262214114859 0.7226016618675511
1384  222 2073 96.366181 18.731458 0.26697141987582046 0.010856671854186843 24 0.6790778006956586 -0.12721359478945365 0.7229592256158657
1385  221 2072 96.360563 18.725231 0.22839033603668213 0.0011244973840985927 9 0.6793929311117678 -0.1272542310014297 0.7226559387755667
1386  222 2072 96.366397 18.726435 0.26655505652780886 0.005716558815837822 27 0.6789950678376732 -0.12720565156947036 0.7230383254440251
1387  222 2071 96.364907 18.716884 0.2558628580939602 0.014739764893197536 71 0.6789676256338684 -0.1272077802321138 0.7230637205596235
1388  223 2072 96.374645 18.729042 0.27229098714888095 0.008444872679313459 160 0.6784506509319032 -0.12712847579977793 0.7235627580873012
1389  224 2072 96.384907 18.729008 0.24395713907858682 0.008718231605840104 126 0.6777290671253936 -0.12703189364767276 0.7242556244653058
1390  223 2071 96.374403 18.717520 0.27591487657592956 0.0065017692657486975 166 0.6783082511183465 -0.12711860988037363 0.7236979863775025
1391  224 2071 96.385173 18.718662 0.26245536393763724 0.012123079996741237 114 0.6775670899157821 -0.12701834007201981 0.7244095388303546
1392  226 2074 96.404588 18.747383 0.2399503569875922 0.010252288978969765 214 0.6765990904498611 -0.1268639529203193 0.7253407531993854
1393  228 2075 96.421759 18.752020 0.21502834434310594 0.008213281801643081 132 0.6754513312550077 -0.1267054119996201 0.7264373597742922
1394  229 2075 96.432420 18.751912 0.1953203018535586 0.007456473740345233 136 0.6746952214243659 -0.1266064754918969 0.727156900916608
1395  228 2074 96.422438 18.740381 0.2339657091713966 0.010563386516874737 141 0.675240279693613 -0.12668611887071107 0.7266369051766964
1396  229 2074 96.433447 18.741063 0.20682959990067915 0.0079840434583126 165 0.6744701788580143 -0.1265832226368225 0.7273696897576327
1397  226 2072 96.406714 18.725180 0.26587608813525676 0.012759518765647366 334 0.6761397077906172 -0.12681983904737335 0.7257767039336667
1398  228 2072 96.421811 18.729699 0.24811833984446977 0.010990263559559838 159 0.6751350984044957 -0.1266814460242287 0.7267354471439812
1399  229 2072 96.434095 18.730073 0.21079266389817683 0.009413489288114618 131 0.6742702008985347 -0.12656324447262118 0.7275585483854982
1400  228 2071 96.422007 18.719868 0.2482215500714486 0.010963353281347413 114 0.6749833120264007 -0.12666895993183122 0.7268786027086357
1401  229 2071 96.434010 18.718441 0.21777802827598164 0.007586612840398794 159 0.6741123825472491 -0.12655112956866538 0.7277068828184643
1402  223 2070 96.374065 18.706380 0.2776257092252784 0.013072604378556129 109 0.6781779445875151 -0.12711016164153155 0.7238215818021159
1403  224 2070 96.386403 18.706905 0.3093535861798695 0.01320951117594968 70 0.6773176523524544 -0.12699534426666106 0.7246467969613554
1404  222 2069 96.371910 18.697500 0.26926113611885477 0.010236629373561696 28 0.6782076862313097 -0.12712191776880558 0.7237916498271822
1405  223 2069 96.375903 18.699583 0.2944553958045112 0.012818445483807507 9 0.6779540682988598 -0.12708343678692763 0.7240359669045786
1406  223 2069 96.378819 18.699583 0.3193087875843048 0.01134777694562512 9 0.6777488624391804 -0.12705666182415445 0.7242327555064735
1407  223 2069 96.375903 18.696667 0.2925668954849243 0.013996863166846034 12 0.6779133288579512 -0.12708691771792616 0.724073500344881
1408  223 2069 96.378819 18.696667 0.33388976256052655 0.012937669705975551 12 0.6777075932429334 -0.1270544887103998 0.7242717549093085
1409  222 2068 96.373158 18.691936 0.2777237944743213 0.006510836783268143 17 0.6780419857961538 -0.12710623322474426 0.7239496328979146
1410  223 2069 96.375579 18.694306 0.29353495438893634 0.015440966778260134 3 0.6779097512126253 -0.1270626782342124 0.724081103890155
1411  223 2069 96.376875 18.694167 0.3133096396923065 0.008421987295150757 2 0.6778098571454632 -0.1270839782098101 0.7241708776516876
1412  223 2068 96.375417 18.692917 0.29518695175647736 0.013688907027244568 2 0.6778961077486342 -0.12708401596098082 0.7240901325018049
1413  223 2068 96.376875 18.692917 0.3364669680595398 0.0 1 0.6777889227367498 -0.12708698763495024 0.7241899431704572
1414  223 2068 96.379306 18.693750 0.33654043078422546 0.0015898444182586105 12 0.6776337903869404 -0.12704315624216445 0.7243427935569298
1415  223 2068 96.375417 18.691667 0.29785188287496567 0.011493023322973502 4 0.6778743512040782 -0.12710347113351514 0.7241070857307376
1416  223 2068 96.377199 18.691528 0.3348868489265442 0.0007320411444264386 3 0.6777504324251045 -0.12706534637601472 0.724229762642994
1417  223 2068 96.375417 18.690000 0.30353497713804245 0.0072273141699513085 4 0.6778586570665961 -0.12705998429095333 0.7241294093129029
1418  223 2068 96.377361 18.690000 0.3259001597762108 0.0017876157584369422 4 0.6777169658521793 -0.1270702481974397 0.724260219961829
1419  223 2068 96.379642 18.690929 0.32918046987973726 0.0034583014751581116 13 0.6775706179975864 -0.1270416172429239 0.7244021570334197
1420  224 2069 96.386692 18.695371 0.3287365443822814 0.006242556809719703 164 0.6771360804118163 -0.12697800768990675 0.724819504544148
1421  223 2067 96.376910 18.683943 0.30541543529501985 0.013863780012687845 112 0.6776692323085292 -0.1270585294023546 0.7243069388653403
1422  224 2067 96.387163 18.684068 0.324222818107316 0.004229656505287035 165 0.676946745156488 -0.12696144552123476 0.7249992383259415
1423  223 2066 96.378632 18.673370 0.29327466508798433 0.009502880146194635 57 0.6774031270586164 -0.1270337375684904 0.7245601651833945
1424  224 2066 96.384167 18.675417 0.322332548953238 0.007099167423556348 42 0.6770384841811806 -0.12697824419636458 0.7249106265178196
1425  224 2067 96.388542 18.677083 0.3239625593026479 0.002824930166856838 9 0.6767537073923665 -0.12694012020062945 0.7251831668027995
1426  224 2067 96.391458 18.677083 0.3122069305843777 0.0032562765401814423 9 0.6765478389542203 -0.1269093433936304 0.7253806174456083
1427  224 2066 96.387569 18.675000 0.3277154713869095 0.0005860477685928345 2 0.676795055682967 -0.12693750303810783 0.7251450357863176
1428  224 2066 96.389028 18.675000 0.33553777635097504 0.01375889445493028 4 0.6766920139175451 -0.12693275138484775 0.7252420250689348
1429  224 2066 96.387569 18.673333 0.3323155492544174 0.005909368395805359 2 0.6767650261464517 -0.12696900805701225 0.725167546418075
1430  224 2066 96.389028 18.673333 0.36952053010463715 0.01018587725477971 4 0.676665963573019 -0.12693069534591694 0.7252666904806809
1431  224 2066 96.390486 18.675000 0.3303578794002533 0.01375541090965271 2 0.6765866809325606 -0.1269275273039891 0.7253412066035932
1432  224 2066 96.391944 18.675000 0.31158631294965744 0.0027491708396840423 4 0.6764857118198431 -0.12689699315861958 0.7254407176543799
1433  224 2066 96.390810 18.673194 0.3704620798428853 0.0021206889536793476 3 0.6765354739627207 -0.12692836177664304 0.7253888222510287
1434  224 2066 96.392106 18.673472 0.3637205461661021 0.003089268718767353 3 0.6764515587639576 -0.1269046468356971 0.725471225657723
1435  223 2066 96.382847 18.671369 0.3217794639723642 0.012637072435254882 7 0.6770748067569676 -0.1269907046098439 0.7248745181048305
1436  224 2066 96.385625 18.671250 0.3313685490025414 0.007798260293570154 9 0.6768768468246048 -0.12696265873652882 0.7250642850943165
1437  223 2066 96.383032 18.668380 0.3253350721465217 0.010412429554887671 9 0.6770225234997458 -0.12698143888845012 0.724924973257133
1438  224 2066 96.384653 18.669167 0.33403344452381134 0.00014893710613250732 2 0.6769185319449671 -0.12696750937024348 0.725024518670774
1439  224 2066 96.386111 18.669167 0.3546540215611458 0.018835865812319465 4 0.6768123280644656 -0.12696226447741588 0.7251245796266494
1440  224 2066 96.384977 18.667361 0.34375638763109845 0.007934513695435052 3 0.6768701024072267 -0.1269633536724515 0.7250704595358126
1441  224 2066 96.386273 18.667639 0.3599277933438619 0.013963974120602666 3 0.6767831652690358 -0.12695064163434666 0.7251538331947592
1442  224 2066 96.389888 18.669776 0.3656759216235234 0.007557074921974914 39 0.6765553345105324 -0.12691964075545478 0.7253718247463489
1443  225 2070 96.395310 18.709327 0.31028386606619907 0.010589684579429503 26 0.6767241258462431 -0.12690973982322026 0.7252160887870874
1444  225 2070 96.401245 18.709139 0.28827602763970694 0.011177359429624504 30 0.676302311674495 -0.12685615429649544 0.7256188388822591
1445  225 2070 96.396211 18.703588 0.32587294114960563 0.008622204145577015 36 0.6765798460277854 -0.12689853579386978 0.7253526546186966
1446  225 2070 96.401667 18.703750 0.28992741235664915 0.01201709717446472 42 0.6761971454113097 -0.12684613789446952 0.7257185941112803
1447  226 2070 96.409683 18.705911 0.27115948738183004 0.013722445753776805 118 0.675662026564951 -0.1267699788398627 0.7262301276613937
1448  225 2069 96.395774 18.697978 0.33073986448892734 0.008983038749597012 41 0.676531851642908 -0.12689717465973704 0.7253976569964882
1449  225 2069 96.401667 18.698333 0.2964264618025886 0.009752146127024275 36 0.6761218187881999 -0.1268382800941193 0.7257901465722048
1450  225 2068 96.395899 18.692579 0.32305439581742157 0.007546763713050813 37 0.6764487908297165 -0.1268874332226532 0.7254768174622682
1451  225 2068 96.401667 18.692917 0.3020953372830436 0.008667347916668783 42 0.676045407243774 -0.12683398079169916 0.7258620727528962
1452  226 2069 96.410544 18.695589 0.27393372524529697 0.012725335333928082 160 0.6754566780369494 -0.12675169933362895 0.7264243132022262
1453  228 2069 96.429851 18.700028 0.23007671528100415 0.010548843344698815 431 0.6741488368358826 -0.12657056244751194 0.7276697317564796
1454  225 2067 96.398738 18.684197 0.30761939592390175 0.009636244988194606 166 0.6761315394046048 -0.1268529604262154 0.7257785253460345
1455  226 2067 96.410265 18.684113 0.28391159366976265 0.014638787297389358 163 0.6753146353017632 -0.12674082088557756 0.7265582617164961
1456  225 2067 96.394375 18.677083 0.30315980315208435 0.006878683413547905 9 0.676340643469947 -0.12688601835812974 0.7255778885384246
1457  225 2067 96.397292 18.677083 0.3142923480934567 0.002991027192326902 9 0.6761363005723107 -0.1268516822602113 0.7257743132380371
1458  225 2066 96.393889 18.675000 0.30138571560382843 0.002506888303787626 4 0.676347367429513 -0.1268817731221911 0.7255723631868404
1459  225 2066 96.395347 18.675000 0.32065683603286743 0.0004538297653198242 2 0.6762450408392691 -0.12686000711547613 0.7256715395652199
1460  225 2066 96.393889 18.673333 0.3460480645298958 0.01158444808422742 4 0.6763230735321075 -0.1268885205450492 0.7255938282275919
1461  225 2066 96.395347 18.673333 0.33523909747600555 0.013311192393302917 2 0.6762195986287214 -0.1268750180020656 0.7256926237997646
1462  225 2066 96.397292 18.674167 0.3330344657103221 0.00787001872602726 12 0.676094240366526 -0.12685223290510772 0.7258133982989006
1463  225 2066 96.401607 18.675478 0.31964190049869257 0.013923485390799708 41 0.6758072300599025 -0.12681315796445303 0.7260874677102234
1464  225 2066 96.395833 18.670000 0.34282275868786705 0.007597671526139633 36 0.6761380728286389 -0.1268646538281852 0.7257703948774907
1465  225 2066 96.400208 18.671250 0.322702729039722 0.005055517656941253 9 0.6758449699456621 -0.12683121618166718 0.7260491851114678
1466  226 2066 96.403222 18.671417 0.3435881227254868 0.013621505800209896 10 0.675635277012788 -0.12679769634496246 0.7262501749793
1467  225 2066 96.399722 18.669167 0.3240438625216484 0.003076972517956287 4 0.6758511342979533 -0.1268215278055417 0.7260451393358668
1468  225 2066 96.401181 18.669167 0.31421537697315216 7.852911949157715e-06 2 0.6757510354444582 -0.12679151353554893 0.726143546546485
1469  225 2066 96.399722 18.667917 0.3615412265062332 0.009214326739311218 2 0.675831418038455 -0.12684198482405418 0.7260599185177665
1470  225 2066 96.401181 18.667917 0.3417796492576599 0.0 1 0.675730824085228 -0.12681196247266166 0.7261587839824917
1471  226 2066 96.403125 18.668750 0.35087650020917255 0.0067198639017527605 9 0.675602812493735 -0.1268066679140446 0.7262788092207375
1472  226 2067 96.406042 18.677083 0.3175598449177212 0.01391907259905724 9 0.6755149720811293 -0.12677421633002137 0.7263661752643361
1473  226 2067 96.408958 18.677083 0.2941201627254486 0.007358025089445801 9 0.675309739206756 -0.12673934581850607 0.7265630697702714
1474  226 2066 96.406042 18.674583 0.3371949427657657 0.004444673293030964 9 0.675478921474705 -0.126772318752385 0.7264000315539043
1475  226 2066 96.408958 18.674583 0.3220671812693278 0.003938227735368369 9 0.6752721100882918 -0.12674911375843328 0.7265963387592574
1476  227 2067 96.411875 18.677083 0.2784179415967729 0.003598612433656974 9 0.6751013112863777 -0.12671954891000536 0.726760191138355
1477  227 2067 96.414792 18.677083 0.26542407605383134 0.0032879632147432606 9 0.6748954076253794 -0.1266889033548542 0.7269567459848746
1478  227 2066 96.411875 18.674583 0.3044796685377757 0.008256407252466078 9 0.6750702556026053 -0.12670365360349442 0.7267918093678263
1479  227 2066 96.414792 18.674583 0.2845349113146464 0.013924666139705279 9 0.6748611299741614 -0.12669142854662976 0.7269881272639961
1480  226 2066 96.407500 18.670417 0.3297363143591654 0.0081533156492524 42 0.6753189686519275 -0.1267508121983983 0.7265524910052565
1481  227 2066 96.413333 18.670417 0.30097830295562744 0.007987574328866234 42 0.6749054900073794 -0.1266949547907892 0.7269463308858907
1482  227 2067 96.420722 18.684427 0.24182163830846548 0.008288536067607157 80 0.6745764722721683 -0.12664121935633912 0.7272610154660953
1483  229 2067 96.433675 18.685231 0.23051283898261876 0.009621591563887064 130 0.6736685838431891 -0.1265172923700965 0.7281236254057765
1484  228 2066 96.422126 18.672710 0.25884544839394974 0.012927832001809216 149 0.6743133074296582 -0.12661475885928306 0.7275096331061746
1485  229 2066 96.434776 18.673099 0.23078478074842884 0.007239050569056935 155 0.673419226135831 -0.12649249188797126 0.728358562362378
1486  231 2074 96.451524 18.747770 0.17403802260904028 0.00803238806591901 505 0.6732824990067856 -0.12641541675972576 0.7284983314576928
1487  233 2074 96.474639 18.747037 0.15013186100258072 0.007285447446223694 651 0.6716227560535131 -0.1261900676703215 0.7300677642331861
1488  231 2072 96.451466 18.724830 0.18286071415820154 0.010042923012634297 612 0.672962291019538 -0.12639012852363743 0.7287985251614558
1489  233 2072 96.475069 18.724583 0.15129529436429343 0.010025538730626355 675 0.6712729564404639 -0.12616043231055954 0.730394525767336
1490  237 2073 96.510383 18.736424 0.11694379589120137 0.010419393517001902 2613 0.6689054704034706 -0.12582659171984023 0.732620734405245
1491  231 2069 96.452377 18.702069 0.19050443417571655 0.012144331309273093 614 0.672574973609566 -0.12635519583299895 0.7291620323083862
1492  233 2069 96.475562 18.702077 0.15564307994230822 0.009445540230720023 647 0.6709175875759705 -0.12612869385828154 0.7307264489991065
1493  231 2067 96.452513 18.679527 0.19390896415211142 0.01224521818585752 573 0.6722468096834207 -0.1263279826961232 0.7294693054943374
1494  233 2067 96.475889 18.679715 0.15653397142887115 0.010083001998851402 638 0.6705753351191924 -0.12609905596653237 0.7310456538507921
1495  237 2068 96.511070 18.691389 0.12287566312169902 0.009431005536433865 2646 0.6682082860014075 -0.1257652740601174 0.7332671971114245
1496  223 2065 96.378671 18.660507 0.28609679639339447 0.006809997284350115 46 0.6772256516056615 -0.12701911780804412 0.7247286116323498
1497  223 2065 96.381736 18.666250 0.3048258125782013 0.0 1 0.677081945168633 -0.12699598495069367 0.7248669252580526
1498  223 2065 96.383194 18.666250 0.3317734897136688 0.014804601669311523 2 0.6769759285770339 -0.1269989931578413 0.7249654114950292
1499  223 2065 96.382222 18.665000 0.318313792347908 0.010984882712364197 2 0.6770354709605585 -0.12697248908674846 0.7249144487981533
1500  223 2065 96.383356 18.665139 0.3350354830423991 0.014376989745425868 3 0.6769549101911657 -0.12697298918036987 0.7249895927436975
1501  224 2065 96.385625 18.665417 0.35643477241198224 0.006541561761259721 9 0.6767974458581634 -0.12695099964349665 0.7251404422381801
1502  224 2065 96.383681 18.662917 0.3413836658000946 0.001582875509018711 3 0.6769000499369806 -0.12696401046715494 0.7250423866515731
1503  224 2065 96.385625 18.662917 0.35029880205790204 0.005493828709745005 9 0.6767603524250336 -0.12695320303520824 0.7251746752504845
1504  224 2065 96.390112 18.664391 0.3593254242187891 0.004260322455358598 39 0.6764635879893953 -0.1269152815542601 0.7254581486429915
1505  224 2065 96.384880 18.658694 0.32886271774768827 0.012128328176913904 30 0.6767557796135267 -0.126958702685115 0.7251779799278244
1506  224 2065 96.388056 18.660833 0.3560982272028923 0.005988345054445883 4 0.6765613769499915 -0.1269227753535207 0.7253656404297706
1507  224 2065 96.389514 18.660833 0.3617859333753586 0.005719169974327087 2 0.676458464459083 -0.1269094862733455 0.7254639399415349
1508  224 2065 96.388056 18.659167 0.36264365911483765 0.014575475102323451 4 0.6765346682262184 -0.12694627898643798 0.7253864383482351
1509  224 2065 96.389514 18.659167 0.4056839048862457 0.0006271600723266602 2 0.6764360773117389 -0.12690801002041238 0.7254850724196648
1510  224 2065 96.391458 18.660000 0.3973855823278427 0.011758938474207782 12 0.6763105493264212 -0.1268906590451224 0.7256051278187666
1511  224 2064 96.388056 18.657917 0.3724530190229416 0.028599753975868225 2 0.6765243330269244 -0.12690796922490738 0.7254027806465075
1512  224 2064 96.389514 18.657917 0.4026661217212677 0.0 1 0.6764130631836885 -0.12694501579451695 0.7255000557680126
1513  224 2064 96.388056 18.656667 0.3759470358490944 0.021352779852714037 4 0.6765033955594507 -0.12692747646139887 0.7254188938231995
1514  224 2064 96.389514 18.656667 0.39858314394950867 0.0008198022842407227 2 0.6764005837800957 -0.12691402097561408 0.7255171131970267
1515  224 2064 96.391458 18.657083 0.3995001945230696 0.0020407210908489674 9 0.6762684076867712 -0.126895014638835 0.7256436425854009
1516  222 2064 96.373737 18.652614 0.2566841969435865 0.005968663989999681 22 0.67746074824936 -0.1270557737026238 0.7245024257725057
1517  223 2064 96.378387 18.652940 0.2798139635059569 0.014167072881220022 36 0.6771420012258297 -0.1270114619724702 0.7248081116430019
1518  222 2063 96.373058 18.646775 0.2409490959511863 0.010022501492876304 27 0.6774346510012982 -0.12705888526284473 0.7245262819929394
1519  223 2063 96.378194 18.647411 0.2811231261917523 0.009752219647606605 28 0.6770831802962579 -0.12701154318689006 0.7248630455866749
1520  224 2064 96.383993 18.652768 0.32081099493162973 0.012994652842644618 28 0.6767393659499815 -0.12695890113867217 0.7251932625137095
1521  224 2064 96.390059 18.652978 0.3853028176761255 0.011486321255327288 41 0.6763110469492313 -0.12690202443810936 0.7256026763787082
1522  223 2063 96.383327 18.646439 0.3165366893464869 0.01181954406450638 22 0.6767001391906062 -0.12696332104572394 0.7252290925827883
1523  224 2063 96.390778 18.647250 0.37355821033318837 0.005810552598772329 30 0.676180133975445 -0.12688853251841764 0.7257270332103333
1524  222 2063 96.371204 18.643056 0.21751592556635538 0.005048860085783638 6 0.6775137485983795 -0.1270736487267162 0.7244497279034972
1525  222 2063 96.373958 18.643194 0.23859884838263193 0.010349051109424459 6 0.6773201874089593 -0.12704617315127684 0.7246355177714574
1526  222 2063 96.372014 18.639861 0.22559310992558798 0.0009407729648313607 3 0.6774110110738839 -0.12705533415405007 0.7245490074100309
1527  222 2063 96.374056 18.640083 0.24544094800949096 0.014257172088272613 10 0.6772670341276538 -0.12703740546274364 0.7246867337665467
1528  223 2063 96.376875 18.643125 0.27622270584106445 0.006760136471675457 4 0.6771150166512823 -0.12702175667206195 0.72483151666941
1529  223 2063 96.379792 18.642917 0.29027559691005284 0.010435812583809805 9 0.6769072246228962 -0.12698377769216854 0.7250322264950392
1530  223 2063 96.376787 18.640038 0.2578766644001007 0.008364046100930502 11 0.6770732374366311 -0.12701044956999713 0.7248725245497354
1531  223 2063 96.379792 18.640114 0.27902532436630945 0.008746428883380173 11 0.6768586615616692 -0.1269847323617732 0.7250773958798844
1532  222 2062 96.374444 18.635104 0.23217260092496872 0.007300600747603681 8 0.6771673383701671 -0.12702849129587024 0.7247814555048706
1533  223 2062 96.376875 18.637083 0.24249375694327885 0.009571960702859787 9 0.6770210644284963 -0.1270158837741027 0.7249203015429971
1534  223 2062 96.379403 18.636750 0.2724123239517212 0.0033834041620462115 5 0.6768447498820259 -0.12697699032857912 0.7250917379781913
1535  223 2062 96.376389 18.635000 0.23611364141106606 0.002019197894817494 4 0.6770250532409353 -0.1270160094585618 0.7249165542497504
1536  223 2062 96.377847 18.635000 0.26845498383045197 0.0007507055997848511 2 0.6769274491428979 -0.126985993572978 0.7250129557691868
1537  223 2062 96.376389 18.633750 0.23253100365400314 0.0004922077059745789 2 0.6770036338556895 -0.12703552320227765 0.7249331387037808
1538  223 2062 96.377847 18.633750 0.2646467983722687 0.0 1 0.6769108177142036 -0.12698997184514785 0.7250277869931997
1539  223 2062 96.379792 18.634583 0.27322666512595284 0.006443284991176419 9 0.676790570898363 -0.12698177913170752 0.7251414695848073
1540  223 2063 96.382708 18.642917 0.30448078446918064 0.010370615770748798 9 0.6766951012490492 -0.12696344395082546 0.7252337718595877
1541  224 2063 96.385431 18.642417 0.3339219748973846 0.0030403186910870138 5 0.6764901116895098 -0.1269398219194157 0.7254291215531548
1542  223 2063 96.382222 18.640833 0.29651980847120285 0.01318961930045652 4 0.6766995620337345 -0.12695076189951043 0.7252318296906761
1543  223 2063 96.383681 18.640833 0.31943461298942566 0.00919485092163086 2 0.6765933640463063 -0.12694546779007237 0.7253318329813342
1544  223 2062 96.382222 18.639583 0.29247261583805084 0.013559356331825256 2 0.6766818383688582 -0.1269624627772831 0.7252463186168334
1545  223 2062 96.383681 18.639583 0.32438021898269653 0.0 1 0.6765813091309234 -0.12696705127780372 0.7253392999310775
1546  224 2063 96.384896 18.640625 0.33014125376939774 0.0032244001114765195 4 0.6765056978618369 -0.12693498992389438 0.7254154320756416
1547  224 2063 96.391051 18.641653 0.3532163856490966 0.00877031029060057 31 0.6760828908292411 -0.12688149278096494 0.7258188558570591
1548  224 2062 96.384418 18.636365 0.3157353596440677 0.01172104430613016 29 0.6764896916856387 -0.1269374098065001 0.7254299353036695
1549  224 2062 96.390984 18.636169 0.3346879678528483 0.009699968309453562 41 0.6760113535994882 -0.12687333847646312 0.7258869097789439
1550  222 2061 96.374444 18.630417 0.21663338052374975 0.013135547802216518 14 0.6771017382532334 -0.12702813235823837 0.7248428034022466
1551  223 2062 96.376875 18.631667 0.23826173320412636 0.012067031053650002 12 0.6769504593632513 -0.12700367589278436 0.7249883736154696
1552  223 2062 96.380035 18.631458 0.26085226237773895 0.01081642421845514 12 0.6767284209984397 -0.12697584839067377 0.7252005089204138
1553  223 2061 96.376983 18.628750 0.22301007310549417 0.014082123242551923 9 0.6769034967670181 -0.12699756720866331 0.7250332916409181
1554  223 2061 96.380224 18.628935 0.251878806286388 0.010605802215805699 9 0.6766780260736119 -0.12696611383086637 0.7252492364475868
1555  223 2061 96.375708 18.624750 0.20309242904186248 0.003448681207886331 5 0.6769410617266074 -0.12700997602513114 0.7249960447744176
1556  223 2061 96.377653 18.626083 0.21654628962278366 0.012936674583402318 10 0.6768200955486344 -0.12699389870513658 0.7251117899697995
1557  223 2061 96.380764 18.626250 0.24420027434825897 0.004220965629283259 9 0.6766046171196828 -0.1269705447872469 0.7253169464784048
1558  223 2061 96.377847 18.623083 0.21078985333442687 0.010507970587106659 10 0.6767660609979134 -0.12698051207782976 0.7251645663115516
1559  223 2061 96.380764 18.623333 0.23734806974728903 0.010993813968774604 12 0.6765626986667291 -0.1269579055277459 0.7253582597563776
1560  224 2061 96.384710 18.629191 0.2906983336981605 0.009224447457312348 17 0.6763679262277761 -0.12692034934162383 0.7255464515062682
1561  224 2061 96.391270 18.630793 0.31488604026456035 0.007606995614914349 31 0.675916489513309 -0.1268647161359601 0.7259767510077352
1562  224 2061 96.384910 18.624338 0.27014010618714723 0.008815700796374552 34 0.6762843967345352 -0.12692087887856263 0.7256242176485699
1563  224 2061 96.391744 18.624338 0.28368207286385927 0.013639091136779252 17 0.6757937654897773 -0.12685154066889354 0.7260932950765183
1564  225 2065 96.394375 18.665833 0.3513035749395688 0.014284130658045001 12 0.676182665391026 -0.1268771659511636 0.7257266618947444
1565  225 2065 96.396806 18.666667 0.3381865471601486 0.004322254071751631 4 0.6760224664239277 -0.12685524418503785 0.7258797227591247
1566  225 2065 96.398264 18.666667 0.36190079152584076 0.019468232989311218 2 0.6759204842257472 -0.12684199917296102 0.7259770011851877
1567  225 2065 96.396806 18.665000 0.3545186221599579 0.014319631015975557 4 0.6760014762256138 -0.12685399632280744 0.7258994887432585
1568  225 2065 96.398264 18.665000 0.3789736479520798 0.0005809515714645386 2 0.6758955675262267 -0.1268400057848633 0.7260005473351213
1569  225 2065 96.393889 18.663333 0.36605391651391983 0.01898182719963133 4 0.6761837306033842 -0.12687974893116086 0.7257252178190142
1570  225 2065 96.395347 18.663750 0.3943959176540375 0.0 1 0.676091055426854 -0.12685400999738514 0.7258160544651696
1571  225 2065 96.393889 18.662083 0.39880432188510895 0.002621576189994812 2 0.6761714707448265 -0.12686648946929463 0.7257389585798157
1572  225 2065 96.395347 18.662500 0.3924553841352463 0.00032629072666168213 2 0.6760682894976119 -0.12687396318590927 0.7258337725686742
1573  225 2065 96.397292 18.662917 0.3827659719520145 0.004125432923151143 9 0.6759368537891306 -0.12684144002902695 0.725961857662656
1574  225 2065 96.401667 18.664583 0.3609746460403715 0.008937770389946942 42 0.675650859659456 -0.126798552159804 0.7262355286073627
1575  225 2065 96.395833 18.658750 0.3863298318215779 0.008334212049012527 42 0.6759834859491008 -0.12684967364783553 0.7259169973347777
1576  225 2065 96.401667 18.658750 0.3547364877802985 0.009485371414521968 42 0.6755701213091735 -0.12679466781693652 0.7263113130108201
1577  226 2065 96.407500 18.664583 0.3280472925731114 0.008483419132421564 42 0.6752369755292914 -0.12674576188577635 0.7266295746266108
1578  227 2065 96.413695 18.664495 0.29785306656614263 0.00947122661057637 47 0.6747965931126068 -0.12668645430709305 0.7270488980933235
1579  226 2065 96.407862 18.658661 0.31869697190345603 0.010789888824041834 47 0.675129613671826 -0.1267353604018803 0.7267311422851895
1580  227 2065 96.414151 18.658845 0.29075770757415076 0.00788967445189941 44 0.6746856943900369 -0.12667629654271684 0.7271535805314139
1581  225 2064 96.395833 18.652917 0.3767515669266383 0.0075961635519410315 42 0.6759017380446296 -0.12684635633519514 0.7259936930805484
1582  225 2064 96.402029 18.652828 0.3468408984072665 0.011436069465974003 47 0.6754621470876625 -0.12678419943311828 0.7264135561963504
1583  225 2063 96.396065 18.647282 0.36341853936513263 0.007559187881931839 42 0.6758065324145807 -0.12683798775090777 0.7260837800206538
1584  225 2063 96.402460 18.647588 0.33536054978245183 0.010244550975838993 38 0.6753583521606202 -0.12677568751249516 0.7265115423877488
1585  226 2064 96.411309 18.650475 0.294308561690246 0.014418522370880453 158 0.6747707322972059 -0.12669466224257533 0.7270714692479221
1586  228 2065 96.422542 18.661710 0.2613264034678052 0.0111251467707399 143 0.6741296599824684 -0.12659780859124922 0.727682758069624
1587  229 2065 96.434796 18.662128 0.22664538884399743 0.007774595829214654 151 0.6732630475232835 -0.12647871508092726 0.7285053215118874
1588  228 2064 96.423164 18.650633 0.25281883113914067 0.010839459011518825 162 0.6739302636665253 -0.1265789706483129 0.727870705485515
1589  229 2064 96.434722 18.650833 0.22137741868694624 0.007853518649523853 168 0.6731093526477091 -0.12646826279303125 0.7286491459435706
1590  225 2063 96.396704 18.642083 0.3532999268797941 0.006006904047457184 43 0.6756892428271891 -0.12682339362440306 0.7261954791632963
1591  225 2063 96.402639 18.642083 0.32614115519183023 0.00897153886262976 42 0.6752685154508253 -0.126768579401787 0.7265962835834568
1592  225 2062 96.396806 18.636250 0.34485146687144325 0.005863150537258976 42 0.6756002677732806 -0.12681621547290325 0.7262795093335634
1593  225 2062 96.402639 18.636250 0.3200948323522295 0.00940452017960763 42 0.675187265801851 -0.12675962921798223 0.7266733464903886
1594  226 2062 96.411389 18.639167 0.2830068681921278 0.012968223132560764 168 0.6746059769430139 -0.1266817721510738 0.7272265840007675
1595  225 2061 96.399618 18.627666 0.31007482047461293 0.014783666831735529 163 0.6752792432013431 -0.1267825974667227 0.726583867616817
1596  226 2061 96.411389 18.627917 0.27275321919184464 0.012815930179224937 156 0.6744481166744178 -0.12666646649976981 0.7273756554757614
1597  228 2062 96.423024 18.639199 0.24624031692921758 0.0104599324137297 167 0.6737787038639331 -0.12656789288250872 0.7280129303183565
1598  229 2062 96.434722 18.639583 0.21593771521479654 0.007489403002496289 156 0.6729501195642769 -0.12645540171882183 0.7287984412404823
1599  228 2061 96.423090 18.627954 0.23390856907246219 0.011147870851248893 157 0.673616148229984 -0.12655526709243747 0.7281655369591189
1600  229 2061 96.434833 18.628253 0.20476389889828642 0.007501497984305984 171 0.6727824243219132 -0.12644077411629256 0.7289557875237714
1601  223 2060 96.378495 18.620972 0.21606912712256113 0.00505130872481062 3 0.6766881314893087 -0.12698162408249988 0.7252370921615072
1602  223 2060 96.380764 18.620417 0.23985720508628422 0.010596427101584012 9 0.6765186376034413 -0.12695801938508852 0.7253993343593578
1603  223 2060 96.378495 18.616528 0.20553410549958548 0.01322094815406184 3 0.6766316825671035 -0.12696700172757427 0.7252923180475034
1604  223 2060 96.380852 18.617386 0.23945851082151587 0.01448586515696376 11 0.6764726548843799 -0.12694618343828754 0.725444287112478
1605  223 2060 96.380053 18.613365 0.21914153374158418 0.014954989288355265 26 0.6764722708114499 -0.1269539697343514 0.7254432826843804
1606  224 2060 96.387686 18.616362 0.2466909422630995 0.013453413482508485 142 0.6759714209655002 -0.12688442480043022 0.7259221588992489
1607  223 2059 96.380625 18.606369 0.1973215394786426 0.008721706485742435 28 0.6763319602444147 -0.12694150653254346 0.7255762768111949
1608  224 2059 96.387548 18.605169 0.20811963761630264 0.011975186364791288 138 0.675827049060719 -0.12687309585801398 0.726058549502231
1609  224 2057 96.388576 18.587286 0.17330264867143294 0.010751588079481051 226 0.6755048849488974 -0.12684408201623829 0.7263633589792609
1610  225 2060 96.399828 18.616431 0.2645160085666254 0.014092200959926136 161 0.6751083452058132 -0.12676676262630004 0.7267454231893834
1611  226 2060 96.411389 18.616667 0.25083658276569276 0.012606661178561943 168 0.6742898074693189 -0.12665593439404646 0.7275242468988644
1612  225 2059 96.400018 18.605021 0.22490293589196628 0.012031750207623027 158 0.674933739905112 -0.12675118302024635 0.7269103000650539
1613  226 2059 96.411435 18.605322 0.22361829398937946 0.008244239376094207 159 0.6741264339906582 -0.12664168457740838 0.7276781120264887
1614  228 2060 96.423166 18.616586 0.22060308383222213 0.009605035898799867 171 0.6734502412931455 -0.12654109909106095 0.7283214419080565
1615  229 2060 96.435197 18.617001 0.196780024216189 0.006566924094783011 171 0.672597622655934 -0.12642439732756885 0.7291291447733707
1616  228 2059 96.423612 18.605472 0.2054237795625618 0.0082594028080022 167 0.6732620746556233 -0.1265231304740753 0.7284985080873165
1617  229 2059 96.435789 18.605701 0.1835592641699605 0.006374145003730286 164 0.6723961142914635 -0.1264054732956984 0.7293182582430194
1618  226 2057 96.406719 18.588115 0.19160432496573776 0.011614485985115636 640 0.6742216515778293 -0.12666788092984085 0.7275853300365585
1619  228 2057 96.429861 18.588750 0.17501421192270003 0.009913730496136537 648 0.672580762590225 -0.1264440513849005 0.7291412892320143
1620  231 2064 96.452287 18.656589 0.19086900178791 0.011924917390402598 657 0.6719366066745739 -0.1263022927027216 0.7297594997454264
1621  233 2064 96.476061 18.657259 0.15473557430820498 0.009435216981537643 606 0.6702431323692299 -0.12607093248055531 0.7313550871467063
1622  231 2062 96.452809 18.633979 0.1778960735488821 0.012554953442157117 675 0.6715783262999178 -0.12627137140993075 0.730094577713365
1623  233 2062 96.476183 18.634280 0.1454435667529926 0.008697810741889304 599 0.6699058631279712 -0.1260422183838226 0.7316689782488067
1624  237 2063 96.512001 18.646155 0.1168451542837487 0.010000634918711662 2622 0.6674892930257426 -0.12569995664532024 0.733932942846524
1625  231 2059 96.453259 18.611318 0.16498931320813987 0.010399388227018445 650 0.6712258667962125 -0.12624058076168668 0.7304239532714032
1626  233 2059 96.476558 18.611926 0.13746329437912874 0.007213829457009719 655 0.6695595778147528 -0.126010776556164 0.7319912949948533
1627  231 2057 96.453322 18.588679 0.14858935403696064 0.008869458684242208 653 0.6709008966156107 -0.12621347263537794 0.7307271352876451
1628  233 2057 96.477063 18.589465 0.12680836983622004 0.006634086998205066 674 0.6692040392487071 -0.12597940322785492 0.7323217488341913
1629  237 2058 96.512478 18.600691 0.10673252082855722 0.01016784337496285 2506 0.6667993218109471 -0.125638944187274 0.7345702962521476
1630  221 2094 96.353042 18.927320 0.2521303218754032 0.012861507090531302 395 0.6826731084987093 -0.12753446369473237 0.7195084346293702
1631  223 2095 96.371979 18.931663 0.22411219507187335 0.01405523503816298 111 0.6814236670897127 -0.12736583879109803 0.7207216723805718
1632  224 2095 96.383356 18.931932 0.2017662502599485 0.0064936459354793 132 0.6806392302480374 -0.1272608875210273 0.7214810494771983
1633  223 2094 96.371593 18.921426 0.21223375903299221 0.01480489011273902 104 0.6813105188318025 -0.12735944609940353 0.7208297638266562
1634  224 2094 96.382929 18.921679 0.18647862203193433 0.012013613893331719 66 0.6805271099387359 -0.12725390101545692 0.7215880385058916
1635  221 2092 96.352587 18.907695 0.20010712866247052 0.011388651524528948 169 0.682436456188884 -0.12751978205813733 0.7197354989495811
1636  223 2092 96.376527 18.905031 0.1884998384103253 0.011920346661671447 201 0.6807427726320874 -0.12729696748012068 0.7213769885292594
1637  227 2093 96.415430 18.917653 0.1568234215458736 0.014765985307701903 2139 0.6782055893754243 -0.12694895887833454 0.7238239705754709
1638  222 2088 96.363465 18.873895 0.19060738597951593 0.011229805420885444 601 0.6812205880633392 -0.12738552434936834 0.7209101459855277
1639  228 2088 96.418857 18.872318 0.15139016993037083 0.014391901041900438 1093 0.6773341036245084 -0.1268682356811183 0.7246536847642079
1640  232 2093 96.459820 18.916649 0.11873362843877049 0.012752718054222468 2452 0.6750707283298758 -0.12652960061761612 0.7268216919710897
1641  237 2093 96.508562 18.917352 0.0887296315055003 0.007040426841568601 2439 0.6716252155201511 -0.12606426034751997 0.7300872359797446
1642  232 2088 96.460671 18.868936 0.11781459179903152 0.011954929563014399 2306 0.6743385747084742 -0.12646800052543136 0.7275117397700486
1643  237 2088 96.510633 18.872350 0.08841413237100978 0.005837922204153001 2228 0.670833005447503 -0.12599092291062172 0.7308278635536553
1644  222 2083 96.365111 18.823599 0.19062204705395874 0.01276804058319004 899 0.6804158059824172 -0.12731433572896572 0.721682333777951
1645  226 2084 96.403299 18.835770 0.1895237175117207 0.005576776730740247 514 0.6779182392515164 -0.12697357882376814 0.7240887868009062
1646  228 2084 96.427014 18.835967 0.16284509814743484 0.009740120596023158 448 0.6762536528646019 -0.1267505371321261 0.7256826429810762
1647  226 2082 96.403735 18.813304 0.20339877864350797 0.012290237478325137 381 0.6775751588666805 -0.12694309817270283 0.7244151806202767
1648  228 2082 96.426454 18.814325 0.17683814039900284 0.009904988614589202 605 0.6759922125422185 -0.12672834185251705 0.7259300627151265
1649  221 2079 96.353374 18.789609 0.21225599442451737 0.010479874035653187 457 0.6807671282634663 -0.12738854291891683 0.7213378377770768
1650  224 2079 96.382198 18.790881 0.21911855249465267 0.008191325596754605 158 0.6787734180388945 -0.12712365836005302 0.7232608260157276
1651  221 2077 96.355756 18.767839 0.23303478084080992 0.014493039232913216 598 0.6803049775990323 -0.12734570336419873 0.7217812752410925
1652  223 2077 96.375207 18.766432 0.20740669910554532 0.012166810297130477 243 0.6789266848976366 -0.12716245061105982 0.7231101352411644
1653  226 2079 96.405685 18.790355 0.22374687096855259 0.0066687684490124985 362 0.6771190223080227 -0.12689928940109094 0.7248492256863669
1654  228 2079 96.426585 18.791934 0.19135606498817911 0.01251898425666866 646 0.6756695611865173 -0.1267031428096587 0.726234781381458
1655  226 2077 96.406618 18.769023 0.233624036965677 0.00906794703957906 373 0.6767566413347721 -0.12686717648368223 0.7251931935286879
1656  228 2077 96.426127 18.769695 0.20086994147157833 0.013171800315895151 584 0.6753905335941204 -0.1266820362662756 0.7264979620197702
1657  232 2083 96.462163 18.825831 0.1360065826594523 0.011972843969500855 2529 0.6736260367019961 -0.1264029555051042 0.728182844838256
1658  237 2083 96.509387 18.825806 0.10329377786436544 0.008505326176806135 2507 0.6702546144792203 -0.12594593627780834 0.7313661004616073
1659  232 2078 96.463809 18.781859 0.14969588686958124 0.012348894412350531 2468 0.6728883685167543 -0.12633408528234036 0.7288764932488461
1660  237 2078 96.509933 18.781148 0.11334885526033249 0.00967091030135181 2512 0.6695783292435904 -0.12588345217492125 0.7319960501777903
1661  220 2115 96.345075 19.113184 0.24264299855070207 0.007935719038973995 103 0.6857368110075166 -0.12778340599018065 0.7165447837942791
1662  221 2115 96.356452 19.112865 0.21159792141988873 0.010851228635160021 160 0.6849548868059836 -0.12768225281049897 0.7173102852725856
1663  220 2114 96.346173 19.100285 0.2557358382563842 0.01271101987437623 95 0.6854876997897899 -0.12776319978438797 0.7167867034325883
1664  221 2114 96.357073 19.101424 0.2248615196181668 0.01206079631424541 144 0.6847582192388418 -0.12766505820114124 0.7175010899638756
1665  223 2114 96.374753 19.106836 0.18516278541338463 0.010228399065258034 619 0.6836188833279322 -0.12751217497194656 0.7186138515165114
1666  220 2112 96.345779 19.089240 0.2844180266820747 0.010817677273918696 131 0.6853669128424781 -0.1277541109276846 0.7169038163671945
1667  221 2112 96.356944 19.090000 0.25251985616272404 0.01278860015232392 168 0.6846128020223226 -0.12765641500132896 0.7176413805071115
1668  220 2111 96.345361 19.078458 0.3006693344966621 0.01042063223316611 157 0.6852514196376793 -0.12774968731102027 0.7170149993385646
1669  221 2111 96.356910 19.078713 0.2596330188072411 0.012740237641508707 157 0.684463472577437 -0.12764561332179306 0.7177857285478303
1670  223 2112 96.368611 19.090000 0.22023755560318628 0.008814484549856925 168 0.6838127897401246 -0.12755057487029925 0.7184225215276066
1671  224 2112 96.380172 19.090236 0.1928450110721292 0.009180660714452057 161 0.6830209945033243 -0.12744728904076374 0.719193652352306
1672  223 2111 96.368611 19.078750 0.22810318330541635 0.006518541991002296 156 0.6836597956104492 -0.12754084757694353 0.7185698407707031
1673  224 2111 96.380775 19.078932 0.2011307203906706 0.010519102263361542 174 0.6828256219261816 -0.12743125888654913 0.7193819877503973
1674  226 2114 96.397875 19.106555 0.15300684760695968 0.012476088224210091 612 0.6820234239948512 -0.1273033557192384 0.7201651926780137
1675  228 2114 96.420670 19.106896 0.11893932357349474 0.011652014295612242 368 0.6804502648978039 -0.12709642774721117 0.7216882533715
1676  226 2112 96.398369 19.084899 0.1585186564693084 0.011995553174131885 650 0.6816927965650711 -0.12727738543824968 0.720482753622386
1677  228 2112 96.421654 19.085714 0.1282872986017975 0.007806612474272481 611 0.6800913721454582 -0.1270656944800816 0.7220318793651722
1678  220 2110 96.345351 19.066798 0.3059695160960498 0.01165872999300703 146 0.6850960044683974 -0.12773786614106886 0.7171656030619176
1679  221 2110 96.357006 19.067437 0.2705995044924996 0.011779582428120713 165 0.6843045566694657 -0.12763426292944732 0.7179392513631379
1680  220 2109 96.345278 19.055833 0.30236456472249257 0.010161640730094722 168 0.6849528563003319 -0.1277287549826847 0.7173039451979825
1681  221 2109 96.357105 19.055907 0.27883091270923616 0.010052057652834503 170 0.6841418250124991 -0.1276234740354646 0.7180962415607577
1682  223 2110 96.368909 19.067391 0.2318780684674328 0.009924944265191693 176 0.6834862215077713 -0.1275273215545502 0.7187373423345639
1683  224 2110 96.380987 19.067706 0.2013792742701138 0.007774225713048513 170 0.6826594343860513 -0.12741795239446557 0.7195420502314777
1684  223 2109 96.369349 19.056358 0.2357379773884644 0.012595073701111799 162 0.6833068268948578 -0.12751255985124813 0.7189105141803552
1685  224 2109 96.381333 19.056360 0.19791721004360127 0.009041276359426082 159 0.6824812065613122 -0.1274050530933686 0.7197133840195634
1686  220 2108 96.342302 19.047144 0.3070811709252799 0.0075017319530860035 41 0.6850392052604749 -0.1277472935487221 0.7172181789714157
1687  220 2108 96.348194 19.047500 0.2841288712289598 0.007962632250557185 36 0.6846404830279534 -0.12769596380084633 0.717607936012572
1688  220 2107 96.342199 19.041583 0.29160324335098264 0.009067237947747572 30 0.6849693225030247 -0.1277463365055064 0.7172850902808237
1689  220 2107 96.348802 19.042208 0.2713941685855389 0.007927460814609497 40 0.6845265045734 -0.12768362203435324 0.717718856656777
1690  221 2107 96.357722 19.044887 0.26758350615992266 0.009828925047367725 170 0.6839512775540473 -0.12760631860930208 0.7182807789320049
1691  220 2106 96.345741 19.033193 0.2678934432698425 0.00940275710322494 169 0.6846133038594323 -0.12770263297157566 0.7176326788202999
1692  221 2106 96.357864 19.033358 0.244435808026647 0.009768606380851306 166 0.6837836263785617 -0.1275948959178302 0.7184424088486854
1693  223 2107 96.369443 19.045043 0.2312834905517613 0.009958280196826833 163 0.683147584726185 -0.1275017879099808 0.719063746522197
1694  224 2107 96.381545 19.044895 0.20072814680730242 0.00899421421716787 158 0.6823102026266331 -0.12739102832019011 0.7198779850051863
1695  223 2106 96.369599 19.033782 0.2281478416535162 0.007395245225572603 155 0.6829829112353918 -0.1274885166992687 0.719222511515212
1696  224 2106 96.381250 19.033750 0.20624156133868757 0.005806486612780165 156 0.6821783552750327 -0.1273834127779721 0.7200042761979182
1697  226 2109 96.398815 19.062284 0.16204821960193905 0.011961610467237677 635 0.6813542717996695 -0.12725117142627906 0.7208075302540768
1698  228 2109 96.418261 19.064130 0.13222323146444806 0.007842418081784607 338 0.6800298563062797 -0.1270745936191462 0.7220882509697755
1699  226 2107 96.399292 19.039249 0.16902047501978024 0.012758615686888542 645 0.6810049558205993 -0.12722354942576314 0.7211424398960957
1700  228 2107 96.419375 19.039698 0.14226653392786837 0.008922110692857928 437 0.6796156220023212 -0.12703926116852954 0.7224843475482029
1701  232 2113 96.457933 19.096506 0.09861537085042939 0.010030438512189873 2194 0.6777240739950022 -0.12674383147254698 0.7243107625261931
1702  237 2113 96.503391 19.094756 0.06922727737844031 0.012836951771740197 1472 0.6745288217533685 -0.12632054489726766 0.7273609754178936
1703  232 2108 96.460409 19.052693 0.1112328231975234 0.006546771879192687 2210 0.6769313969304096 -0.12667233546869813 0.7250641373538963
1704  237 2108 96.503837 19.052124 0.08390258613180183 0.010076725168638806 2023 0.6738729320988821 -0.12626401370061238 0.7279784819818969
1705  221 2105 96.351798 19.018745 0.24729679851624808 0.009440771701112153 488 0.68400051747292 -0.12763510250468485 0.7182287746292236
1706  223 2105 96.369583 19.022500 0.2337471256476073 0.010840510548707527 168 0.6828287391524025 -0.1274777329190037 0.71937079492941
1707  224 2105 96.381433 19.022392 0.20653737762759874 0.006829570637564219 173 0.6820110307902342 -0.12736942169206844 0.7201652479106931
1708  223 2104 96.369679 19.012532 0.23916457555232903 0.00942298040510987 117 0.6826855222785791 -0.12746650806793297 0.7195086983436623
1709  224 2104 96.381831 19.011380 0.20747496361856338 0.008620712086802906 154 0.6818310935902064 -0.12735550196687606 0.7203380705837699
1710  221 2102 96.353464 18.993665 0.23558378710665487 0.011701388146576742 88 0.6835444547310637 -0.1275948702178388 0.7186699711971454
1711  224 2102 96.381246 18.996275 0.20178207430176268 0.010927748051254873 133 0.6816646779404714 -0.12734500357042478 0.7204974093735257
1712  226 2104 96.399754 19.017310 0.1781914958633845 0.008743786223995586 637 0.6806719550752094 -0.12719701916160248 0.7214614389490923
1713  228 2104 96.422866 19.017326 0.15244674647637935 0.007655966073141766 639 0.6790638529758392 -0.12698452730535245 0.7230125956071887
1714  226 2102 96.399113 18.995865 0.17977870383241154 0.007615100793334314 444 0.6804207206454453 -0.12718097537290704 0.7217012140903802
1715  228 2102 96.423125 18.997325 0.15175243518594222 0.007558133140651472 434 0.6787690975653143 -0.1269604091018373 0.7232935550045104
1716  221 2099 96.353763 18.971616 0.2531656263428822 0.007085395880621174 114 0.6832261195135476 -0.12757112713404065 0.7189768265641181
1717  223 2100 96.371366 18.979444 0.22950386717205956 0.013261496862842163 42 0.6821189943544707 -0.1274195560564381 0.7200541189905283
1718  224 2100 96.383430 18.976465 0.2224890507998005 0.011229208843004343 31 0.6812422245409812 -0.12730441344181803 0.7209040281623413
1719  222 2099 96.367255 18.969057 0.2549247216237219 0.0033186409434300085 19 0.6822627713166937 -0.12744611113832832 0.7199131889547391
1720  222 2098 96.367315 18.962292 0.24449096992611885 0.006929748598765336 12 0.6821667670611367 -0.12744033651029182 0.720005182306003
1721  223 2098 96.373264 18.960774 0.21554862601416452 0.000832188727308573 7 0.6817332720908543 -0.12738671025025045 0.72042513266537
1722  224 2099 96.383179 18.967997 0.21735160725732003 0.010234726994700741 31 0.6811439212059256 -0.1273002741114399 0.7209976413382836
1723  221 2097 96.354328 18.948544 0.255148252491484 0.007664474916651673 194 0.6828733589042283 -0.12754324588748073 0.7193168259726326
1724  223 2097 96.369951 18.954656 0.24575992913349815 0.013457097471515005 115 0.6818788348085806 -0.12740730644420423 0.720283716950984
1725  224 2097 96.381817 18.953273 0.20825131610035896 0.008476631404811788 96 0.681038288383474 -0.12729769542870972 0.7210978758076102
1726  223 2096 96.371584 18.944792 0.24235804092425567 0.00955287169753313 52 0.6816306943828067 -0.12738187315894103 0.7205230425640338
1727  224 2096 96.385727 18.944671 0.20120595748487272 0.00594614438158535 38 0.6806489853313609 -0.12725160353746728 0.7214734840342593
1728  226 2099 96.400918 18.972573 0.1797796543929484 0.013668447389729768 385 0.6799751243961859 -0.1271410146546434 0.7221280998513901
1729  228 2099 96.424711 18.972237 0.15315223023374805 0.00853736825103652 563 0.678311664489621 -0.1269195958801457 0.7237297161226284
1730  226 2097 96.401273 18.949144 0.17553924810141325 0.012443515285723846 400 0.6796293614705697 -0.12711384947338492 0.7224583035021214
1731  228 2097 96.424658 18.949026 0.15236231052439145 0.0050542104546088895 601 0.6779959472707648 -0.12689659092478603 0.7240295233594317
1732  232 2103 96.460911 19.008390 0.119297400543971 0.010544313779541676 1797 0.676276086710228 -0.126619357243032 0.7256846373702985
1733  237 2103 96.505079 19.006844 0.08835465657977565 0.011871896020086675 2281 0.6731416323403995 -0.1262006359273228 0.7286657274097923
1734  232 2098 96.457177 18.960521 0.12279310995132502 0.010348480273198728 1778 0.6758703590374516 -0.1266028125744349 0.7260654141486349
1735  237 2098 96.506537 18.961752 0.09060341618733098 0.010146261746616219 2416 0.6723995846771946 -0.12613513352903127 0.7293618626001428
1736  221 2134 96.348255 19.287490 0.1888091841181244 0.014293698860259083 638 0.6878559330555334 -0.1279183153474705 0.7144866128619671
1737  223 2134 96.371363 19.287948 0.15473276628542315 0.009460085085614812 645 0.6863009073106577 -0.12771766658884218 0.7160162444146566
1738  220 2133 96.338904 19.272847 0.22410287583867708 0.009224617196873822 36 0.6882916878564942 -0.1279883369238386 0.7140542962822423
1739  221 2133 96.346042 19.273244 0.20150352162974222 0.005870340871065473 28 0.6878143657868525 -0.1279237862772277 0.7145256490299896
1740  220 2132 96.337662 19.268472 0.23954151074091592 0.012573001361091294 6 0.688318729066586 -0.12798365090669706 0.7140290696580585
1741  220 2132 96.341486 19.268917 0.21313704252243043 0.0014052744565587053 5 0.6880662860090156 -0.12795481261282002 0.7142775034865493
1742  220 2132 96.337014 19.266667 0.25026507675647736 0.0008108168840408325 2 0.6883373473453431 -0.1279934705239587 0.7140093611100692
1743  220 2132 96.341389 19.265417 0.2200084552168846 0.013698406517505646 2 0.6880220111955144 -0.12795849772657478 0.7143194908232853
1744  221 2132 96.345885 19.267292 0.196981618180871 0.006829744388683577 8 0.6877452550071607 -0.1279177496880034 0.7145932504088552
1745  221 2132 96.354314 19.270171 0.18703585410756723 0.005879030837870883 112 0.6872134098610775 -0.12784791359697134 0.715117221367247
1746  220 2132 96.341486 19.262750 0.2121482163667679 0.0011407224284706145 5 0.6879849777867738 -0.12794839569019914 0.7143569684548732
1747  220 2131 96.337847 19.260179 0.2644265464373997 0.005595252910199744 7 0.6881956542542016 -0.12797827760439748 0.7141486553421795
1748  220 2131 96.341389 19.260417 0.22268378734588623 0.009776042574465625 6 0.6879599192289253 -0.12794382070967872 0.714381920457636
1749  220 2131 96.345390 19.262212 0.20831911533306807 0.004226257022411476 39 0.6877124343298874 -0.12791482561805664 0.7146253599300563
1750  220 2131 96.339433 19.256209 0.23687230341318177 0.014874347209906883 41 0.6880346096703192 -0.12796125390852187 0.7143068622055723
1751  220 2131 96.345218 19.256189 0.2217537793444424 0.004260354532322468 41 0.6876430714992512 -0.12791131340531348 0.7146927326634875
1752  221 2131 96.353254 19.259406 0.1952383721040355 0.011573139857402562 108 0.6871418309367961 -0.1278440061907383 0.7151866988821381
1753  223 2132 96.371275 19.265361 0.16171320433417957 0.010779350912840395 600 0.6859985620784703 -0.12769503937625065 0.7163099536827399
1754  226 2134 96.395505 19.288052 0.1302878478214941 0.008381788430830405 655 0.6846619717164214 -0.12750583481780925 0.7176212417235123
1755  228 2134 96.418748 19.288251 0.10111604370654394 0.00955039538183587 624 0.683110660704702 -0.12730602672805144 0.7191335069305992
1756  226 2132 96.395734 19.265325 0.13136103148888617 0.007507928664643896 618 0.6843347807113545 -0.12748102283488788 0.7179376691090343
1757  228 2132 96.419023 19.266074 0.1074934823116961 0.007640262095527346 614 0.6827723412253996 -0.12727935260929252 0.7194594474026634
1758  220 2130 96.342247 19.247576 0.22780238943440573 0.01419003363799915 154 0.6877287478306144 -0.12792978307585257 0.7146069829000417
1759  221 2130 96.353670 19.247209 0.19219808800602858 0.012888689508102449 106 0.6869498319393671 -0.1278301076578458 0.7153736030737077
1760  220 2129 96.342469 19.236466 0.2292226631148362 0.00990858855914066 162 0.6875649102868 -0.12791900940418652 0.7147665501234345
1761  221 2129 96.351111 19.239583 0.20453874837784541 0.013696019254501165 42 0.6870204408726424 -0.12784631370071567 0.7153028966083517
1762  222 2129 96.357240 19.239475 0.18631126180939053 0.0019402366327895013 46 0.6866039393878367 -0.12779235216000895 0.715712334074603
1763  221 2128 96.349653 19.235000 0.23320211470127106 0.006145251521832498 12 0.6870578899715661 -0.12785491086797773 0.7152653896245511
1764  221 2128 96.352326 19.235000 0.21312688291072845 0.005663583195261818 4 0.6868762235569894 -0.12783454067946462 0.7154434874407335
1765  221 2128 96.349531 19.231979 0.22986539267003536 0.006903086412966309 8 0.6870256157408863 -0.12785374871805058 0.7152965974018033
1766  221 2128 96.353277 19.232235 0.19953094151887027 0.013448330315539884 11 0.686776092553717 -0.12781498423567514 0.7155431003800415
1767  222 2128 96.357621 19.233859 0.18407843909833743 0.005658814408272598 46 0.6865024159946392 -0.1277816756124391 0.715811620617604
1768  223 2130 96.373766 19.245151 0.15571948915383235 0.012170228611453048 354 0.6855558728026625 -0.12765085716018704 0.7167415182142369
1769  220 2127 96.342619 19.224955 0.22431722921984537 0.013188658715857917 175 0.6874013359797905 -0.1279053471536385 0.7149263077147927
1770  221 2128 96.351721 19.228005 0.21277531727831414 0.007275398052863775 47 0.6868239838579631 -0.12782889168039216 0.7154946468347887
1771  222 2128 96.357917 19.227917 0.18077193874688374 0.011853242833883839 42 0.686401883434084 -0.1277747533864324 0.7159092587857614
1772  221 2127 96.352083 19.222500 0.19168016562859216 0.00839529142558835 36 0.6867260359632537 -0.12781975652532254 0.7155902887630626
1773  222 2127 96.357917 19.222500 0.17909447476267815 0.00761031403830023 36 0.6863293044287204 -0.12776870065847368 0.7159799194212321
1774  220 2126 96.343124 19.213927 0.19593902139952687 0.012733766636604346 165 0.687219649211173 -0.12789217712665854 0.7151033105558076
1775  221 2126 96.355012 19.214167 0.16956214247697807 0.009989349811593598 166 0.6864163866915491 -0.12778881210832094 0.7158928436443975
1776  223 2127 96.369114 19.219393 0.15234508339552522 0.013000994190869003 346 0.6855250041443026 -0.12766864583990048 0.7167678742538339
1777  226 2129 96.395923 19.242926 0.12556809517432585 0.009715503983667205 647 0.6840185795910306 -0.12745375538654174 0.7182437768697592
1778  228 2129 96.418942 19.243369 0.0952290086381471 0.009127551984062829 603 0.6825062625180291 -0.12725967141890587 0.7197153448788091
1779  226 2127 96.397586 19.221297 0.1206909818508735 0.00835016083072985 564 0.6836052435499356 -0.1274169099262917 0.7186437240078484
1780  228 2127 96.419897 19.220414 0.09598580140445376 0.007914956787178988 617 0.6821177484598413 -0.12722676324489085 0.7200893888610671
1781  232 2133 96.455116 19.278313 0.07430173224494072 0.010846159111807299 1988 0.6804919674651282 -0.1269734370103555 0.721670581712471
1782  237 2133 96.500896 19.277630 0.03958438521989394 0.010155864544392905 1491 0.6774840320658172 -0.12658804653597008 0.7245625250936248
1783  232 2128 96.456303 19.230150 0.06181492695043575 0.01098878348690761 1748 0.6797911270831886 -0.126917425742523 0.7223406333454178
1784  237 2128 96.500777 19.234808 0.03320621870929783 0.01224768234180362 1165 0.6768049036687057 -0.12652385641856942 0.725208132970782
1785  221 2124 96.349068 19.197076 0.19191180031130634 0.01481193877748078 635 0.6865911561167047 -0.12782492228574927 0.7157187810760376
1786  223 2124 96.372741 19.196838 0.16555096985786918 0.010057205590342953 635 0.6849738190354386 -0.1276151373000541 0.717304150251408
1787  221 2122 96.349194 19.174256 0.20389004847325315 0.014888954956896785 545 0.6862756478151746 -0.1278029195971992 0.7160252432409728
1788  223 2122 96.367377 19.180944 0.17353217902346554 0.005975158699850052 117 0.685125838694033 -0.12764817216109314 0.7171530724313533
1789  224 2122 96.379340 19.180454 0.15301756190646226 0.009185041762838735 157 0.6843016119054925 -0.1275402913913418 0.7179587578791392
1790  223 2121 96.367852 19.168642 0.19115165090315964 0.010828215460311817 146 0.6849283760516898 -0.12763237123713853 0.7173444761699781
1791  224 2121 96.379306 19.169167 0.15972603227765786 0.011393142471793197 168 0.6841523718182465 -0.12753182259362836 0.7181024762256535
1792  227 2123 96.408284 19.186597 0.11744533276260033 0.013353628199250012 2221 0.6824030520294734 -0.12728849177533993 0.7198081094586383
1793  220 2120 96.343852 19.157530 0.2354218071501558 0.013774327821952455 181 0.6864178367153821 -0.12783527643827405 0.7158831577407901
1794  221 2120 96.352902 19.160241 0.22262325882911682 0.012104352496990104 38 0.6858375882950172 -0.1277563961026708 0.716453142736168
1795  222 2120 96.358802 19.160395 0.2214876054189144 0.010702326320072397 39 0.6854359400773298 -0.12770436196629936 0.7168466837372462
1796  221 2120 96.353056 19.154583 0.24626025486560094 0.011939895720394474 42 0.685751648283767 -0.12775086000643351 0.7165363875224434
1797  222 2120 96.358889 19.154583 0.230741448700428 0.012170443205307916 42 0.6853523954734174 -0.1276992721989073 0.7169274648796194
1798  220 2119 96.344958 19.147331 0.252254272903408 0.00816318756033131 111 0.6862046957165664 -0.1278164548321494 0.7160908248613967
1799  221 2119 96.353056 19.149167 0.2639881492488914 0.008159493978514405 36 0.6856775913220161 -0.12774723892363532 0.7166079009515774
1800  222 2119 96.358889 19.149167 0.24054472396771112 0.01105152657991898 36 0.6852789534902703 -0.1276957750391122 0.7169982879620008
1801  221 2118 96.353056 19.143750 0.26648348286038354 0.007231854615194788 42 0.6856042038377828 -0.12774112278765826 0.716679203848492
1802  222 2118 96.358889 19.143750 0.24066511080378578 0.008102475915703119 42 0.6852059263496261 -0.12768978040303855 0.7170691448360991
1803  223 2120 96.367605 19.157880 0.18970903668813643 0.011301729855034713 157 0.6848006254848658 -0.12762500591257075 0.7174677422723288
1804  224 2120 96.379306 19.157917 0.15523558224623019 0.007379605617903185 156 0.683999592940934 -0.12751971528287775 0.7182501507628176
1805  223 2119 96.367671 19.146634 0.1990374286553103 0.012960568314257835 167 0.6846446740090134 -0.12761382455322395 0.7176185491847259
1806  224 2119 96.379453 19.146570 0.16421434465189313 0.009869927456735744 172 0.6838366167490867 -0.1275085601090418 0.718407299999159
1807  221 2117 96.350727 19.129701 0.23583433040583338 0.013982181135052065 523 0.6855729144290992 -0.12774836035616735 0.7167078452392592
1808  223 2117 96.367574 19.135137 0.20557669041360296 0.010829251302691436 164 0.684495735455892 -0.12760313508612336 0.7177625150834293
1809  224 2117 96.379826 19.135446 0.17227417239475817 0.01068237999293432 168 0.6836599369730372 -0.12749420522570704 0.7185779833893382
1810  223 2116 96.368276 19.123980 0.19126222385414715 0.007430265143040973 174 0.6842961461092002 -0.12758731870867868 0.717955611806765
1811  224 2116 96.380278 19.124167 0.17362754783105283 0.006706224889556153 168 0.6834762410920248 -0.1274795531236337 0.7187553070399655
1812  227 2118 96.405997 19.141709 0.12786698945055866 0.014882325727969811 2087 0.6819419105491076 -0.1272639025734443 0.7202493524734401
1813  232 2123 96.455656 19.186132 0.07572587205652605 0.014266109904018325 2280 0.679192555867886 -0.12687088294756835 0.7229116482072709
1814  237 2123 96.500921 19.185614 0.04159930309865772 0.01222695318771682 1385 0.6760909988465725 -0.1264644414464788 0.725884086013927
1815  232 2118 96.456053 19.143082 0.0858406683610222 0.010464282806437247 2192 0.678516033168547 -0.12681286212653953 0.7235568331046944
1816  237 2118 96.501436 19.144462 0.05210176901573608 0.009491140161383842 1317 0.6754286195915221 -0.12640564151570308 0.726510697532868
1817  222 2153 96.356874 19.456725 0.11373449985757779 0.014712232623117723 2649 0.689550430197634 -0.1279928419656544 0.7128380156948793
1818  227 2153 96.403957 19.457255 0.07498274343874847 0.0097136663927151 2593 0.6864539063189798 -0.1276011050368098 0.715890349489919
1819  221 2149 96.345519 19.422772 0.13564355887200047 0.0068181276235741535 656 0.6898560103188733 -0.12806041912106947 0.712530149594712
1820  223 2149 96.369291 19.423027 0.10962225602244038 0.007993405351517505 664 0.6882782965868336 -0.127859382365538 0.7140903057657553
1821  221 2147 96.345796 19.400416 0.138574139997142 0.009252651636204274 674 0.6895413486267131 -0.1280378379318848 0.7128387199021825
1822  223 2147 96.369589 19.400467 0.11069466768285077 0.008003325995550455 634 0.6879508924366639 -0.12783549406222305 0.7144100055664571
1823  227 2148 96.404536 19.412366 0.07740157823150863 0.012647634546319814 2581 0.6857859207736002 -0.12755087242718408 0.7165392144270747
1824  234 2151 96.468802 19.437814 0.032890462132298855 0.01454041341488466 5000 0.6819796255973308 -0.12705131498512856 0.7202511739877097
1825  222 2143 96.358346 19.366513 0.14015257156577454 0.014900611305237082 2656 0.6882486288754661 -0.1279018754486861 0.7141112904217028
1826  227 2143 96.405759 19.367069 0.0989790702983737 0.010954334838713138 2600 0.6850726841820297 -0.12749460299130463 0.7172311646852211
1827  221 2139 96.347029 19.332487 0.1581406585704115 0.008829152843348785 665 0.6885431704261076 -0.12796813519046654 0.7138154235062721
1828  223 2139 96.370704 19.332820 0.1357507871622901 0.006358828663647676 656 0.6869527433292569 -0.12776339489279578 0.7153827250904761
1829  221 2137 96.347339 19.309661 0.17108143788830535 0.010871154229618216 656 0.6882172890881812 -0.12794661871033608 0.7141334789524342
1830  223 2137 96.371076 19.310448 0.14718668904559573 0.007091465626584278 673 0.6866260989234417 -0.12774053060188617 0.7157003263368856
1831  227 2138 96.406206 19.322146 0.10879620821900168 0.01167148645019744 2563 0.6844201830709651 -0.12744710234576714 0.717862277257117
1832  231 2144 96.439306 19.377162 0.06079597310032076 0.012128697288182331 391 0.6830936617249802 -0.12724010159789112 0.7191613211627254
1833  233 2144 96.465144 19.380131 0.036501715542829556 0.00685039044669222 230 0.681527485783057 -0.12704113893505348 0.7206808136341007
1834  231 2142 96.440983 19.356256 0.0804476859100825 0.0064297072374459975 529 0.6825852911761017 -0.12718576526194914 0.7196534592321286
1835  233 2142 96.463946 19.355291 0.05721145025948739 0.010997060023299407 358 0.6810888286639382 -0.1269969449989605 0.7211031711413531
1836  237 2143 96.500779 19.368924 0.029270536589979794 0.005022186567008669 1076 0.6789438225659197 -0.12671623656962763 0.7231723730821076
1837  231 2139 96.441716 19.333828 0.08567680034415757 0.005851320370942516 613 0.6821764392834498 -0.12714710095024553 0.7200478598027369
1838  233 2139 96.466396 19.333890 0.05962139989553702 0.01059255702164754 404 0.6805836992119736 -0.12694537072519035 0.7215890112927094
1839  231 2137 96.442158 19.311361 0.08764295232713919 0.006732060724016077 599 0.6818327389562234 -0.1271202567077958 0.7203780649228559
1840  233 2137 96.464952 19.310528 0.06257304864286764 0.011071412900001376 389 0.6803414088336951 -0.1269312152859086 0.7218199457012984
1841  237 2138 96.500959 19.321840 0.033094517797421036 0.007618617847245958 1023 0.6782625580243014 -0.12666368100142905 0.7238205677497008
1842  222 2173 96.353239 19.637459 0.07489915237174494 0.012435748600981568 2514 0.6922752037424372 -0.128189803708091 0.710156614070902
1843  227 2173 96.400107 19.636601 0.0479084437047428 0.005524231799968336 1805 0.6892381950791688 -0.12781376091777472 0.7131720360222094
1844  222 2168 96.354260 19.592273 0.07765066096515849 0.010618575011475577 2580 0.6915893938380542 -0.12814041942875043 0.7108334145489622
1845  227 2168 96.401344 19.592171 0.05524738057965079 0.007036165786773062 2315 0.6884511844117449 -0.12774523385491016 0.713944060770464
1846  234 2170 96.470185 19.615596 0.023688646784659973 0.010693397094865227 3280 0.6842713472329933 -0.12720199167218643 0.718047614487071
1847  222 2163 96.355523 19.546901 0.0981601798270322 0.012756180187922754 2607 0.690863292565174 -0.12808483543506372 0.7115491451175944
1848  227 2163 96.402163 19.547299 0.06478626153683603 0.012855786181117271 2434 0.68775196631059 -0.12769060724186704 0.7146274145721814
1849  222 2158 96.356670 19.502350 0.10450367214580916 0.01183794286238725 2582 0.6901641272223917 -0.12803203882559894 0.7122368107094119
1850  227 2158 96.403658 19.502402 0.0717584918018057 0.010985922892483777 2603 0.6870410214971623 -0.1276368234798797 0.7153205407872067
1851  234 2160 96.467661 19.524764 0.030946073526915103 0.012393587900838693 4959 0.6831707962013653 -0.12713148631020296 0.7191072579289902
1852  222 2193 96.349267 19.818464 0.10788914981779536 0.012807159307402425 1747 0.694903542909792 -0.12836138642318023 0.7075538287133621
1853  227 2193 96.397474 19.819063 0.07053586753544869 0.0095225245561825 1386 0.6917276217243336 -0.1279673504646393 0.7107300855871078
1854  222 2188 96.348256 19.769916 0.09948651458768323 0.0134948280188232 1740 0.6942990943591006 -0.12832667418065175 0.7081532547873134
1855  227 2188 96.398942 19.773630 0.06535178519509456 0.007538467800437356 1431 0.691016983909354 -0.1279155934585333 0.7114303401591551
1856  234 2191 96.465750 19.796958 0.036915999696413564 0.011524800526468358 3489 0.6869758415764976 -0.127395387990475 0.7154261724378129
1857  222 2183 96.350691 19.725873 0.0949478150397854 0.013789512238085791 2272 0.6936267806322812 -0.1282849412312705 0.7088193444333942
1858  227 2183 96.396690 19.727641 0.059183993397576934 0.008845049538999701 1389 0.6906745055790886 -0.12791950223731996 0.7117621290083069
1859  221 2179 96.341004 19.693863 0.09876036155107501 0.008380905048353074 666 0.6937713205893163 -0.1283260232644552 0.7086704357322144
1860  223 2179 96.364411 19.693835 0.07347823842511482 0.008203415124460541 562 0.6923483609063925 -0.12815509283181709 0.7100915570062074
1861  221 2177 96.341367 19.671172 0.09095236113211472 0.007831523450637753 647 0.6934498580650397 -0.12830518499496146 0.7089887684956546
1862  223 2177 96.363589 19.670873 0.0628945782197682 0.007652753214343436 524 0.6921681245228027 -0.1281557667988485 0.7102671235744936
1863  227 2178 96.401199 19.686688 0.04781674783108598 0.010715269625726156 1003 0.6898875543599149 -0.12785738805407207 0.7125360697250954
1864  234 2180 96.469190 19.706612 0.02741185873959572 0.007715743163750036 3678 0.6855021001445982 -0.127281308892307 0.7168586604791816
1865  225 2211 96.375693 19.978566 0.050598746666524384 0.014083577471691552 5796 0.6955061333232428 -0.12831831795681473 0.706969325916256
1866  234 2210 96.466293 19.976668 0.02988583404374218 0.010717279595069537 4390 0.689496884799054 -0.12757803946591767 0.7129641573728883
1867  222 2203 96.348895 19.910317 0.08868196973730304 0.013783277832573833 754 0.6962390524520149 -0.12845468676366872 0.7062227518914753
1868  227 2203 96.399119 19.910957 0.065118075799014 0.006593410505885962 957 0.693054267267996 -0.1280674988536109 0.7094184226244773
1869  221 2198 96.344239 19.860891 0.11648535250370767 0.013588133026788974 1267 0.6958359830743761 -0.12844274690313762 0.7066220668977817
1870  227 2198 96.401857 19.861322 0.07382444940203495 0.006510771951475323 809 0.6921458773372544 -0.1279929036424195 0.7103181689230712
1871  235 2201 96.474800 19.891262 0.041753860815545524 0.012265978007400737 5382 0.6875669569868502 -0.12738930381067137 0.7148591783942312
1872  222 2233 96.344316 20.179041 0.05624297909671891 0.014242117472837013 2587 0.6998688646599807 -0.12865848890636858 0.7025884752199395
1873  227 2233 96.390718 20.179458 0.020957748364690196 0.008709564348091198 2185 0.6970485770820596 -0.1283288577682361 0.7054466567018203
1874  222 2228 96.345420 20.134326 0.049073924789250156 0.01270838065159526 2527 0.699212857369385 -0.128617690018645 0.7032487965888089
1875  227 2228 96.392747 20.134698 0.01913229172222072 0.009486442185515835 2328 0.696280347908635 -0.12827174473089387 0.7062152905594176
1876  235 2231 96.466647 20.160441 -0.00046878045045216376 0.007137663429161927 7126 0.6917880485526628 -0.12770139897949775 0.7107191066647763
1877  221 2224 96.333308 20.098758 0.04176042415618363 0.010349104147907682 447 0.6997974118737247 -0.12873395857936398 0.7026458213376944
1878  223 2224 96.358386 20.099961 0.024807880254728455 0.005501883405016005 525 0.6982040877286728 -0.12854303434342684 0.7042639705399932
1879  221 2222 96.334658 20.077025 0.04952822098554186 0.010813803790836242 652 0.6991907656843003 -0.12866688754084438 0.7032617615314753
1880  223 2222 96.357624 20.078128 0.02089116268576402 0.010273958779590576 557 0.6978861319553216 -0.12851848684886985 0.7045835261787748
1881  227 2223 96.394948 20.091780 0.018455373493543727 0.009927639551345397 1944 0.695633294661599 -0.12823310962217993 0.7068596670873754
1882  222 2218 96.344812 20.043233 0.031766477208184915 0.009137587365612519 1876 0.6982758609691258 -0.12859548442079827 0.7041832313925164
1883  227 2218 96.395414 20.043926 0.010152137385791812 0.012138312129554926 1260 0.6952650902807843 -0.12824607870412874 0.7072194832821473
1884  234 2221 96.465004 20.073225 0.0067776177516266495 0.012979457467286005 4706 0.6908800800904041 -0.12767129264234509 0.7116071640795288
1885  222 2253 96.341990 20.358807 0.04992411137691091 0.010102294636276047 2241 0.7025086682408508 -0.1288220035926497 0.6999188970422514
1886  227 2253 96.388709 20.359118 0.01714948387777634 0.01009058210483463 1902 0.6996150141938581 -0.12848577284104698 0.7028728463185688
1887  222 2248 96.342522 20.313581 0.062092496913835955 0.01348306109136082 2392 0.7017524150613229 -0.1287630169514767 0.7006879715116812
1888  227 2248 96.389661 20.315630 0.02240567974935396 0.011444048118384344 2369 0.6989575481542761 -0.12844175321841808 0.7035346913325183
1889  235 2251 96.462094 20.339726 -0.00548053672558412 0.004930304502502874 6489 0.6944608611871046 -0.1278745439292752 0.7080764176938426
1890  222 2243 96.342726 20.269490 0.06284134756677442 0.014331127147604324 2554 0.7010924530270268 -0.12871779400433578 0.7013566152929647
1891  227 2243 96.389109 20.271029 0.016437069930018002 0.010935550220888015 1434 0.698403855125006 -0.12841248809763797 0.7040896875023122
1892  222 2238 96.343749 20.224037 0.06566393500141385 0.014864271474423426 2622 0.7004488393147261 -0.12868137357558512 0.7020060737610136
1893  227 2238 96.391438 20.225031 0.021853042580939192 0.01148189572941697 2098 0.6975936316079907 -0.1283511584873315 0.704903614159365
1894  235 2240 96.465235 20.244866 -0.0015959772947887472 0.007146408007027052 6316 0.6929887025821156 -0.12777359537586486 0.7095354581825215
1895  224 2270 96.357989 20.517393 0.011681946489262874 0.013590601218926326 7736 0.703484291912543 -0.12879579665826488 0.6989431262953165
1896  235 2271 96.462261 20.521385 -0.01697008808239403 0.00753620259094222 8454 0.6968298616309274 -0.12800681240644496 0.7057211913475206
1897  222 2263 96.338474 20.449997 0.03391617323354958 0.013736325042051137 2378 0.7037978108591981 -0.12888714771337637 0.6986105815002451
1898  227 2263 96.385344 20.448832 0.006013991589437944 0.005304736759089 1337 0.7009528118848326 -0.12856445533230462 0.7015242949006502
1899  222 2258 96.339399 20.404781 0.04572345476031481 0.011093334491439547 2356 0.7031446805276867 -0.128849427348229 0.6992748982464985
1900  227 2258 96.388639 20.404142 0.01490981514892676 0.008305314190257422 2049 0.7001803318618564 -0.1285122433347268 0.7023048527433771
1901  234 2260 96.459983 20.428434 -0.010844672467285621 0.008028904067477981 6682 0.6957450060073976 -0.1279537968755048 0.7068003342393864
1902  225 2290 96.361702 20.697659 0.006656490970563577 0.009730819732680576 10211 0.7053413011447287 -0.12883562332405438 0.6970617125206086
1903  234 2291 96.454877 20.699850 -0.014693121931791672 0.007005855479096217 9967 0.6994520793427116 -0.12815081064505668 0.7030961231824364
1904  225 2281 96.362089 20.608576 0.00025009670092799213 0.010605696078837532 10128 0.7042787569019594 -0.12879984082481152 0.6981418434531296
1905  235 2281 96.457893 20.610549 -0.02844143072199364 0.008157990930845467 9783 0.6982609124593199 -0.12809839497995235 0.7042886477397163
1906  250 1887 96.654589 17.054977 0.02831778725131869 0.004799478553919803 36803 0.6321365415210001 -0.12163660031777787 0.7652502403377618
1907  250 1905 96.650898 17.224551 0.027879939310999566 0.004542483874440907 39632 0.635183414183835 -0.12199591591684919 0.7626657372960818
1908  250 1925 96.648237 17.404428 0.020744853948777387 0.005340565217044411 38956 0.6382821978378239 -0.1223476955872953 0.7600176822336409
1909  250 1946 96.653093 17.592871 0.0235971655325738 0.007546576462775992 33637 0.6408896458271524 -0.12261315835014107 0.7577773256511113
1910  250 1966 96.645129 17.772189 0.010589173113007926 0.0046929330538046325 35144 0.6443382784669549 -0.12300734734494348 0.7547829988820638
1911  249 1986 96.638764 17.949134 0.02574726207636033 0.00826462307626148 39851 0.647585961680247 -0.12336086405471905 0.7519405026026613
1912  249 2005 96.636767 18.127898 0.04045222850092251 0.014123884599085453 41655 0.6504882897131351 -0.12366452522152233 0.7493811247608361
1913  245 2030 96.587235 18.353242 0.04885793175528302 0.006718687893012117 10424 0.6576503083166518 -0.12453668763449434 0.7429580643643632
1914  254 2030 96.681512 18.354534 0.016983023055639132 0.01375172488716111 10432 0.6505393539019926 -0.12351874412999385 0.7493608402320788
1915  244 2021 96.588027 18.263610 0.057506445987397625 0.013589031513388463 10278 0.6562512607402727 -0.12440210553842576 0.7442166343978136
1916  255 2021 96.682792 18.265102 0.03012041945713575 0.007632249806594297 10294 0.6490710597580174 -0.12336862958098473 0.7506576720582518
1917  244 2051 96.584097 18.534275 0.06195129030263225 0.009946924684473854 10361 0.6605718141172756 -0.12481920060806395 0.7403141532845198
1918  254 2050 96.678230 18.534003 0.021493055474548536 0.012269145891115517 9463 0.6535260630973369 -0.12382309871550566 0.7467071213514612
1919  245 2041 96.588113 18.445115 0.04798976473961097 0.006412560061903234 9420 0.6589537149515843 -0.1246555322682292 0.741782312964141
1920  254 2040 96.680211 18.444635 0.010151349577964817 0.011900737153893327 10358 0.6520127676609672 -0.12366834709980737 0.7480544704315903
1921  242 2073 96.557706 18.737131 0.08303702062226477 0.011166619316463537 2625 0.6654833708941276 -0.1253542406712741 0.7358112512112853
1922  247 2073 96.605815 18.734134 0.060470726763415535 0.008335258711591796 1561 0.6619582239079457 -0.12486999917480728 0.7390661628749633
1923  242 2068 96.558623 18.691794 0.09083585000159788 0.01015156242656467 2646 0.6647578587451892 -0.1252881432155206 0.7364780175987048
1924  247 2068 96.604929 18.692461 0.0638467292637441 0.006622539955757365 2397 0.6613772633717303 -0.12481808758424214 0.7395948624123434
1925  252 2073 96.654735 18.737235 0.04087377616984872 0.005977308786047041 1989 0.6583611316832962 -0.12436323156100552 0.7423573310235396
1926  256 2073 96.694514 18.739610 0.01729090306225618 0.010398831356217676 1722 0.6554677811719639 -0.12395685953844499 0.7449809962803539
1927  252 2068 96.652053 18.692770 0.044544595532608824 0.006261332717930296 2222 0.6578825429090042 -0.1243286552564529 0.7427872812708255
1928  257 2068 96.697328 18.691664 0.016358343286722588 0.009949477344752074 1896 0.6545061325051655 -0.12385422446799352 0.7458430489014177
1929  245 2061 96.583228 18.624532 0.07379865653747242 0.014507919141634837 10442 0.6619647868668188 -0.12494871998504947 0.7390469797803552
1930  254 2061 96.672753 18.627180 0.03168462716444941 0.014575145068582806 8698 0.6553569189816778 -0.12401845525436117 0.7450682730456079
1931  244 2090 96.576527 18.894946 0.05687606024048682 0.014760102218228047 9152 0.6664148843388271 -0.12537055421618537 0.734964914854576
1932  254 2091 96.670050 18.896920 0.009618133706035469 0.010656164876384903 7200 0.6596678494290483 -0.12444046463391532 0.7411834450332453
1933  244 2081 96.575048 18.805212 0.07196984843290681 0.014122935420345685 8793 0.6652171744350442 -0.12526948304258653 0.7360663471827109
1934  254 2081 96.673645 18.808239 0.019876541612362703 0.014319351241726256 5807 0.6581162647035547 -0.12428721093302406 0.7425871472972925
1935  242 2113 96.552543 19.097115 0.029540480061737706 0.010666560987735859 1341 0.6712373865796134 -0.12588526758881652 0.7304746883101856
1936  247 2113 96.601896 19.099657 0.0035896218824325015 0.007190488187189173 1038 0.6678180887146569 -0.12542460698023422 0.7336809036286528
1937  241 2108 96.547367 19.051944 0.04848682423237185 0.011114154177893807 1118 0.6708086943040036 -0.12585364465279383 0.7308738302701543
1938  247 2108 96.602242 19.056103 0.009768960439403061 0.00859068377071513 972 0.667174591242315 -0.12536973943193352 0.7342754886521945
1939  255 2110 96.672752 19.073926 -0.009141932050602042 0.00529477792886361 4165 0.6624330410076047 -0.12471376439008239 0.7386670042401191
1940  242 2103 96.550995 19.008045 0.051090877130180956 0.008872312115073675 1668 0.6698934797387754 -0.1257611878722263 0.7317286720010644
1941  247 2103 96.600192 19.009632 0.023312558553509558 0.00817562197010665 974 0.6664219313927919 -0.1252898369882962 0.7349722893457596
1942  242 2098 96.552869 18.961280 0.058242872166666834 0.009575223411823467 1973 0.6690828736781534 -0.12568602012857275 0.7324828547446174
1943  247 2098 96.600066 18.959996 0.03068716607286291 0.00888197482633139 977 0.6656741926902268 -0.12522226782899484 0.7356610991658988
1944  254 2101 96.672706 18.987773 0.00011165145491452584 0.007485771378956382 3803 0.6609340494903891 -0.12455724554044734 0.7400349145868812
1945  250 2125 96.624691 19.211616 -0.0033969290981092077 0.01297267327422428 17876 0.6678338004256955 -0.12534696002138124 0.7336798720302816
1946  250 2146 96.620523 19.395626 -0.006193727742995073 0.012993503789448982 16977 0.6707813288614786 -0.1256083484919974 0.7309411410229566
1947  250 2166 96.625970 19.576159 -0.011760614134633161 0.01150038373045478 19091 0.6729215645387853 -0.12575444141710407 0.7289460806140231
1948  250 2185 96.619510 19.750395 -0.00034314785407244436 0.01110445162481993 17474 0.6758141515978389 -0.12600022830807417 0.7262225381839966
1949  249 2206 96.610147 19.940985 0.005478275421328038 0.008670487624243292 25144 0.6790427923312409 -0.12627049272480143 0.7231574163693733
1950  250 2226 96.611247 20.116645 -0.008901063577946806 0.014232595696128747 27220 0.6814872606721691 -0.12645070593800098 0.7208226775770337
1951  250 2246 96.612892 20.298600 -0.031041000126392902 0.010504046938410335 37134 0.6840247069698024 -0.12663273039909967 0.7183831511432772
1952  250 2266 96.604988 20.476317 -0.041269582586559266 0.005668024000273073 41379 0.6870244327097539 -0.12686726793550157 0.7154733574259929
1953  249 2285 96.599609 20.648272 -0.045470588715865734 0.0078078680533416045 37588 0.689618071467373 -0.12703818749618637 0.7129433458721002
1954  264 1886 96.789373 17.053808 0.026335924093047542 0.005655256278148341 17598 0.6210343699856131 -0.11992254879259968 0.7745546420928993
1955  267 1906 96.814827 17.229485 0.013654258977686408 0.008375542588223792 29686 0.621858434573832 -0.11994721157856898 0.773889367922773
1956  269 1926 96.828189 17.409404 0.012210893867677371 0.006281916704926747 36436 0.623757083470448 -0.12013083970421173 0.7723313292702826
1957  269 1946 96.828630 17.589775 0.008569761322509287 0.00774966268187873 38976 0.6267166464811721 -0.12047502111903487 0.7698779216926289
1958  269 1965 96.823985 17.767418 0.007805065944096386 0.003910804840541598 38087 0.6300138791219617 -0.1208666948137094 0.7671204300489644
1959  269 1985 96.821810 17.948251 0.010275321057251482 0.0058477239685510345 37586 0.6331333617642497 -0.12122032235808014 0.7644918440823963
1960  268 2005 96.813657 18.124582 0.007131109522127795 0.007290634040639115 32231 0.6366308064694985 -0.12163560763200233 0.7615155909172112
1961  263 2030 96.766579 18.354296 -0.0061032716043505145 0.012736148873462218 7736 0.6440001218092879 -0.12257325101926518 0.7551421331406363
1962  275 2030 96.874832 18.350334 -0.029927780960720997 0.008798678933989938 3375 0.6357619591186489 -0.12138245321324138 0.7622814646766329
1963  264 2021 96.774342 18.265703 0.012001942413545881 0.004976470026985791 9122 0.6419812901038382 -0.12233575087624449 0.7568976068228497
1964  275 2021 96.871828 18.270131 -0.007668954898738142 0.009631387136663222 5124 0.6345081311833771 -0.12123830107543261 0.7633483515502741
1965  268 2046 96.809160 18.491826 -0.021129938192215248 0.012053544794719501 20892 0.6429003824843474 -0.12232499448756988 0.7561188358486354
1966  270 2065 96.820821 18.671787 -0.017672284024154782 0.009855011242962874 16998 0.6450316342408707 -0.12252504085293675 0.7542690535826972
1967  269 2086 96.811230 18.853739 -0.017458646999666233 0.008489669075168623 16131 0.6485772755527756 -0.1229164103286513 0.7511584877430711
1968  269 2105 96.814139 19.032759 -0.01525803530014063 0.004208200414534113 15803 0.6509910472123983 -0.12313345930080727 0.7490319136391462
1969  270 2126 96.816849 19.215515 -0.020127039666939756 0.005266690872389833 21318 0.6537649326689455 -0.12341150206243372 0.7465661484229398
1970  270 2146 96.813764 19.402180 -0.018788686828264626 0.003906839053590692 24767 0.6568966539602363 -0.1237226199573899 0.7437603776262385
1971  270 2165 96.812947 19.574446 -0.01946618734060628 0.0038240300712475916 31156 0.6595837408669173 -0.1239741812813931 0.741336422388386
1972  271 2185 96.817091 19.754963 -0.02243490724995009 0.0052106730033231055 29159 0.662031347724284 -0.12418281626655901 0.7391164473710987
1973  270 2206 96.811229 19.940475 -0.015719665952109524 0.00653125445064488 37178 0.6651159750279751 -0.12446609007171303 0.7362940527974174
1974  270 2226 96.802529 20.118990 -0.022069357614464817 0.005173260837783536 41025 0.668349883621611 -0.12476404386186388 0.7333091888297963
1975  269 2245 96.797017 20.297848 -0.03898155184190264 0.00850427314541017 41998 0.6712628698598136 -0.12500834712203315 0.7306018564836694
1976  269 2266 96.789402 20.479394 -0.043457432491610874 0.007755025958833574 39553 0.6742584699309949 -0.12525278235339354 0.7277961639353748
1977  269 2283 96.786433 20.634669 -0.038463658228083474 0.009005536088366472 29907 0.6766471351202179 -0.12543648471978835 0.7255441701473067
1978  293 1889 97.064059 17.081306 0.027819903001926077 0.006845858302814969 14484 0.5978513023726254 -0.11624170346675333 0.7931340912017986
1979  290 1906 97.034200 17.235616 0.022996837471557667 0.007004190703771016 32620 0.6032315749052519 -0.11701925094961188 0.7889348274379331
1980  289 1925 97.016110 17.401062 0.02242441710765866 0.011750698007338186 25448 0.6077698214358995 -0.11764755419556423 0.7853501748542344
1981  288 1945 97.009334 17.585543 0.012952844477674145 0.007533085835248806 18970 0.6115873263578526 -0.11814500967512734 0.7823060136080494
1982  288 1966 97.005415 17.771856 0.008714760605203 0.008295230469652103 18175 0.6151053202359235 -0.1185846865503702 0.7794761812481588
1983  288 1985 97.003208 17.951850 -0.010340960905385187 0.01164984273823847 18005 0.6183991345920147 -0.11898868008299086 0.776803839040433
1984  290 2006 97.019403 18.136585 -0.02024418535365722 0.011378568543906972 18326 0.6202762940465474 -0.11917934307164503 0.7752764688992517
1985  289 2025 97.004808 18.305928 -0.02400314572088939 0.006117004360999221 18719 0.6245202040289011 -0.11973108729764355 0.7717765100689602
1986  290 2046 97.016859 18.498799 -0.023252545061211136 0.006492474907837107 17942 0.6269017646141938 -0.11998145271627621 0.7698042793643732
1987  290 2065 97.014634 18.671572 -0.02538947721884167 0.004065566783573775 18692 0.6300158608596629 -0.12034588546796587 0.7672006796896033
1988  290 2086 97.010696 18.855501 -0.029523668762319783 0.006568603919787032 17393 0.6333257134390253 -0.12072608820555375 0.7644107222714335
1989  290 2106 97.013808 19.041197 -0.016644559268399434 0.008961509984325856 23746 0.635804547711869 -0.12096243627920454 0.7623127088789122
1990  290 2126 97.007096 19.218574 -0.008936558867660068 0.008185994253189744 31067 0.6391220876146386 -0.12133331289695237 0.7594742815293725
1991  290 2146 97.007163 19.401507 -0.01869433783662353 0.00694937768235584 34226 0.6422864017636962 -0.12168266825267633 0.7567440163994381
1992  290 2166 96.998836 19.578618 -0.013341743464513108 0.005105506900398172 41893 0.6455974472674966 -0.12203240057659925 0.7538647287751327
1993  289 2185 96.995362 19.756440 -0.010695229680391787 0.0053263022889287765 39873 0.6485763716741137 -0.12233073631531188 0.7512548709050714
1994  289 2206 96.986016 19.944873 -0.012169913614484672 0.005102442845053845 32020 0.652049827752822 -0.12268548526691318 0.7481839973110471
1995  290 2226 96.997304 20.121540 -0.019018739043154924 0.0068595387587709325 37236 0.6538824275961338 -0.1228142775622881 0.7465617349609074
1996  290 2245 96.989792 20.300152 -0.02921773149947068 0.004290501223194159 41789 0.6571605256789143 -0.12313690196511279 0.7436244662891662
1997  290 2265 96.993505 20.472420 -0.03509818215486523 0.005726652368809512 35740 0.6594694416487336 -0.12332784431797661 0.7415458841820839
1998  289 2281 96.984072 20.622920 -0.03267837218029849 0.007225361755533909 15729 0.6623660960685821 -0.12360274233958597 0.7389137411531875
1999  313 1873 97.253358 16.940782 0.023753955123518758 0.008021816143627692 5496 0.5780448765573281 -0.11309224198712013 0.8081301043075614
2000  311 1886 97.229936 17.051503 0.02693265557225483 0.007685431172933682 31434 0.5822962625502467 -0.11373717213870818 0.8049813154936605
2001  309 1904 97.208748 17.221455 0.024741919941245864 0.0050462675660988224 30251 0.5874103625297517 -0.11448894442114137 0.8011500156637323
2002  310 1925 97.216537 17.406601 0.020197480939253058 0.0055543671716443265 20452 0.5901647390433551 -0.11484204307393059 0.7990725160662793
2003  310 1946 97.215866 17.595569 0.014230966568694327 0.006794722409839489 17505 0.593723696852468 -0.11532171290842509 0.7963624013774793
2004  310 1965 97.215868 17.770343 -0.002763493069788224 0.012384084534767425 18801 0.5970274991850804 -0.11576090142666987 0.7938246525005971
2005  311 1985 97.218433 17.953183 -0.017047287066120603 0.0103711877443273 15100 0.6000374951928087 -0.11614145960363682 0.7914961564807986
2006  310 2006 97.208964 18.137609 -0.022130558476661046 0.009401134356645892 16374 0.6043475110101013 -0.11673222049010472 0.788122880416084
2007  310 2026 97.205798 18.316770 -0.024956812541675755 0.005887814749413662 20000 0.6078724277858499 -0.11718809630996634 0.78533945629962
2008  310 2046 97.204739 18.499968 -0.01841778045794159 0.0047331712019018065 26661 0.6110419123276813 -0.11757381698618212 0.7828181007987934
2009  311 2066 97.213155 18.679556 -0.014917113562664267 0.007186563481479884 26953 0.6133681745211809 -0.11783055842599317 0.7809580283123881
2010  311 2086 97.212126 18.861599 -0.017720257129376915 0.009114783993103982 30345 0.6164971421039459 -0.11820435571963375 0.7784336863642101
2011  310 2106 97.201792 19.041190 -0.020732106367903395 0.007789516971477063 36650 0.6203316379207068 -0.1186768223587724 0.7753092743089286
2012  310 2126 97.199227 19.218762 -0.002576588934459322 0.007598586895432908 37127 0.6236036458101992 -0.11906918399070827 0.7726195845019815
2013  309 2146 97.188767 19.399471 -0.003363908199580894 0.00814071502287967 40776 0.6276004692849055 -0.11955788956116777 0.7693006967350582
2014  310 2165 97.189059 19.579813 -0.008113669322882348 0.0030033318333121412 41931 0.6304413304575736 -0.11986092249694039 0.7669270422335277
2015  310 2186 97.187726 19.761043 -0.006476734512442711 0.0038830363678458036 41614 0.6334797453011173 -0.12019082155498846 0.7643674369746323
2016  310 2206 97.184932 19.941593 -0.008156147213438911 0.005963147012856573 41788 0.636603640238575 -0.12053102174654952 0.7617139082567206
2017  310 2226 97.183773 20.122048 -0.012853447743701438 0.007751865130884892 41762 0.6395230554246162 -0.12082542367617878 0.7592176753565707
2018  310 2246 97.180573 20.302598 -0.01727092752796832 0.005262189550733745 42541 0.6426355638333892 -0.12114775938319511 0.7565333783072453
2019  309 2262 97.174099 20.455843 -0.01871851701027785 0.004735701391114514 29581 0.6455191187403045 -0.12144769682283584 0.7540262092773495
2020  330 1872 97.410823 16.925834 0.011027584790777466 0.0035419020647902044 12704 0.5628291385199425 -0.11057566102517341 0.8191436894841743
2021  330 1885 97.407793 17.050744 0.011637342071847292 0.003737940023437074 29823 0.5655757467381207 -0.11098166050918734 0.8171946804355988
2022  331 1905 97.411322 17.232442 0.01248036759515372 0.002638296500815993 32839 0.5688228468831239 -0.11144402210519215 0.8148747135607999
2023  330 1926 97.404268 17.417499 0.013106312938421218 0.0038534608338391947 31552 0.5730464777591063 -0.11205606440887979 0.8118258266137356
2024  330 1944 97.402907 17.580895 0.01417480976601793 0.006208470612718168 23717 0.5763112940109879 -0.11251912226952948 0.809447181426358
2025  331 1966 97.407632 17.776375 0.005965922733398592 0.006184901376466067 19698 0.5795904089378048 -0.1129590892973099 0.8070410163135642
2026  330 1986 97.402428 17.957868 -0.0023498144685123075 0.006352035734820422 22136 0.5834984673969725 -0.11350923345201372 0.8041425199966238
2027  330 2005 97.399788 18.133533 -0.012027477853293764 0.007620020764451319 20366 0.5871384257842399 -0.11401729288732963 0.801416574504327
2028  331 2027 97.404808 18.326120 -0.01712231438442258 0.00823094937329298 24061 0.590247149733859 -0.11441975357598594 0.7990722259111915
2029  330 2046 97.392167 18.500134 -0.007853041220384365 0.00522761013857175 38365 0.5945087247751102 -0.11500513549842045 0.7958223388264885
2030  330 2066 97.388760 18.678757 -0.004589631660972134 0.005298414496681224 41484 0.5979820740775741 -0.1154596636797229 0.7931497369001946
2031  329 2085 97.385959 18.857904 -0.005879183389033439 0.005305747850930655 40771 0.6013694779830416 -0.1158945097459334 0.7905208495423469
2032  329 2106 97.377594 19.040223 -0.013695741034377215 0.00625937741832517 33354 0.6053626026282791 -0.11641739678024281 0.7873900615743304
2033  329 2126 97.373423 19.220993 -0.004623064394629174 0.006375695172975149 37024 0.6088945443558716 -0.11686360026105196 0.7845956492281106
2034  329 2145 97.376352 19.400752 -0.00042419723647981025 0.00856018090185748 38616 0.6118393260033138 -0.11721565909496656 0.7822487637693927
2035  329 2166 97.374345 19.582996 -0.001048868560048708 0.006625088791960693 39348 0.6151463373824443 -0.11761186343236517 0.7795911961951153
2036  330 2186 97.377626 19.762776 -0.007459457399584916 0.005573013195102138 41847 0.6178862882901449 -0.11792006574894918 0.7773746798274249
2037  329 2205 97.373419 19.942748 -0.007124999697034213 0.004147580468977118 41169 0.6212442974104867 -0.11831478449333623 0.7746335486571997
2038  329 2226 97.372568 20.123823 -0.006401264530048031 0.003906709840332462 41866 0.6245109175179298 -0.11869017947295472 0.7719447876613919
2039  329 2245 97.370376 20.303685 -0.0089536045568449 0.005325818037202155 41626 0.6277515999027241 -0.11905801327260283 0.7692549111283924
2040  329 2261 97.361434 20.440190 -0.009313316933753151 0.006457522782849735 20070 0.630754025332198 -0.11940724030030277 0.7667406800810131
2041  350 1870 97.598484 16.909200 -0.0002744483128658469 0.006605653702690804 21462 0.5440269012111465 -0.10741285137239637 0.8321641725757297
2042  350 1886 97.592256 17.055972 0.011577001929096355 0.004661776263296053 36930 0.5476644971092588 -0.107976128441805 0.8297016055744266
2043  350 1905 97.591780 17.233587 0.00821494792903398 0.0039739417351031606 37513 0.5513274913795388 -0.10852609238315239 0.8272001478005115
2044  350 1926 97.592560 17.414903 0.014045901160730193 0.00469256333035497 32186 0.5549232595315459 -0.10905786887568768 0.8247221091174759
2045  349 1945 97.578383 17.587577 0.01566257543372107 0.0047446526090942 28845 0.5597689671755566 -0.10979747483358047 0.821342326869485
2046  348 1965 97.573445 17.768744 0.0036515063900762162 0.008908563984884975 15545 0.5639269707902892 -0.1104096130969375 0.8184107092108907
2047  349 1986 97.576260 17.964415 -0.010443390989912286 0.007730266466870934 16460 0.5675884953735624 -0.11093733424022008 0.8158040253585719
2048  350 2006 97.582826 18.140819 -0.013990211403096003 0.0038630558198316438 19924 0.5703269947885883 -0.11130957918846683 0.8138410757612963
2049  349 2026 97.577242 18.322556 -0.014667937101257323 0.005128578723520004 26022 0.574317440617267 -0.11187700604952625 0.8109519177609892
2050  349 2046 97.570011 18.503432 -0.015140493879832543 0.00399015105273008 33210 0.5785376465053479 -0.11247954496302008 0.8078629484887676
2051  349 2065 97.572806 18.678710 -0.006089360963066896 0.005936746946606114 38386 0.5814876050314205 -0.11287234508925766 0.805687283571532
2052  349 2086 97.566688 18.861509 -0.00543565253364189 0.0031186160624134267 35496 0.5854598692449645 -0.1134198776196275 0.8027282683850232
2053  348 2105 97.563499 19.037238 -0.006733736062365798 0.003877607630420978 32024 0.5889469936850988 -0.1138866469095962 0.8001070367675647
2054  349 2125 97.563688 19.215493 -0.004597375055135002 0.005314074067482078 29201 0.5921621969290887 -0.11430458453708502 0.7976706052512651
2055  350 2146 97.573049 19.408009 -0.0002209951722062834 0.00499594018685637 30593 0.5948568616356276 -0.11463087295443723 0.7956161619340796
2056  350 2166 97.576542 19.588426 0.001333946977130045 0.004886895152619934 36295 0.5977544786652859 -0.11498568941996176 0.7933901149272079
2057  350 2185 97.575358 19.760103 -0.0023387239357303136 0.0036054385670253705 34280 0.6009959771165652 -0.11540129781159172 0.7908769663816904
2058  350 2206 97.571929 19.945936 -0.005979920351624373 0.004895716881203999 37166 0.6046595965356989 -0.11586457515233031 0.788011530716433
2059  349 2226 97.564970 20.127648 -0.005867416030286227 0.00547927153038277 39545 0.608565310265044 -0.11635665647478728 0.7849263606453913
2060  349 2246 97.562515 20.306325 -0.004696190434220757 0.004403782618465505 42013 0.6118463165394961 -0.11674903883788523 0.7823130747133662
2061  348 2259 97.551602 20.424255 0.0029403883998359226 0.005007209738285523 12720 0.614778412703064 -0.11711382067643537 0.7799563169055488
2062  370 1868 97.783116 16.895257 -0.014512394408878505 0.007680636998993192 31161 0.5248380744820376 -0.10412714605365665 0.8448091695931736
2063  370 1885 97.780714 17.054267 0.005053736659651933 0.007007232003078368 39978 0.5284872856347189 -0.10470609142691908 0.8424593897278044
2064  370 1905 97.777391 17.235292 0.0029471533999119955 0.002856420567768991 39748 0.532679988807551 -0.10536381355707103 0.8397323956575082
2065  370 1925 97.776995 17.407072 0.003149071960768793 0.0060907376797915925 33264 0.536379059398835 -0.10593687299195866 0.8373021459300738
2066  371 1945 97.784922 17.596762 -0.006114346539274482 0.008786324792475445 20200 0.5396557992713451 -0.10643011161060896 0.8351312768992424
2067  370 1966 97.774047 17.779447 -0.012258003912649546 0.0049328479789359165 22507 0.5445454815730253 -0.10718606088525715 0.8318541740295015
2068  370 1985 97.774413 17.954181 -0.012270991922233005 0.0033547100586055756 24153 0.5481047137168515 -0.10772469410132171 0.829443556296717
2069  369 2005 97.766671 18.138049 -0.01353155810038082 0.0036763429902919287 24870 0.5526146334527249 -0.10840762366949194 0.826356372289973
2070  369 2026 97.760430 18.322286 -0.021564021412621464 0.0027030415242953933 26281 0.5569080738081421 -0.10904610996416739 0.8233846872689506
2071  369 2045 97.763083 18.496261 -0.022482404012418637 0.003535182833281945 24485 0.560145883685045 -0.10951031501872822 0.8211236690628269
2072  370 2066 97.769145 18.683400 -0.019453418504121273 0.0072186287556859985 21263 0.563281593375592 -0.10995297474528114 0.8189164730965655
2073  371 2085 97.778647 18.859915 -0.014004300626533543 0.004683221885094968 19709 0.5658624338988949 -0.11030240978671868 0.8170881741264291
2074  370 2105 97.769584 19.041905 -0.011314347350669371 0.004543870746593289 16441 0.5701738541847775 -0.11092254135600836 0.8140012075072129
2075  371 2125 97.774866 19.220331 -0.008149910820561497 0.004916918189992119 17003 0.5730615747663935 -0.11130873466156099 0.8119179743756775
2076  369 2146 97.760078 19.407629 -0.00093745070771749 0.004482021685321628 19291 0.5780309846986709 -0.11201676165449663 0.8082898154973404
2077  369 2165 97.752769 19.583142 0.004346122971106319 0.004826096430861657 28141 0.5820319430601893 -0.11256863086577759 0.8053366504776649
2078  369 2186 97.754528 19.767866 0.007265278188708566 0.0042508783351619985 33839 0.5852292393896448 -0.1129863906615083 0.8029575411494078
2079  369 2206 97.755051 19.948257 0.006678490508209233 0.004311979585834018 39967 0.5884070262079129 -0.11339002096527753 0.8005747152231667
2080  369 2226 97.756094 20.127032 0.007006544427870238 0.004341533796467511 41570 0.5915864487580224 -0.11379231508279511 0.7981708981627742
2081  369 2245 97.746724 20.303886 0.006678950090260527 0.004694061558536296 37159 0.5957364935125925 -0.11434406747945802 0.794999034294743
2082  385 1866 97.929087 16.883599 -0.011979412451571454 0.00821257107590761 22175 0.5091118822583945 -0.10139576014882166 0.8547069621613933
2083  387 1886 97.942768 17.060065 0.0018737801712182648 0.005609750924366992 29062 0.511569118741363 -0.10177581796394744 0.853193248700407
2084  388 1905 97.952158 17.231276 0.005263206897412718 0.006246376457953483 31259 0.5144465975666183 -0.1022269379736149 0.8514072770446989
2085  389 1926 97.958007 17.420026 -0.015309025484995438 0.010050538419437897 25573 0.5180344243181259 -0.10279422471339354 0.849160575266516
2086  389 1945 97.956473 17.590495 -0.018876919106084574 0.0049891192300570856 24865 0.5219128877912937 -0.10341021305179061 0.84670730798425
2087  390 1965 97.968221 17.776994 -0.013360634125345192 0.0036558976411090213 22797 0.5247941207687444 -0.10384569745752394 0.8448711155709614
2088  389 1986 97.958817 17.964677 -0.01324595899341226 0.002947874763741792 29050 0.5297425976364553 -0.10463547358813685 0.8416793914052827
2089  389 2006 97.954974 18.142326 -0.015533519782322303 0.0030273606851169113 34340 0.5338554467364753 -0.10527249592447535 0.8389970581543356
2090  389 2026 97.951129 18.322782 -0.01850598696182842 0.003828764956032296 34266 0.5380547427147503 -0.10591992411336991 0.8362284756679731
2091  389 2045 97.952592 18.499231 -0.02100931091480228 0.0033001571908205627 32381 0.5415714695278291 -0.10644842713599992 0.8338879275740472
2092  389 2066 97.953384 18.685390 -0.021068821572206433 0.004298704683815253 32752 0.5453714523275832 -0.1070207234752703 0.831334194973918
2093  389 2085 97.952269 18.861137 -0.014020501461264755 0.0032835696561936104 34156 0.5490702048248495 -0.1075694396710651 0.828824906613243
2094  389 2105 97.952000 19.043386 -0.009919663296827213 0.0031408227355314727 34912 0.5527053335718703 -0.1081017267682445 0.8263357858104243
2095  390 2126 97.954881 19.225676 -0.009020401064519156 0.003210237479498942 31784 0.5560084649641736 -0.10857025664619677 0.8240552689352593
2096  390 2144 97.961631 19.395436 -0.003831825626899889 0.005619171548987975 26086 0.5587185099161218 -0.10894486845616133 0.8221706892818413
2097  389 2166 97.944682 19.586045 0.002046822245011314 0.007156499185289632 17243 0.5644467509919211 -0.10980191295398889 0.8181340997699026
2098  390 2186 97.951051 19.772038 0.003166996851182197 0.004178500941739655 27565 0.5673800918037898 -0.11019914627638946 0.8160490056269158
2099  389 2206 97.944002 19.950154 0.007183952832943142 0.0032364557741386664 32375 0.5713151102955648 -0.11074007525196897 0.8132254794834917
2100  388 2226 97.937580 20.129501 0.010401529165863874 0.00430515584758855 34301 0.5752938143892968 -0.11128700556708496 0.8103408107193694
2101  390 2245 97.947530 20.308077 0.027653375631067355 0.008648815298000805 39051 0.5776426978189813 -0.11157326083191738 0.8086286670182686
2102  390 2258 97.953979 20.419089 0.03677561214597895 0.005330636085957355 7106 0.5792736300178464 -0.11178156840455634 0.8074323145199013
2103  403 1947 98.092153 17.613592 -0.021904453310280438 0.0028933552954362213 8021 0.5080942008361177 -0.10101868695373362 0.8553569476907582
2104  405 1967 98.106402 17.793335 -0.01400788812072613 0.003236157705997644 10637 0.5108219978758637 -0.10144933507861638 0.8536796348152027
2105  407 1986 98.129569 17.969087 -0.01336983505796323 0.0022831114582710786 22370 0.5121446033531182 -0.10163167356118405 0.852865117228645
2106  410 2005 98.150940 18.139874 -0.010519115083889596 0.004102650725858192 27876 0.5136663716813424 -0.10184596804410102 0.8519238565722203
2107  410 2025 98.154727 18.320091 -0.0140015414975418 0.0036787469352930627 26801 0.517226252274706 -0.1024055979630251 0.8497000043919604
2108  409 2046 98.142344 18.503374 -0.017315232318722118 0.004192692887365628 27727 0.5225282328179816 -0.10325733369667377 0.8463463646439152
2109  410 2066 98.153646 18.689321 -0.014584436813041087 0.0049402613322616674 22989 0.5254095580904163 -0.10369485199069085 0.8445070597323993
2110  410 2085 98.152045 18.856064 -0.00969004483715919 0.0033193210765378495 25596 0.529147293685286 -0.10427380246804546 0.8420986377523673
2111  409 2105 98.140343 19.044372 -0.005079565546701889 0.003763235884256388 22219 0.5343027316669308 -0.10508077061966822 0.8387363248239773
2112  410 2126 98.144465 19.229607 -0.003347773195385028 0.004298702514017228 23974 0.5376653270956013 -0.10557658617125254 0.836522313206052
2113  410 2146 98.144289 19.407423 -0.006087326004756774 0.003254437156896484 31912 0.5412313759789456 -0.10610238438381708 0.8341527927688105
2114  410 2165 98.149947 19.584921 0.00031390011273466637 0.004117791264579382 30399 0.5442870440211082 -0.10654410694385436 0.8321057426711468
2115  410 2185 98.140969 19.764576 0.006097222168973573 0.0065485582471686375 18972 0.5489185915164148 -0.10724398035395201 0.8289674954818654
2116  409 2206 98.136053 19.949485 0.014679179572079697 0.005506572457327378 23624 0.5531372376132678 -0.10785591014170458 0.8260788697291972
2117  409 2226 98.138919 20.133453 0.026502774587782076 0.00896776674150071 29834 0.5565769728814041 -0.10834263266026986 0.8237013701617928
2118  409 2246 98.134983 20.312336 0.045210148815263744 0.007739651139889155 31364 0.5603153014803259 -0.10886361583011277 0.8210940726100787
2119  421 2028 98.260021 18.341427 -0.01497440715007337 0.00276335712347009 5429 0.5063782764539215 -0.10053875519659068 0.8564303823657098
2120  423 2046 98.277076 18.508642 -0.012183197370067211 0.0031716160994120935 10304 0.5084160545306374 -0.10085123900932255 0.8551854436821199
2121  425 2067 98.293805 18.693249 -0.013615219217267672 0.0020777165982749698 18771 0.5106431411226311 -0.10118507985950737 0.8538179911657037
2122  427 2086 98.309970 18.866510 -0.012093557873798793 0.0025818292766293933 22912 0.5127724533087743 -0.101504717414566 0.8525029052562166
2123  428 2106 98.324438 19.051763 -0.0037219636752199386 0.003315077799548523 28421 0.515367570716493 -0.10190014984906484 0.8508893150783589
2124  431 2126 98.343670 19.228219 -0.002411001155341427 0.004374459234633153 31625 0.5170356979723135 -0.10212926767539883 0.8498492217484048
2125  430 2146 98.337177 19.411679 0.0022149557955434794 0.004235497733144826 27000 0.5217579375293199 -0.1028736798342156 0.8468681483103008
2126  428 2164 98.321214 19.576062 0.006005816224561218 0.00536507626208021 25047 0.5269285530316888 -0.1036918374247782 0.8435604915187791
2127  429 2187 98.323627 19.778093 0.014845340389884222 0.006625733063930759 19831 0.5310027154521317 -0.10431265653554384 0.840925077440886
2128  429 2206 98.328801 19.954948 0.020561147456739096 0.005833990212306081 23955 0.5341626164323909 -0.10477322918817754 0.8388640352593404
2129  430 2225 98.334446 20.128813 0.03181664179567764 0.007002812649205699 33232 0.5371261687904285 -0.10520252657241869 0.8369157109310923
2130  430 2243 98.333101 20.292339 0.05303368603112143 0.00602177154110474 27956 0.5406188843533968 -0.10571595627370944 0.8345989207215786
2131  441 2128 98.446893 19.247277 -0.0006379099648259802 0.004767311302914303 6679 0.5064290605083687 -0.10032698979375076 0.8564251875041601
2132  443 2146 98.462072 19.415245 0.005599408642197238 0.0025969418274617486 13655 0.5085840557764396 -0.10065188803016596 0.855109031437483
2133  444 2163 98.474364 19.563725 0.01269114307036988 0.006113604587390764 8901 0.5107683010315169 -0.1009917047299169 0.8537660207791845
2134  448 2188 98.507273 19.795143 0.02487480398275208 0.004622651271093624 15723 0.5123196210096971 -0.10119388770814522 0.8528120560938335
2135  449 2205 98.514191 19.947186 0.028438018525924477 0.005928391303836924 25088 0.5148153360362068 -0.10156737637367165 0.8512633187436754
2136  449 2225 98.515734 20.128686 0.04118781698981957 0.006507915250713984 30235 0.518572452655894 -0.10214581197519515 0.8489103865793954
2137  447 2242 98.494425 20.275350 0.05788998588696806 0.004917801732782755 13508 0.5240349008334887 -0.10301163101847441 0.8454442776335702
